Row_no	Genome	Length	N_contigs	N50	GC_content	Completeness	Contamination	Genome_accession	Species_rep	Lineage	Sample_accession	Study_accession	Country	Continent	Animal	Isolation_source	City	CheckM_quality	GUNC_pass	Species
55	MGYG000007717	3065718	126	47367	56.07	94.63	3.02	GUT_GENOME091387	MGYG000000370	d__Bacteria;p__Firmicutes_A;c__Clostridia;o__Oscillospirales;f__Oscillospiraceae;g__CAG-170;s__CAG-170_sp900545925	ERS608558	ERP008729	Austria	Europe	Human	gut	NA	High	yes	sp900545925
56	MGYG000008374	2266323	189	17913	61.38	91.55	4.64	GUT_GENOME164852	MGYG000000651	d__Bacteria;p__Firmicutes_A;c__Clostridia;o__Oscillospirales;f__Oscillospiraceae;g__CAG-170;s__CAG-170_sp002404795	SRS576042	SRP040146	USA	North America	Human	gut	NA	High	yes	sp002404795
59	MGYG000009044	3080575	322	14294	56.12	93.06	2.15	GUT_GENOME113075	MGYG000000370	d__Bacteria;p__Firmicutes_A;c__Clostridia;o__Oscillospirales;f__Oscillospiraceae;g__CAG-170;s__CAG-170_sp900545925	ERS328966	ERP003612	Denmark	Europe	Human	gut	NA	High	yes	sp900545925
62	MGYG000009352	2576542	195	19882	60.6	91.7	2.35	GUT_GENOME122337	MGYG000000651	d__Bacteria;p__Firmicutes_A;c__Clostridia;o__Oscillospirales;f__Oscillospiraceae;g__CAG-170;s__CAG-170_sp002404795	ERS396536	ERP004605	Spain	Europe	Human	gut	NA	High	yes	sp002404795
64	MGYG000009942	2415216	35	158914	58.78	93.96	1.34	GUT_GENOME023240	MGYG000002993	d__Bacteria;p__Firmicutes_A;c__Clostridia;o__Oscillospirales;f__Oscillospiraceae;g__CAG-170;s__CAG-170_sp000432135	ERS1444508	ERP019502	Kazakhstan	Asia	Human	gut	NA	High	yes	sp000432135
66	MGYG000010957	2467888	162	27717	61.21	92.3	2.48	GUT_GENOME235771	MGYG000000651	d__Bacteria;p__Firmicutes_A;c__Clostridia;o__Oscillospirales;f__Oscillospiraceae;g__CAG-170;s__CAG-170_sp002404795	SRS476104	SRP029441	Fiji	Oceania	Human	gut	NA	High	yes	sp002404795
73	MGYG000012355	2220398	133	26809	59.29	92.45	3.62	GUT_GENOME180929	MGYG000000741	d__Bacteria;p__Firmicutes_A;c__Clostridia;o__Oscillospirales;f__Oscillospiraceae;g__CAG-170;s__CAG-170_sp900548625	SRS1596794	SRP080787	Mongolia	Asia	Human	gut	NA	High	yes	sp900548625
79	MGYG000013916	3220588	360	12503	57.51	93.68	4.36	GUT_GENOME095786	MGYG000002993	d__Bacteria;p__Firmicutes_A;c__Clostridia;o__Oscillospirales;f__Oscillospiraceae;g__CAG-170;s__CAG-170_sp000432135	-	-	Italy	Europe	Human	gut	NA	High	yes	sp000432135
89	MGYG000015735	3541457	441	10481	55.98	93.06	2.01	GUT_GENOME068690	MGYG000000370	d__Bacteria;p__Firmicutes_A;c__Clostridia;o__Oscillospirales;f__Oscillospiraceae;g__CAG-170;s__CAG-170_sp900545925	ERS235631	ERP002469	Sweden	Europe	Human	gut	NA	High	yes	sp900545925
93	MGYG000016788	3377986	145	48631	55.58	94.63	1.34	GUT_GENOME023168	MGYG000000370	d__Bacteria;p__Firmicutes_A;c__Clostridia;o__Oscillospirales;f__Oscillospiraceae;g__CAG-170;s__CAG-170_sp900545925	ERS1444506	ERP019502	Kazakhstan	Asia	Human	gut	NA	High	yes	sp900545925
94	MGYG000017286	2938475	199	28727	57.98	94.97	3.47	GUT_GENOME160430	MGYG000002993	d__Bacteria;p__Firmicutes_A;c__Clostridia;o__Oscillospirales;f__Oscillospiraceae;g__CAG-170;s__CAG-170_sp000432135	SRS1876434	SRP095580	Netherlands	Europe	Human	gut	NA	High	yes	sp000432135
102	MGYG000018644	3481266	237	22974	55.69	91.95	2.01	GUT_GENOME210401	MGYG000000370	d__Bacteria;p__Firmicutes_A;c__Clostridia;o__Oscillospirales;f__Oscillospiraceae;g__CAG-170;s__CAG-170_sp900545925	SRS1905816	SRP096283	USA	North America	Human	gut	NA	High	yes	sp900545925
109	MGYG000019879	3035210	266	16393	57.59	92.73	3.87	GUT_GENOME090880	MGYG000002993	d__Bacteria;p__Firmicutes_A;c__Clostridia;o__Oscillospirales;f__Oscillospiraceae;g__CAG-170;s__CAG-170_sp000432135	ERS631834	ERP008729	Austria	Europe	Human	gut	NA	High	yes	sp000432135
110	MGYG000019978	2777044	281	16106	58.25	91.52	1.65	GUT_GENOME274096	MGYG000002993	d__Bacteria;p__Firmicutes_A;c__Clostridia;o__Oscillospirales;f__Oscillospiraceae;g__CAG-170;s__CAG-170_sp000432135	ERS972108	ERP012929	Israel	Asia	Human	gut	NA	High	yes	sp000432135
115	MGYG000021210	2162097	194	16111	61.68	91.95	0.67	GUT_GENOME093659	MGYG000000651	d__Bacteria;p__Firmicutes_A;c__Clostridia;o__Oscillospirales;f__Oscillospiraceae;g__CAG-170;s__CAG-170_sp002404795	ERS608493	ERP008729	Austria	Europe	Human	gut	NA	High	yes	sp002404795
118	MGYG000021794	2376725	112	31709	58.91	92.62	2.3	GUT_GENOME286558	MGYG000002993	d__Bacteria;p__Firmicutes_A;c__Clostridia;o__Oscillospirales;f__Oscillospiraceae;g__CAG-170;s__CAG-170_sp000432135	ERS436803	ERP005534	Germany	Europe	Human	gut	NA	High	yes	sp000432135
120	MGYG000022267	3153150	142	33450	55.76	91.34	1.34	GUT_GENOME179447	MGYG000000370	d__Bacteria;p__Firmicutes_A;c__Clostridia;o__Oscillospirales;f__Oscillospiraceae;g__CAG-170;s__CAG-170_sp900545925	SRS1465274	SRP075633	USA	North America	Human	gut	NA	High	yes	sp900545925
122	MGYG000022763	2254070	77	52841	59.19	94.07	2.68	GUT_GENOME127599	MGYG000000741	d__Bacteria;p__Firmicutes_A;c__Clostridia;o__Oscillospirales;f__Oscillospiraceae;g__CAG-170;s__CAG-170_sp900548625	SRS1596794	SRP080787	Mongolia	Asia	Human	gut	NA	High	yes	sp900548625
129	MGYG000023721	2329330	285	11079	61.41	93.97	4.81	GUT_GENOME020515	MGYG000000651	d__Bacteria;p__Firmicutes_A;c__Clostridia;o__Oscillospirales;f__Oscillospiraceae;g__CAG-170;s__CAG-170_sp002404795	ERS1444681	ERP019502	Germany	Europe	Human	gut	NA	High	yes	sp002404795
131	MGYG000024144	2219010	147	21839	57.44	93.9	2.01	GUT_GENOME124949	MGYG000002710	d__Bacteria;p__Firmicutes_A;c__Clostridia;o__Oscillospirales;f__Oscillospiraceae;g__CAG-170;s__CAG-170_sp900549635	ERS1138752	ERP015450	China	Asia	Human	gut	NA	High	yes	sp900549635
134	MGYG000024829	2182883	227	15585	61.75	90.13	3.77	GUT_GENOME066695	MGYG000000651	d__Bacteria;p__Firmicutes_A;c__Clostridia;o__Oscillospirales;f__Oscillospiraceae;g__CAG-170;s__CAG-170_sp002404795	ERS235530	ERP002469	Sweden	Europe	Human	gut	NA	High	yes	sp002404795
142	MGYG000027070	2625425	327	11424	58.27	90.08	1.51	GUT_GENOME101943	MGYG000002993	d__Bacteria;p__Firmicutes_A;c__Clostridia;o__Oscillospirales;f__Oscillospiraceae;g__CAG-170;s__CAG-170_sp000432135	SRS020869	SRP002163	USA	North America	Human	gut	NA	High	yes	sp000432135
146	MGYG000027533	2779537	297	13741	58.25	91.11	1.74	GUT_GENOME132225	MGYG000002993	d__Bacteria;p__Firmicutes_A;c__Clostridia;o__Oscillospirales;f__Oscillospiraceae;g__CAG-170;s__CAG-170_sp000432135	ERS199002	ERP002061	Denmark	Europe	Human	gut	NA	High	yes	sp000432135
147	MGYG000027683	2438778	82	44788	60.74	90.6	0	GUT_GENOME160839	MGYG000000651	d__Bacteria;p__Firmicutes_A;c__Clostridia;o__Oscillospirales;f__Oscillospiraceae;g__CAG-170;s__CAG-170_sp002404795	SRS1876313	SRP095580	Netherlands	Europe	Human	gut	NA	High	yes	sp002404795
150	MGYG000028046	2513308	139	28102	58.72	91.41	3.02	GUT_GENOME170399	MGYG000002993	d__Bacteria;p__Firmicutes_A;c__Clostridia;o__Oscillospirales;f__Oscillospiraceae;g__CAG-170;s__CAG-170_sp000432135	SRS820604	SRP052307	USA	North America	Human	gut	NA	High	yes	sp000432135
152	MGYG000029408	2876298	63	83165	57.54	93.29	2.01	GUT_GENOME094512	MGYG000002993	d__Bacteria;p__Firmicutes_A;c__Clostridia;o__Oscillospirales;f__Oscillospiraceae;g__CAG-170;s__CAG-170_sp000432135	ERS608610	ERP008729	Austria	Europe	Human	gut	NA	High	yes	sp000432135
153	MGYG000029453	2394672	121	33227	58.64	90.6	4.87	GUT_GENOME029106	MGYG000002993	d__Bacteria;p__Firmicutes_A;c__Clostridia;o__Oscillospirales;f__Oscillospiraceae;g__CAG-170;s__CAG-170_sp000432135	ERS006492	ERP000108	Spain	Europe	Human	gut	NA	High	yes	sp000432135
155	MGYG000030638	2389589	110	45471	58.92	92.59	2.01	GUT_GENOME139581	MGYG000002993	d__Bacteria;p__Firmicutes_A;c__Clostridia;o__Oscillospirales;f__Oscillospiraceae;g__CAG-170;s__CAG-170_sp000432135	SRS820604	SRP052307	USA	North America	Human	gut	NA	High	yes	sp000432135
166	MGYG000034621	2186652	84	50101	56.9	92.44	2.68	GUT_GENOME260813	MGYG000002710	d__Bacteria;p__Firmicutes_A;c__Clostridia;o__Oscillospirales;f__Oscillospiraceae;g__CAG-170;s__CAG-170_sp900549635	ERS746931	ERP010700	UK	Europe	Human	gut	NA	High	yes	sp900549635
167	MGYG000034682	2389256	163	21754	61.12	91.57	1.68	GUT_GENOME165519	MGYG000000651	d__Bacteria;p__Firmicutes_A;c__Clostridia;o__Oscillospirales;f__Oscillospiraceae;g__CAG-170;s__CAG-170_sp002404795	SRS576034	SRP040146	USA	North America	Human	gut	NA	High	yes	sp002404795
168	MGYG000034713	2465958	314	10730	58.93	90.9	1.9	GUT_GENOME156240	MGYG000002993	d__Bacteria;p__Firmicutes_A;c__Clostridia;o__Oscillospirales;f__Oscillospiraceae;g__CAG-170;s__CAG-170_sp000432135	ERS475336	ERP005860	China	Asia	Human	gut	NA	High	yes	sp000432135
170	MGYG000035140	2367721	177	19394	61.02	92.17	4.53	GUT_GENOME165943	MGYG000000651	d__Bacteria;p__Firmicutes_A;c__Clostridia;o__Oscillospirales;f__Oscillospiraceae;g__CAG-170;s__CAG-170_sp002404795	SRS576042	SRP040146	USA	North America	Human	gut	NA	High	yes	sp002404795
176	MGYG000037121	2150469	143	21831	59.21	90.6	3.49	GUT_GENOME208603	MGYG000002993	d__Bacteria;p__Firmicutes_A;c__Clostridia;o__Oscillospirales;f__Oscillospiraceae;g__CAG-170;s__CAG-170_sp000432135	SRS1905975	SRP096283	USA	North America	Human	gut	NA	High	yes	sp000432135
177	MGYG000037184	2279158	212	14482	61.55	90.18	4.03	GUT_GENOME048291	MGYG000000651	d__Bacteria;p__Firmicutes_A;c__Clostridia;o__Oscillospirales;f__Oscillospiraceae;g__CAG-170;s__CAG-170_sp002404795	ERS1647312	ERP019674	Germany	Europe	Human	gut	NA	High	yes	sp002404795
178	MGYG000037187	2499896	98	51206	58.38	90.6	1.34	GUT_GENOME266185	MGYG000002993	d__Bacteria;p__Firmicutes_A;c__Clostridia;o__Oscillospirales;f__Oscillospiraceae;g__CAG-170;s__CAG-170_sp000432135	ERS971777	ERP012929	Israel	Asia	Human	gut	NA	High	yes	sp000432135
180	MGYG000038025	2108984	158	19913	59.9	90.57	4.21	GUT_GENOME125255	MGYG000004248	d__Bacteria;p__Firmicutes_A;c__Clostridia;o__Oscillospirales;f__Oscillospiraceae;g__CAG-170;s__CAG-170_sp000436735	ERS1138748	ERP015450	China	Asia	Human	gut	NA	High	yes	sp000436735
181	MGYG000038172	2485622	154	28112	61.22	91.99	2.32	GUT_GENOME129521	MGYG000000651	d__Bacteria;p__Firmicutes_A;c__Clostridia;o__Oscillospirales;f__Oscillospiraceae;g__CAG-170;s__CAG-170_sp002404795	SRS1596869	SRP080787	Mongolia	Asia	Human	gut	NA	High	yes	sp002404795
182	MGYG000038211	2166508	96	34142	57.22	92.39	2.18	GUT_GENOME033126	MGYG000002710	d__Bacteria;p__Firmicutes_A;c__Clostridia;o__Oscillospirales;f__Oscillospiraceae;g__CAG-170;s__CAG-170_sp900549635	ERS1015694	ERP013562	China	Asia	Human	gut	NA	High	yes	sp900549635
185	MGYG000038835	3072177	262	16901	56	91.95	2.35	GUT_GENOME062451	MGYG000000370	d__Bacteria;p__Firmicutes_A;c__Clostridia;o__Oscillospirales;f__Oscillospiraceae;g__CAG-170;s__CAG-170_sp900545925	ERS473378	ERP005989	Denmark	Europe	Human	gut	NA	High	yes	sp900545925
190	MGYG000040595	2625392	68	61520	58.31	93.29	1.34	GUT_GENOME010387	MGYG000002993	d__Bacteria;p__Firmicutes_A;c__Clostridia;o__Oscillospirales;f__Oscillospiraceae;g__CAG-170;s__CAG-170_sp000432135	ERS554251	ERP007090	Sweden	Europe	Human	gut	NA	High	yes	sp000432135
192	MGYG000041010	2679321	86	60140	58.35	92.62	3.36	GUT_GENOME097153	MGYG000002993	d__Bacteria;p__Firmicutes_A;c__Clostridia;o__Oscillospirales;f__Oscillospiraceae;g__CAG-170;s__CAG-170_sp000432135	SRS585059	SRP040765	USA	North America	Human	gut	NA	High	yes	sp000432135
193	MGYG000041455	2922571	129	43033	57.9	93.96	4.81	GUT_GENOME082674	MGYG000002993	d__Bacteria;p__Firmicutes_A;c__Clostridia;o__Oscillospirales;f__Oscillospiraceae;g__CAG-170;s__CAG-170_sp000432135	ERS537258	ERP006678	China	Asia	Human	gut	NA	High	yes	sp000432135
195	MGYG000041819	2755806	249	19085	58.78	90.61	4.42	GUT_GENOME125192	MGYG000002993	d__Bacteria;p__Firmicutes_A;c__Clostridia;o__Oscillospirales;f__Oscillospiraceae;g__CAG-170;s__CAG-170_sp000432135	ERS1138757	ERP015450	China	Asia	Human	gut	NA	High	yes	sp000432135
197	MGYG000042193	2457038	136	27210	60.61	91.95	2.24	GUT_GENOME107334	MGYG000000651	d__Bacteria;p__Firmicutes_A;c__Clostridia;o__Oscillospirales;f__Oscillospiraceae;g__CAG-170;s__CAG-170_sp002404795	SRS871171	SRP056054	Finland	Europe	Human	gut	NA	High	yes	sp002404795
198	MGYG000042239	2612952	309	12956	58.62	92.34	2.01	GUT_GENOME274041	MGYG000002993	d__Bacteria;p__Firmicutes_A;c__Clostridia;o__Oscillospirales;f__Oscillospiraceae;g__CAG-170;s__CAG-170_sp000432135	ERS972107	ERP012929	Israel	Asia	Human	gut	NA	High	yes	sp000432135
205	MGYG000044698	2784114	304	15092	56.31	90.41	2.15	GUT_GENOME110941	MGYG000000370	d__Bacteria;p__Firmicutes_A;c__Clostridia;o__Oscillospirales;f__Oscillospiraceae;g__CAG-170;s__CAG-170_sp900545925	ERS328906	ERP003612	Denmark	Europe	Human	gut	NA	High	yes	sp900545925
206	MGYG000044852	2826148	82	57189	60.03	94.63	3.36	GUT_GENOME252385	MGYG000000651	d__Bacteria;p__Firmicutes_A;c__Clostridia;o__Oscillospirales;f__Oscillospiraceae;g__CAG-170;s__CAG-170_sp002404795	ERS746887	ERP010700	UK	Europe	Human	gut	NA	High	yes	sp002404795
207	MGYG000044973	3100725	164	35859	57.17	93.96	1.68	GUT_GENOME276853	MGYG000002993	d__Bacteria;p__Firmicutes_A;c__Clostridia;o__Oscillospirales;f__Oscillospiraceae;g__CAG-170;s__CAG-170_sp000432135	ERS972254	ERP012929	Israel	Asia	Human	gut	NA	High	yes	sp000432135
208	MGYG000045267	2144625	61	53422	59.51	90.77	2.68	GUT_GENOME025321	MGYG000004248	d__Bacteria;p__Firmicutes_A;c__Clostridia;o__Oscillospirales;f__Oscillospiraceae;g__CAG-170;s__CAG-170_sp000436735	ERS1444576	ERP019502	Kazakhstan	Asia	Human	gut	NA	High	yes	sp000436735
209	MGYG000045388	3157374	57	113587	55.56	93.96	1.01	GUT_GENOME047660	MGYG000000370	d__Bacteria;p__Firmicutes_A;c__Clostridia;o__Oscillospirales;f__Oscillospiraceae;g__CAG-170;s__CAG-170_sp900545925	ERS1647289	ERP019674	Germany	Europe	Human	gut	NA	High	yes	sp900545925
210	MGYG000045438	2924896	241	17133	57.89	91.66	4.03	GUT_GENOME214921	MGYG000002993	d__Bacteria;p__Firmicutes_A;c__Clostridia;o__Oscillospirales;f__Oscillospiraceae;g__CAG-170;s__CAG-170_sp000432135	SRS020869	SRP002163	USA	North America	Human	gut	NA	High	yes	sp000432135
211	MGYG000045561	2463716	142	24854	58.68	92.04	3.71	GUT_GENOME048549	MGYG000002993	d__Bacteria;p__Firmicutes_A;c__Clostridia;o__Oscillospirales;f__Oscillospiraceae;g__CAG-170;s__CAG-170_sp000432135	ERS1647300	ERP019674	Germany	Europe	Human	gut	NA	High	yes	sp000432135
221	MGYG000049331	2515518	129	28321	60.67	93.96	1.68	GUT_GENOME205463	MGYG000000651	d__Bacteria;p__Firmicutes_A;c__Clostridia;o__Oscillospirales;f__Oscillospiraceae;g__CAG-170;s__CAG-170_sp002404795	SRS1996016	SRP100518	Spain	Europe	Human	gut	NA	High	yes	sp002404795
226	MGYG000050929	2226088	331	11203	59.74	91.65	3.52	GUT_GENOME083048	MGYG000002993	d__Bacteria;p__Firmicutes_A;c__Clostridia;o__Oscillospirales;f__Oscillospiraceae;g__CAG-170;s__CAG-170_sp000432135	ERS537273	ERP006678	China	Asia	Human	gut	NA	High	yes	sp000432135
231	MGYG000052021	2552444	86	52713	58.39	94.63	1.68	GUT_GENOME209141	MGYG000002993	d__Bacteria;p__Firmicutes_A;c__Clostridia;o__Oscillospirales;f__Oscillospiraceae;g__CAG-170;s__CAG-170_sp000432135	SRS1914279	SRP096283	USA	North America	Human	gut	NA	High	yes	sp000432135
234	MGYG000052750	2997571	304	15121	57.68	90.08	2.01	GUT_GENOME260220	MGYG000002993	d__Bacteria;p__Firmicutes_A;c__Clostridia;o__Oscillospirales;f__Oscillospiraceae;g__CAG-170;s__CAG-170_sp000432135	ERS746956	ERP010700	UK	Europe	Human	gut	NA	High	yes	sp000432135
239	MGYG000054029	2563428	68	57101	58.42	92.37	1.68	GUT_GENOME281975	MGYG000002993	d__Bacteria;p__Firmicutes_A;c__Clostridia;o__Oscillospirales;f__Oscillospiraceae;g__CAG-170;s__CAG-170_sp000432135	ERS436722	ERP005534	France	Europe	Human	gut	NA	High	yes	sp000432135
240	MGYG000054085	2949138	293	15676	57.76	90.25	4.11	GUT_GENOME179062	MGYG000002993	d__Bacteria;p__Firmicutes_A;c__Clostridia;o__Oscillospirales;f__Oscillospiraceae;g__CAG-170;s__CAG-170_sp000432135	SRS1465228	SRP075633	USA	North America	Human	gut	NA	High	yes	sp000432135
241	MGYG000054187	1936397	118	29044	57.55	91.31	4.36	GUT_GENOME157979	MGYG000000369	d__Bacteria;p__Firmicutes_A;c__Clostridia;o__Oscillospirales;f__Oscillospiraceae;g__CAG-170;s__CAG-170_sp003516765	ERS634968	ERP009131	Canada	North America	Human	gut	NA	High	yes	sp003516765
242	MGYG000054313	2022224	252	11194	61.92	91.95	1.03	GUT_GENOME116080	MGYG000000651	d__Bacteria;p__Firmicutes_A;c__Clostridia;o__Oscillospirales;f__Oscillospiraceae;g__CAG-170;s__CAG-170_sp002404795	ERS396334	ERP004605	Denmark	Europe	Human	gut	NA	High	yes	sp002404795
244	MGYG000055176	2376767	205	16689	61	91.95	3.69	GUT_GENOME270789	MGYG000000651	d__Bacteria;p__Firmicutes_A;c__Clostridia;o__Oscillospirales;f__Oscillospiraceae;g__CAG-170;s__CAG-170_sp002404795	ERS971965	ERP012929	Israel	Asia	Human	gut	NA	High	yes	sp002404795
248	MGYG000056213	2556722	189	21249	60.72	92.3	2.53	GUT_GENOME165824	MGYG000000651	d__Bacteria;p__Firmicutes_A;c__Clostridia;o__Oscillospirales;f__Oscillospiraceae;g__CAG-170;s__CAG-170_sp002404795	SRS576034	SRP040146	USA	North America	Human	gut	NA	High	yes	sp002404795
249	MGYG000056238	2384902	372	9490	59.23	93.29	2.96	GUT_GENOME219649	MGYG000002993	d__Bacteria;p__Firmicutes_A;c__Clostridia;o__Oscillospirales;f__Oscillospiraceae;g__CAG-170;s__CAG-170_sp000432135	SRS148196	SRP002163	USA	North America	Human	gut	NA	High	yes	sp000432135
251	MGYG000056815	2280766	298	12105	59.43	93.23	3.38	GUT_GENOME070870	MGYG000004248	d__Bacteria;p__Firmicutes_A;c__Clostridia;o__Oscillospirales;f__Oscillospiraceae;g__CAG-170;s__CAG-170_sp000436735	ERS396372	ERP004605	Denmark	Europe	Human	gut	NA	High	yes	sp000436735
253	MGYG000057126	2044235	112	36525	59.51	91.28	2.68	GUT_GENOME263993	MGYG000004248	d__Bacteria;p__Firmicutes_A;c__Clostridia;o__Oscillospirales;f__Oscillospiraceae;g__CAG-170;s__CAG-170_sp000436735	-	-	China	Asia	Human	gut	NA	High	yes	sp000436735
254	MGYG000057301	2570780	284	13736	58.89	91.95	2.57	GUT_GENOME209487	MGYG000002993	d__Bacteria;p__Firmicutes_A;c__Clostridia;o__Oscillospirales;f__Oscillospiraceae;g__CAG-170;s__CAG-170_sp000432135	SRS1905873	SRP096283	USA	North America	Human	gut	NA	High	yes	sp000432135
256	MGYG000058391	2505082	224	17262	58.8	91.34	4.36	GUT_GENOME128568	MGYG000002993	d__Bacteria;p__Firmicutes_A;c__Clostridia;o__Oscillospirales;f__Oscillospiraceae;g__CAG-170;s__CAG-170_sp000432135	SRS1596829	SRP080787	Mongolia	Asia	Human	gut	NA	High	yes	sp000432135
257	MGYG000058469	2639844	159	27720	58.62	93.62	1.85	GUT_GENOME217822	MGYG000002993	d__Bacteria;p__Firmicutes_A;c__Clostridia;o__Oscillospirales;f__Oscillospiraceae;g__CAG-170;s__CAG-170_sp000432135	SRS104311	SRP002163	USA	North America	Human	gut	NA	High	yes	sp000432135
259	MGYG000058895	3254551	83	78799	57.53	93.29	1.01	GUT_GENOME252013	MGYG000002993	d__Bacteria;p__Firmicutes_A;c__Clostridia;o__Oscillospirales;f__Oscillospiraceae;g__CAG-170;s__CAG-170_sp000432135	ERS746723	ERP010700	UK	Europe	Human	gut	NA	High	yes	sp000432135
260	MGYG000058949	2654743	36	129191	58.27	92.28	1.34	GUT_GENOME023657	MGYG000002993	d__Bacteria;p__Firmicutes_A;c__Clostridia;o__Oscillospirales;f__Oscillospiraceae;g__CAG-170;s__CAG-170_sp000432135	ERS1444520	ERP019502	Kazakhstan	Asia	Human	gut	NA	High	yes	sp000432135
262	MGYG000059665	2295819	169	19443	61.22	93.96	1.44	GUT_GENOME164972	MGYG000000651	d__Bacteria;p__Firmicutes_A;c__Clostridia;o__Oscillospirales;f__Oscillospiraceae;g__CAG-170;s__CAG-170_sp002404795	SRS576034	SRP040146	USA	North America	Human	gut	NA	High	yes	sp002404795
263	MGYG000059927	2086919	204	17256	61.84	91	2.93	GUT_GENOME253377	MGYG000000651	d__Bacteria;p__Firmicutes_A;c__Clostridia;o__Oscillospirales;f__Oscillospiraceae;g__CAG-170;s__CAG-170_sp002404795	ERS746744	ERP010700	UK	Europe	Human	gut	NA	High	yes	sp002404795
265	MGYG000060434	2337794	190	18451	59.27	91.89	4.47	GUT_GENOME257255	MGYG000002034	d__Bacteria;p__Firmicutes_A;c__Clostridia;o__Oscillospirales;f__Oscillospiraceae;g__CAG-170;s__CAG-170_sp900553545	ERS746864	ERP010700	UK	Europe	Human	gut	NA	High	yes	sp900553545
266	MGYG000060526	2452380	208	24133	59.06	91.28	1.01	GUT_GENOME067947	MGYG000002993	d__Bacteria;p__Firmicutes_A;c__Clostridia;o__Oscillospirales;f__Oscillospiraceae;g__CAG-170;s__CAG-170_sp000432135	ERS235590	ERP002469	Sweden	Europe	Human	gut	NA	High	yes	sp000432135
268	MGYG000060893	2882273	355	10878	57.88	90.1	2.68	GUT_GENOME137347	MGYG000002993	d__Bacteria;p__Firmicutes_A;c__Clostridia;o__Oscillospirales;f__Oscillospiraceae;g__CAG-170;s__CAG-170_sp000432135	ERS199324	ERP002061	Spain	Europe	Human	gut	NA	High	yes	sp000432135
275	MGYG000062228	2517525	268	13388	60.68	90.21	2.01	GUT_GENOME274295	MGYG000000651	d__Bacteria;p__Firmicutes_A;c__Clostridia;o__Oscillospirales;f__Oscillospiraceae;g__CAG-170;s__CAG-170_sp002404795	ERS972117	ERP012929	Israel	Asia	Human	gut	NA	High	yes	sp002404795
276	MGYG000062448	2532670	96	37127	58.48	95.3	1.68	GUT_GENOME203557	MGYG000002993	d__Bacteria;p__Firmicutes_A;c__Clostridia;o__Oscillospirales;f__Oscillospiraceae;g__CAG-170;s__CAG-170_sp000432135	SRS1996016	SRP100518	Spain	Europe	Human	gut	NA	High	yes	sp000432135
283	MGYG000064031	2578821	110	37689	58.53	92.32	2.07	GUT_GENOME044688	MGYG000002993	d__Bacteria;p__Firmicutes_A;c__Clostridia;o__Oscillospirales;f__Oscillospiraceae;g__CAG-170;s__CAG-170_sp000432135	ERS1289687	ERP016813	China	Asia	Human	gut	NA	High	yes	sp000432135
284	MGYG000064042	2919739	301	15207	57.94	92.6	2.01	GUT_GENOME246790	MGYG000002993	d__Bacteria;p__Firmicutes_A;c__Clostridia;o__Oscillospirales;f__Oscillospiraceae;g__CAG-170;s__CAG-170_sp000432135	ERS1066671	ERP013933	USA	North America	Human	gut	NA	High	yes	sp000432135
287	MGYG000064406	2360060	189	20994	59	93.29	2.24	GUT_GENOME218713	MGYG000002993	d__Bacteria;p__Firmicutes_A;c__Clostridia;o__Oscillospirales;f__Oscillospiraceae;g__CAG-170;s__CAG-170_sp000432135	SRS1170842	SRP066479	Peru	South America	Human	gut	NA	High	yes	sp000432135
288	MGYG000064750	2535781	154	24882	60.75	93.29	0.73	GUT_GENOME126701	MGYG000000651	d__Bacteria;p__Firmicutes_A;c__Clostridia;o__Oscillospirales;f__Oscillospiraceae;g__CAG-170;s__CAG-170_sp002404795	ERS1069680	ERP013827	Netherlands	Europe	Human	gut	NA	High	yes	sp002404795
289	MGYG000065554	3055120	316	14460	57.64	90.77	2.68	GUT_GENOME002708	MGYG000002993	d__Bacteria;p__Firmicutes_A;c__Clostridia;o__Oscillospirales;f__Oscillospiraceae;g__CAG-170;s__CAG-170_sp000432135	ERS473072	ERP005989	Sweden	Europe	Human	gut	NA	High	yes	sp000432135
293	MGYG000066557	2409258	214	16500	59.28	94.15	3.5	GUT_GENOME124180	MGYG000002993	d__Bacteria;p__Firmicutes_A;c__Clostridia;o__Oscillospirales;f__Oscillospiraceae;g__CAG-170;s__CAG-170_sp000432135	ERS1138916	ERP015450	China	Asia	Human	gut	NA	High	yes	sp000432135
295	MGYG000067045	2172350	311	11939	60.17	92.51	2.35	GUT_GENOME218035	MGYG000000741	d__Bacteria;p__Firmicutes_A;c__Clostridia;o__Oscillospirales;f__Oscillospiraceae;g__CAG-170;s__CAG-170_sp900548625	SRS1170705	SRP066479	Peru	South America	Human	gut	NA	High	yes	sp900548625
296	MGYG000067586	2719666	92	58082	58.18	93.91	2.01	GUT_GENOME252207	MGYG000002993	d__Bacteria;p__Firmicutes_A;c__Clostridia;o__Oscillospirales;f__Oscillospiraceae;g__CAG-170;s__CAG-170_sp000432135	ERS746885	ERP010700	UK	Europe	Human	gut	NA	High	yes	sp000432135
297	MGYG000067856	2427864	384	8569	61.07	90.56	1.98	GUT_GENOME069886	MGYG000000651	d__Bacteria;p__Firmicutes_A;c__Clostridia;o__Oscillospirales;f__Oscillospiraceae;g__CAG-170;s__CAG-170_sp002404795	ERS396334	ERP004605	Denmark	Europe	Human	gut	NA	High	yes	sp002404795
298	MGYG000068078	3206181	134	37929	57.47	93.29	1.68	GUT_GENOME216935	MGYG000002993	d__Bacteria;p__Firmicutes_A;c__Clostridia;o__Oscillospirales;f__Oscillospiraceae;g__CAG-170;s__CAG-170_sp000432135	SRS075878	SRP002163	USA	North America	Human	gut	NA	High	yes	sp000432135
304	MGYG000070482	3100645	170	36102	57.55	93.96	2.35	GUT_GENOME278230	MGYG000004248	d__Bacteria;p__Firmicutes_A;c__Clostridia;o__Oscillospirales;f__Oscillospiraceae;g__CAG-170;s__CAG-170_sp000436735	ERS972336	ERP012929	Israel	Asia	Human	gut	NA	High	yes	sp000436735
312	MGYG000072706	3029657	353	11960	57.87	92.62	1.34	GUT_GENOME213169	MGYG000002993	d__Bacteria;p__Firmicutes_A;c__Clostridia;o__Oscillospirales;f__Oscillospiraceae;g__CAG-170;s__CAG-170_sp000432135	SRS011586	SRP002163	USA	North America	Human	gut	NA	High	yes	sp000432135
313	MGYG000072978	2606017	146	36076	58.55	95.3	1.68	GUT_GENOME085189	MGYG000002993	d__Bacteria;p__Firmicutes_A;c__Clostridia;o__Oscillospirales;f__Oscillospiraceae;g__CAG-170;s__CAG-170_sp000432135	ERS537346	ERP006678	China	Asia	Human	gut	NA	High	yes	sp000432135
316	MGYG000073457	2621853	168	34398	58.39	93.29	2.35	GUT_GENOME230115	MGYG000004248	d__Bacteria;p__Firmicutes_A;c__Clostridia;o__Oscillospirales;f__Oscillospiraceae;g__CAG-170;s__CAG-170_sp000436735	SRS294970	SRP008047	China	Asia	Human	gut	NA	High	yes	sp000436735
320	MGYG000077244	2606053	245	18023	58.46	91.74	2.15	GUT_GENOME278998	MGYG000002993	d__Bacteria;p__Firmicutes_A;c__Clostridia;o__Oscillospirales;f__Oscillospiraceae;g__CAG-170;s__CAG-170_sp000432135	ERS972379	ERP012929	Israel	Asia	Human	gut	NA	High	yes	sp000432135
321	MGYG000077309	2299371	146	22356	61.16	91.39	1.58	GUT_GENOME164793	MGYG000000651	d__Bacteria;p__Firmicutes_A;c__Clostridia;o__Oscillospirales;f__Oscillospiraceae;g__CAG-170;s__CAG-170_sp002404795	SRS576034	SRP040146	USA	North America	Human	gut	NA	High	yes	sp002404795
323	MGYG000078030	2496981	74	54752	58.73	93.02	2.01	GUT_GENOME175978	MGYG000002993	d__Bacteria;p__Firmicutes_A;c__Clostridia;o__Oscillospirales;f__Oscillospiraceae;g__CAG-170;s__CAG-170_sp000432135	SRS1205290	SRP067325	USA	North America	Human	gut	NA	High	yes	sp000432135
325	MGYG000078683	2846574	232	23336	56.17	92.77	4.99	GUT_GENOME111645	MGYG000002710	d__Bacteria;p__Firmicutes_A;c__Clostridia;o__Oscillospirales;f__Oscillospiraceae;g__CAG-170;s__CAG-170_sp900549635	ERS328926	ERP003612	Denmark	Europe	Human	gut	NA	High	yes	sp900549635
326	MGYG000078879	3528409	195	43796	55.06	90.94	2.35	GUT_GENOME126963	MGYG000000370	d__Bacteria;p__Firmicutes_A;c__Clostridia;o__Oscillospirales;f__Oscillospiraceae;g__CAG-170;s__CAG-170_sp900545925	ERS1069691	ERP013827	Netherlands	Europe	Human	gut	NA	High	yes	sp900545925
328	MGYG000079345	2608563	105	40722	58.49	91.95	1.68	GUT_GENOME040426	MGYG000002993	d__Bacteria;p__Firmicutes_A;c__Clostridia;o__Oscillospirales;f__Oscillospiraceae;g__CAG-170;s__CAG-170_sp000432135	ERS1066697	ERP013933	USA	North America	Human	gut	NA	High	yes	sp000432135
333	MGYG000080944	2705043	405	8785	58.49	90.35	1.82	GUT_GENOME149596	MGYG000002993	d__Bacteria;p__Firmicutes_A;c__Clostridia;o__Oscillospirales;f__Oscillospiraceae;g__CAG-170;s__CAG-170_sp000432135	-	-	China	Asia	Human	gut	NA	High	yes	sp000432135
335	MGYG000081404	2923343	151	27858	57.95	93.96	1.68	GUT_GENOME100550	MGYG000002993	d__Bacteria;p__Firmicutes_A;c__Clostridia;o__Oscillospirales;f__Oscillospiraceae;g__CAG-170;s__CAG-170_sp000432135	SRS012273	SRP002163	USA	North America	Human	gut	NA	High	yes	sp000432135
337	MGYG000081582	3197192	79	105472	55.43	93.29	1.68	GUT_GENOME047681	MGYG000000370	d__Bacteria;p__Firmicutes_A;c__Clostridia;o__Oscillospirales;f__Oscillospiraceae;g__CAG-170;s__CAG-170_sp900545925	ERS1647289	ERP019674	Germany	Europe	Human	gut	NA	High	yes	sp900545925
339	MGYG000082473	2432843	180	21638	60.93	92.62	4.03	GUT_GENOME047773	MGYG000000651	d__Bacteria;p__Firmicutes_A;c__Clostridia;o__Oscillospirales;f__Oscillospiraceae;g__CAG-170;s__CAG-170_sp002404795	ERS1647284	ERP019674	Germany	Europe	Human	gut	NA	High	yes	sp002404795
340	MGYG000082727	3140210	127	43624	57.5	93.29	1.81	GUT_GENOME039566	MGYG000002993	d__Bacteria;p__Firmicutes_A;c__Clostridia;o__Oscillospirales;f__Oscillospiraceae;g__CAG-170;s__CAG-170_sp000432135	ERS1066672	ERP013933	USA	North America	Human	gut	NA	High	yes	sp000432135
347	MGYG000084159	2532457	200	20015	59.06	91.07	2.68	GUT_GENOME181276	MGYG000004248	d__Bacteria;p__Firmicutes_A;c__Clostridia;o__Oscillospirales;f__Oscillospiraceae;g__CAG-170;s__CAG-170_sp000436735	SRS1596823	SRP080787	Mongolia	Asia	Human	gut	NA	High	yes	sp000436735
351	MGYG000085390	2189206	133	25393	59.22	93.51	1.34	GUT_GENOME285118	MGYG000000741	d__Bacteria;p__Firmicutes_A;c__Clostridia;o__Oscillospirales;f__Oscillospiraceae;g__CAG-170;s__CAG-170_sp900548625	ERS436691	ERP005534	France	Europe	Human	gut	NA	High	yes	sp900548625
362	MGYG000087878	1977104	86	35088	60.32	91.38	3.36	GUT_GENOME125404	MGYG000002034	d__Bacteria;p__Firmicutes_A;c__Clostridia;o__Oscillospirales;f__Oscillospiraceae;g__CAG-170;s__CAG-170_sp900553545	ERS1138741	ERP015450	China	Asia	Human	gut	NA	High	yes	sp900553545
363	MGYG000088093	2164313	163	21640	61.49	94.3	2.03	GUT_GENOME165081	MGYG000000651	d__Bacteria;p__Firmicutes_A;c__Clostridia;o__Oscillospirales;f__Oscillospiraceae;g__CAG-170;s__CAG-170_sp002404795	SRS576042	SRP040146	USA	North America	Human	gut	NA	High	yes	sp002404795
364	MGYG000088440	2764909	120	41850	58.2	91.52	2.01	GUT_GENOME244748	MGYG000002993	d__Bacteria;p__Firmicutes_A;c__Clostridia;o__Oscillospirales;f__Oscillospiraceae;g__CAG-170;s__CAG-170_sp000432135	ERS1066699	ERP013933	USA	North America	Human	gut	NA	High	yes	sp000432135
365	MGYG000088603	2317940	123	28010	58.95	90.02	4.7	GUT_GENOME044367	MGYG000004248	d__Bacteria;p__Firmicutes_A;c__Clostridia;o__Oscillospirales;f__Oscillospiraceae;g__CAG-170;s__CAG-170_sp000436735	ERS1076044	ERP014480	Denmark	Europe	Human	gut	NA	High	yes	sp000436735
367	MGYG000088715	2625002	372	9749	58.35	91.07	2.01	GUT_GENOME109272	MGYG000002993	d__Bacteria;p__Firmicutes_A;c__Clostridia;o__Oscillospirales;f__Oscillospiraceae;g__CAG-170;s__CAG-170_sp000432135	ERS328831	ERP003612	Denmark	Europe	Human	gut	NA	High	yes	sp000432135
369	MGYG000088826	2226426	188	16955	61.62	93.29	1.4	GUT_GENOME278600	MGYG000000651	d__Bacteria;p__Firmicutes_A;c__Clostridia;o__Oscillospirales;f__Oscillospiraceae;g__CAG-170;s__CAG-170_sp002404795	ERS972352	ERP012929	Israel	Asia	Human	gut	NA	High	yes	sp002404795
373	MGYG000089437	2854496	380	10813	56.41	91.88	1.74	GUT_GENOME285066	MGYG000000370	d__Bacteria;p__Firmicutes_A;c__Clostridia;o__Oscillospirales;f__Oscillospiraceae;g__CAG-170;s__CAG-170_sp900545925	ERS436694	ERP005534	France	Europe	Human	gut	NA	High	yes	sp900545925
379	MGYG000090547	2269984	192	17192	61.41	90.48	3.9	GUT_GENOME025556	MGYG000000651	d__Bacteria;p__Firmicutes_A;c__Clostridia;o__Oscillospirales;f__Oscillospiraceae;g__CAG-170;s__CAG-170_sp002404795	ERS1444583	ERP019502	Kazakhstan	Asia	Human	gut	NA	High	yes	sp002404795
382	MGYG000091794	2059331	107	35555	57.5	91.28	2.07	GUT_GENOME021874	MGYG000000369	d__Bacteria;p__Firmicutes_A;c__Clostridia;o__Oscillospirales;f__Oscillospiraceae;g__CAG-170;s__CAG-170_sp003516765	ERS1444462	ERP019502	Kazakhstan	Asia	Human	gut	NA	High	yes	sp003516765
391	MGYG000095213	2180496	154	18838	61.5	92.09	3.19	GUT_GENOME180099	MGYG000000651	d__Bacteria;p__Firmicutes_A;c__Clostridia;o__Oscillospirales;f__Oscillospiraceae;g__CAG-170;s__CAG-170_sp002404795	SRS1531241	SRP076119	USA	North America	Human	gut	NA	High	yes	sp002404795
393	MGYG000096293	2371205	80	51525	58.9	92.96	1.41	GUT_GENOME007412	MGYG000002993	d__Bacteria;p__Firmicutes_A;c__Clostridia;o__Oscillospirales;f__Oscillospiraceae;g__CAG-170;s__CAG-170_sp000432135	ERS554201	ERP007090	Sweden	Europe	Human	gut	NA	High	yes	sp000432135
396	MGYG000097050	2599639	291	12702	61.38	94.3	4.7	GUT_GENOME128437	MGYG000000651	d__Bacteria;p__Firmicutes_A;c__Clostridia;o__Oscillospirales;f__Oscillospiraceae;g__CAG-170;s__CAG-170_sp002404795	SRS1596826	SRP080787	Mongolia	Asia	Human	gut	NA	High	yes	sp002404795
401	MGYG000098786	3049814	121	45966	57.58	93.96	1.34	GUT_GENOME117267	MGYG000002993	d__Bacteria;p__Firmicutes_A;c__Clostridia;o__Oscillospirales;f__Oscillospiraceae;g__CAG-170;s__CAG-170_sp000432135	ERS396373	ERP004605	Denmark	Europe	Human	gut	NA	High	yes	sp000432135
406	MGYG000099612	2858234	202	23285	59.91	92.79	2.55	GUT_GENOME165855	MGYG000000651	d__Bacteria;p__Firmicutes_A;c__Clostridia;o__Oscillospirales;f__Oscillospiraceae;g__CAG-170;s__CAG-170_sp002404795	SRS576034	SRP040146	USA	North America	Human	gut	NA	High	yes	sp002404795
407	MGYG000099742	3040691	168	26819	57.9	93.79	1.01	GUT_GENOME263500	MGYG000002993	d__Bacteria;p__Firmicutes_A;c__Clostridia;o__Oscillospirales;f__Oscillospiraceae;g__CAG-170;s__CAG-170_sp000432135	-	-	China	Asia	Human	gut	NA	High	yes	sp000432135
413	MGYG000100648	2289793	212	15349	58.95	90.88	2.01	GUT_GENOME028588	MGYG000004248	d__Bacteria;p__Firmicutes_A;c__Clostridia;o__Oscillospirales;f__Oscillospiraceae;g__CAG-170;s__CAG-170_sp000436735	ERS006547	ERP000108	Denmark	Europe	Human	gut	NA	High	yes	sp000436735
415	MGYG000100686	2063351	267	9849	61.97	91.95	4.19	GUT_GENOME025299	MGYG000000651	d__Bacteria;p__Firmicutes_A;c__Clostridia;o__Oscillospirales;f__Oscillospiraceae;g__CAG-170;s__CAG-170_sp002404795	ERS1444576	ERP019502	Kazakhstan	Asia	Human	gut	NA	High	yes	sp002404795
416	MGYG000100836	2406403	85	39537	58.9	91.28	0.67	GUT_GENOME280046	MGYG000002993	d__Bacteria;p__Firmicutes_A;c__Clostridia;o__Oscillospirales;f__Oscillospiraceae;g__CAG-170;s__CAG-170_sp000432135	ERS971726	ERP012929	Israel	Asia	Human	gut	NA	High	yes	sp000432135
417	MGYG000101908	2311479	114	28921	61.09	91.28	1.36	GUT_GENOME021300	MGYG000000651	d__Bacteria;p__Firmicutes_A;c__Clostridia;o__Oscillospirales;f__Oscillospiraceae;g__CAG-170;s__CAG-170_sp002404795	ERS1444714	ERP019502	Germany	Europe	Human	gut	NA	High	yes	sp002404795
418	MGYG000101978	3147647	356	12979	57.51	93.29	2.35	GUT_GENOME226101	MGYG000002993	d__Bacteria;p__Firmicutes_A;c__Clostridia;o__Oscillospirales;f__Oscillospiraceae;g__CAG-170;s__CAG-170_sp000432135	SRS259442	SRP008047	China	Asia	Human	gut	NA	High	yes	sp000432135
420	MGYG000102954	2456944	187	21841	58.85	95.91	2.68	GUT_GENOME282369	MGYG000000741	d__Bacteria;p__Firmicutes_A;c__Clostridia;o__Oscillospirales;f__Oscillospiraceae;g__CAG-170;s__CAG-170_sp900548625	ERS436719	ERP005534	France	Europe	Human	gut	NA	High	yes	sp900548625
425	MGYG000104360	2273064	331	8415	61.5	91.61	1.59	GUT_GENOME020539	MGYG000000651	d__Bacteria;p__Firmicutes_A;c__Clostridia;o__Oscillospirales;f__Oscillospiraceae;g__CAG-170;s__CAG-170_sp002404795	ERS1444682	ERP019502	Germany	Europe	Human	gut	NA	High	yes	sp002404795
433	MGYG000105987	3253099	157	44725	56.1	93.96	3.26	GUT_GENOME024600	MGYG000000370	d__Bacteria;p__Firmicutes_A;c__Clostridia;o__Oscillospirales;f__Oscillospiraceae;g__CAG-170;s__CAG-170_sp900545925	ERS1444551	ERP019502	Kazakhstan	Asia	Human	gut	NA	High	yes	sp900545925
434	MGYG000106205	2174834	320	9288	57.58	90.53	2.81	GUT_GENOME026300	MGYG000000369	d__Bacteria;p__Firmicutes_A;c__Clostridia;o__Oscillospirales;f__Oscillospiraceae;g__CAG-170;s__CAG-170_sp003516765	ERS1444607	ERP019502	Kazakhstan	Asia	Human	gut	NA	High	yes	sp003516765
435	MGYG000106271	1911234	255	10219	62.17	90.29	2.01	GUT_GENOME104690	MGYG000000651	d__Bacteria;p__Firmicutes_A;c__Clostridia;o__Oscillospirales;f__Oscillospiraceae;g__CAG-170;s__CAG-170_sp002404795	ERS235499	ERP002469	Sweden	Europe	Human	gut	NA	High	yes	sp002404795
436	MGYG000106478	2474575	98	38601	58.63	93.62	1.79	GUT_GENOME269796	MGYG000002993	d__Bacteria;p__Firmicutes_A;c__Clostridia;o__Oscillospirales;f__Oscillospiraceae;g__CAG-170;s__CAG-170_sp000432135	ERS971920	ERP012929	Israel	Asia	Human	gut	NA	High	yes	sp000432135
438	MGYG000107232	2282191	125	26938	59.14	91.37	4.03	GUT_GENOME095221	MGYG000004248	d__Bacteria;p__Firmicutes_A;c__Clostridia;o__Oscillospirales;f__Oscillospiraceae;g__CAG-170;s__CAG-170_sp000436735	-	-	Italy	Europe	Human	gut	NA	High	yes	sp000436735
439	MGYG000108063	2404237	41	93573	58.4	90.38	2.01	GUT_GENOME049436	MGYG000002993	d__Bacteria;p__Firmicutes_A;c__Clostridia;o__Oscillospirales;f__Oscillospiraceae;g__CAG-170;s__CAG-170_sp000432135	ERS1295851	ERP022699	UK	Europe	Human	gut	NA	High	yes	sp000432135
440	MGYG000108157	2407693	334	9205	58.82	90.3	2.3	GUT_GENOME050430	MGYG000004248	d__Bacteria;p__Firmicutes_A;c__Clostridia;o__Oscillospirales;f__Oscillospiraceae;g__CAG-170;s__CAG-170_sp000436735	ERS199038	ERP002061	Denmark	Europe	Human	gut	NA	High	yes	sp000436735
441	MGYG000108241	2545983	111	37650	58.63	91.95	1.34	GUT_GENOME152694	MGYG000002993	d__Bacteria;p__Firmicutes_A;c__Clostridia;o__Oscillospirales;f__Oscillospiraceae;g__CAG-170;s__CAG-170_sp000432135	-	-	China	Asia	Human	gut	NA	High	yes	sp000432135
444	MGYG000109047	3318770	300	16346	57.61	93.06	2.01	GUT_GENOME218780	MGYG000002993	d__Bacteria;p__Firmicutes_A;c__Clostridia;o__Oscillospirales;f__Oscillospiraceae;g__CAG-170;s__CAG-170_sp000432135	SRS1170849	SRP066479	Peru	South America	Human	gut	NA	High	yes	sp000432135
445	MGYG000109131	2956067	176	25869	57.83	93.74	1.68	GUT_GENOME094849	MGYG000002993	d__Bacteria;p__Firmicutes_A;c__Clostridia;o__Oscillospirales;f__Oscillospiraceae;g__CAG-170;s__CAG-170_sp000432135	ERS631834	ERP008729	Austria	Europe	Human	gut	NA	High	yes	sp000432135
447	MGYG000109423	2759912	345	11618	57.99	92.22	2.26	GUT_GENOME117031	MGYG000002993	d__Bacteria;p__Firmicutes_A;c__Clostridia;o__Oscillospirales;f__Oscillospiraceae;g__CAG-170;s__CAG-170_sp000432135	ERS396366	ERP004605	Denmark	Europe	Human	gut	NA	High	yes	sp000432135
450	MGYG000110096	2370226	139	26102	60.82	90.08	0.67	GUT_GENOME173531	MGYG000000651	d__Bacteria;p__Firmicutes_A;c__Clostridia;o__Oscillospirales;f__Oscillospiraceae;g__CAG-170;s__CAG-170_sp002404795	SRS1028198	SRP062282	Germany	Europe	Human	gut	NA	High	yes	sp002404795
453	MGYG000110874	2671072	299	12916	58.49	90.27	2.39	GUT_GENOME102053	MGYG000002993	d__Bacteria;p__Firmicutes_A;c__Clostridia;o__Oscillospirales;f__Oscillospiraceae;g__CAG-170;s__CAG-170_sp000432135	SRS022071	SRP002163	USA	North America	Human	gut	NA	High	yes	sp000432135
458	MGYG000111631	2848843	100	51219	57.88	93.29	1.68	GUT_GENOME267569	MGYG000002993	d__Bacteria;p__Firmicutes_A;c__Clostridia;o__Oscillospirales;f__Oscillospiraceae;g__CAG-170;s__CAG-170_sp000432135	ERS971829	ERP012929	Israel	Asia	Human	gut	NA	High	yes	sp000432135
465	MGYG000113777	2936974	370	12061	58.37	90.3	2.68	GUT_GENOME263905	MGYG000002993	d__Bacteria;p__Firmicutes_A;c__Clostridia;o__Oscillospirales;f__Oscillospiraceae;g__CAG-170;s__CAG-170_sp000432135	-	-	China	Asia	Human	gut	NA	High	yes	sp000432135
466	MGYG000114040	2821052	436	8481	57.97	91.39	2.92	GUT_GENOME268483	MGYG000000741	d__Bacteria;p__Firmicutes_A;c__Clostridia;o__Oscillospirales;f__Oscillospiraceae;g__CAG-170;s__CAG-170_sp900548625	ERS971864	ERP012929	Israel	Asia	Human	gut	NA	High	yes	sp900548625
469	MGYG000114662	2644991	92	43385	58.36	91.84	1.68	GUT_GENOME040389	MGYG000002993	d__Bacteria;p__Firmicutes_A;c__Clostridia;o__Oscillospirales;f__Oscillospiraceae;g__CAG-170;s__CAG-170_sp000432135	ERS1066697	ERP013933	USA	North America	Human	gut	NA	High	yes	sp000432135
471	MGYG000114997	2692964	185	25613	58.52	92.62	1.68	GUT_GENOME075041	MGYG000002993	d__Bacteria;p__Firmicutes_A;c__Clostridia;o__Oscillospirales;f__Oscillospiraceae;g__CAG-170;s__CAG-170_sp000432135	ERS396523	ERP004605	Spain	Europe	Human	gut	NA	High	yes	sp000432135
473	MGYG000115246	2887044	70	76379	57.92	90.94	4.03	GUT_GENOME246591	MGYG000002993	d__Bacteria;p__Firmicutes_A;c__Clostridia;o__Oscillospirales;f__Oscillospiraceae;g__CAG-170;s__CAG-170_sp000432135	ERS1066702	ERP013933	USA	North America	Human	gut	NA	High	yes	sp000432135
476	MGYG000116433	2487989	100	56360	58.71	90.3	1.34	GUT_GENOME257361	MGYG000002993	d__Bacteria;p__Firmicutes_A;c__Clostridia;o__Oscillospirales;f__Oscillospiraceae;g__CAG-170;s__CAG-170_sp000432135	ERS746865	ERP010700	UK	Europe	Human	gut	NA	High	yes	sp000432135
480	MGYG000117339	3132603	146	40305	55.88	92.56	2.5	GUT_GENOME286142	MGYG000000370	d__Bacteria;p__Firmicutes_A;c__Clostridia;o__Oscillospirales;f__Oscillospiraceae;g__CAG-170;s__CAG-170_sp900545925	ERS436830	ERP005534	Germany	Europe	Human	gut	NA	High	yes	sp900545925
482	MGYG000117761	1916499	197	14419	60.83	90.08	0.78	GUT_GENOME246268	MGYG000002034	d__Bacteria;p__Firmicutes_A;c__Clostridia;o__Oscillospirales;f__Oscillospiraceae;g__CAG-170;s__CAG-170_sp900553545	ERS1066636	ERP013933	USA	North America	Human	gut	NA	High	yes	sp900553545
483	MGYG000118060	2578194	79	86508	58.47	91.4	1.34	GUT_GENOME261108	MGYG000002993	d__Bacteria;p__Firmicutes_A;c__Clostridia;o__Oscillospirales;f__Oscillospiraceae;g__CAG-170;s__CAG-170_sp000432135	ERS746935	ERP010700	UK	Europe	Human	gut	NA	High	yes	sp000432135
485	MGYG000118449	3055053	427	10940	58.51	91.95	2.01	GUT_GENOME218004	MGYG000004248	d__Bacteria;p__Firmicutes_A;c__Clostridia;o__Oscillospirales;f__Oscillospiraceae;g__CAG-170;s__CAG-170_sp000436735	SRS1170698	SRP066479	Peru	South America	Human	gut	NA	High	yes	sp000436735
488	MGYG000119316	2412095	164	23359	60.86	90.27	0.67	GUT_GENOME210506	MGYG000000651	d__Bacteria;p__Firmicutes_A;c__Clostridia;o__Oscillospirales;f__Oscillospiraceae;g__CAG-170;s__CAG-170_sp002404795	SRS1905949	SRP096283	USA	North America	Human	gut	NA	High	yes	sp002404795
495	MGYG000120233	3365719	192	32064	56.99	90.94	2.85	GUT_GENOME153113	MGYG000002993	d__Bacteria;p__Firmicutes_A;c__Clostridia;o__Oscillospirales;f__Oscillospiraceae;g__CAG-170;s__CAG-170_sp000432135	-	-	China	Asia	Human	gut	NA	High	yes	sp000432135
499	MGYG000120998	3505331	86	63870	57.16	93.96	2.35	GUT_GENOME244880	MGYG000002993	d__Bacteria;p__Firmicutes_A;c__Clostridia;o__Oscillospirales;f__Oscillospiraceae;g__CAG-170;s__CAG-170_sp000432135	ERS1066697	ERP013933	USA	North America	Human	gut	NA	High	yes	sp000432135
501	MGYG000121685	2308585	113	36781	56.92	92.87	2.01	GUT_GENOME025993	MGYG000000369	d__Bacteria;p__Firmicutes_A;c__Clostridia;o__Oscillospirales;f__Oscillospiraceae;g__CAG-170;s__CAG-170_sp003516765	ERS1444597	ERP019502	Kazakhstan	Asia	Human	gut	NA	High	yes	sp003516765
503	MGYG000121801	2264174	199	17212	61.45	91.28	1.4	GUT_GENOME257076	MGYG000000651	d__Bacteria;p__Firmicutes_A;c__Clostridia;o__Oscillospirales;f__Oscillospiraceae;g__CAG-170;s__CAG-170_sp002404795	ERS746790	ERP010700	UK	Europe	Human	gut	NA	High	yes	sp002404795
504	MGYG000122035	2344079	164	27257	59.05	93.19	3.75	GUT_GENOME235224	MGYG000002993	d__Bacteria;p__Firmicutes_A;c__Clostridia;o__Oscillospirales;f__Oscillospiraceae;g__CAG-170;s__CAG-170_sp000432135	SRS476058	SRP029441	Fiji	Oceania	Human	gut	NA	High	yes	sp000432135
506	MGYG000122167	2083881	277	10630	61.22	91.05	2.18	GUT_GENOME133773	MGYG000000651	d__Bacteria;p__Firmicutes_A;c__Clostridia;o__Oscillospirales;f__Oscillospiraceae;g__CAG-170;s__CAG-170_sp002404795	ERS199136	ERP002061	Denmark	Europe	Human	gut	NA	High	yes	sp002404795
511	MGYG000123738	2356322	106	37524	58.83	91.28	1.34	GUT_GENOME090833	MGYG000002993	d__Bacteria;p__Firmicutes_A;c__Clostridia;o__Oscillospirales;f__Oscillospiraceae;g__CAG-170;s__CAG-170_sp000432135	ERS631833	ERP008729	Austria	Europe	Human	gut	NA	High	yes	sp000432135
514	MGYG000125708	2947222	217	24678	55.99	92.99	0.67	GUT_GENOME114088	MGYG000000370	d__Bacteria;p__Firmicutes_A;c__Clostridia;o__Oscillospirales;f__Oscillospiraceae;g__CAG-170;s__CAG-170_sp900545925	ERS328992	ERP003612	Denmark	Europe	Human	gut	NA	High	yes	sp900545925
518	MGYG000127815	2228367	110	30966	57.03	91.72	2.18	GUT_GENOME285944	MGYG000002710	d__Bacteria;p__Firmicutes_A;c__Clostridia;o__Oscillospirales;f__Oscillospiraceae;g__CAG-170;s__CAG-170_sp900549635	ERS436829	ERP005534	Germany	Europe	Human	gut	NA	High	yes	sp900549635
519	MGYG000127818	2394205	177	18350	58.92	91.82	1.68	GUT_GENOME100057	MGYG000002993	d__Bacteria;p__Firmicutes_A;c__Clostridia;o__Oscillospirales;f__Oscillospiraceae;g__CAG-170;s__CAG-170_sp000432135	ERS1343430	ERP017091	China	Asia	Human	gut	NA	High	yes	sp000432135
522	MGYG000129351	3174133	64	119821	55.61	93.96	4.03	GUT_GENOME047679	MGYG000000370	d__Bacteria;p__Firmicutes_A;c__Clostridia;o__Oscillospirales;f__Oscillospiraceae;g__CAG-170;s__CAG-170_sp900545925	ERS1647289	ERP019674	Germany	Europe	Human	gut	NA	High	yes	sp900545925
529	MGYG000131057	2076929	189	15105	57.1	90.87	1.01	GUT_GENOME074400	MGYG000000369	d__Bacteria;p__Firmicutes_A;c__Clostridia;o__Oscillospirales;f__Oscillospiraceae;g__CAG-170;s__CAG-170_sp003516765	ERS396505	ERP004605	Spain	Europe	Human	gut	NA	High	yes	sp003516765
533	MGYG000131602	2947482	64	96995	57.59	92.62	2.35	GUT_GENOME120676	MGYG000002993	d__Bacteria;p__Firmicutes_A;c__Clostridia;o__Oscillospirales;f__Oscillospiraceae;g__CAG-170;s__CAG-170_sp000432135	ERS396489	ERP004605	Spain	Europe	Human	gut	NA	High	yes	sp000432135
534	MGYG000131764	2392036	343	10237	56.76	92.95	1.34	GUT_GENOME216730	MGYG000000369	d__Bacteria;p__Firmicutes_A;c__Clostridia;o__Oscillospirales;f__Oscillospiraceae;g__CAG-170;s__CAG-170_sp003516765	SRS064276	SRP002860	USA	North America	Human	gut	NA	High	yes	sp003516765
538	MGYG000132469	2738094	59	67860	57.88	94.63	1.34	GUT_GENOME021493	MGYG000002993	d__Bacteria;p__Firmicutes_A;c__Clostridia;o__Oscillospirales;f__Oscillospiraceae;g__CAG-170;s__CAG-170_sp000432135	ERS1444722	ERP019502	Germany	Europe	Human	gut	NA	High	yes	sp000432135
539	MGYG000132739	2162329	92	35799	59.17	92.28	2.32	GUT_GENOME034618	MGYG000004248	d__Bacteria;p__Firmicutes_A;c__Clostridia;o__Oscillospirales;f__Oscillospiraceae;g__CAG-170;s__CAG-170_sp000436735	ERS1015884	ERP013563	China	Asia	Human	gut	NA	High	yes	sp000436735
541	MGYG000132947	3216225	187	28302	56.77	94.63	2.01	GUT_GENOME090428	MGYG000002993	d__Bacteria;p__Firmicutes_A;c__Clostridia;o__Oscillospirales;f__Oscillospiraceae;g__CAG-170;s__CAG-170_sp000432135	ERS608610	ERP008729	Austria	Europe	Human	gut	NA	High	yes	sp000432135
549	MGYG000134590	2953716	148	36559	55.89	93.29	1.03	GUT_GENOME112413	MGYG000000370	d__Bacteria;p__Firmicutes_A;c__Clostridia;o__Oscillospirales;f__Oscillospiraceae;g__CAG-170;s__CAG-170_sp900545925	ERS328948	ERP003612	Denmark	Europe	Human	gut	NA	High	yes	sp900545925
550	MGYG000135499	2794341	78	62979	58.1	93.69	1.34	GUT_GENOME108079	MGYG000004248	d__Bacteria;p__Firmicutes_A;c__Clostridia;o__Oscillospirales;f__Oscillospiraceae;g__CAG-170;s__CAG-170_sp000436735	ERS328754	ERP003612	Denmark	Europe	Human	gut	NA	High	yes	sp000436735
553	MGYG000136176	2299831	112	36324	59.34	91.28	0.67	GUT_GENOME213179	MGYG000002993	d__Bacteria;p__Firmicutes_A;c__Clostridia;o__Oscillospirales;f__Oscillospiraceae;g__CAG-170;s__CAG-170_sp000432135	SRS012273	SRP002163	USA	North America	Human	gut	NA	High	yes	sp000432135
559	MGYG000138145	2015338	128	22831	60.05	90.6	4.7	GUT_GENOME039683	MGYG000000741	d__Bacteria;p__Firmicutes_A;c__Clostridia;o__Oscillospirales;f__Oscillospiraceae;g__CAG-170;s__CAG-170_sp900548625	ERS1066674	ERP013933	USA	North America	Human	gut	NA	High	yes	sp900548625
560	MGYG000138150	2216597	156	19990	61.55	91.93	1.34	GUT_GENOME275154	MGYG000000651	d__Bacteria;p__Firmicutes_A;c__Clostridia;o__Oscillospirales;f__Oscillospiraceae;g__CAG-170;s__CAG-170_sp002404795	ERS972162	ERP012929	Israel	Asia	Human	gut	NA	High	yes	sp002404795
562	MGYG000138986	2362035	48	103774	59.01	91.95	1.34	GUT_GENOME026551	MGYG000004248	d__Bacteria;p__Firmicutes_A;c__Clostridia;o__Oscillospirales;f__Oscillospiraceae;g__CAG-170;s__CAG-170_sp000436735	ERS1444617	ERP019502	Kazakhstan	Asia	Human	gut	NA	High	yes	sp000436735
563	MGYG000139306	2699566	271	16040	58.22	91.61	2.57	GUT_GENOME282689	MGYG000002993	d__Bacteria;p__Firmicutes_A;c__Clostridia;o__Oscillospirales;f__Oscillospiraceae;g__CAG-170;s__CAG-170_sp000432135	ERS436661	ERP005534	France	Europe	Human	gut	NA	High	yes	sp000432135
567	MGYG000140752	2767424	98	47887	58.25	91.4	2.18	GUT_GENOME039578	MGYG000002993	d__Bacteria;p__Firmicutes_A;c__Clostridia;o__Oscillospirales;f__Oscillospiraceae;g__CAG-170;s__CAG-170_sp000432135	ERS1066672	ERP013933	USA	North America	Human	gut	NA	High	yes	sp000432135
573	MGYG000142887	2889947	70	61262	58.12	91.28	1.68	GUT_GENOME244780	MGYG000002993	d__Bacteria;p__Firmicutes_A;c__Clostridia;o__Oscillospirales;f__Oscillospiraceae;g__CAG-170;s__CAG-170_sp000432135	ERS1066672	ERP013933	USA	North America	Human	gut	NA	High	yes	sp000432135
575	MGYG000143337	2553266	235	19780	59.05	92.75	3.82	GUT_GENOME067159	MGYG000002993	d__Bacteria;p__Firmicutes_A;c__Clostridia;o__Oscillospirales;f__Oscillospiraceae;g__CAG-170;s__CAG-170_sp000432135	ERS235548	ERP002469	Sweden	Europe	Human	gut	NA	High	yes	sp000432135
577	MGYG000143508	2575870	213	21390	58.92	94.83	4.76	GUT_GENOME088342	MGYG000002993	d__Bacteria;p__Firmicutes_A;c__Clostridia;o__Oscillospirales;f__Oscillospiraceae;g__CAG-170;s__CAG-170_sp000432135	ERS608534	ERP008729	Austria	Europe	Human	gut	NA	High	yes	sp000432135
579	MGYG000144440	3229386	114	58540	57.32	94.63	2.01	GUT_GENOME284893	MGYG000002993	d__Bacteria;p__Firmicutes_A;c__Clostridia;o__Oscillospirales;f__Oscillospiraceae;g__CAG-170;s__CAG-170_sp000432135	ERS436717	ERP005534	France	Europe	Human	gut	NA	High	yes	sp000432135
580	MGYG000144480	2220215	382	8428	61.88	92.54	2.29	GUT_GENOME069609	MGYG000000651	d__Bacteria;p__Firmicutes_A;c__Clostridia;o__Oscillospirales;f__Oscillospiraceae;g__CAG-170;s__CAG-170_sp002404795	ERS396323	ERP004605	Denmark	Europe	Human	gut	NA	High	yes	sp002404795
581	MGYG000144821	2332063	249	14213	61.59	92.62	4.31	GUT_GENOME024111	MGYG000000651	d__Bacteria;p__Firmicutes_A;c__Clostridia;o__Oscillospirales;f__Oscillospiraceae;g__CAG-170;s__CAG-170_sp002404795	ERS1444535	ERP019502	Kazakhstan	Asia	Human	gut	NA	High	yes	sp002404795
582	MGYG000144976	2195245	83	46497	59.28	90.6	0.67	GUT_GENOME087836	MGYG000002993	d__Bacteria;p__Firmicutes_A;c__Clostridia;o__Oscillospirales;f__Oscillospiraceae;g__CAG-170;s__CAG-170_sp000432135	ERS608510	ERP008729	Austria	Europe	Human	gut	NA	High	yes	sp000432135
583	MGYG000145379	3122379	227	23305	57.9	94.63	4.44	GUT_GENOME154425	MGYG000002993	d__Bacteria;p__Firmicutes_A;c__Clostridia;o__Oscillospirales;f__Oscillospiraceae;g__CAG-170;s__CAG-170_sp000432135	ERS475164	ERP005860	China	Asia	Human	gut	NA	High	yes	sp000432135
587	MGYG000146417	2276133	178	19352	61.25	91.95	1.01	GUT_GENOME166042	MGYG000000651	d__Bacteria;p__Firmicutes_A;c__Clostridia;o__Oscillospirales;f__Oscillospiraceae;g__CAG-170;s__CAG-170_sp002404795	SRS576042	SRP040146	USA	North America	Human	gut	NA	High	yes	sp002404795
588	MGYG000146859	2739602	116	39321	56.15	94.63	2.07	GUT_GENOME036958	MGYG000000369	d__Bacteria;p__Firmicutes_A;c__Clostridia;o__Oscillospirales;f__Oscillospiraceae;g__CAG-170;s__CAG-170_sp003516765	ERS1015987	ERP013563	China	Asia	Human	gut	NA	High	yes	sp003516765
590	MGYG000147229	2671392	136	31954	60.57	90.6	0.67	GUT_GENOME217788	MGYG000000651	d__Bacteria;p__Firmicutes_A;c__Clostridia;o__Oscillospirales;f__Oscillospiraceae;g__CAG-170;s__CAG-170_sp002404795	SRS104197	SRP002163	USA	North America	Human	gut	NA	High	yes	sp002404795
594	MGYG000148124	2869340	117	37233	59.69	93.29	0.67	GUT_GENOME157600	MGYG000000651	d__Bacteria;p__Firmicutes_A;c__Clostridia;o__Oscillospirales;f__Oscillospiraceae;g__CAG-170;s__CAG-170_sp002404795	ERS634940	ERP009131	Canada	North America	Human	gut	NA	High	yes	sp002404795
596	MGYG000148136	2389466	229	14562	58.9	91.28	3.6	GUT_GENOME283935	MGYG000002993	d__Bacteria;p__Firmicutes_A;c__Clostridia;o__Oscillospirales;f__Oscillospiraceae;g__CAG-170;s__CAG-170_sp000432135	ERS436791	ERP005534	France	Europe	Human	gut	NA	High	yes	sp000432135
599	MGYG000149508	2963657	267	23934	57.91	91.15	4.7	GUT_GENOME281599	MGYG000002993	d__Bacteria;p__Firmicutes_A;c__Clostridia;o__Oscillospirales;f__Oscillospiraceae;g__CAG-170;s__CAG-170_sp000432135	ERS953893	ERP012929	Israel	Asia	Human	gut	NA	High	yes	sp000432135
601	MGYG000150320	3103917	174	30236	57.58	92.62	3.02	GUT_GENOME116715	MGYG000002993	d__Bacteria;p__Firmicutes_A;c__Clostridia;o__Oscillospirales;f__Oscillospiraceae;g__CAG-170;s__CAG-170_sp000432135	ERS396356	ERP004605	Denmark	Europe	Human	gut	NA	High	yes	sp000432135
607	MGYG000151379	2983405	221	23780	58.36	92.95	4.7	GUT_GENOME025395	MGYG000002993	d__Bacteria;p__Firmicutes_A;c__Clostridia;o__Oscillospirales;f__Oscillospiraceae;g__CAG-170;s__CAG-170_sp000432135	ERS1444578	ERP019502	Kazakhstan	Asia	Human	gut	NA	High	yes	sp000432135
610	MGYG000151792	3471850	365	15355	55.72	92.95	2.56	GUT_GENOME283338	MGYG000000370	d__Bacteria;p__Firmicutes_A;c__Clostridia;o__Oscillospirales;f__Oscillospiraceae;g__CAG-170;s__CAG-170_sp900545925	ERS436781	ERP005534	France	Europe	Human	gut	NA	High	yes	sp900545925
612	MGYG000151988	2407679	116	30704	58.95	94.63	1.57	GUT_GENOME016850	MGYG000002993	d__Bacteria;p__Firmicutes_A;c__Clostridia;o__Oscillospirales;f__Oscillospiraceae;g__CAG-170;s__CAG-170_sp000432135	SRS1997048	SRP100575	China	Asia	Human	gut	NA	High	yes	sp000432135
613	MGYG000153428	2908618	166	28034	57.8	94.76	1.51	GUT_GENOME021515	MGYG000002993	d__Bacteria;p__Firmicutes_A;c__Clostridia;o__Oscillospirales;f__Oscillospiraceae;g__CAG-170;s__CAG-170_sp000432135	ERS1444723	ERP019502	Germany	Europe	Human	gut	NA	High	yes	sp000432135
615	MGYG000154983	2525022	151	29471	60.68	91.72	2.45	GUT_GENOME252192	MGYG000000651	d__Bacteria;p__Firmicutes_A;c__Clostridia;o__Oscillospirales;f__Oscillospiraceae;g__CAG-170;s__CAG-170_sp002404795	ERS746726	ERP010700	UK	Europe	Human	gut	NA	High	yes	sp002404795
616	MGYG000155035	2116304	134	28587	57.39	92.34	2.15	GUT_GENOME125634	MGYG000000369	d__Bacteria;p__Firmicutes_A;c__Clostridia;o__Oscillospirales;f__Oscillospiraceae;g__CAG-170;s__CAG-170_sp003516765	ERS1138753	ERP015450	China	Asia	Human	gut	NA	High	yes	sp003516765
618	MGYG000155215	3008289	225	24076	56.06	92.89	1.7	GUT_GENOME121363	MGYG000000370	d__Bacteria;p__Firmicutes_A;c__Clostridia;o__Oscillospirales;f__Oscillospiraceae;g__CAG-170;s__CAG-170_sp900545925	ERS396507	ERP004605	Spain	Europe	Human	gut	NA	High	yes	sp900545925
619	MGYG000155458	2023075	197	15808	57.58	91.65	2.52	GUT_GENOME123937	MGYG000000369	d__Bacteria;p__Firmicutes_A;c__Clostridia;o__Oscillospirales;f__Oscillospiraceae;g__CAG-170;s__CAG-170_sp003516765	ERS1138840	ERP015450	China	Asia	Human	gut	NA	High	yes	sp003516765
621	MGYG000155588	2710540	124	44306	58.55	93.37	1.86	GUT_GENOME023684	MGYG000002993	d__Bacteria;p__Firmicutes_A;c__Clostridia;o__Oscillospirales;f__Oscillospiraceae;g__CAG-170;s__CAG-170_sp000432135	ERS1444521	ERP019502	Kazakhstan	Asia	Human	gut	NA	High	yes	sp000432135
625	MGYG000156008	3231609	233	20716	55.81	91.05	0.67	GUT_GENOME114397	MGYG000000370	d__Bacteria;p__Firmicutes_A;c__Clostridia;o__Oscillospirales;f__Oscillospiraceae;g__CAG-170;s__CAG-170_sp900545925	ERS328999	ERP003612	Denmark	Europe	Human	gut	NA	High	yes	sp900545925
626	MGYG000156034	3191112	200	29036	57.55	90.6	2.35	GUT_GENOME092972	MGYG000002993	d__Bacteria;p__Firmicutes_A;c__Clostridia;o__Oscillospirales;f__Oscillospiraceae;g__CAG-170;s__CAG-170_sp000432135	ERS608604	ERP008729	Austria	Europe	Human	gut	NA	High	yes	sp000432135
627	MGYG000156065	2108734	194	16034	61.82	90.6	0.67	GUT_GENOME159188	MGYG000000651	d__Bacteria;p__Firmicutes_A;c__Clostridia;o__Oscillospirales;f__Oscillospiraceae;g__CAG-170;s__CAG-170_sp002404795	ERS634954	ERP009131	Canada	North America	Human	gut	NA	High	yes	sp002404795
630	MGYG000157411	2585686	244	23377	59.26	93.96	4.14	GUT_GENOME218057	MGYG000004248	d__Bacteria;p__Firmicutes_A;c__Clostridia;o__Oscillospirales;f__Oscillospiraceae;g__CAG-170;s__CAG-170_sp000436735	SRS1170709	SRP066479	Peru	South America	Human	gut	NA	High	yes	sp000436735
639	MGYG000159559	2281908	156	22334	61.3	91.14	0.84	GUT_GENOME163674	MGYG000000651	d__Bacteria;p__Firmicutes_A;c__Clostridia;o__Oscillospirales;f__Oscillospiraceae;g__CAG-170;s__CAG-170_sp002404795	SRS1876621	SRP095580	Netherlands	Europe	Human	gut	NA	High	yes	sp002404795
640	MGYG000159605	2643684	87	51806	58.58	96.98	3.02	GUT_GENOME038081	MGYG000002993	d__Bacteria;p__Firmicutes_A;c__Clostridia;o__Oscillospirales;f__Oscillospiraceae;g__CAG-170;s__CAG-170_sp000432135	ERS1016034	ERP013563	China	Asia	Human	gut	NA	High	yes	sp000432135
644	MGYG000161660	2499446	103	35566	58.52	95.08	1.23	GUT_GENOME200266	MGYG000002993	d__Bacteria;p__Firmicutes_A;c__Clostridia;o__Oscillospirales;f__Oscillospiraceae;g__CAG-170;s__CAG-170_sp000432135	SRS1997048	SRP100575	China	Asia	Human	gut	NA	High	yes	sp000432135
649	MGYG000163079	2196215	337	8929	56.93	91.15	4.1	GUT_GENOME137980	MGYG000002710	d__Bacteria;p__Firmicutes_A;c__Clostridia;o__Oscillospirales;f__Oscillospiraceae;g__CAG-170;s__CAG-170_sp900549635	ERS199357	ERP002061	Spain	Europe	Human	gut	NA	High	yes	sp900549635
653	MGYG000165036	2359946	80	55056	60.96	91.95	1.34	GUT_GENOME246725	MGYG000000651	d__Bacteria;p__Firmicutes_A;c__Clostridia;o__Oscillospirales;f__Oscillospiraceae;g__CAG-170;s__CAG-170_sp002404795	ERS1066706	ERP013933	USA	North America	Human	gut	NA	High	yes	sp002404795
654	MGYG000165504	3207639	245	22898	57.26	93.96	2.01	GUT_GENOME091860	MGYG000002993	d__Bacteria;p__Firmicutes_A;c__Clostridia;o__Oscillospirales;f__Oscillospiraceae;g__CAG-170;s__CAG-170_sp000432135	ERS608564	ERP008729	Austria	Europe	Human	gut	NA	High	yes	sp000432135
659	MGYG000166292	2897546	203	23197	56.13	90.27	1.74	GUT_GENOME020849	MGYG000000370	d__Bacteria;p__Firmicutes_A;c__Clostridia;o__Oscillospirales;f__Oscillospiraceae;g__CAG-170;s__CAG-170_sp900545925	ERS1444694	ERP019502	Germany	Europe	Human	gut	NA	High	yes	sp900545925
661	MGYG000166963	2112029	248	12233	61.81	91.28	0.67	GUT_GENOME087406	MGYG000000651	d__Bacteria;p__Firmicutes_A;c__Clostridia;o__Oscillospirales;f__Oscillospiraceae;g__CAG-170;s__CAG-170_sp002404795	ERS608493	ERP008729	Austria	Europe	Human	gut	NA	High	yes	sp002404795
664	MGYG000169064	1990708	95	33710	57.49	93.39	1.34	GUT_GENOME159055	MGYG000000369	d__Bacteria;p__Firmicutes_A;c__Clostridia;o__Oscillospirales;f__Oscillospiraceae;g__CAG-170;s__CAG-170_sp003516765	ERS634932	ERP009131	Canada	North America	Human	gut	NA	High	yes	sp003516765
665	MGYG000169241	2781054	175	26893	58.2	94.8	2.01	GUT_GENOME282025	MGYG000002993	d__Bacteria;p__Firmicutes_A;c__Clostridia;o__Oscillospirales;f__Oscillospiraceae;g__CAG-170;s__CAG-170_sp000432135	ERS436668	ERP005534	France	Europe	Human	gut	NA	High	yes	sp000432135
667	MGYG000169901	2257530	313	10632	61.78	91.97	2.14	GUT_GENOME075339	MGYG000000651	d__Bacteria;p__Firmicutes_A;c__Clostridia;o__Oscillospirales;f__Oscillospiraceae;g__CAG-170;s__CAG-170_sp002404795	ERS396536	ERP004605	Spain	Europe	Human	gut	NA	High	yes	sp002404795
668	MGYG000170256	2965297	136	38248	57.75	94.63	2.85	GUT_GENOME271022	MGYG000002993	d__Bacteria;p__Firmicutes_A;c__Clostridia;o__Oscillospirales;f__Oscillospiraceae;g__CAG-170;s__CAG-170_sp000432135	ERS971976	ERP012929	Israel	Asia	Human	gut	NA	High	yes	sp000432135
669	MGYG000170305	3083224	343	15261	57.88	91.95	2.73	GUT_GENOME162743	MGYG000002993	d__Bacteria;p__Firmicutes_A;c__Clostridia;o__Oscillospirales;f__Oscillospiraceae;g__CAG-170;s__CAG-170_sp000432135	SRS1876306	SRP095580	Netherlands	Europe	Human	gut	NA	High	yes	sp000432135
671	MGYG000170643	2579377	93	50401	58.61	93.29	1.9	GUT_GENOME039592	MGYG000002993	d__Bacteria;p__Firmicutes_A;c__Clostridia;o__Oscillospirales;f__Oscillospiraceae;g__CAG-170;s__CAG-170_sp000432135	ERS1066672	ERP013933	USA	North America	Human	gut	NA	High	yes	sp000432135
675	MGYG000170998	3666738	193	35919	55.3	93.96	1.34	GUT_GENOME283540	MGYG000000370	d__Bacteria;p__Firmicutes_A;c__Clostridia;o__Oscillospirales;f__Oscillospiraceae;g__CAG-170;s__CAG-170_sp900545925	ERS436731	ERP005534	France	Europe	Human	gut	NA	High	yes	sp900545925
681	MGYG000172209	2287829	109	36811	60.93	93.29	0.34	GUT_GENOME011020	MGYG000000651	d__Bacteria;p__Firmicutes_A;c__Clostridia;o__Oscillospirales;f__Oscillospiraceae;g__CAG-170;s__CAG-170_sp002404795	ERS554200	ERP007090	Sweden	Europe	Human	gut	NA	High	yes	sp002404795
683	MGYG000172701	2553552	258	13736	58.69	91.81	3.02	GUT_GENOME277997	MGYG000002993	d__Bacteria;p__Firmicutes_A;c__Clostridia;o__Oscillospirales;f__Oscillospiraceae;g__CAG-170;s__CAG-170_sp000432135	ERS972322	ERP012929	Israel	Asia	Human	gut	NA	High	yes	sp000432135
685	MGYG000172853	2320604	191	16295	61.49	94.97	1.36	GUT_GENOME158404	MGYG000000651	d__Bacteria;p__Firmicutes_A;c__Clostridia;o__Oscillospirales;f__Oscillospiraceae;g__CAG-170;s__CAG-170_sp002404795	ERS634907	ERP009131	Canada	North America	Human	gut	NA	High	yes	sp002404795
686	MGYG000172929	2861398	371	11094	57.95	90.37	4.25	GUT_GENOME206049	MGYG000002993	d__Bacteria;p__Firmicutes_A;c__Clostridia;o__Oscillospirales;f__Oscillospiraceae;g__CAG-170;s__CAG-170_sp000432135	SRS1996016	SRP100518	Spain	Europe	Human	gut	NA	High	yes	sp000432135
688	MGYG000173337	2756432	125	36614	58.68	94.63	1.68	GUT_GENOME122577	MGYG000002993	d__Bacteria;p__Firmicutes_A;c__Clostridia;o__Oscillospirales;f__Oscillospiraceae;g__CAG-170;s__CAG-170_sp000432135	ERS1138791	ERP015450	China	Asia	Human	gut	NA	High	yes	sp000432135
694	MGYG000174963	2646337	95	41288	60.47	92.83	0.67	GUT_GENOME285952	MGYG000000651	d__Bacteria;p__Firmicutes_A;c__Clostridia;o__Oscillospirales;f__Oscillospiraceae;g__CAG-170;s__CAG-170_sp002404795	ERS436829	ERP005534	Germany	Europe	Human	gut	NA	High	yes	sp002404795
695	MGYG000175005	2902637	243	18446	58.27	91.58	4.5	GUT_GENOME177644	MGYG000002993	d__Bacteria;p__Firmicutes_A;c__Clostridia;o__Oscillospirales;f__Oscillospiraceae;g__CAG-170;s__CAG-170_sp000432135	SRS259442	SRP008047	China	Asia	Human	gut	NA	High	yes	sp000432135
696	MGYG000175691	2205945	121	28260	56.89	93.96	1.51	GUT_GENOME095148	MGYG000000369	d__Bacteria;p__Firmicutes_A;c__Clostridia;o__Oscillospirales;f__Oscillospiraceae;g__CAG-170;s__CAG-170_sp003516765	ERS631833	ERP008729	Austria	Europe	Human	gut	NA	High	yes	sp003516765
702	MGYG000176818	2237203	74	46205	57.03	92.73	1.36	GUT_GENOME099423	MGYG000002710	d__Bacteria;p__Firmicutes_A;c__Clostridia;o__Oscillospirales;f__Oscillospiraceae;g__CAG-170;s__CAG-170_sp900549635	ERS1343404	ERP017091	China	Asia	Human	gut	NA	High	yes	sp900549635
706	MGYG000177270	2698995	183	33767	58.74	93.96	1.41	GUT_GENOME073894	MGYG000002993	d__Bacteria;p__Firmicutes_A;c__Clostridia;o__Oscillospirales;f__Oscillospiraceae;g__CAG-170;s__CAG-170_sp000432135	ERS396489	ERP004605	Spain	Europe	Human	gut	NA	High	yes	sp000432135
710	MGYG000179007	2756780	163	28619	58.32	92.62	1.36	GUT_GENOME138177	MGYG000002993	d__Bacteria;p__Firmicutes_A;c__Clostridia;o__Oscillospirales;f__Oscillospiraceae;g__CAG-170;s__CAG-170_sp000432135	ERS199367	ERP002061	Spain	Europe	Human	gut	NA	High	yes	sp000432135
712	MGYG000179967	2502317	66	64475	58.46	93.29	2.01	GUT_GENOME048163	MGYG000002993	d__Bacteria;p__Firmicutes_A;c__Clostridia;o__Oscillospirales;f__Oscillospiraceae;g__CAG-170;s__CAG-170_sp000432135	ERS1647292	ERP019674	Germany	Europe	Human	gut	NA	High	yes	sp000432135
713	MGYG000180290	2603896	136	41235	56.46	95.3	1.68	GUT_GENOME268412	MGYG000000369	d__Bacteria;p__Firmicutes_A;c__Clostridia;o__Oscillospirales;f__Oscillospiraceae;g__CAG-170;s__CAG-170_sp003516765	ERS971861	ERP012929	Israel	Asia	Human	gut	NA	High	yes	sp003516765
718	MGYG000181457	2473418	147	27606	58.82	90.6	1.34	GUT_GENOME157818	MGYG000002993	d__Bacteria;p__Firmicutes_A;c__Clostridia;o__Oscillospirales;f__Oscillospiraceae;g__CAG-170;s__CAG-170_sp000432135	ERS634943	ERP009131	Canada	North America	Human	gut	NA	High	yes	sp000432135
719	MGYG000181524	2658010	260	14753	58.63	93.4	1.48	GUT_GENOME245801	MGYG000002993	d__Bacteria;p__Firmicutes_A;c__Clostridia;o__Oscillospirales;f__Oscillospiraceae;g__CAG-170;s__CAG-170_sp000432135	ERS1066668	ERP013933	USA	North America	Human	gut	NA	High	yes	sp000432135
722	MGYG000182761	2660922	258	17543	58.68	92.45	1.34	GUT_GENOME070284	MGYG000002993	d__Bacteria;p__Firmicutes_A;c__Clostridia;o__Oscillospirales;f__Oscillospiraceae;g__CAG-170;s__CAG-170_sp000432135	ERS396349	ERP004605	Denmark	Europe	Human	gut	NA	High	yes	sp000432135
724	MGYG000182884	3128021	58	105761	57.33	94.63	1.68	GUT_GENOME025142	MGYG000002993	d__Bacteria;p__Firmicutes_A;c__Clostridia;o__Oscillospirales;f__Oscillospiraceae;g__CAG-170;s__CAG-170_sp000432135	ERS1444570	ERP019502	Kazakhstan	Asia	Human	gut	NA	High	yes	sp000432135
726	MGYG000184440	3061307	127	55888	57.67	94.63	1.34	GUT_GENOME266104	MGYG000002993	d__Bacteria;p__Firmicutes_A;c__Clostridia;o__Oscillospirales;f__Oscillospiraceae;g__CAG-170;s__CAG-170_sp000432135	ERS971773	ERP012929	Israel	Asia	Human	gut	NA	High	yes	sp000432135
729	MGYG000185266	2292562	213	15349	58.94	90.88	2.01	GUT_GENOME053908	MGYG000004248	d__Bacteria;p__Firmicutes_A;c__Clostridia;o__Oscillospirales;f__Oscillospiraceae;g__CAG-170;s__CAG-170_sp000436735	ERS328754	ERP003612	Denmark	Europe	Human	gut	NA	High	yes	sp000436735
732	MGYG000186169	2383179	132	26287	61.03	93.96	1.51	GUT_GENOME132083	MGYG000000651	d__Bacteria;p__Firmicutes_A;c__Clostridia;o__Oscillospirales;f__Oscillospiraceae;g__CAG-170;s__CAG-170_sp002404795	-	-	Germany	Europe	Human	gut	NA	High	yes	sp002404795
733	MGYG000186527	3671347	310	18871	56.84	96.83	4.92	GUT_GENOME283647	MGYG000002993	d__Bacteria;p__Firmicutes_A;c__Clostridia;o__Oscillospirales;f__Oscillospiraceae;g__CAG-170;s__CAG-170_sp000432135	ERS436746	ERP005534	France	Europe	Human	gut	NA	High	yes	sp000432135
738	MGYG000187340	2962481	364	14513	58.4	91.95	1.9	GUT_GENOME070539	MGYG000004248	d__Bacteria;p__Firmicutes_A;c__Clostridia;o__Oscillospirales;f__Oscillospiraceae;g__CAG-170;s__CAG-170_sp000436735	ERS396360	ERP004605	Denmark	Europe	Human	gut	NA	High	yes	sp000436735
739	MGYG000187756	3179094	416	11365	55.67	91.73	3.02	GUT_GENOME242051	MGYG000000370	d__Bacteria;p__Firmicutes_A;c__Clostridia;o__Oscillospirales;f__Oscillospiraceae;g__CAG-170;s__CAG-170_sp900545925	SRS1735714	SRP090628	Estonia	Europe	Human	gut	NA	High	yes	sp900545925
743	MGYG000189208	2676367	106	42264	56.15	93.96	1.34	GUT_GENOME247675	MGYG000000369	d__Bacteria;p__Firmicutes_A;c__Clostridia;o__Oscillospirales;f__Oscillospiraceae;g__CAG-170;s__CAG-170_sp003516765	ERS1066743	ERP013933	USA	North America	Human	gut	NA	High	yes	sp003516765
745	MGYG000189955	2255903	287	12045	61.49	94.3	0.67	GUT_GENOME271779	MGYG000000651	d__Bacteria;p__Firmicutes_A;c__Clostridia;o__Oscillospirales;f__Oscillospiraceae;g__CAG-170;s__CAG-170_sp002404795	ERS972011	ERP012929	Israel	Asia	Human	gut	NA	High	yes	sp002404795
747	MGYG000190345	3016940	301	15231	56.14	90.38	1.09	GUT_GENOME006757	MGYG000000370	d__Bacteria;p__Firmicutes_A;c__Clostridia;o__Oscillospirales;f__Oscillospiraceae;g__CAG-170;s__CAG-170_sp900545925	ERS473378	ERP005989	Sweden	Europe	Human	gut	NA	High	yes	sp900545925
751	MGYG000190836	3052742	44	129292	57.82	94.18	2.01	GUT_GENOME025661	MGYG000002993	d__Bacteria;p__Firmicutes_A;c__Clostridia;o__Oscillospirales;f__Oscillospiraceae;g__CAG-170;s__CAG-170_sp000432135	ERS1444585	ERP019502	Kazakhstan	Asia	Human	gut	NA	High	yes	sp000432135
752	MGYG000191315	2745362	108	39323	58.27	92.28	1.38	GUT_GENOME137180	MGYG000002993	d__Bacteria;p__Firmicutes_A;c__Clostridia;o__Oscillospirales;f__Oscillospiraceae;g__CAG-170;s__CAG-170_sp000432135	ERS199318	ERP002061	Spain	Europe	Human	gut	NA	High	yes	sp000432135
753	MGYG000191576	2853744	265	18053	56.11	90.52	2.74	GUT_GENOME276332	MGYG000000370	d__Bacteria;p__Firmicutes_A;c__Clostridia;o__Oscillospirales;f__Oscillospiraceae;g__CAG-170;s__CAG-170_sp900545925	ERS972227	ERP012929	Israel	Asia	Human	gut	NA	High	yes	sp900545925
757	MGYG000192974	1970824	109	26948	57.61	93.51	1.34	GUT_GENOME025423	MGYG000000369	d__Bacteria;p__Firmicutes_A;c__Clostridia;o__Oscillospirales;f__Oscillospiraceae;g__CAG-170;s__CAG-170_sp003516765	ERS1444579	ERP019502	Kazakhstan	Asia	Human	gut	NA	High	yes	sp003516765
774	MGYG000199097	2461910	338	11577	59.05	93.29	2.35	GUT_GENOME089092	MGYG000002993	d__Bacteria;p__Firmicutes_A;c__Clostridia;o__Oscillospirales;f__Oscillospiraceae;g__CAG-170;s__CAG-170_sp000432135	ERS608564	ERP008729	Austria	Europe	Human	gut	NA	High	yes	sp000432135
776	MGYG000200261	2497224	195	20739	58.63	92.51	1.01	GUT_GENOME259040	MGYG000002993	d__Bacteria;p__Firmicutes_A;c__Clostridia;o__Oscillospirales;f__Oscillospiraceae;g__CAG-170;s__CAG-170_sp000432135	ERS746952	ERP010700	UK	Europe	Human	gut	NA	High	yes	sp000432135
777	MGYG000200487	3052651	139	32157	55.97	92.28	1.34	GUT_GENOME179288	MGYG000000370	d__Bacteria;p__Firmicutes_A;c__Clostridia;o__Oscillospirales;f__Oscillospiraceae;g__CAG-170;s__CAG-170_sp900545925	SRS1465256	SRP075633	USA	North America	Human	gut	NA	High	yes	sp900545925
780	MGYG000200720	2510099	172	25224	60.79	94.57	2.41	GUT_GENOME165410	MGYG000000651	d__Bacteria;p__Firmicutes_A;c__Clostridia;o__Oscillospirales;f__Oscillospiraceae;g__CAG-170;s__CAG-170_sp002404795	SRS576034	SRP040146	USA	North America	Human	gut	NA	High	yes	sp002404795
782	MGYG000201325	2258639	245	13004	59.21	93.46	2.68	GUT_GENOME121426	MGYG000002993	d__Bacteria;p__Firmicutes_A;c__Clostridia;o__Oscillospirales;f__Oscillospiraceae;g__CAG-170;s__CAG-170_sp000432135	ERS396508	ERP004605	Spain	Europe	Human	gut	NA	High	yes	sp000432135
784	MGYG000201453	3088623	123	46662	55.8	94.63	3.02	GUT_GENOME260624	MGYG000000370	d__Bacteria;p__Firmicutes_A;c__Clostridia;o__Oscillospirales;f__Oscillospiraceae;g__CAG-170;s__CAG-170_sp900545925	ERS746926	ERP010700	UK	Europe	Human	gut	NA	High	yes	sp900545925
787	MGYG000203243	3111392	125	41278	57.64	94.63	2.07	GUT_GENOME047422	MGYG000002993	d__Bacteria;p__Firmicutes_A;c__Clostridia;o__Oscillospirales;f__Oscillospiraceae;g__CAG-170;s__CAG-170_sp000432135	ERS1647331	ERP019674	Germany	Europe	Human	gut	NA	High	yes	sp000432135
790	MGYG000203952	1998132	243	12389	57.33	91.23	1.79	GUT_GENOME220478	MGYG000000369	d__Bacteria;p__Firmicutes_A;c__Clostridia;o__Oscillospirales;f__Oscillospiraceae;g__CAG-170;s__CAG-170_sp003516765	SRS1596796	SRP080787	Mongolia	Asia	Human	gut	NA	High	yes	sp003516765
796	MGYG000206024	2518482	98	36530	60.61	94.63	0.67	GUT_GENOME252891	MGYG000000651	d__Bacteria;p__Firmicutes_A;c__Clostridia;o__Oscillospirales;f__Oscillospiraceae;g__CAG-170;s__CAG-170_sp002404795	ERS746737	ERP010700	UK	Europe	Human	gut	NA	High	yes	sp002404795
798	MGYG000206458	2698017	290	12569	58.25	94.41	2.87	GUT_GENOME177796	MGYG000002993	d__Bacteria;p__Firmicutes_A;c__Clostridia;o__Oscillospirales;f__Oscillospiraceae;g__CAG-170;s__CAG-170_sp000432135	SRS259461	SRP008047	China	Asia	Human	gut	NA	High	yes	sp000432135
799	MGYG000207007	2370476	126	33965	58.98	92.83	1.34	GUT_GENOME010262	MGYG000002993	d__Bacteria;p__Firmicutes_A;c__Clostridia;o__Oscillospirales;f__Oscillospiraceae;g__CAG-170;s__CAG-170_sp000432135	ERS554250	ERP007090	Sweden	Europe	Human	gut	NA	High	yes	sp000432135
802	MGYG000207285	2662735	163	28822	58.32	94.63	2.01	GUT_GENOME175430	MGYG000002993	d__Bacteria;p__Firmicutes_A;c__Clostridia;o__Oscillospirales;f__Oscillospiraceae;g__CAG-170;s__CAG-170_sp000432135	SRS1158766	SRP066053	USA	North America	Human	gut	NA	High	yes	sp000432135
803	MGYG000207460	2232838	51	73081	58.93	93.06	1.36	GUT_GENOME026609	MGYG000000741	d__Bacteria;p__Firmicutes_A;c__Clostridia;o__Oscillospirales;f__Oscillospiraceae;g__CAG-170;s__CAG-170_sp900548625	ERS1444619	ERP019502	Kazakhstan	Asia	Human	gut	NA	High	yes	sp900548625
806	MGYG000207980	2612391	278	16111	58.83	92.51	4.05	GUT_GENOME088779	MGYG000002993	d__Bacteria;p__Firmicutes_A;c__Clostridia;o__Oscillospirales;f__Oscillospiraceae;g__CAG-170;s__CAG-170_sp000432135	ERS608551	ERP008729	Austria	Europe	Human	gut	NA	High	yes	sp000432135
807	MGYG000208162	3078268	44	143961	55.74	94.63	3.36	GUT_GENOME047640	MGYG000000370	d__Bacteria;p__Firmicutes_A;c__Clostridia;o__Oscillospirales;f__Oscillospiraceae;g__CAG-170;s__CAG-170_sp900545925	ERS1647289	ERP019674	Germany	Europe	Human	gut	NA	High	yes	sp900545925
808	MGYG000208304	3041383	204	24685	57.49	92.21	1.68	GUT_GENOME262312	MGYG000002993	d__Bacteria;p__Firmicutes_A;c__Clostridia;o__Oscillospirales;f__Oscillospiraceae;g__CAG-170;s__CAG-170_sp000432135	-	-	China	Asia	Human	gut	NA	High	yes	sp000432135
809	MGYG000208953	2219736	327	9338	61.47	91.01	3.98	GUT_GENOME254684	MGYG000000651	d__Bacteria;p__Firmicutes_A;c__Clostridia;o__Oscillospirales;f__Oscillospiraceae;g__CAG-170;s__CAG-170_sp002404795	ERS746849	ERP010700	UK	Europe	Human	gut	NA	High	yes	sp002404795
810	MGYG000209057	2283068	120	32370	57.08	93.81	3.02	GUT_GENOME043559	MGYG000000369	d__Bacteria;p__Firmicutes_A;c__Clostridia;o__Oscillospirales;f__Oscillospiraceae;g__CAG-170;s__CAG-170_sp003516765	ERS1076041	ERP014480	Denmark	Europe	Human	gut	NA	High	yes	sp003516765
811	MGYG000209190	2663774	99	47221	60.41	94.63	0.67	GUT_GENOME093579	MGYG000000651	d__Bacteria;p__Firmicutes_A;c__Clostridia;o__Oscillospirales;f__Oscillospiraceae;g__CAG-170;s__CAG-170_sp002404795	ERS608491	ERP008729	Austria	Europe	Human	gut	NA	High	yes	sp002404795
812	MGYG000209199	2256681	163	21013	61.3	90.99	1.34	GUT_GENOME014930	MGYG000000651	d__Bacteria;p__Firmicutes_A;c__Clostridia;o__Oscillospirales;f__Oscillospiraceae;g__CAG-170;s__CAG-170_sp002404795	SRS476104	SRP029441	Fiji	Oceania	Human	gut	NA	High	yes	sp002404795
813	MGYG000209381	1952782	110	25323	60.5	95.3	2.24	GUT_GENOME122644	MGYG000002034	d__Bacteria;p__Firmicutes_A;c__Clostridia;o__Oscillospirales;f__Oscillospiraceae;g__CAG-170;s__CAG-170_sp900553545	ERS1138817	ERP015450	China	Asia	Human	gut	NA	High	yes	sp900553545
814	MGYG000209596	3031245	192	24135	57.76	91.43	4.03	GUT_GENOME048564	MGYG000002993	d__Bacteria;p__Firmicutes_A;c__Clostridia;o__Oscillospirales;f__Oscillospiraceae;g__CAG-170;s__CAG-170_sp000432135	ERS1647300	ERP019674	Germany	Europe	Human	gut	NA	High	yes	sp000432135
815	MGYG000209614	2726265	88	42154	58.26	93.29	1.68	GUT_GENOME040380	MGYG000002993	d__Bacteria;p__Firmicutes_A;c__Clostridia;o__Oscillospirales;f__Oscillospiraceae;g__CAG-170;s__CAG-170_sp000432135	ERS1066697	ERP013933	USA	North America	Human	gut	NA	High	yes	sp000432135
819	MGYG000210713	2683705	37	167212	58.04	91.28	1.34	GUT_GENOME153572	MGYG000002993	d__Bacteria;p__Firmicutes_A;c__Clostridia;o__Oscillospirales;f__Oscillospiraceae;g__CAG-170;s__CAG-170_sp000432135	ERS475119	ERP005860	China	Asia	Human	gut	NA	High	yes	sp000432135
821	MGYG000211282	2624143	170	23491	58.18	91.61	2.01	GUT_GENOME152725	MGYG000002993	d__Bacteria;p__Firmicutes_A;c__Clostridia;o__Oscillospirales;f__Oscillospiraceae;g__CAG-170;s__CAG-170_sp000432135	SRS295021	SRP008047	China	Asia	Human	gut	NA	High	yes	sp000432135
823	MGYG000212055	3188901	326	15854	55.7	90.6	1.68	GUT_GENOME116043	MGYG000000370	d__Bacteria;p__Firmicutes_A;c__Clostridia;o__Oscillospirales;f__Oscillospiraceae;g__CAG-170;s__CAG-170_sp900545925	ERS396333	ERP004605	Denmark	Europe	Human	gut	NA	High	yes	sp900545925
829	MGYG000213288	2289733	207	16159	61.52	95.97	2.35	GUT_GENOME158413	MGYG000000651	d__Bacteria;p__Firmicutes_A;c__Clostridia;o__Oscillospirales;f__Oscillospiraceae;g__CAG-170;s__CAG-170_sp002404795	ERS634931	ERP009131	Canada	North America	Human	gut	NA	High	yes	sp002404795
831	MGYG000213666	2291342	359	8231	56.83	90.88	2.68	GUT_GENOME092362	MGYG000000369	d__Bacteria;p__Firmicutes_A;c__Clostridia;o__Oscillospirales;f__Oscillospiraceae;g__CAG-170;s__CAG-170_sp003516765	ERS608503	ERP008729	Austria	Europe	Human	gut	NA	High	yes	sp003516765
832	MGYG000213876	2516157	65	62444	56.4	94.63	1.34	GUT_GENOME097334	MGYG000000369	d__Bacteria;p__Firmicutes_A;c__Clostridia;o__Oscillospirales;f__Oscillospiraceae;g__CAG-170;s__CAG-170_sp003516765	SRS584759	SRP040765	USA	North America	Human	gut	NA	High	yes	sp003516765
833	MGYG000213990	2274501	246	13420	61.95	91.88	1.68	GUT_GENOME022759	MGYG000000651	d__Bacteria;p__Firmicutes_A;c__Clostridia;o__Oscillospirales;f__Oscillospiraceae;g__CAG-170;s__CAG-170_sp002404795	ERS1444493	ERP019502	Kazakhstan	Asia	Human	gut	NA	High	yes	sp002404795
834	MGYG000214715	2830875	303	13968	58	92.62	2.68	GUT_GENOME262289	MGYG000002993	d__Bacteria;p__Firmicutes_A;c__Clostridia;o__Oscillospirales;f__Oscillospiraceae;g__CAG-170;s__CAG-170_sp000432135	-	-	China	Asia	Human	gut	NA	High	yes	sp000432135
835	MGYG000215062	3412420	198	26780	55.51	95.3	1.34	GUT_GENOME255987	MGYG000000370	d__Bacteria;p__Firmicutes_A;c__Clostridia;o__Oscillospirales;f__Oscillospiraceae;g__CAG-170;s__CAG-170_sp900545925	ERS746778	ERP010700	UK	Europe	Human	gut	NA	High	yes	sp900545925
837	MGYG000215350	2887078	103	50765	58.09	94.63	2.01	GUT_GENOME277240	MGYG000002993	d__Bacteria;p__Firmicutes_A;c__Clostridia;o__Oscillospirales;f__Oscillospiraceae;g__CAG-170;s__CAG-170_sp000432135	ERS971701	ERP012929	Israel	Asia	Human	gut	NA	High	yes	sp000432135
840	MGYG000215655	2186024	199	17337	59.16	90.27	2.01	GUT_GENOME117213	MGYG000004248	d__Bacteria;p__Firmicutes_A;c__Clostridia;o__Oscillospirales;f__Oscillospiraceae;g__CAG-170;s__CAG-170_sp000436735	ERS396372	ERP004605	Denmark	Europe	Human	gut	NA	High	yes	sp000436735
846	MGYG000218098	2311763	192	17752	61.37	90.28	4.03	GUT_GENOME022365	MGYG000000651	d__Bacteria;p__Firmicutes_A;c__Clostridia;o__Oscillospirales;f__Oscillospiraceae;g__CAG-170;s__CAG-170_sp002404795	ERS1444479	ERP019502	Kazakhstan	Asia	Human	gut	NA	High	yes	sp002404795
848	MGYG000218997	2299831	296	11797	59.28	91.84	2.41	GUT_GENOME014882	MGYG000002993	d__Bacteria;p__Firmicutes_A;c__Clostridia;o__Oscillospirales;f__Oscillospiraceae;g__CAG-170;s__CAG-170_sp000432135	SRS476185	SRP029441	Fiji	Oceania	Human	gut	NA	High	yes	sp000432135
849	MGYG000219241	2905460	118	38335	58.03	93.76	2.18	GUT_GENOME056419	MGYG000002993	d__Bacteria;p__Firmicutes_A;c__Clostridia;o__Oscillospirales;f__Oscillospiraceae;g__CAG-170;s__CAG-170_sp000432135	ERS396373	ERP004605	Denmark	Europe	Human	gut	NA	High	yes	sp000432135
850	MGYG000219944	2523064	247	16089	59.78	94.55	2.35	GUT_GENOME217979	MGYG000000741	d__Bacteria;p__Firmicutes_A;c__Clostridia;o__Oscillospirales;f__Oscillospiraceae;g__CAG-170;s__CAG-170_sp900548625	SRS1170693	SRP066479	Peru	South America	Human	gut	NA	High	yes	sp900548625
851	MGYG000219990	2812667	281	14726	58.33	95.47	3.58	GUT_GENOME211458	MGYG000002993	d__Bacteria;p__Firmicutes_A;c__Clostridia;o__Oscillospirales;f__Oscillospiraceae;g__CAG-170;s__CAG-170_sp000432135	SRS1914216	SRP096283	USA	North America	Human	gut	NA	High	yes	sp000432135
854	MGYG000221695	2140053	94	37717	59.8	91.02	2.07	GUT_GENOME123771	MGYG000004248	d__Bacteria;p__Firmicutes_A;c__Clostridia;o__Oscillospirales;f__Oscillospiraceae;g__CAG-170;s__CAG-170_sp000436735	ERS1138846	ERP015450	China	Asia	Human	gut	NA	High	yes	sp000436735
862	MGYG000223968	2544528	190	21582	58.65	92.62	2.01	GUT_GENOME209475	MGYG000002993	d__Bacteria;p__Firmicutes_A;c__Clostridia;o__Oscillospirales;f__Oscillospiraceae;g__CAG-170;s__CAG-170_sp000432135	SRS1905639	SRP096283	USA	North America	Human	gut	NA	High	yes	sp000432135
864	MGYG000224482	2222521	86	38720	57.09	91.16	2.01	GUT_GENOME046877	MGYG000002710	d__Bacteria;p__Firmicutes_A;c__Clostridia;o__Oscillospirales;f__Oscillospiraceae;g__CAG-170;s__CAG-170_sp900549635	ERS1343404	ERP017091	China	Asia	Human	gut	NA	High	yes	sp900549635
867	MGYG000225681	2065402	151	21515	57.39	90.1	1.45	GUT_GENOME130824	MGYG000000369	d__Bacteria;p__Firmicutes_A;c__Clostridia;o__Oscillospirales;f__Oscillospiraceae;g__CAG-170;s__CAG-170_sp003516765	SRS1993545	SRP100446	USA	North America	Human	gut	NA	High	yes	sp003516765
869	MGYG000226237	2189665	240	12442	61.9	90.06	3.83	GUT_GENOME026372	MGYG000000651	d__Bacteria;p__Firmicutes_A;c__Clostridia;o__Oscillospirales;f__Oscillospiraceae;g__CAG-170;s__CAG-170_sp002404795	ERS1444610	ERP019502	Kazakhstan	Asia	Human	gut	NA	High	yes	sp002404795
871	MGYG000226833	2263882	98	36881	59.17	94.04	1.34	GUT_GENOME115142	MGYG000000741	d__Bacteria;p__Firmicutes_A;c__Clostridia;o__Oscillospirales;f__Oscillospiraceae;g__CAG-170;s__CAG-170_sp900548625	ERS396304	ERP004605	Denmark	Europe	Human	gut	NA	High	yes	sp900548625
873	MGYG000227089	2814778	145	30873	58.2	92.28	2.35	GUT_GENOME084182	MGYG000002993	d__Bacteria;p__Firmicutes_A;c__Clostridia;o__Oscillospirales;f__Oscillospiraceae;g__CAG-170;s__CAG-170_sp000432135	ERS537311	ERP006678	China	Asia	Human	gut	NA	High	yes	sp000432135
874	MGYG000227305	3376921	44	202477	55.5	93.96	1.01	GUT_GENOME254300	MGYG000000370	d__Bacteria;p__Firmicutes_A;c__Clostridia;o__Oscillospirales;f__Oscillospiraceae;g__CAG-170;s__CAG-170_sp900545925	ERS746893	ERP010700	UK	Europe	Human	gut	NA	High	yes	sp900545925
876	MGYG000228318	2548085	277	14481	60.07	93.71	2.58	GUT_GENOME109766	MGYG000000651	d__Bacteria;p__Firmicutes_A;c__Clostridia;o__Oscillospirales;f__Oscillospiraceae;g__CAG-170;s__CAG-170_sp002404795	ERS328855	ERP003612	Denmark	Europe	Human	gut	NA	High	yes	sp002404795
878	MGYG000228381	2348892	259	12003	59.15	90.27	2.18	GUT_GENOME265196	MGYG000002993	d__Bacteria;p__Firmicutes_A;c__Clostridia;o__Oscillospirales;f__Oscillospiraceae;g__CAG-170;s__CAG-170_sp000432135	ERS972446	ERP012929	Israel	Asia	Human	gut	NA	High	yes	sp000432135
881	MGYG000229430	2329756	179	20301	61.14	90.25	4.55	GUT_GENOME165137	MGYG000000651	d__Bacteria;p__Firmicutes_A;c__Clostridia;o__Oscillospirales;f__Oscillospiraceae;g__CAG-170;s__CAG-170_sp002404795	SRS576042	SRP040146	USA	North America	Human	gut	NA	High	yes	sp002404795
882	MGYG000229831	2854019	170	28516	58.13	93.72	2.24	GUT_GENOME154409	MGYG000002993	d__Bacteria;p__Firmicutes_A;c__Clostridia;o__Oscillospirales;f__Oscillospiraceae;g__CAG-170;s__CAG-170_sp000432135	ERS475178	ERP005860	China	Asia	Human	gut	NA	High	yes	sp000432135
883	MGYG000229863	2530042	204	41916	59.15	94.63	2.33	GUT_GENOME222388	MGYG000000741	d__Bacteria;p__Firmicutes_A;c__Clostridia;o__Oscillospirales;f__Oscillospiraceae;g__CAG-170;s__CAG-170_sp900548625	SRS1596870	SRP080787	China	Asia	Human	gut	NA	High	yes	sp900548625
884	MGYG000230571	2271271	107	34187	59.05	91.11	3.1	GUT_GENOME193913	MGYG000002993	d__Bacteria;p__Firmicutes_A;c__Clostridia;o__Oscillospirales;f__Oscillospiraceae;g__CAG-170;s__CAG-170_sp000432135	SRS1820528	SRP093965	USA	North America	Human	gut	NA	High	yes	sp000432135
889	MGYG000232841	3042879	114	61009	57.69	94.63	1.34	GUT_GENOME208381	MGYG000002993	d__Bacteria;p__Firmicutes_A;c__Clostridia;o__Oscillospirales;f__Oscillospiraceae;g__CAG-170;s__CAG-170_sp000432135	SRS1905985	SRP096283	USA	North America	Human	gut	NA	High	yes	sp000432135
890	MGYG000232881	3276764	85	82193	56.98	92.62	2.01	GUT_GENOME262038	MGYG000002993	d__Bacteria;p__Firmicutes_A;c__Clostridia;o__Oscillospirales;f__Oscillospiraceae;g__CAG-170;s__CAG-170_sp000432135	-	-	China	Asia	Human	gut	NA	High	yes	sp000432135
891	MGYG000233760	2972854	210	26630	56.23	92.85	3.79	GUT_GENOME254620	MGYG000000370	d__Bacteria;p__Firmicutes_A;c__Clostridia;o__Oscillospirales;f__Oscillospiraceae;g__CAG-170;s__CAG-170_sp900545925	ERS746848	ERP010700	UK	Europe	Human	gut	NA	High	yes	sp900545925
892	MGYG000234016	3148862	220	25241	58.02	90.22	1.01	GUT_GENOME116858	MGYG000004248	d__Bacteria;p__Firmicutes_A;c__Clostridia;o__Oscillospirales;f__Oscillospiraceae;g__CAG-170;s__CAG-170_sp000436735	ERS396360	ERP004605	Denmark	Europe	Human	gut	NA	High	yes	sp000436735
894	MGYG000234931	2444588	101	39163	58.9	93.04	1.34	GUT_GENOME258917	MGYG000002993	d__Bacteria;p__Firmicutes_A;c__Clostridia;o__Oscillospirales;f__Oscillospiraceae;g__CAG-170;s__CAG-170_sp000432135	ERS746811	ERP010700	UK	Europe	Human	gut	NA	High	yes	sp000432135
897	MGYG000235235	2568134	80	52741	58.68	91.61	1.34	GUT_GENOME270568	MGYG000004248	d__Bacteria;p__Firmicutes_A;c__Clostridia;o__Oscillospirales;f__Oscillospiraceae;g__CAG-170;s__CAG-170_sp000436735	ERS971955	ERP012929	Israel	Asia	Human	gut	NA	High	yes	sp000436735
898	MGYG000235380	2463389	377	9366	59.22	90.21	4.96	GUT_GENOME281707	MGYG000002993	d__Bacteria;p__Firmicutes_A;c__Clostridia;o__Oscillospirales;f__Oscillospiraceae;g__CAG-170;s__CAG-170_sp000432135	ERS953826	ERP012929	Israel	Asia	Human	gut	NA	High	yes	sp000432135
906	MGYG000237241	2281723	173	21440	61.4	92.43	1.24	GUT_GENOME285400	MGYG000000651	d__Bacteria;p__Firmicutes_A;c__Clostridia;o__Oscillospirales;f__Oscillospiraceae;g__CAG-170;s__CAG-170_sp002404795	ERS436684	ERP005534	France	Europe	Human	gut	NA	High	yes	sp002404795
912	MGYG000239219	2993976	217	25839	55.98	92.75	2.51	GUT_GENOME256259	MGYG000000370	d__Bacteria;p__Firmicutes_A;c__Clostridia;o__Oscillospirales;f__Oscillospiraceae;g__CAG-170;s__CAG-170_sp900545925	ERS746782	ERP010700	UK	Europe	Human	gut	NA	High	yes	sp900545925
913	MGYG000239319	2876022	50	107618	57.79	91.28	2.68	GUT_GENOME248622	MGYG000002993	d__Bacteria;p__Firmicutes_A;c__Clostridia;o__Oscillospirales;f__Oscillospiraceae;g__CAG-170;s__CAG-170_sp000432135	SRS1846822	SRP094805	China	Asia	Human	gut	NA	High	yes	sp000432135
920	MGYG000242192	3530921	224	37654	56.87	94.63	4.03	GUT_GENOME153952	MGYG000002993	d__Bacteria;p__Firmicutes_A;c__Clostridia;o__Oscillospirales;f__Oscillospiraceae;g__CAG-170;s__CAG-170_sp000432135	ERS475142	ERP005860	China	Asia	Human	gut	NA	High	yes	sp000432135
924	MGYG000243034	2842613	136	34659	56.16	94.04	1.01	GUT_GENOME265757	MGYG000000370	d__Bacteria;p__Firmicutes_A;c__Clostridia;o__Oscillospirales;f__Oscillospiraceae;g__CAG-170;s__CAG-170_sp900545925	ERS971760	ERP012929	Israel	Asia	Human	gut	NA	High	yes	sp900545925
925	MGYG000243113	2872541	382	10365	58.12	92.59	4.7	GUT_GENOME154281	MGYG000002993	d__Bacteria;p__Firmicutes_A;c__Clostridia;o__Oscillospirales;f__Oscillospiraceae;g__CAG-170;s__CAG-170_sp000432135	ERS475168	ERP005860	China	Asia	Human	gut	NA	High	yes	sp000432135
930	MGYG000244760	2519497	231	14629	60.57	92.28	1.73	GUT_GENOME047786	MGYG000000651	d__Bacteria;p__Firmicutes_A;c__Clostridia;o__Oscillospirales;f__Oscillospiraceae;g__CAG-170;s__CAG-170_sp002404795	ERS1647284	ERP019674	Germany	Europe	Human	gut	NA	High	yes	sp002404795
931	MGYG000245060	2163802	186	17534	57.14	92.95	1.68	GUT_GENOME008051	MGYG000000369	d__Bacteria;p__Firmicutes_A;c__Clostridia;o__Oscillospirales;f__Oscillospiraceae;g__CAG-170;s__CAG-170_sp003516765	ERS554192	ERP007090	Sweden	Europe	Human	gut	NA	High	yes	sp003516765
935	MGYG000245630	2624385	140	36987	58.88	92.62	2.68	GUT_GENOME082764	MGYG000002993	d__Bacteria;p__Firmicutes_A;c__Clostridia;o__Oscillospirales;f__Oscillospiraceae;g__CAG-170;s__CAG-170_sp000432135	ERS537262	ERP006678	China	Asia	Human	gut	NA	High	yes	sp000432135
936	MGYG000246552	3136491	159	37402	55.56	92.62	1.01	GUT_GENOME116324	MGYG000000370	d__Bacteria;p__Firmicutes_A;c__Clostridia;o__Oscillospirales;f__Oscillospiraceae;g__CAG-170;s__CAG-170_sp900545925	ERS396342	ERP004605	Denmark	Europe	Human	gut	NA	High	yes	sp900545925
941	MGYG000248447	2985882	115	45295	57.84	91.28	3.36	GUT_GENOME261555	MGYG000002993	d__Bacteria;p__Firmicutes_A;c__Clostridia;o__Oscillospirales;f__Oscillospiraceae;g__CAG-170;s__CAG-170_sp000432135	-	-	China	Asia	Human	gut	NA	High	yes	sp000432135
943	MGYG000248864	3176206	144	36838	55.96	93.23	2.68	GUT_GENOME282818	MGYG000000370	d__Bacteria;p__Firmicutes_A;c__Clostridia;o__Oscillospirales;f__Oscillospiraceae;g__CAG-170;s__CAG-170_sp900545925	ERS436667	ERP005534	France	Europe	Human	gut	NA	High	yes	sp900545925
947	MGYG000250523	2935264	87	55063	57.73	91.95	1.68	GUT_GENOME121948	MGYG000002993	d__Bacteria;p__Firmicutes_A;c__Clostridia;o__Oscillospirales;f__Oscillospiraceae;g__CAG-170;s__CAG-170_sp000432135	ERS396523	ERP004605	Spain	Europe	Human	gut	NA	High	yes	sp000432135
952	MGYG000251978	2257252	105	33814	61.15	92.21	1.34	GUT_GENOME025265	MGYG000000651	d__Bacteria;p__Firmicutes_A;c__Clostridia;o__Oscillospirales;f__Oscillospiraceae;g__CAG-170;s__CAG-170_sp002404795	ERS1444575	ERP019502	Kazakhstan	Asia	Human	gut	NA	High	yes	sp002404795
956	MGYG000252131	2344382	244	14001	61.21	90.92	1.44	GUT_GENOME115750	MGYG000000651	d__Bacteria;p__Firmicutes_A;c__Clostridia;o__Oscillospirales;f__Oscillospiraceae;g__CAG-170;s__CAG-170_sp002404795	ERS396323	ERP004605	Denmark	Europe	Human	gut	NA	High	yes	sp002404795
959	MGYG000253078	3179633	155	43103	55.58	93.29	1.68	GUT_GENOME258187	MGYG000000370	d__Bacteria;p__Firmicutes_A;c__Clostridia;o__Oscillospirales;f__Oscillospiraceae;g__CAG-170;s__CAG-170_sp900545925	ERS746803	ERP010700	UK	Europe	Human	gut	NA	High	yes	sp900545925
960	MGYG000253232	2793827	207	19317	60.03	92.97	3.02	GUT_GENOME164747	MGYG000000651	d__Bacteria;p__Firmicutes_A;c__Clostridia;o__Oscillospirales;f__Oscillospiraceae;g__CAG-170;s__CAG-170_sp002404795	SRS576034	SRP040146	USA	North America	Human	gut	NA	High	yes	sp002404795
964	MGYG000255211	3263970	130	45614	57.43	95.3	3.08	GUT_GENOME047439	MGYG000002993	d__Bacteria;p__Firmicutes_A;c__Clostridia;o__Oscillospirales;f__Oscillospiraceae;g__CAG-170;s__CAG-170_sp000432135	ERS1647331	ERP019674	Germany	Europe	Human	gut	NA	High	yes	sp000432135
967	MGYG000256246	2715433	92	59076	58.16	94.63	2.01	GUT_GENOME275889	MGYG000002993	d__Bacteria;p__Firmicutes_A;c__Clostridia;o__Oscillospirales;f__Oscillospiraceae;g__CAG-170;s__CAG-170_sp000432135	ERS972202	ERP012929	Israel	Asia	Human	gut	NA	High	yes	sp000432135
969	MGYG000256769	2512446	165	24689	60.75	91.28	0.75	GUT_GENOME096908	MGYG000000651	d__Bacteria;p__Firmicutes_A;c__Clostridia;o__Oscillospirales;f__Oscillospiraceae;g__CAG-170;s__CAG-170_sp002404795	SRS584971	SRP040765	USA	North America	Human	gut	NA	High	yes	sp002404795
970	MGYG000257101	2417059	73	56080	58.46	91.48	2.01	GUT_GENOME208220	MGYG000002993	d__Bacteria;p__Firmicutes_A;c__Clostridia;o__Oscillospirales;f__Oscillospiraceae;g__CAG-170;s__CAG-170_sp000432135	SRS1914281	SRP096283	USA	North America	Human	gut	NA	High	yes	sp000432135
972	MGYG000257281	2492410	82	46042	58.56	91.61	1.68	GUT_GENOME039599	MGYG000002993	d__Bacteria;p__Firmicutes_A;c__Clostridia;o__Oscillospirales;f__Oscillospiraceae;g__CAG-170;s__CAG-170_sp000432135	ERS1066672	ERP013933	USA	North America	Human	gut	NA	High	yes	sp000432135
973	MGYG000257409	2628217	96	45908	58.43	91.95	1.36	GUT_GENOME125504	MGYG000002993	d__Bacteria;p__Firmicutes_A;c__Clostridia;o__Oscillospirales;f__Oscillospiraceae;g__CAG-170;s__CAG-170_sp000432135	ERS1138742	ERP015450	China	Asia	Human	gut	NA	High	yes	sp000432135
976	MGYG000257834	2404245	216	19076	58.54	91.77	2.35	GUT_GENOME119507	MGYG000000741	d__Bacteria;p__Firmicutes_A;c__Clostridia;o__Oscillospirales;f__Oscillospiraceae;g__CAG-170;s__CAG-170_sp900548625	ERS396446	ERP004605	Spain	Europe	Human	gut	NA	High	yes	sp900548625
980	MGYG000258606	3057342	271	16322	57.5	91.95	3.51	GUT_GENOME157486	MGYG000002993	d__Bacteria;p__Firmicutes_A;c__Clostridia;o__Oscillospirales;f__Oscillospiraceae;g__CAG-170;s__CAG-170_sp000432135	SRS883067	SRP056480	Italy	Europe	Human	gut	NA	High	yes	sp000432135
982	MGYG000259300	2795518	309	11729	58.19	90.56	1.68	GUT_GENOME236279	MGYG000002993	d__Bacteria;p__Firmicutes_A;c__Clostridia;o__Oscillospirales;f__Oscillospiraceae;g__CAG-170;s__CAG-170_sp000432135	SRS476154	SRP029441	Fiji	Oceania	Human	gut	NA	High	yes	sp000432135
989	MGYG000261971	3395743	146	53674	57.19	92.62	3.26	GUT_GENOME255887	MGYG000002993	d__Bacteria;p__Firmicutes_A;c__Clostridia;o__Oscillospirales;f__Oscillospiraceae;g__CAG-170;s__CAG-170_sp000432135	ERS746946	ERP010700	UK	Europe	Human	gut	NA	High	yes	sp000432135
996	MGYG000264144	2734805	57	80070	58.05	92.95	1.34	GUT_GENOME251719	MGYG000002993	d__Bacteria;p__Firmicutes_A;c__Clostridia;o__Oscillospirales;f__Oscillospiraceae;g__CAG-170;s__CAG-170_sp000432135	ERS746720	ERP010700	UK	Europe	Human	gut	NA	High	yes	sp000432135
1000	MGYG000265197	2882009	247	18458	57.86	90.84	2.01	GUT_GENOME262247	MGYG000002993	d__Bacteria;p__Firmicutes_A;c__Clostridia;o__Oscillospirales;f__Oscillospiraceae;g__CAG-170;s__CAG-170_sp000432135	-	-	China	Asia	Human	gut	NA	High	yes	sp000432135
1001	MGYG000265303	2502749	141	25398	56.63	93.29	4.94	GUT_GENOME175516	MGYG000002710	d__Bacteria;p__Firmicutes_A;c__Clostridia;o__Oscillospirales;f__Oscillospiraceae;g__CAG-170;s__CAG-170_sp900549635	SRS1158761	SRP066053	USA	North America	Human	gut	NA	High	yes	sp900549635
1003	MGYG000265618	2533986	186	21478	58.63	92.71	2.01	GUT_GENOME138109	MGYG000002993	d__Bacteria;p__Firmicutes_A;c__Clostridia;o__Oscillospirales;f__Oscillospiraceae;g__CAG-170;s__CAG-170_sp000432135	ERS199364	ERP002061	Spain	Europe	Human	gut	NA	High	yes	sp000432135
1004	MGYG000265779	3089720	140	38545	55.97	92.62	1.85	GUT_GENOME277696	MGYG000000370	d__Bacteria;p__Firmicutes_A;c__Clostridia;o__Oscillospirales;f__Oscillospiraceae;g__CAG-170;s__CAG-170_sp900545925	ERS972305	ERP012929	Israel	Asia	Human	gut	NA	High	yes	sp900545925
1005	MGYG000266035	3408093	83	78855	55.66	94.63	1.68	GUT_GENOME065883	MGYG000000370	d__Bacteria;p__Firmicutes_A;c__Clostridia;o__Oscillospirales;f__Oscillospiraceae;g__CAG-170;s__CAG-170_sp900545925	ERS746718	ERP010700	UK	Europe	Human	gut	NA	High	yes	sp900545925
1006	MGYG000266240	2471532	166	31403	59.13	90.6	1.34	GUT_GENOME074854	MGYG000002993	d__Bacteria;p__Firmicutes_A;c__Clostridia;o__Oscillospirales;f__Oscillospiraceae;g__CAG-170;s__CAG-170_sp000432135	ERS396517	ERP004605	Spain	Europe	Human	gut	NA	High	yes	sp000432135
1007	MGYG000266286	2225201	92	34384	56.94	92.74	1.85	GUT_GENOME188812	MGYG000000369	d__Bacteria;p__Firmicutes_A;c__Clostridia;o__Oscillospirales;f__Oscillospiraceae;g__CAG-170;s__CAG-170_sp003516765	SRS1820213	SRP093965	USA	North America	Human	gut	NA	High	yes	sp003516765
1008	MGYG000266564	2715757	80	54624	57.85	93.29	1.51	GUT_GENOME152898	MGYG000004248	d__Bacteria;p__Firmicutes_A;c__Clostridia;o__Oscillospirales;f__Oscillospiraceae;g__CAG-170;s__CAG-170_sp000436735	-	-	China	Asia	Human	gut	NA	High	yes	sp000436735
1011	MGYG000267391	2525994	237	16989	61.05	93.96	2.34	GUT_GENOME215519	MGYG000000651	d__Bacteria;p__Firmicutes_A;c__Clostridia;o__Oscillospirales;f__Oscillospiraceae;g__CAG-170;s__CAG-170_sp002404795	SRS042966	SRP002163	USA	North America	Human	gut	NA	High	yes	sp002404795
1012	MGYG000267759	2066578	91	41507	59.84	93.96	1.48	GUT_GENOME276335	MGYG000004248	d__Bacteria;p__Firmicutes_A;c__Clostridia;o__Oscillospirales;f__Oscillospiraceae;g__CAG-170;s__CAG-170_sp000436735	ERS972227	ERP012929	Israel	Asia	Human	gut	NA	High	yes	sp000436735
1013	MGYG000267941	3165461	139	43253	55.74	93.79	4.36	GUT_GENOME094269	MGYG000000370	d__Bacteria;p__Firmicutes_A;c__Clostridia;o__Oscillospirales;f__Oscillospiraceae;g__CAG-170;s__CAG-170_sp900545925	ERS608539	ERP008729	Austria	Europe	Human	gut	NA	High	yes	sp900545925
1014	MGYG000268050	2915298	299	16023	57.53	92.95	3.3	GUT_GENOME270590	MGYG000002993	d__Bacteria;p__Firmicutes_A;c__Clostridia;o__Oscillospirales;f__Oscillospiraceae;g__CAG-170;s__CAG-170_sp000432135	ERS971956	ERP012929	Israel	Asia	Human	gut	NA	High	yes	sp000432135
1015	MGYG000268377	3233896	86	79591	56.02	93.96	1.01	GUT_GENOME282382	MGYG000000370	d__Bacteria;p__Firmicutes_A;c__Clostridia;o__Oscillospirales;f__Oscillospiraceae;g__CAG-170;s__CAG-170_sp900545925	ERS436782	ERP005534	France	Europe	Human	gut	NA	High	yes	sp900545925
1016	MGYG000268602	2772636	265	16524	56.31	92.39	2.95	GUT_GENOME116567	MGYG000000370	d__Bacteria;p__Firmicutes_A;c__Clostridia;o__Oscillospirales;f__Oscillospiraceae;g__CAG-170;s__CAG-170_sp900545925	ERS396351	ERP004605	Denmark	Europe	Human	gut	NA	High	yes	sp900545925
1027	MGYG000272422	2858885	80	73874	58	93.29	3.38	GUT_GENOME048159	MGYG000002993	d__Bacteria;p__Firmicutes_A;c__Clostridia;o__Oscillospirales;f__Oscillospiraceae;g__CAG-170;s__CAG-170_sp000432135	ERS1647292	ERP019674	Germany	Europe	Human	gut	NA	High	yes	sp000432135
1031	MGYG000274282	2758433	211	18469	56.19	91.21	1.68	GUT_GENOME248497	MGYG000002710	d__Bacteria;p__Firmicutes_A;c__Clostridia;o__Oscillospirales;f__Oscillospiraceae;g__CAG-170;s__CAG-170_sp900549635	SRS1846768	SRP094805	China	Asia	Human	gut	NA	High	yes	sp900549635
1032	MGYG000274483	2753851	299	13856	58.18	90.55	1.36	GUT_GENOME017161	MGYG000002993	d__Bacteria;p__Firmicutes_A;c__Clostridia;o__Oscillospirales;f__Oscillospiraceae;g__CAG-170;s__CAG-170_sp000432135	SRS1997008	SRP100575	China	Asia	Human	gut	NA	High	yes	sp000432135
1033	MGYG000275383	2111158	221	14187	59.94	90.02	4.03	GUT_GENOME091158	MGYG000002034	d__Bacteria;p__Firmicutes_A;c__Clostridia;o__Oscillospirales;f__Oscillospiraceae;g__CAG-170;s__CAG-170_sp900553545	ERS608602	ERP008729	Austria	Europe	Human	gut	NA	High	yes	sp900553545
1034	MGYG000275477	2350028	170	23693	61.43	91.67	1.34	GUT_GENOME251792	MGYG000000651	d__Bacteria;p__Firmicutes_A;c__Clostridia;o__Oscillospirales;f__Oscillospiraceae;g__CAG-170;s__CAG-170_sp002404795	ERS746721	ERP010700	UK	Europe	Human	gut	NA	High	yes	sp002404795
1035	MGYG000276446	2630083	234	18551	58.21	93.65	2.39	GUT_GENOME210087	MGYG000000741	d__Bacteria;p__Firmicutes_A;c__Clostridia;o__Oscillospirales;f__Oscillospiraceae;g__CAG-170;s__CAG-170_sp900548625	SRS1905727	SRP096283	USA	North America	Human	gut	NA	High	yes	sp900548625
1036	MGYG000276780	2599728	270	14176	58.69	91.41	2.77	GUT_GENOME093255	MGYG000002993	d__Bacteria;p__Firmicutes_A;c__Clostridia;o__Oscillospirales;f__Oscillospiraceae;g__CAG-170;s__CAG-170_sp000432135	ERS608526	ERP008729	Austria	Europe	Human	gut	NA	High	yes	sp000432135
1037	MGYG000277379	2076080	132	24600	59.82	91.58	2.68	GUT_GENOME122981	MGYG000004248	d__Bacteria;p__Firmicutes_A;c__Clostridia;o__Oscillospirales;f__Oscillospiraceae;g__CAG-170;s__CAG-170_sp000436735	ERS1138810	ERP015450	China	Asia	Human	gut	NA	High	yes	sp000436735
1040	MGYG000277651	2856690	311	14033	56.06	91.01	3.02	GUT_GENOME111880	MGYG000000370	d__Bacteria;p__Firmicutes_A;c__Clostridia;o__Oscillospirales;f__Oscillospiraceae;g__CAG-170;s__CAG-170_sp900545925	ERS328932	ERP003612	Denmark	Europe	Human	gut	NA	High	yes	sp900545925
1041	MGYG000277867	2774561	99	59487	58.32	93.96	3.69	GUT_GENOME246498	MGYG000002993	d__Bacteria;p__Firmicutes_A;c__Clostridia;o__Oscillospirales;f__Oscillospiraceae;g__CAG-170;s__CAG-170_sp000432135	ERS1066661	ERP013933	USA	North America	Human	gut	NA	High	yes	sp000432135
1042	MGYG000278586	3386124	115	61279	55.4	94.63	1.4	GUT_GENOME254361	MGYG000000370	d__Bacteria;p__Firmicutes_A;c__Clostridia;o__Oscillospirales;f__Oscillospiraceae;g__CAG-170;s__CAG-170_sp900545925	ERS746894	ERP010700	UK	Europe	Human	gut	NA	High	yes	sp900545925
1043	MGYG000278596	2615079	111	39268	60.4	94.63	1.34	GUT_GENOME091511	MGYG000000651	d__Bacteria;p__Firmicutes_A;c__Clostridia;o__Oscillospirales;f__Oscillospiraceae;g__CAG-170;s__CAG-170_sp002404795	ERS608605	ERP008729	Austria	Europe	Human	gut	NA	High	yes	sp002404795
1048	MGYG000279812	2236601	284	10996	61.88	91.82	0.73	GUT_GENOME158303	MGYG000000651	d__Bacteria;p__Firmicutes_A;c__Clostridia;o__Oscillospirales;f__Oscillospiraceae;g__CAG-170;s__CAG-170_sp002404795	ERS634948	ERP009131	Canada	North America	Human	gut	NA	High	yes	sp002404795
1055	MGYG000281084	3357821	323	16713	55.66	92.76	4.75	GUT_GENOME104605	MGYG000000370	d__Bacteria;p__Firmicutes_A;c__Clostridia;o__Oscillospirales;f__Oscillospiraceae;g__CAG-170;s__CAG-170_sp900545925	ERS235612	ERP002469	Sweden	Europe	Human	gut	NA	High	yes	sp900545925
1056	MGYG000282348	2446826	148	25915	60.76	92.48	1.34	GUT_GENOME210473	MGYG000000651	d__Bacteria;p__Firmicutes_A;c__Clostridia;o__Oscillospirales;f__Oscillospiraceae;g__CAG-170;s__CAG-170_sp002404795	SRS1905868	SRP096283	USA	North America	Human	gut	NA	High	yes	sp002404795
1057	MGYG000282459	2903704	85	65985	57.87	92.62	1.7	GUT_GENOME255559	MGYG000002993	d__Bacteria;p__Firmicutes_A;c__Clostridia;o__Oscillospirales;f__Oscillospiraceae;g__CAG-170;s__CAG-170_sp000432135	ERS746771	ERP010700	UK	Europe	Human	gut	NA	High	yes	sp000432135
1060	MGYG000283090	3096909	332	16171	58.11	92.23	2.01	GUT_GENOME122822	MGYG000002993	d__Bacteria;p__Firmicutes_A;c__Clostridia;o__Oscillospirales;f__Oscillospiraceae;g__CAG-170;s__CAG-170_sp000432135	ERS1138788	ERP015450	China	Asia	Human	gut	NA	High	yes	sp000432135
1062	MGYG000283279	2227583	206	15883	61.76	91.05	0.97	GUT_GENOME089427	MGYG000000651	d__Bacteria;p__Firmicutes_A;c__Clostridia;o__Oscillospirales;f__Oscillospiraceae;g__CAG-170;s__CAG-170_sp002404795	ERS608576	ERP008729	Austria	Europe	Human	gut	NA	High	yes	sp002404795
1064	MGYG000285009	3002712	162	32864	57.84	94.63	2.68	GUT_GENOME283735	MGYG000002993	d__Bacteria;p__Firmicutes_A;c__Clostridia;o__Oscillospirales;f__Oscillospiraceae;g__CAG-170;s__CAG-170_sp000432135	ERS436733	ERP005534	France	Europe	Human	gut	NA	High	yes	sp000432135
1065	MGYG000285255	1997920	251	10749	59.61	92.73	3.69	GUT_GENOME135681	MGYG000000741	d__Bacteria;p__Firmicutes_A;c__Clostridia;o__Oscillospirales;f__Oscillospiraceae;g__CAG-170;s__CAG-170_sp900548625	ERS199242	ERP002061	Spain	Europe	Human	gut	NA	High	yes	sp900548625
1066	MGYG000285324	2588996	236	20845	58.89	93.29	2.14	GUT_GENOME070892	MGYG000002993	d__Bacteria;p__Firmicutes_A;c__Clostridia;o__Oscillospirales;f__Oscillospiraceae;g__CAG-170;s__CAG-170_sp000432135	ERS396373	ERP004605	Denmark	Europe	Human	gut	NA	High	yes	sp000432135
1067	MGYG000285529	2852366	167	34616	58.04	93.29	1.34	GUT_GENOME277789	MGYG000002993	d__Bacteria;p__Firmicutes_A;c__Clostridia;o__Oscillospirales;f__Oscillospiraceae;g__CAG-170;s__CAG-170_sp000432135	ERS972309	ERP012929	Israel	Asia	Human	gut	NA	High	yes	sp000432135
1075	MGYG000287234	2888801	340	13177	58.11	91.51	1.73	GUT_GENOME254465	MGYG000002993	d__Bacteria;p__Firmicutes_A;c__Clostridia;o__Oscillospirales;f__Oscillospiraceae;g__CAG-170;s__CAG-170_sp000432135	ERS746754	ERP010700	UK	Europe	Human	gut	NA	High	yes	sp000432135
1080	MGYG000288319	2784497	223	17840	60.22	93.29	4.04	GUT_GENOME164590	MGYG000000651	d__Bacteria;p__Firmicutes_A;c__Clostridia;o__Oscillospirales;f__Oscillospiraceae;g__CAG-170;s__CAG-170_sp002404795	SRS576042	SRP040146	USA	North America	Human	gut	NA	High	yes	sp002404795
1082	MGYG000288516	3159193	84	67551	57.38	93.96	1.68	GUT_GENOME094085	MGYG000002993	d__Bacteria;p__Firmicutes_A;c__Clostridia;o__Oscillospirales;f__Oscillospiraceae;g__CAG-170;s__CAG-170_sp000432135	ERS608510	ERP008729	Austria	Europe	Human	gut	NA	High	yes	sp000432135
1083	MGYG000289058	3063647	281	17387	55.81	93	2.85	GUT_GENOME286446	MGYG000000370	d__Bacteria;p__Firmicutes_A;c__Clostridia;o__Oscillospirales;f__Oscillospiraceae;g__CAG-170;s__CAG-170_sp900545925	ERS436807	ERP005534	Germany	Europe	Human	gut	NA	High	yes	sp900545925
1088	GCA_037242755.1	2191760	375	9270	59.66237179	91.55	2.91	GCA_037242755.1	1869227	d__Bacteria;p__Bacillota;c__Clostridia;o__Oscillospirales;f__Oscillospiraceae;g__CAG-170;s__CAG-170_sp000436735	SAMN37825075	PRJNA947377	Germany	Europe	Human	gut	Essen	High	yes	sp000436735
1091	GCA_958441795.1	2753684	72	73951	60.43496639	94.19	2.68	GCA_958441795.1	172733	d__Bacteria;p__Bacillota;c__Clostridia;o__Oscillospirales;f__Oscillospiraceae;g__CAG-170;s__CAG-170_sp002404795	SAMEA114062110	PRJEB62827	NA	NA	Cattle	gut	NA	High	yes	sp002404795
1092	GCA_934883035.1	2610088	210	41753	58.46108515	90.44	1.76	GCA_934883035.1	77133	d__Bacteria;p__Bacillota;c__Clostridia;o__Oscillospirales;f__Oscillospiraceae;g__CAG-170;s__CAG-170_sp000432135	SAMEA13567023	PRJEB50699	NA	NA	Human	gut	NA	High	yes	sp000432135
1093	GCA_037373185.1	2247236	283	12936	61.6734513	91.94	1.01	GCA_037373185.1	1869227	d__Bacteria;p__Bacillota;c__Clostridia;o__Oscillospirales;f__Oscillospiraceae;g__CAG-170;s__CAG-170_sp002404795	SAMN37829440	PRJNA947377	Germany	Europe	Human	gut	Essen	High	yes	sp002404795
1094	GCA_958437655.1	2041209	77	45429	59.37515463	91.41	1.51	GCA_958437655.1	172733	d__Bacteria;p__Bacillota;c__Clostridia;o__Oscillospirales;f__Oscillospiraceae;g__CAG-170;s__CAG-170_sp900548625	SAMEA114061202	PRJEB62838	NA	NA	Human	gut	NA	High	yes	sp900548625
1097	GCA_037252525.1	2874872	68	75487	56.14973467	92.95	1.34	GCA_037252525.1	1869227	d__Bacteria;p__Bacillota;c__Clostridia;o__Oscillospirales;f__Oscillospiraceae;g__CAG-170;s__CAG-170_sp900545925	SAMN37825597	PRJNA947377	Germany	Europe	Human	gut	Essen	High	yes	sp900545925
1099	GCA_938038515.1	3216720	98	67885	57.09300157	95.3	1.68	GCA_938038515.1	344338	d__Bacteria;p__Bacillota;c__Clostridia;o__Oscillospirales;f__Oscillospiraceae;g__CAG-170;s__CAG-170_sp000432135	SAMEA14084481	PRJEB51075	China	Asia	Human	gut	NA	High	yes	sp000432135
1100	GCA_025544195.1	3155843	48	130188	57.6050616	94.63	2.41	GCA_025544195.1	1879010	d__Bacteria;p__Bacillota;c__Clostridia;o__Oscillospirales;f__Oscillospiraceae;g__CAG-170;s__CAG-170_sp000432135	SAMN18871205	PRJNA722408	UK	Europe	Human	gut	Norwich	High	yes	sp000432135
1102	GCA_905206565.1	2562893	73	64441	60.38387088	93.96	1.34	GCA_905206565.1	172733	d__Bacteria;p__Bacillota;c__Clostridia;o__Oscillospirales;f__Oscillospiraceae;g__CAG-170;s__CAG-170_sp002404795	SAMEA7846976	PRJEB37358	China	Asia	Human	gut	NA	High	yes	sp002404795
1103	GCA_934654745.1	1963952	95	32792	60.89492004	94.84	1.34	GCA_934654745.1	707003	d__Bacteria;p__Bacillota;c__Clostridia;o__Oscillospirales;f__Oscillospiraceae;g__CAG-170;s__CAG-170_sp022779365	SAMEA13486111	PRJEB49206	Nepal	Asia	Human	gut	NA	High	yes	sp022779365
1104	GCA_030825425.1	2709401	42	94442	58.10537966	94.63	1.34	GCA_030825425.1	2485925	d__Bacteria;p__Bacillota;c__Clostridia;o__Oscillospirales;f__Oscillospiraceae;g__CAG-170;s__CAG-170_sp000432135	SAMN31428358	PRJNA872116	USA	North America	Human	skin	NA	High	yes	sp000432135
1105	GCA_036751565.1	2511053	142	29180	58.76545826	93.69	2.68	GCA_036751565.1	2485925	d__Bacteria;p__Bacillota;c__Clostridia;o__Oscillospirales;f__Oscillospiraceae;g__CAG-170;s__CAG-170_sp000432135	SAMN28747119	PRJNA843551	NA	NA	Human	gut	NA	High	yes	sp000432135
1106	GCA_934831715.1	3244524	49	128509	55.64347806	93.96	3.69	GCA_934831715.1	77133	d__Bacteria;p__Bacillota;c__Clostridia;o__Oscillospirales;f__Oscillospiraceae;g__CAG-170;s__CAG-170_sp900545925	SAMEA13566058	PRJEB50699	NA	NA	Human	gut	NA	High	yes	sp900545925
1110	GCA_958447145.1	3207118	45	131707	55.70530925	94.63	0.67	GCA_958447145.1	172733	d__Bacteria;p__Bacillota;c__Clostridia;o__Oscillospirales;f__Oscillospiraceae;g__CAG-170;s__CAG-170_sp900545925	SAMEA114062232	PRJEB62827	NA	NA	Human	gut	NA	High	yes	sp900545925
1113	GCA_034087285.1	2076187	178	16973	57.56880281	91.69	2.07	GCA_034087285.1	2485925	d__Bacteria;p__Bacillota;c__Clostridia;o__Oscillospirales;f__Oscillospiraceae;g__CAG-170;s__CAG-170_sp003516765	SAMN37948565	PRJNA779404	Canada	North America	Pig	gut	Lacombe	High	yes	sp003516765
1114	GCA_934646005.1	2421099	32	105115	60.3393748	94.63	0.67	GCA_934646005.1	707003	d__Bacteria;p__Bacillota;c__Clostridia;o__Oscillospirales;f__Oscillospiraceae;g__CAG-170;s__CAG-170_sp934646005	SAMEA13483369	PRJEB49206	Tanzania	Africa	Human	gut	NA	High	yes	sp934646005
1116	GCA_934875185.1	2941692	192	27116	55.87239473	90.54	1.01	GCA_934875185.1	77133	d__Bacteria;p__Bacillota;c__Clostridia;o__Oscillospirales;f__Oscillospiraceae;g__CAG-170;s__CAG-170_sp900545925	SAMEA13567243	PRJEB50699	NA	NA	Human	gut	NA	High	yes	sp900545925
1119	GCA_030844295.1	2848123	95	67410	58.05851784	92.62	1.01	GCA_030844295.1	2485925	d__Bacteria;p__Bacillota;c__Clostridia;o__Oscillospirales;f__Oscillospiraceae;g__CAG-170;s__CAG-170_sp000432135	SAMN36703686	PRJNA970820	USA	North America	Human	gut	NA	High	yes	sp000432135
1121	GCA_902493785.1	2100411	28	102796	58.8420552	91.61	0.67	GCA_902493785.1	344338	d__Bacteria;p__Bacillota;c__Clostridia;o__Oscillospirales;f__Oscillospiraceae;g__CAG-170;s__CAG-170_sp000436735	SAMEA5853755	PRJEB33885	UK	Europe	Human	gut	NA	High	yes	sp000436735
1122	GCA_018265385.1	2265342	145	20873	61.35237227	90.26	1.31	GCA_018265385.1	2485925	d__Bacteria;p__Bacillota;c__Clostridia;o__Oscillospirales;f__Oscillospiraceae;g__CAG-170;s__CAG-170_sp002404795	SAMN14944933	PRJNA593787	Austria	Europe	Human	gut	Vienna	High	yes	sp002404795
1123	GCA_037363235.1	2473150	244	14568	56.72098336	92.84	1.01	GCA_037363235.1	1869227	d__Bacteria;p__Bacillota;c__Clostridia;o__Oscillospirales;f__Oscillospiraceae;g__CAG-170;s__CAG-170_sp900549635	SAMN37829059	PRJNA947377	Germany	Europe	Human	gut	Essen	High	yes	sp900549635
1124	GCA_959600795.1	2146934	59	57716	59.35603982	93.29	1.01	GCA_959600795.1	172733	d__Bacteria;p__Bacillota;c__Clostridia;o__Oscillospirales;f__Oscillospiraceae;g__CAG-170;s__CAG-170_sp000436735	SAMEA114122237	PRJEB63522	China	Asia	Human	gut	NA	High	yes	sp000436735
1125	GCA_958350915.1	2463124	125	32700	56.76421488	93.29	3.64	GCA_958350915.1	172733	d__Bacteria;p__Bacillota;c__Clostridia;o__Oscillospirales;f__Oscillospiraceae;g__CAG-170;s__CAG-170_sp900549635	SAMEA114061856	PRJEB62825	China	Asia	Cattle	gut	NA	High	yes	sp900549635
1126	GCA_037248925.1	1983133	135	24344	57.16676592	91.21	1.34	GCA_037248925.1	1869227	d__Bacteria;p__Bacillota;c__Clostridia;o__Oscillospirales;f__Oscillospiraceae;g__CAG-170;s__CAG-170_sp900549635	SAMN37825446	PRJNA947377	Germany	Europe	Human	gut	Essen	High	yes	sp900549635
1128	GCA_000432135.1	2538905	255	16972	58.40296466	91.61	1.68	GCA_000432135.1	1263002	d__Bacteria;p__Bacillota;c__Clostridia;o__Oscillospirales;f__Oscillospiraceae;g__CAG-170;s__CAG-170_sp000432135	SAMEA3138494	PRJEB704	NA	NA	Human	gut	NA	High	yes	sp000432135
1129	GCA_022779365.1	2113722	56	68725	60.17489528	93.96	0.67	GCA_022779365.1	1898207	d__Bacteria;p__Bacillota;c__Clostridia;o__Oscillospirales;f__Oscillospiraceae;g__CAG-170;s__CAG-170_sp022779365	SAMN26526191	PRJNA629856	Canada	North America	Pig	gut	Lacombe	High	yes	sp022779365
1131	GCA_934882955.1	2925165	56	111939	55.9791162	93.96	1.68	GCA_934882955.1	77133	d__Bacteria;p__Bacillota;c__Clostridia;o__Oscillospirales;f__Oscillospiraceae;g__CAG-170;s__CAG-170_sp900545925	SAMEA13567295	PRJEB50699	NA	NA	Human	gut	NA	High	yes	sp900545925
1134	GCA_934873185.1	2952130	114	208869	55.94723611	93.96	1.34	GCA_934873185.1	77133	d__Bacteria;p__Bacillota;c__Clostridia;o__Oscillospirales;f__Oscillospiraceae;g__CAG-170;s__CAG-170_sp900545925	SAMEA13567181	PRJEB50699	NA	NA	Human	gut	NA	High	yes	sp900545925
1136	GCA_934630785.1	2745563	26	161283	57.97044176	92.62	0.67	GCA_934630785.1	707003	d__Bacteria;p__Bacillota;c__Clostridia;o__Oscillospirales;f__Oscillospiraceae;g__CAG-170;s__CAG-170_sp000432135	SAMEA13510805	PRJEB49206	Nepal	Asia	Human	gut	NA	High	yes	sp000432135
1137	GCA_028725385.1	1945265	176	15286	57.768119	90.11	2.24	GCA_028725385.1	1898207	d__Bacteria;p__Bacillota;c__Clostridia;o__Oscillospirales;f__Oscillospiraceae;g__CAG-170;s__CAG-170_sp003516765	SAMN32799763	PRJNA857725	Canada	North America	Pig	gut	Lacombe	High	yes	sp003516765
1139	GCA_934631005.1	2377112	59	63097	61.7227964	93.96	1.34	GCA_934631005.1	707003	d__Bacteria;p__Bacillota;c__Clostridia;o__Oscillospirales;f__Oscillospiraceae;g__CAG-170;s__CAG-170_sp934631005	SAMEA13494341	PRJEB49206	Tanzania	Africa	Human	gut	NA	High	yes	sp934631005
1143	GCA_934648025.1	1874801	276	8641	62.22559088	91.3	0.67	GCA_934648025.1	707003	d__Bacteria;p__Bacillota;c__Clostridia;o__Oscillospirales;f__Oscillospiraceae;g__CAG-170;s__CAG-170_sp002404795	SAMEA13491612	PRJEB49206	Tanzania	Africa	Human	gut	NA	High	yes	sp002404795
1150	GCA_025542035.1	2500518	25	151564	56.46204365	94.63	0.67	GCA_025542035.1	1898207	d__Bacteria;p__Bacillota;c__Clostridia;o__Oscillospirales;f__Oscillospiraceae;g__CAG-170;s__CAG-170_sp937967235	SAMN18871312	PRJNA722408	UK	Europe	Human	gut	Norwich	High	yes	sp937967235
1153	GCA_025993615.1	3996918	1	3996918	56.29154764	93.96	1.68	GCA_025993615.1	1898207	d__Bacteria;p__Bacillota;c__Clostridia;o__Oscillospirales;f__Oscillospiraceae;g__CAG-170;s__CAG-170_sp000432135	SAMN31100337	PRJNA798244	NA	NA	Human	gut	NA	High	yes	sp000432135
1154	GCA_034117885.1	2228797	180	17744	61.5981626	93.14	1.34	GCA_034117885.1	2485925	d__Bacteria;p__Bacillota;c__Clostridia;o__Oscillospirales;f__Oscillospiraceae;g__CAG-170;s__CAG-170_sp002404795	SAMN37948984	PRJNA779404	Canada	North America	Pig	gut	Lacombe	High	yes	sp002404795
1155	GCA_900759595.1	1880249	103	25571	57.5399854	91.28	1.36	GCA_900759595.1	707003	d__Bacteria;p__Bacillota;c__Clostridia;o__Oscillospirales;f__Oscillospiraceae;g__CAG-170;s__CAG-170_sp003516765	SAMEA5280170	PRJEB31003	Austria	Europe	Human	gut	NA	High	yes	sp003516765
1159	GCA_022779855.1	2108259	234	13193	57.28764824	90.87	4.43	GCA_022779855.1	1898207	d__Bacteria;p__Bacillota;c__Clostridia;o__Oscillospirales;f__Oscillospiraceae;g__CAG-170;s__CAG-170_sp003516765	SAMN26525672	PRJNA629856	Canada	North America	Pig	gut	Lacombe	High	yes	sp003516765
1160	GCA_028722805.1	2276964	138	23713	61.49355018	93.96	0.9	GCA_028722805.1	1898207	d__Bacteria;p__Bacillota;c__Clostridia;o__Oscillospirales;f__Oscillospiraceae;g__CAG-170;s__CAG-170_sp002404795	SAMN32799449	PRJNA857725	Canada	North America	Pig	gut	Lacombe	High	yes	sp002404795
1161	GCA_021624805.1	2626535	169	31550	58.84014813	94.36	3.87	GCA_021624805.1	2485925	d__Bacteria;p__Bacillota;c__Clostridia;o__Oscillospirales;f__Oscillospiraceae;g__CAG-170;s__CAG-170_sp000432135	SAMN23483636	PRJNA678454	South_Africa	Africa	Human	gut	Bushbuckridge_Mpumalanga	High	yes	sp000432135
1162	GCA_037423665.1	2495594	89	41212	60.48015022	93.29	0.67	GCA_037423665.1	1869227	d__Bacteria;p__Bacillota;c__Clostridia;o__Oscillospirales;f__Oscillospiraceae;g__CAG-170;s__CAG-170_sp002404795	SAMN37830448	PRJNA947377	Germany	Europe	Human	gut	Essen	High	yes	sp002404795
1165	GCA_022771045.1	2207565	196	16400	61.68457101	92.93	1.34	GCA_022771045.1	1898207	d__Bacteria;p__Bacillota;c__Clostridia;o__Oscillospirales;f__Oscillospiraceae;g__CAG-170;s__CAG-170_sp002404795	SAMN26525784	PRJNA629856	Canada	North America	Pig	gut	Lacombe	High	yes	sp002404795
1166	GCA_021622395.1	2093533	120	25582	59.61061191	97.21	1.34	GCA_021622395.1	1898207	d__Bacteria;p__Bacillota;c__Clostridia;o__Oscillospirales;f__Oscillospiraceae;g__CAG-170;s__CAG-170_sp900548625	SAMN23482508	PRJNA678454	South_Africa	Africa	Human	gut	Soweto_Gauteng	High	yes	sp900548625
1169	GCA_959597965.1	2215809	94	38203	61.31634089	90.06	0.06	GCA_959597965.1	172733	d__Bacteria;p__Bacillota;c__Clostridia;o__Oscillospirales;f__Oscillospiraceae;g__CAG-170;s__CAG-170_sp002404795	SAMEA114122349	PRJEB63522	China	Asia	Human	gut	NA	High	yes	sp002404795
1170	GCA_963635105.1	2148865	76	39556	60.96581218	90.6	1.01	GCA_963635105.1	2212467	d__Bacteria;p__Bacillota;c__Clostridia;o__Oscillospirales;f__Oscillospiraceae;g__CAG-170;s__CAG-170_sp002404795	SAMEA114584840	PRJEB68160	Cote_d'Ivoire	Africa	Chimpanzee	gut	NA	High	yes	sp002404795
1171	GCA_022774265.1	2358419	143	24536	61.31777263	90.6	2.52	GCA_022774265.1	1898207	d__Bacteria;p__Bacillota;c__Clostridia;o__Oscillospirales;f__Oscillospiraceae;g__CAG-170;s__CAG-170_sp002404795	SAMN26526068	PRJNA629856	Canada	North America	Pig	gut	Lacombe	High	yes	sp002404795
1172	GCA_958436235.1	3393008	64	135449	55.6220616	93.29	1.01	GCA_958436235.1	172733	d__Bacteria;p__Bacillota;c__Clostridia;o__Oscillospirales;f__Oscillospiraceae;g__CAG-170;s__CAG-170_sp900545925	SAMEA114065030	PRJEB63158	China	Asia	Human	gut	NA	High	yes	sp900545925
1173	GCA_959022975.1	2970963	62	78252	57.96329338	93.96	2.01	GCA_959022975.1	344338	d__Bacteria;p__Bacillota;c__Clostridia;o__Oscillospirales;f__Oscillospiraceae;g__CAG-170;s__CAG-170_sp000432135	SAMEA114096171	PRJEB63310	South_Korea	Asia	Human	gut	NA	High	yes	sp000432135
1177	GCA_900545095.1	2537318	58	62585	58.52415819	95.97	1.01	GCA_900545095.1	172733	d__Bacteria;p__Bacillota;c__Clostridia;o__Oscillospirales;f__Oscillospiraceae;g__CAG-170;s__CAG-170_sp000432135	SAMEA4891393	PRJEB26432	NA	NA	Human	gut	NA	High	yes	sp000432135
1179	GCA_959024245.1	2282921	95	38855	56.89535468	92.35	2.01	GCA_959024245.1	172733	d__Bacteria;p__Bacillota;c__Clostridia;o__Oscillospirales;f__Oscillospiraceae;g__CAG-170;s__CAG-170_sp937967235	SAMEA114096316	PRJEB63310	South_Korea	Asia	Human	gut	NA	High	yes	sp937967235
1181	GCA_902478585.1	2272062	31	128452	56.64827808	94.63	0.67	GCA_902478585.1	172733	d__Bacteria;p__Bacillota;c__Clostridia;o__Oscillospirales;f__Oscillospiraceae;g__CAG-170;s__CAG-170_sp937967235	SAMEA5852215	PRJEB33885	NA	NA	Human	gut	NA	High	yes	sp937967235
1182	GCA_934648465.1	2635494	53	100346	56.48060667	94.63	0.67	GCA_934648465.1	707003	d__Bacteria;p__Bacillota;c__Clostridia;o__Oscillospirales;f__Oscillospiraceae;g__CAG-170;s__CAG-170_sp900545925	SAMEA13508067	PRJEB49206	Nepal	Asia	Human	gut	NA	High	yes	sp900545925
1189	GCA_958372765.1	2802430	74	68402	60.02183819	93.29	0.67	GCA_958372765.1	172733	d__Bacteria;p__Bacillota;c__Clostridia;o__Oscillospirales;f__Oscillospiraceae;g__CAG-170;s__CAG-170_sp002404795	SAMEA114065208	PRJEB63158	China	Asia	Human	gut	NA	High	yes	sp002404795
1190	GCA_037320965.1	2249850	110	32539	59.24674978	93.88	2.01	GCA_037320965.1	1869227	d__Bacteria;p__Bacillota;c__Clostridia;o__Oscillospirales;f__Oscillospiraceae;g__CAG-170;s__CAG-170_sp000436735	SAMN37827105	PRJNA947377	Germany	Europe	Human	gut	Essen	High	yes	sp000436735
1192	GCA_934827745.1	2881316	58	90810	56.0477114	93.96	2.01	GCA_934827745.1	77133	d__Bacteria;p__Bacillota;c__Clostridia;o__Oscillospirales;f__Oscillospiraceae;g__CAG-170;s__CAG-170_sp900545925	SAMEA13566117	PRJEB50699	NA	NA	Human	gut	NA	High	yes	sp900545925
1196	GCA_945910055.1	1821279	116	23735	57.72734436	93.4	0.84	GCA_945910055.1	244328	d__Bacteria;p__Bacillota;c__Clostridia;o__Oscillospirales;f__Oscillospiraceae;g__CAG-170;s__CAG-170_sp003516765	SAMEA110411880	PRJEB53600	China	Asia	Pig	gut	NA	High	yes	sp003516765
1197	GCA_902461805.1	2729121	54	129557	56.16093973	94.63	1.01	GCA_902461805.1	344338	d__Bacteria;p__Bacillota;c__Clostridia;o__Oscillospirales;f__Oscillospiraceae;g__CAG-170;s__CAG-170_sp900545925	SAMEA5849872	PRJEB33885	Sweden	Europe	Human	gut	NA	High	yes	sp900545925
1198	GCA_959600755.1	1985416	71	49036	57.19798773	92.89	1.34	GCA_959600755.1	172733	d__Bacteria;p__Bacillota;c__Clostridia;o__Oscillospirales;f__Oscillospiraceae;g__CAG-170;s__CAG-170_sp937967235	SAMEA114122299	PRJEB63522	China	Asia	Human	gut	NA	High	yes	sp937967235
1199	GCA_934654535.1	1964052	84	31574	60.56565712	91.7	1.34	GCA_934654535.1	707003	d__Bacteria;p__Bacillota;c__Clostridia;o__Oscillospirales;f__Oscillospiraceae;g__CAG-170;s__CAG-170_sp905214155	SAMEA13521775	PRJEB49206	Tanzania	Africa	Human	gut	NA	High	yes	sp905214155
1201	GCA_905193075.1	2191427	29	118533	56.90388044	93.96	0.67	GCA_905193075.1	172733	d__Bacteria;p__Bacillota;c__Clostridia;o__Oscillospirales;f__Oscillospiraceae;g__CAG-170;s__CAG-170_sp937967235	SAMEA7846948	PRJEB37358	China	Asia	Human	gut	NA	High	yes	sp937967235
1202	GCA_028725405.1	2369966	205	15325	61.32379114	92.34	4.02	GCA_028725405.1	1898207	d__Bacteria;p__Bacillota;c__Clostridia;o__Oscillospirales;f__Oscillospiraceae;g__CAG-170;s__CAG-170_sp002404795	SAMN32799761	PRJNA857725	Canada	North America	Pig	gut	Lacombe	High	yes	sp002404795
1204	GCA_928721945.1	3312008	3	1781832	58.71383765	94.63	1.68	GCA_928721945.1	707003	d__Bacteria;p__Bacillota;c__Clostridia;o__Oscillospirales;f__Oscillospiraceae;g__CAG-170;s__CAG-170_sp002404795	SAMEA12751964	PRJEB50473	France	Europe	Human	gut	NA	High	yes	sp002404795
1209	GCA_900548105.1	2311897	115	27311	56.83358731	92.41	1.43	GCA_900548105.1	172733	d__Bacteria;p__Bacillota;c__Clostridia;o__Oscillospirales;f__Oscillospiraceae;g__CAG-170;s__CAG-170_sp003516765	SAMEA4891697	PRJEB26432	NA	NA	Human	gut	NA	High	yes	sp003516765
1210	GCA_958439925.1	2386563	52	64870	56.92567093	93.96	1.68	GCA_958439925.1	172733	d__Bacteria;p__Bacillota;c__Clostridia;o__Oscillospirales;f__Oscillospiraceae;g__CAG-170;s__CAG-170_sp937967235	SAMEA114062107	PRJEB62827	NA	NA	Cattle	gut	NA	High	yes	sp937967235
1212	GCA_022774875.1	2293581	144	21297	61.41261198	92.62	2.82	GCA_022774875.1	1898207	d__Bacteria;p__Bacillota;c__Clostridia;o__Oscillospirales;f__Oscillospiraceae;g__CAG-170;s__CAG-170_sp002404795	SAMN26525954	PRJNA629856	Canada	North America	Pig	gut	Lacombe	High	yes	sp002404795
1217	GCA_934835315.1	3023551	58	87960	55.81540422	93.96	1.17	GCA_934835315.1	77133	d__Bacteria;p__Bacillota;c__Clostridia;o__Oscillospirales;f__Oscillospiraceae;g__CAG-170;s__CAG-170_sp900545925	SAMEA13566509	PRJEB50699	NA	NA	Human	gut	NA	High	yes	sp900545925
1220	GCA_041328005.1	3594462	5	1219320	54.94738851	94.63	1.34	GCA_041328005.1	2485925	d__Bacteria;p__Bacillota;c__Clostridia;o__Oscillospirales;f__Oscillospiraceae;g__CAG-170;s__CAG-170_sp937967235	SAMN43071558	PRJNA1052403	China	Asia	Human	gut	Beijing	High	yes	sp937967235
1221	GCA_905207725.1	2893668	273	14924	56.37578326	91.8	0.13	GCA_905207725.1	344338	d__Bacteria;p__Bacillota;c__Clostridia;o__Oscillospirales;f__Oscillospiraceae;g__CAG-170;s__CAG-170_sp900545925	SAMEA7847471	PRJEB37358	Denmark	Europe	Human	gut	NA	High	yes	sp900545925
1225	GCA_958428845.1	2846808	151	34162	57.89459633	91.61	0.67	GCA_958428845.1	344338	d__Bacteria;p__Bacillota;c__Clostridia;o__Oscillospirales;f__Oscillospiraceae;g__CAG-170;s__CAG-170_sp000432135	SAMEA114063532	PRJEB62820	Germany	Europe	Human	gut	NA	High	yes	sp000432135
1234	GCA_945916265.1	2649476	103	45587	58.09016575	97.99	0.67	GCA_945916265.1	244328	d__Bacteria;p__Bacillota;c__Clostridia;o__Oscillospirales;f__Oscillospiraceae;g__CAG-170;s__CAG-170_sp004555655	SAMEA110414541	PRJEB52947	France	Europe	Pig	gut	NA	High	yes	sp004555655
1236	GCA_958411915.1	2647795	154	25678	56.28600401	90.77	1.01	GCA_958411915.1	172733	d__Bacteria;p__Bacillota;c__Clostridia;o__Oscillospirales;f__Oscillospiraceae;g__CAG-170;s__CAG-170_sp900545925	SAMEA114061258	PRJEB62838	NA	NA	Human	gut	NA	High	yes	sp900545925
1238	GCA_958452645.1	2829811	110	38567	59.85428002	95.97	1.36	GCA_958452645.1	172733	d__Bacteria;p__Bacillota;c__Clostridia;o__Oscillospirales;f__Oscillospiraceae;g__CAG-170;s__CAG-170_sp002404795	SAMEA114064810	PRJEB63152	NA	NA	Human	gut	NA	High	yes	sp002404795
1239	GCA_004554295.1	2379421	282	11275	61.96999186	90.25	3.02	GCA_004554295.1	1898207	d__Bacteria;p__Bacillota;c__Clostridia;o__Oscillospirales;f__Oscillospiraceae;g__CAG-170;s__CAG-170_sp002404795	SAMN10183811	PRJNA494875	Canada	North America	Wild boar	gut	Edmonton	High	yes	sp002404795
1245	GCA_037327685.1	2140182	121	27791	57.21859169	92.69	0.67	GCA_037327685.1	1869227	d__Bacteria;p__Bacillota;c__Clostridia;o__Oscillospirales;f__Oscillospiraceae;g__CAG-170;s__CAG-170_sp003516765	SAMN37827981	PRJNA947377	Germany	Europe	Human	gut	Essen	High	yes	sp003516765
1249	GCA_900548985.1	2670539	95	46426	58.36117728	93.29	2.01	GCA_900548985.1	172733	d__Bacteria;p__Bacillota;c__Clostridia;o__Oscillospirales;f__Oscillospiraceae;g__CAG-170;s__CAG-170_sp000436735	SAMEA4891785	PRJEB26432	NA	NA	Human	gut	NA	High	yes	sp000436735
1251	GCA_958423285.1	2331180	80	43238	59.2679673	92.16	2.35	GCA_958423285.1	172733	d__Bacteria;p__Bacillota;c__Clostridia;o__Oscillospirales;f__Oscillospiraceae;g__CAG-170;s__CAG-170_sp000436735	SAMEA114064411	PRJEB62824	Sweden	Europe	Human	gut	NA	High	yes	sp000436735
1253	GCA_934646355.1	1988409	217	15177	59.90492902	90.97	0.67	GCA_934646355.1	707003	d__Bacteria;p__Bacillota;c__Clostridia;o__Oscillospirales;f__Oscillospiraceae;g__CAG-170;s__CAG-170_sp000436735	SAMEA13508058	PRJEB49206	Tanzania	Africa	Human	gut	NA	High	yes	sp000436735
1255	GCA_037294765.1	2360060	260	19501	61.23348559	91.62	1.34	GCA_037294765.1	1869227	d__Bacteria;p__Bacillota;c__Clostridia;o__Oscillospirales;f__Oscillospiraceae;g__CAG-170;s__CAG-170_sp002404795	SAMN37826798	PRJNA947377	Germany	Europe	Human	gut	Essen	High	yes	sp002404795
1256	GCA_958365345.1	2632497	71	67693	58.24770171	93.96	0.67	GCA_958365345.1	344338	d__Bacteria;p__Bacillota;c__Clostridia;o__Oscillospirales;f__Oscillospiraceae;g__CAG-170;s__CAG-170_sp000432135	SAMEA114064555	PRJEB62824	Sweden	Europe	Human	gut	NA	High	yes	sp000432135
1257	GCA_934645335.1	2198360	151	22742	61.62325552	93.96	0.67	GCA_934645335.1	707003	d__Bacteria;p__Bacillota;c__Clostridia;o__Oscillospirales;f__Oscillospiraceae;g__CAG-170;s__CAG-170_sp002404795	SAMEA13486126	PRJEB49206	Tanzania	Africa	Human	gut	NA	High	yes	sp002404795
1259	GCA_900547145.1	2601825	147	28555	60.61053299	93.96	1.34	GCA_900547145.1	172733	d__Bacteria;p__Bacillota;c__Clostridia;o__Oscillospirales;f__Oscillospiraceae;g__CAG-170;s__CAG-170_sp002404795	SAMEA4891592	PRJEB26432	NA	NA	Human	gut	NA	High	yes	sp002404795
1260	GCA_934632205.1	2133155	40	82356	57.04189335	92.69	0.67	GCA_934632205.1	707003	d__Bacteria;p__Bacillota;c__Clostridia;o__Oscillospirales;f__Oscillospiraceae;g__CAG-170;s__CAG-170_sp900549635	SAMEA13494334	PRJEB49206	Nepal	Asia	Human	gut	NA	High	yes	sp900549635
1261	GCA_958353375.1	2030634	123	26070	59.79891009	92.04	2.01	GCA_958353375.1	172733	d__Bacteria;p__Bacillota;c__Clostridia;o__Oscillospirales;f__Oscillospiraceae;g__CAG-170;s__CAG-170_sp900548625	SAMEA114062744	PRJEB62820	Germany	Europe	Human	gut	NA	High	yes	sp900548625
1262	GCA_937950595.1	2842657	85	51701	57.63386156	91.95	1.51	GCA_937950595.1	244328	d__Bacteria;p__Bacillota;c__Clostridia;o__Oscillospirales;f__Oscillospiraceae;g__CAG-170;s__CAG-170_sp000436735	SAMEA14085757	PRJEB51075	NA	NA	Human	gut	NA	High	yes	sp000436735
1264	GCA_947001665.1	2261932	203	16134	59.09611783	90.69	0.81	GCA_947001665.1	244328	d__Bacteria;p__Bacillota;c__Clostridia;o__Oscillospirales;f__Oscillospiraceae;g__CAG-170;s__CAG-170_sp000432135	SAMEA111396807	PRJEB55618	USA	North America	Human	gut	NA	High	yes	sp000432135
1266	GCA_037343265.1	2501701	112	32776	56.58302091	93.05	3.97	GCA_037343265.1	1869227	d__Bacteria;p__Bacillota;c__Clostridia;o__Oscillospirales;f__Oscillospiraceae;g__CAG-170;s__CAG-170_sp900545925	SAMN37828252	PRJNA947377	Germany	Europe	Human	gut	Essen	High	yes	sp900545925
1267	GCA_934630805.1	2481550	29	124623	58.50323387	93.96	0.67	GCA_934630805.1	707003	d__Bacteria;p__Bacillota;c__Clostridia;o__Oscillospirales;f__Oscillospiraceae;g__CAG-170;s__CAG-170_sp000436735	SAMEA13505315	PRJEB49206	Nepal	Asia	Human	gut	NA	High	yes	sp000436735
1268	GCA_959600215.1	3147242	84	70277	56.08132454	94.63	0.67	GCA_959600215.1	172733	d__Bacteria;p__Bacillota;c__Clostridia;o__Oscillospirales;f__Oscillospiraceae;g__CAG-170;s__CAG-170_sp900545925	SAMEA114121902	PRJEB63522	China	Asia	Human	gut	NA	High	yes	sp900545925
1273	GCA_937983695.1	3398208	165	37867	55.79125822	92.62	0.71	GCA_937983695.1	244328	d__Bacteria;p__Bacillota;c__Clostridia;o__Oscillospirales;f__Oscillospiraceae;g__CAG-170;s__CAG-170_sp900545925	SAMEA14085322	PRJEB51075	UK	Europe	Human	gut	NA	High	yes	sp900545925
1277	GCA_959021515.1	2600836	100	47104	60.75731034	93.23	1.01	GCA_959021515.1	172733	d__Bacteria;p__Bacillota;c__Clostridia;o__Oscillospirales;f__Oscillospiraceae;g__CAG-170;s__CAG-170_sp002404795	SAMEA114096498	PRJEB63337	China	Asia	Human	gut	NA	High	yes	sp002404795
1278	GCA_958454015.1	2761455	51	72173	58.17650478	93.96	1.41	GCA_958454015.1	172733	d__Bacteria;p__Bacillota;c__Clostridia;o__Oscillospirales;f__Oscillospiraceae;g__CAG-170;s__CAG-170_sp000436735	SAMEA114065258	PRJEB63158	China	Asia	Human	gut	NA	High	yes	sp000436735
1282	GCA_959608265.1	2332886	117	31295	57.02683286	94.68	1.03	GCA_959608265.1	172733	d__Bacteria;p__Bacillota;c__Clostridia;o__Oscillospirales;f__Oscillospiraceae;g__CAG-170;s__CAG-170_sp937967235	SAMEA114122547	PRJEB63522	China	Asia	Human	gut	NA	High	yes	sp937967235
1283	GCA_934834505.1	3071091	68	87594	55.97578174	93.62	2.35	GCA_934834505.1	77133	d__Bacteria;p__Bacillota;c__Clostridia;o__Oscillospirales;f__Oscillospiraceae;g__CAG-170;s__CAG-170_sp900545925	SAMEA13566583	PRJEB50699	NA	NA	Human	gut	NA	High	yes	sp900545925
1287	GCA_900760045.1	2479900	176	37852	58.7799508	93.96	1.68	GCA_900760045.1	707003	d__Bacteria;p__Bacillota;c__Clostridia;o__Oscillospirales;f__Oscillospiraceae;g__CAG-170;s__CAG-170_sp900548625	SAMEA5280169	PRJEB31003	USA	North America	Human	gut	NA	High	yes	sp900548625
1289	GCA_902803075.1	2325673	265	12102	60.54217424	92.93	2.35	GCA_902803075.1	2485925	d__Bacteria;p__Bacillota;c__Clostridia;o__Oscillospirales;f__Oscillospiraceae;g__CAG-170;s__CAG-170_sp902803075	SAMEA6152974	PRJEB31266	UK	Europe	Cattle	rumen	NA	High	yes	sp902803075
1290	GCA_958348325.1	2355561	82	46200	58.87272713	91.88	0.67	GCA_958348325.1	344338	d__Bacteria;p__Bacillota;c__Clostridia;o__Oscillospirales;f__Oscillospiraceae;g__CAG-170;s__CAG-170_sp000432135	SAMEA114060848	PRJEB62838	NA	NA	Human	gut	NA	High	yes	sp000432135
1294	GCA_959604905.1	2022615	78	35462	59.27475076	91.61	0	GCA_959604905.1	344338	d__Bacteria;p__Bacillota;c__Clostridia;o__Oscillospirales;f__Oscillospiraceae;g__CAG-170;s__CAG-170_sp000432135	SAMEA114122851	PRJEB63522	China	Asia	Human	gut	NA	High	yes	sp000432135
1295	GCA_934656025.1	2204398	180	18342	57.24193181	90.85	2.35	GCA_934656025.1	707003	d__Bacteria;p__Bacillota;c__Clostridia;o__Oscillospirales;f__Oscillospiraceae;g__CAG-170;s__CAG-170_sp900549635	SAMEA13499820	PRJEB49206	USA	North America	Human	gut	NA	High	yes	sp900549635
1298	GCA_937930795.1	2828304	245	17073	59.75231093	94.63	1.01	GCA_937930795.1	244328	d__Bacteria;p__Bacillota;c__Clostridia;o__Oscillospirales;f__Oscillospiraceae;g__CAG-170;s__CAG-170_sp002404795	SAMEA14085944	PRJEB51075	USA	North America	Human	gut	NA	High	yes	sp002404795
1302	GCA_037370845.1	2243029	41	92111	58.69665528	90.6	3.19	GCA_037370845.1	1869227	d__Bacteria;p__Bacillota;c__Clostridia;o__Oscillospirales;f__Oscillospiraceae;g__CAG-170;s__CAG-170_sp000436735	SAMN37829536	PRJNA947377	Germany	Europe	Human	gut	Essen	High	yes	sp000436735
1305	GCA_959602525.1	3679702	76	79795	55.28765645	95.3	1.34	GCA_959602525.1	172733	d__Bacteria;p__Bacillota;c__Clostridia;o__Oscillospirales;f__Oscillospiraceae;g__CAG-170;s__CAG-170_sp900545925	SAMEA114122578	PRJEB63522	China	Asia	Human	gut	NA	High	yes	sp900545925
1306	GCA_963655675.1	2706697	143	33837	60.19336483	93.29	1.12	GCA_963655675.1	2212467	d__Bacteria;p__Bacillota;c__Clostridia;o__Oscillospirales;f__Oscillospiraceae;g__CAG-170;s__CAG-170_sp002404795	SAMEA114585032	PRJEB68160	Cote_d'Ivoire	Africa	Chimpanzee	gut	NA	High	yes	sp002404795
1311	GCA_958433415.1	2965123	89	60121	57.78839529	90.6	1.57	GCA_958433415.1	344338	d__Bacteria;p__Bacillota;c__Clostridia;o__Oscillospirales;f__Oscillospiraceae;g__CAG-170;s__CAG-170_sp000432135	SAMEA114065001	PRJEB63158	China	Asia	Human	gut	NA	High	yes	sp000432135
1315	GCA_934836415.1	2656561	222	19189	56.45902479	90.44	2.01	GCA_934836415.1	77133	d__Bacteria;p__Bacillota;c__Clostridia;o__Oscillospirales;f__Oscillospiraceae;g__CAG-170;s__CAG-170_sp900545925	SAMEA13566607	PRJEB50699	NA	NA	Human	gut	NA	High	yes	sp900545925
1316	GCA_963603085.1	3047521	77	79588	55.87908992	92.62	1.01	GCA_963603085.1	2212467	d__Bacteria;p__Bacillota;c__Clostridia;o__Oscillospirales;f__Oscillospiraceae;g__CAG-170;s__CAG-170_sp900545925	SAMEA114584340	PRJEB68160	Cote_d'Ivoire	Africa	Chimpanzee	gut	NA	High	yes	sp900545925
1319	GCA_934645325.1	2318128	60	86259	59.33542065	92.95	2.01	GCA_934645325.1	707003	d__Bacteria;p__Bacillota;c__Clostridia;o__Oscillospirales;f__Oscillospiraceae;g__CAG-170;s__CAG-170_sp902796245	SAMEA13494352	PRJEB49206	Nepal	Asia	Human	gut	NA	High	yes	sp902796245
1321	GCA_958438275.1	2710459	216	18317	58.48566608	91.56	2.01	GCA_958438275.1	172733	d__Bacteria;p__Bacillota;c__Clostridia;o__Oscillospirales;f__Oscillospiraceae;g__CAG-170;s__CAG-170_sp000436735	SAMEA114060852	PRJEB62838	NA	NA	Human	gut	NA	High	yes	sp000436735
1323	GCA_959609015.1	2228339	74	53238	57.06600297	92	0.67	GCA_959609015.1	172733	d__Bacteria;p__Bacillota;c__Clostridia;o__Oscillospirales;f__Oscillospiraceae;g__CAG-170;s__CAG-170_sp937967235	SAMEA114122064	PRJEB63522	China	Asia	Human	gut	NA	High	yes	sp937967235
1324	GCA_958447925.1	3635890	50	153100	55.52976025	93.96	1.68	GCA_958447925.1	172733	d__Bacteria;p__Bacillota;c__Clostridia;o__Oscillospirales;f__Oscillospiraceae;g__CAG-170;s__CAG-170_sp900545925	SAMEA114062677	PRJEB62692	China	Asia	Human	gut	NA	High	yes	sp900545925
1326	GCA_036832085.1	2148496	55	76746	59.10586809	94.57	1.34	GCA_036832085.1	2485925	d__Bacteria;p__Bacillota;c__Clostridia;o__Oscillospirales;f__Oscillospiraceae;g__CAG-170;s__CAG-170_sp900548625	SAMN28751097	PRJNA843551	NA	NA	Human	gut	NA	High	yes	sp900548625
1328	GCA_934655825.1	1779479	182	15940	57.91498523	93.46	1.06	GCA_934655825.1	707003	d__Bacteria;p__Bacillota;c__Clostridia;o__Oscillospirales;f__Oscillospiraceae;g__CAG-170;s__CAG-170_sp003516765	SAMEA13502563	PRJEB49206	Nepal	Asia	Human	gut	NA	High	yes	sp003516765
1329	GCA_029007455.1	2210922	133	24014	59.51403984	91.97	4.14	GCA_029007455.1	1879010	d__Bacteria;p__Bacillota;c__Clostridia;o__Oscillospirales;f__Oscillospiraceae;g__CAG-170;s__CAG-170_sp000436735	SAMN32798822	PRJNA857725	Canada	North America	Pig	gut	Lacombe	High	yes	sp000436735
1330	GCA_934643315.1	2553376	92	59465	58.32818982	95.97	1.34	GCA_934643315.1	707003	d__Bacteria;p__Bacillota;c__Clostridia;o__Oscillospirales;f__Oscillospiraceae;g__CAG-170;s__CAG-170_sp900548625	SAMEA13486114	PRJEB49206	Tanzania	Africa	Human	gut	NA	High	yes	sp900548625
1331	GCA_037249425.1	2295164	116	32017	56.58013981	90.5	0.67	GCA_037249425.1	1869227	d__Bacteria;p__Bacillota;c__Clostridia;o__Oscillospirales;f__Oscillospiraceae;g__CAG-170;s__CAG-170_sp900545925	SAMN37825422	PRJNA947377	Germany	Europe	Human	gut	Essen	High	yes	sp900545925
1333	GCA_934646185.1	2885953	79	71909	59.22428397	94.63	2.75	GCA_934646185.1	707003	d__Bacteria;p__Bacillota;c__Clostridia;o__Oscillospirales;f__Oscillospiraceae;g__CAG-170;s__CAG-170_sp934646185	SAMEA13483382	PRJEB49206	Tanzania	Africa	Human	gut	NA	High	yes	sp934646185
1335	GCA_905201695.1	1879916	106	26435	57.67502378	90.46	0	GCA_905201695.1	172733	d__Bacteria;p__Bacillota;c__Clostridia;o__Oscillospirales;f__Oscillospiraceae;g__CAG-170;s__CAG-170_sp003516765	SAMEA7848190	PRJEB37358	Spain	Europe	Human	gut	NA	High	yes	sp003516765
1339	GCA_037240115.1	2401406	146	24633	61.01375611	94.19	1.91	GCA_037240115.1	1869227	d__Bacteria;p__Bacillota;c__Clostridia;o__Oscillospirales;f__Oscillospiraceae;g__CAG-170;s__CAG-170_sp002404795	SAMN37825166	PRJNA947377	Germany	Europe	Human	gut	Essen	High	yes	sp002404795
1345	GCA_963631305.1	2692733	88	57390	56.13547039	95.3	1.68	GCA_963631305.1	216816	d__Bacteria;p__Bacillota;c__Clostridia;o__Oscillospirales;f__Oscillospiraceae;g__CAG-170;s__CAG-170_sp003516765	SAMEA114581790	PRJEB68160	Denmark	Europe	Human	gut	NA	High	yes	sp003516765
1346	GCA_934630675.1	1990039	207	14709	59.75350232	95	2.01	GCA_934630675.1	707003	d__Bacteria;p__Bacillota;c__Clostridia;o__Oscillospirales;f__Oscillospiraceae;g__CAG-170;s__CAG-170_sp900548625	SAMEA13488857	PRJEB49206	Tanzania	Africa	Human	gut	NA	High	yes	sp900548625
1349	GCA_041329155.1	3003407	11	322940	55.26217392	93.96	1.34	GCA_041329155.1	2485925	d__Bacteria;p__Bacillota;c__Clostridia;o__Oscillospirales;f__Oscillospiraceae;g__CAG-170;s__CAG-170_sp937967235	SAMN43071555	PRJNA1052403	China	Asia	Human	gut	Beijing	High	yes	sp937967235
1351	GCA_037297425.1	2250416	145	22192	61.4747229	92.85	0	GCA_037297425.1	1869227	d__Bacteria;p__Bacillota;c__Clostridia;o__Oscillospirales;f__Oscillospiraceae;g__CAG-170;s__CAG-170_sp002404795	SAMN37826705	PRJNA947377	Germany	Europe	Human	gut	Essen	High	yes	sp002404795
1352	GCA_018369445.1	2130795	51	55182	57.01665341	94.63	1.34	GCA_018369445.1	1879010	d__Bacteria;p__Bacillota;c__Clostridia;o__Oscillospirales;f__Oscillospiraceae;g__CAG-170;s__CAG-170_sp937967235	SAMN17800706	PRJNA698986	USA	North America	Human	gut	Pittsburgh_Magee-Womens_Hospital_of_UPMC	High	yes	sp937967235
1354	GCA_934842085.1	2947418	110	114035	55.84413646	93.96	2.01	GCA_934842085.1	77133	d__Bacteria;p__Bacillota;c__Clostridia;o__Oscillospirales;f__Oscillospiraceae;g__CAG-170;s__CAG-170_sp900545925	SAMEA13566464	PRJEB50699	NA	NA	Human	gut	NA	High	yes	sp900545925
1355	GCA_958405105.1	3077894	136	39724	56.09686363	92.06	2.2	GCA_958405105.1	172733	d__Bacteria;p__Bacillota;c__Clostridia;o__Oscillospirales;f__Oscillospiraceae;g__CAG-170;s__CAG-170_sp900545925	SAMEA114061081	PRJEB62838	NA	NA	Human	gut	NA	High	yes	sp900545925
1359	GCA_900753185.1	3191787	383	16251	56.23893449	90.72	1.72	GCA_900753185.1	707003	d__Bacteria;p__Bacillota;c__Clostridia;o__Oscillospirales;f__Oscillospiraceae;g__CAG-170;s__CAG-170_sp900545925	SAMEA5280173	PRJEB31003	Denmark	Europe	Human	gut	NA	High	yes	sp900545925
1362	GCA_902465505.1	2390173	51	84291	58.68579387	95.97	1.34	GCA_902465505.1	344338	d__Bacteria;p__Bacillota;c__Clostridia;o__Oscillospirales;f__Oscillospiraceae;g__CAG-170;s__CAG-170_sp900548625	SAMEA5850243	PRJEB33885	NA	NA	Human	gut	NA	High	yes	sp900548625
1363	GCA_958404015.1	2903945	103	54745	55.9601852	93.96	1.01	GCA_958404015.1	172733	d__Bacteria;p__Bacillota;c__Clostridia;o__Oscillospirales;f__Oscillospiraceae;g__CAG-170;s__CAG-170_sp900545925	SAMEA114064407	PRJEB62824	Sweden	Europe	Human	gut	NA	High	yes	sp900545925
1365	GCA_958352825.1	3220724	113	66683	57.29072097	92.95	2.01	GCA_958352825.1	172733	d__Bacteria;p__Bacillota;c__Clostridia;o__Oscillospirales;f__Oscillospiraceae;g__CAG-170;s__CAG-170_sp000436735	SAMEA114061973	PRJEB62825	China	Asia	Cattle	gut	NA	High	yes	sp000436735
1366	GCA_934621555.1	1857584	288	9173	57.80573045	90.52	1.01	GCA_934621555.1	707003	d__Bacteria;p__Bacillota;c__Clostridia;o__Oscillospirales;f__Oscillospiraceae;g__CAG-170;s__CAG-170_sp003516765	SAMEA13505306	PRJEB49206	Tanzania	Africa	Human	gut	NA	High	yes	sp003516765
1367	GCA_037326735.1	2240781	79	43308	58.74634781	93.29	1.34	GCA_037326735.1	1869227	d__Bacteria;p__Bacillota;c__Clostridia;o__Oscillospirales;f__Oscillospiraceae;g__CAG-170;s__CAG-170_sp000436735	SAMN37828008	PRJNA947377	Germany	Europe	Human	gut	Essen	High	yes	sp000436735
1368	GCA_934841485.1	3123807	107	115494	55.79334508	93.96	2.68	GCA_934841485.1	77133	d__Bacteria;p__Bacillota;c__Clostridia;o__Oscillospirales;f__Oscillospiraceae;g__CAG-170;s__CAG-170_sp900545925	SAMEA13566248	PRJEB50699	NA	NA	Human	gut	NA	High	yes	sp900545925
1369	GCA_900545925.1	3215858	82	73001	55.78162966	94.63	1.01	GCA_900545925.1	172733	d__Bacteria;p__Bacillota;c__Clostridia;o__Oscillospirales;f__Oscillospiraceae;g__CAG-170;s__CAG-170_sp900545925	SAMEA4891479	PRJEB26432	NA	NA	Human	gut	NA	High	yes	sp900545925
1370	GCA_037377625.1	3039505	183	36127	55.95467025	92.83	0.67	GCA_037377625.1	1869227	d__Bacteria;p__Bacillota;c__Clostridia;o__Oscillospirales;f__Oscillospiraceae;g__CAG-170;s__CAG-170_sp900545925	SAMN37829327	PRJNA947377	Germany	Europe	Human	gut	Essen	High	yes	sp900545925
1371	GCA_934646315.1	2254009	99	40774	61.45876081	93.59	0.67	GCA_934646315.1	707003	d__Bacteria;p__Bacillota;c__Clostridia;o__Oscillospirales;f__Oscillospiraceae;g__CAG-170;s__CAG-170_sp002404795	SAMEA13488869	PRJEB49206	Nepal	Asia	Human	gut	NA	High	yes	sp002404795
1372	GCA_937967235.1	2969145	271	16005	55.91677065	94.23	2.01	GCA_937967235.1	244328	d__Bacteria;p__Bacillota;c__Clostridia;o__Oscillospirales;f__Oscillospiraceae;g__CAG-170;s__CAG-170_sp937967235	SAMEA14083695	PRJEB51075	China	Asia	Human	gut	NA	High	yes	sp937967235
1376	GCA_036549755.1	3171767	145	50559	57.72391225	94.63	1.01	GCA_036549755.1	2485925	d__Bacteria;p__Bacillota;c__Clostridia;o__Oscillospirales;f__Oscillospiraceae;g__CAG-170;s__CAG-170_sp000432135	SAMN38021969	PRJNA964705	USA	North America	Human	gut	Marshfield_WI	High	yes	sp000432135
1380	GCA_004556885.1	2396985	110	32437	61.54035173	97.32	1.82	GCA_004556885.1	1898207	d__Bacteria;p__Bacillota;c__Clostridia;o__Oscillospirales;f__Oscillospiraceae;g__CAG-170;s__CAG-170_sp002404795	SAMN10183744	PRJNA494875	Canada	North America	Wild boar	gut	Edmonton	High	yes	sp002404795
1381	GCA_029226425.1	2221644	245	11647	61.68873141	92.15	4.65	GCA_029226425.1	1898207	d__Bacteria;p__Bacillota;c__Clostridia;o__Oscillospirales;f__Oscillospiraceae;g__CAG-170;s__CAG-170_sp002404795	SAMN32799241	PRJNA857725	Canada	North America	Pig	gut	Lacombe	High	yes	sp002404795
1382	GCA_036831225.1	3040794	94	60855	57.77402174	94.63	4.7	GCA_036831225.1	2485925	d__Bacteria;p__Bacillota;c__Clostridia;o__Oscillospirales;f__Oscillospiraceae;g__CAG-170;s__CAG-170_sp000432135	SAMN28750631	PRJNA843551	NA	NA	Human	gut	NA	High	yes	sp000432135
1384	GCA_004554725.1	2055966	117	25266	61.83015672	90.6	0.67	GCA_004554725.1	1898207	d__Bacteria;p__Bacillota;c__Clostridia;o__Oscillospirales;f__Oscillospiraceae;g__CAG-170;s__CAG-170_sp002404795	SAMN10183793	PRJNA494875	Canada	North America	Wild boar	gut	Edmonton	High	yes	sp002404795
1387	GCA_958436705.1	3063780	35	200806	57.37647612	95.3	2.01	GCA_958436705.1	344338	d__Bacteria;p__Bacillota;c__Clostridia;o__Oscillospirales;f__Oscillospiraceae;g__CAG-170;s__CAG-170_sp000432135	SAMEA114066053	PRJEB63161	China	Asia	Human	gut	NA	High	yes	sp000432135
1390	GCA_037315605.1	2058142	342	7669	61.89849874	91.66	2.85	GCA_037315605.1	1869227	d__Bacteria;p__Bacillota;c__Clostridia;o__Oscillospirales;f__Oscillospiraceae;g__CAG-170;s__CAG-170_sp002404795	SAMN37827292	PRJNA947377	Germany	Europe	Human	gut	Essen	High	yes	sp002404795
1391	GCA_934630615.1	2302016	73	51076	58.82695863	93.29	2.01	GCA_934630615.1	707003	d__Bacteria;p__Bacillota;c__Clostridia;o__Oscillospirales;f__Oscillospiraceae;g__CAG-170;s__CAG-170_sp000432135	SAMEA13513548	PRJEB49206	USA	North America	Human	gut	NA	High	yes	sp000432135
1393	GCA_958346665.1	2338367	135	24364	59.06232854	93.29	1.01	GCA_958346665.1	344338	d__Bacteria;p__Bacillota;c__Clostridia;o__Oscillospirales;f__Oscillospiraceae;g__CAG-170;s__CAG-170_sp000432135	SAMEA114060530	PRJEB62833	NA	NA	Human	gut	NA	High	yes	sp000432135
1394	GCA_963660785.1	3385966	174	35293	55.95768606	92.74	3.02	GCA_963660785.1	460511	d__Bacteria;p__Bacillota;c__Clostridia;o__Oscillospirales;f__Oscillospiraceae;g__CAG-170;s__CAG-170_sp900545925	SAMEA114588843	PRJEB68160	Cote_d'Ivoire	Africa	Human	gut	NA	High	yes	sp900545925
1397	GCA_037370025.1	2125309	257	12547	62.0186994	94.44	1.34	GCA_037370025.1	1869227	d__Bacteria;p__Bacillota;c__Clostridia;o__Oscillospirales;f__Oscillospiraceae;g__CAG-170;s__CAG-170_sp002404795	SAMN37829578	PRJNA947377	Germany	Europe	Human	gut	Essen	High	yes	sp002404795
1398	GCA_905187775.1	2395539	91	40641	58.74343937	91.09	0.67	GCA_905187775.1	344338	d__Bacteria;p__Bacillota;c__Clostridia;o__Oscillospirales;f__Oscillospiraceae;g__CAG-170;s__CAG-170_sp000432135	SAMEA7847831	PRJEB37358	Spain	Europe	Human	gut	NA	High	yes	sp000432135
1405	GCA_958438215.1	2690566	119	35018	56.33316559	91.95	0.67	GCA_958438215.1	172733	d__Bacteria;p__Bacillota;c__Clostridia;o__Oscillospirales;f__Oscillospiraceae;g__CAG-170;s__CAG-170_sp900545925	SAMEA114060790	PRJEB62833	NA	NA	Human	gut	NA	High	yes	sp900545925
1406	GCA_902475165.1	1981843	136	25383	60.36593211	91.38	0.67	GCA_902475165.1	172733	d__Bacteria;p__Bacillota;c__Clostridia;o__Oscillospirales;f__Oscillospiraceae;g__CAG-170;s__CAG-170_sp900553545	SAMEA5851538	PRJEB33885	China	Asia	Human	gut	NA	High	yes	sp900553545
1408	GCA_934835965.1	2670953	130	52797	56.26745515	92.15	1.01	GCA_934835965.1	77133	d__Bacteria;p__Bacillota;c__Clostridia;o__Oscillospirales;f__Oscillospiraceae;g__CAG-170;s__CAG-170_sp900545925	SAMEA13566413	PRJEB50699	NA	NA	Human	gut	NA	High	yes	sp900545925
1409	GCA_900549635.1	2169390	131	23106	57.29435463	91	1.9	GCA_900549635.1	172733	d__Bacteria;p__Bacillota;c__Clostridia;o__Oscillospirales;f__Oscillospiraceae;g__CAG-170;s__CAG-170_sp900549635	SAMEA4891853	PRJEB26432	NA	NA	Human	gut	NA	High	yes	sp900549635
1410	GCA_034088525.1	2135190	141	24233	59.2643746	91.28	2.68	GCA_034088525.1	2485925	d__Bacteria;p__Bacillota;c__Clostridia;o__Oscillospirales;f__Oscillospiraceae;g__CAG-170;s__CAG-170_sp000436735	SAMN37948501	PRJNA779404	Canada	North America	Pig	gut	Lacombe	High	yes	sp000436735
1411	GCA_037436665.1	2008903	107	30441	57.31765048	91.95	0.67	GCA_037436665.1	1869227	d__Bacteria;p__Bacillota;c__Clostridia;o__Oscillospirales;f__Oscillospiraceae;g__CAG-170;s__CAG-170_sp003516765	SAMN37831194	PRJNA947377	Germany	Europe	Human	gut	Essen	High	yes	sp003516765
1414	GCA_018265525.1	2203547	190	16444	59.47973644	91.81	2.01	GCA_018265525.1	2485925	d__Bacteria;p__Bacillota;c__Clostridia;o__Oscillospirales;f__Oscillospiraceae;g__CAG-170;s__CAG-170_sp000436735	SAMN14944927	PRJNA593787	Austria	Europe	Human	gut	Vienna	High	yes	sp000436735
1415	GCA_037269015.1	2223778	246	15440	61.74181955	91.16	1.34	GCA_037269015.1	1869227	d__Bacteria;p__Bacillota;c__Clostridia;o__Oscillospirales;f__Oscillospiraceae;g__CAG-170;s__CAG-170_sp002404795	SAMN37826009	PRJNA947377	Germany	Europe	Human	gut	Essen	High	yes	sp002404795
1420	GCA_021641925.1	2210055	209	17443	59.13218285	91.23	4	GCA_021641925.1	2485925	d__Bacteria;p__Bacillota;c__Clostridia;o__Oscillospirales;f__Oscillospiraceae;g__CAG-170;s__CAG-170_sp934668295	SAMN23483762	PRJNA678454	South_Africa	Africa	Human	gut	Bushbuckridge_Mpumalanga	High	yes	sp934668295
1421	GCA_959607435.1	3094037	72	71914	55.80608765	93.06	1.34	GCA_959607435.1	172733	d__Bacteria;p__Bacillota;c__Clostridia;o__Oscillospirales;f__Oscillospiraceae;g__CAG-170;s__CAG-170_sp900545925	SAMEA114095923	PRJEB63177	Malaysia	Asia	Human	gut	NA	High	yes	sp900545925
1424	GCA_037232415.1	2071554	133	24280	57.34033484	93.81	4.03	GCA_037232415.1	1869227	d__Bacteria;p__Bacillota;c__Clostridia;o__Oscillospirales;f__Oscillospiraceae;g__CAG-170;s__CAG-170_sp003516765	SAMN37824320	PRJNA947377	Germany	Europe	Human	gut	Essen	High	yes	sp003516765
1425	GCA_958351235.1	2821264	71	59574	56.08390424	92.39	0.36	GCA_958351235.1	172733	d__Bacteria;p__Bacillota;c__Clostridia;o__Oscillospirales;f__Oscillospiraceae;g__CAG-170;s__CAG-170_sp900545925	SAMEA114062798	PRJEB62820	Germany	Europe	Human	gut	NA	High	yes	sp900545925
1430	GCA_037324505.1	2199634	134	25168	59.16966186	90.37	1.34	GCA_037324505.1	1869227	d__Bacteria;p__Bacillota;c__Clostridia;o__Oscillospirales;f__Oscillospiraceae;g__CAG-170;s__CAG-170_sp000432135	SAMN37827676	PRJNA947377	Germany	Europe	Human	gut	Essen	High	yes	sp000432135
1431	GCA_905197215.1	2479057	218	20250	59.15475118	91.44	0.67	GCA_905197215.1	344338	d__Bacteria;p__Bacillota;c__Clostridia;o__Oscillospirales;f__Oscillospiraceae;g__CAG-170;s__CAG-170_sp000436735	SAMEA7847648	PRJEB37358	Denmark	Europe	Human	gut	NA	High	yes	sp000436735
1433	GCA_004555655.1	1970220	63	49057	59.5169575	95.41	1.34	GCA_004555655.1	1898207	d__Bacteria;p__Bacillota;c__Clostridia;o__Oscillospirales;f__Oscillospiraceae;g__CAG-170;s__CAG-170_sp004555655	SAMN10183766	PRJNA494875	Canada	North America	Wild boar	gut	Edmonton	High	yes	sp004555655
1438	GCA_905213545.1	2216807	85	35869	59.02146646	92.28	1.34	GCA_905213545.1	344338	d__Bacteria;p__Bacillota;c__Clostridia;o__Oscillospirales;f__Oscillospiraceae;g__CAG-170;s__CAG-170_sp900548625	SAMEA7848229	PRJEB37358	Spain	Europe	Human	gut	NA	High	yes	sp900548625
1439	GCA_959020755.1	3373332	44	169193	55.56091129	93.96	1.68	GCA_959020755.1	172733	d__Bacteria;p__Bacillota;c__Clostridia;o__Oscillospirales;f__Oscillospiraceae;g__CAG-170;s__CAG-170_sp900545925	SAMEA114096453	PRJEB63337	China	Asia	Human	gut	NA	High	yes	sp900545925
1440	GCA_902464685.1	2239520	251	13071	61.50693006	93.38	0	GCA_902464685.1	172733	d__Bacteria;p__Bacillota;c__Clostridia;o__Oscillospirales;f__Oscillospiraceae;g__CAG-170;s__CAG-170_sp002404795	SAMEA5850153	PRJEB33885	Germany	Europe	Human	gut	NA	High	yes	sp002404795
1442	GCA_934661135.1	2293390	202	21015	57.32461553	92.11	4.42	GCA_934661135.1	707003	d__Bacteria;p__Bacillota;c__Clostridia;o__Oscillospirales;f__Oscillospiraceae;g__CAG-170;s__CAG-170_sp934661135	SAMEA13477893	PRJEB49206	Tanzania	Africa	Human	gut	NA	High	yes	sp934661135
1444	GCA_959607995.1	1755284	176	13745	57.87787048	90.46	0.34	GCA_959607995.1	172733	d__Bacteria;p__Bacillota;c__Clostridia;o__Oscillospirales;f__Oscillospiraceae;g__CAG-170;s__CAG-170_sp003516765	SAMEA114122641	PRJEB63522	China	Asia	Human	gut	NA	High	yes	sp003516765
1445	GCA_945874875.1	2412592	123	39455	56.79799983	94.63	0.67	GCA_945874875.1	244328	d__Bacteria;p__Bacillota;c__Clostridia;o__Oscillospirales;f__Oscillospiraceae;g__CAG-170;s__CAG-170_sp003516765	SAMEA110403187	PRJEB53025	China	Asia	Pig	gut	NA	High	yes	sp003516765
1447	GCA_022781885.1	2282612	91	34625	61.11669438	91.95	1.34	GCA_022781885.1	1898207	d__Bacteria;p__Bacillota;c__Clostridia;o__Oscillospirales;f__Oscillospiraceae;g__CAG-170;s__CAG-170_sp002404795	SAMN26525528	PRJNA629856	Canada	North America	Pig	gut	Lacombe	High	yes	sp002404795
1448	GCA_036809455.1	2655023	183	23019	58.71394478	92.26	1.51	GCA_036809455.1	2485925	d__Bacteria;p__Bacillota;c__Clostridia;o__Oscillospirales;f__Oscillospiraceae;g__CAG-170;s__CAG-170_sp000432135	SAMN28749734	PRJNA843551	NA	NA	Human	gut	NA	High	yes	sp000432135
1449	GCA_900548625.1	2249943	88	35869	59.05811836	93.96	2.01	GCA_900548625.1	172733	d__Bacteria;p__Bacillota;c__Clostridia;o__Oscillospirales;f__Oscillospiraceae;g__CAG-170;s__CAG-170_sp900548625	SAMEA4891754	PRJEB26432	NA	NA	Human	gut	NA	High	yes	sp900548625
1454	GCA_958448855.1	3122487	128	51239	57.51008731	93.57	1.68	GCA_958448855.1	344338	d__Bacteria;p__Bacillota;c__Clostridia;o__Oscillospirales;f__Oscillospiraceae;g__CAG-170;s__CAG-170_sp000432135	SAMEA114061961	PRJEB62825	China	Asia	Cattle	gut	NA	High	yes	sp000432135
1458	GCA_000436735.1	2460168	375	10590	58.68613765	92	1.34	GCA_000436735.1	1263006	d__Bacteria;p__Bacillota;c__Clostridia;o__Oscillospirales;f__Oscillospiraceae;g__CAG-170;s__CAG-170_sp000436735	SAMEA3138721	PRJEB739	NA	NA	Human	gut	NA	High	yes	sp000436735
1460	GCA_037338205.1	2081108	83	38590	57.35454383	94.38	1.63	GCA_037338205.1	1869227	d__Bacteria;p__Bacillota;c__Clostridia;o__Oscillospirales;f__Oscillospiraceae;g__CAG-170;s__CAG-170_sp003516765	SAMN37828409	PRJNA947377	Germany	Europe	Human	gut	Essen	High	yes	sp003516765
1462	GCA_958440795.1	2475124	98	37985	60.60819579	94.63	1.01	GCA_958440795.1	172733	d__Bacteria;p__Bacillota;c__Clostridia;o__Oscillospirales;f__Oscillospiraceae;g__CAG-170;s__CAG-170_sp002404795	SAMEA114062721	PRJEB62820	Germany	Europe	Human	gut	NA	High	yes	sp002404795
1464	GCA_022770025.1	1960737	228	11525	59.2583299	91.29	3.66	GCA_022770025.1	1898207	d__Bacteria;p__Bacillota;c__Clostridia;o__Oscillospirales;f__Oscillospiraceae;g__CAG-170;s__CAG-170_sp004555655	SAMN26525243	PRJNA629856	Canada	North America	Pig	gut	Lacombe	High	yes	sp004555655
1465	GCA_029012045.1	1854526	120	23988	57.68261	92.22	1.01	GCA_029012045.1	1898207	d__Bacteria;p__Bacillota;c__Clostridia;o__Oscillospirales;f__Oscillospiraceae;g__CAG-170;s__CAG-170_sp003516765	SAMN32798913	PRJNA857725	Canada	North America	Pig	gut	Lacombe	High	yes	sp003516765
1467	GCA_037248705.1	2109012	344	8503	61.82842962	90.38	0.67	GCA_037248705.1	1869227	d__Bacteria;p__Bacillota;c__Clostridia;o__Oscillospirales;f__Oscillospiraceae;g__CAG-170;s__CAG-170_sp002404795	SAMN37825459	PRJNA947377	Germany	Europe	Human	gut	Essen	High	yes	sp002404795
1470	GCA_016297855.1	1825811	187	14603	56.98136335	91.43	2.68	GCA_016297855.1	2485925	d__Bacteria;p__Bacillota;c__Clostridia;o__Oscillospirales;f__Oscillospiraceae;g__CAG-170;s__CAG-170_sp016297855	SAMN16927241	PRJNA647157	China	Asia	Pig	gut	Xizang	High	yes	sp016297855
1476	S72204A_bin_4	1951146	216	12793	-	91.49	1.51	CNA0009305	-	d__Bacteria.p__Firmicutes.c__Clostridia.o__Clostridiales	CNS0178507	CNP0000824	China	Asia	Pig	gut	NA	High	yes	NA
1477	S93310B_bin_18	2303753	262	12419	-	92.41	2.48	CNA0009392	-	d__Bacteria.p__Firmicutes.c__Clostridia.o__Clostridiales	CNS0178513	CNP0000824	China	Asia	Pig	gut	NA	High	yes	NA
1483	LW1-s151260_bin_10	2561514	61	60206	-	98.66	1.34	CNA0011060	-	d__Bacteria.p__Firmicutes.c__Clostridia.o__Clostridiales	CNS0178583	CNP0000824	China	Asia	Pig	gut	NA	High	yes	NA
1484	LW2-s126572_bin_26	2035065	193	17519	-	96.77	2.48	CNA0011141	-	d__Bacteria.p__Firmicutes.c__Clostridia.o__Clostridiales	CNS0178592	CNP0000824	China	Asia	Pig	gut	NA	High	yes	NA
1485	LW2-s127530_bin_14	2135236	86	48134	-	96.29	1.34	CNA0011250	-	d__Bacteria.p__Firmicutes.c__Clostridia.o__Clostridiales	CNS0178599	CNP0000824	China	Asia	Pig	gut	NA	High	yes	NA
1487	W4950_bin_7	2431166	197	17953	-	94.63	0.73	CNA0012609	-	d__Bacteria.p__Firmicutes.c__Clostridia.o__Clostridiales	CNS0178933	CNP0000824	China	Asia	Pig	gut	NA	High	yes	sp002404795
1490	GCA_916988195.3_POC01_20211130	3213277	78	93582	55.3	94.63	1.48	GCA_916988195.3	-	d__Bacteria;p__Bacillota_A;c__Clostridia;o__Oscillospirales;f__Oscillospiraceae	SAMEA9990741	PRJEB47943	France	Europe	Human	gut	NA	High	yes	sp900549635