Row_no	Genome	Length	N_contigs	N50	GC_content	Completeness	Contamination	Genome_accession	Species_rep	Lineage	Sample_accession	Study_accession	Country	Continent	Animal	Isolation_source	City	CheckM_quality	GUNC_pass	Species	Source
1	MGYG000305704	1489011	188	9119	62.16	60.96	1.3	CAMNJV01	MGYG000305704	d__Bacteria;p__Bacillota_A;c__Clostridia;o__Oscillospirales;f__Oscillospiraceae;g__CAG-170;s__CAG-170_sp902803075	SAMEA110744852	PRJEB22623	New_Zealand	Oceania	Pig	rumen	NA	Medium	yes	sp902803075	MGnify
2	MGYG000299717	1740879	293	6783	62.37	75.44	1.01	CALYOB01	MGYG000301158	d__Bacteria;p__Firmicutes_A;c__Clostridia;o__Oscillospirales;f__Oscillospiraceae;g__CAG-170;s__CAG-170_sp002404795	ERS12369504	ERP137239	Italy	Europe	Pig	gut	NA	Medium	yes	sp002404795	MGnify
3	MGYG000300237	2401827	248	12657	58.85	86.32	4.59	CALZPD01	MGYG000302239	d__Bacteria;p__Firmicutes_A;c__Clostridia;o__Oscillospirales;f__Oscillospiraceae;g__CAG-170;s__CAG-170_sp000436735	ERS12458017	ERP137378	Germany	Europe	Pig	gut	NA	Medium	yes	sp000436735	MGnify
4	MGYG000300246	2040412	218	12002	61.91	89.69	0.67	CALZPM01	MGYG000301158	d__Bacteria;p__Firmicutes_A;c__Clostridia;o__Oscillospirales;f__Oscillospiraceae;g__CAG-170;s__CAG-170_sp002404795	ERS12458062	ERP137378	Germany	Europe	Pig	gut	NA	Medium	yes	sp002404795	MGnify
5	MGYG000300906	2387734	247	12657	58.88	86.32	4.59	CAMBCT01	MGYG000302239	d__Bacteria;p__Firmicutes_A;c__Clostridia;o__Oscillospirales;f__Oscillospiraceae;g__CAG-170;s__CAG-170_sp000436735	ERS12500411	ERP137406	Germany	Europe	Pig	gut	NA	Medium	yes	sp000436735	MGnify
6	MGYG000301121	1959585	223	11291	62.17	88.81	0.67	CAMBRE01	MGYG000301158	d__Bacteria;p__Firmicutes_A;c__Clostridia;o__Oscillospirales;f__Oscillospiraceae;g__CAG-170;s__CAG-170_sp002404795	ERS12501469	ERP137783	China	Asia	Pig	gut	NA	Medium	yes	sp002404795	MGnify
7	MGYG000301158	2047050	220	12002	61.9	89.69	0.67	CAMBUB01	MGYG000301158	d__Bacteria;p__Firmicutes_A;c__Clostridia;o__Oscillospirales;f__Oscillospiraceae;g__CAG-170;s__CAG-170_sp002404795	ERS12500371	ERP137406	Germany	Europe	Pig	gut	NA	Medium	yes	sp002404795	MGnify
8	MGYG000301360	2412592	123	39455	56.8	94.63	0.67	CAMCHU01	MGYG000301360	d__Bacteria;p__Firmicutes_A;c__Clostridia;o__Oscillospirales;f__Oscillospiraceae;g__CAG-170;s__CAG-170_sp003516765	ERS12501379	ERP137783	China	Asia	Pig	gut	NA	High	yes	sp003516765	MGnify
9	MGYG000301454	1756682	246	8265	59.54	84.34	2.68	CAMCMX01	MGYG000301861	d__Bacteria;p__Firmicutes_A;c__Clostridia;o__Oscillospirales;f__Oscillospiraceae;g__CAG-170;s__CAG-170_sp004555655	ERS12501483	ERP137783	China	Asia	Pig	gut	NA	Medium	yes	sp004555655	MGnify
10	MGYG000301479	1691995	188	11324	60.75	82.58	1.01	CAMCOO01	MGYG000301479	d__Bacteria;p__Firmicutes_A;c__Clostridia;o__Oscillospirales;f__Oscillospiraceae;g__CAG-170;s__CAG-170_sp900553545	ERS12501359	ERP137783	China	Asia	Pig	gut	NA	Medium	yes	sp900553545	MGnify
11	MGYG000301662	1821279	116	23735	57.73	93.4	0.84	CAMDXW01	MGYG000301360	d__Bacteria;p__Firmicutes_A;c__Clostridia;o__Oscillospirales;f__Oscillospiraceae;g__CAG-170;s__CAG-170_sp003516765	ERS12510235	ERP138410	China	Asia	Pig	gut	NA	High	yes	sp003516765	MGnify
12	MGYG000301729	1872113	230	9676	62.27	84.79	2.01	CAMEAS01	MGYG000301158	d__Bacteria;p__Firmicutes_A;c__Clostridia;o__Oscillospirales;f__Oscillospiraceae;g__CAG-170;s__CAG-170_sp002404795	ERS12510149	ERP138410	China	Asia	Pig	gut	NA	Medium	yes	sp002404795	MGnify
13	MGYG000301861	2649476	103	45587	58.09	97.99	0.67	CAMEGK01	MGYG000301861	d__Bacteria;p__Firmicutes_A;c__Clostridia;o__Oscillospirales;f__Oscillospiraceae;g__CAG-170;s__CAG-170_sp004555655	ERS12512895	ERP137700	France	Europe	Pig	gut	NA	High	yes	sp004555655	MGnify
14	MGYG000302239	2182654	103	31866	59.47	88.66	2.01	CAMEWK01	MGYG000302239	d__Bacteria;p__Firmicutes_A;c__Clostridia;o__Oscillospirales;f__Oscillospiraceae;g__CAG-170;s__CAG-170_sp000436735	ERS12510022	ERP138410	China	Asia	Pig	gut	NA	Medium	yes	sp000436735	MGnify
15	MGYG000302830	1947621	262	9506	62.19	86.39	0.67	CAMGAS01	MGYG000301158	d__Bacteria;p__Firmicutes_A;c__Clostridia;o__Oscillospirales;f__Oscillospiraceae;g__CAG-170;s__CAG-170_sp002404795	ERS12523284	ERP137805	Germany	Europe	Pig	gut	NA	Medium	yes	sp002404795	MGnify
16	MGYG000302872	1454821	299	5074	57.57	58.22	0.34	CAMGCJ01	MGYG000301360	d__Bacteria;p__Firmicutes_A;c__Clostridia;o__Oscillospirales;f__Oscillospiraceae;g__CAG-170;s__CAG-170_sp003516765	ERS12523243	ERP137805	Germany	Europe	Pig	gut	NA	Medium	yes	sp003516765	MGnify
17	MGYG000303012	1768932	285	7260	62.21	74.86	0.22	CAMGLA01	MGYG000301158	d__Bacteria;p__Firmicutes_A;c__Clostridia;o__Oscillospirales;f__Oscillospiraceae;g__CAG-170;s__CAG-170_sp002404795	ERS12544558	ERP138444	China	Asia	Pig	gut	NA	Medium	yes	sp002404795	MGnify
18	MGYG000303269	2283406	291	10564	60.9	88.85	1.51	CAMJXF01	MGYG000301158	d__Bacteria;p__Firmicutes_A;c__Clostridia;o__Oscillospirales;f__Oscillospiraceae;g__CAG-170;s__CAG-170_sp002404795	ERS12751226	ERP139819	NA	NA	Pig	gut	NA	Medium	yes	sp002404795	MGnify
19	MGYG000303525	2426133	222	17988	52.75	87.53	1.51	GCA_016296635	MGYG000303525	d__Bacteria;p__Firmicutes_A;c__Clostridia;o__Oscillospirales;f__Oscillospiraceae;g__CAG-170;s__CAG-170_sp016296635	SAMN16927322	SRP272619	China	Asia	Pig	gut	NA	Medium	yes	sp016296635	MGnify
20	MGYG000303586	1825811	187	14603	56.98	91.43	2.68	GCA_016297855	MGYG000303586	d__Bacteria;p__Firmicutes_A;c__Clostridia;o__Oscillospirales;f__Oscillospiraceae;g__CAG-170;s__CAG-170_sp016297855	SAMN16927241	SRP272619	China	Asia	Pig	gut	NA	High	yes	sp016297855	MGnify
21	MGYG000299607	1731095	298	6551	62.27	60.58	0	CAMTHA01	MGYG000299607	d__Bacteria;p__Firmicutes_A;c__Clostridia;o__Oscillospirales;f__Oscillospiraceae;g__CAG-170;s__CAG-170_sp002404795	SAMEA111477129	ERP141352	France	Europe	Trout	gut	NA	Medium	yes	sp002404795	MGnify
22	MGYG000323165	2261932	203	16134	59.1	90.69	0.81	CAMQHP01	MGYG000323165	d__Bacteria;p__Bacillota_A;c__Clostridia;o__Oscillospirales;f__Oscillospiraceae;g__CAG-170;s__CAG-170_sp000432135	SAMEA111396807	ERP140532	USA	North America	Mouse	gut	NA	High	yes	sp000432135	MGnify
23	MGYG000323316	2371961	359	7957	59.02	87.91	1.4	CAMQNQ01	MGYG000323316	d__Bacteria;p__Bacillota_A;c__Clostridia;o__Oscillospirales;f__Oscillospiraceae;g__CAG-170;s__CAG-170_sp900553545	SAMEA111396772	ERP140532	USA	North America	Mouse	gut	NA	Medium	yes	sp900553545	MGnify
24	MGYG000323321	2100094	236	11695	61.56	84.43	1.01	CAMQNV01	MGYG000323321	d__Bacteria;p__Bacillota_A;c__Clostridia;o__Oscillospirales;f__Oscillospiraceae;g__CAG-170;s__CAG-170_sp002404795	SAMEA111396778	ERP140532	USA	North America	Mouse	gut	NA	Medium	yes	sp002404795	MGnify
25	MGYG000330617	1633347	295	6386	61.36	76.17	0.67	CAOJOR01	MGYG000330617	d__Bacteria;p__Bacillota_A;c__Clostridia;o__Oscillospirales;f__Oscillospiraceae;g__CAG-170;s__CAG-170_sp934646005	SAMEA112353518	ERP143102	Canada	North America	Mouse	gut	NA	Medium	yes	sp934646005	MGnify
26	MGYG000330703	1629147	69	34412	59.33	79.86	2.01	CAOJSI01	MGYG000330703	d__Bacteria;p__Bacillota_A;c__Clostridia;o__Oscillospirales;f__Oscillospiraceae;g__CAG-170;s__CAG-170_sp900548625	SAMEA112353521	ERP143102	Canada	North America	Mouse	gut	NA	Medium	yes	sp900548625	MGnify
27	MGYG000331002	1296722	248	5810	57.82	58.62	0	CAOKEY01	MGYG000331002	d__Bacteria;p__Bacillota_A;c__Clostridia;o__Oscillospirales;f__Oscillospiraceae;g__CAG-170;s__CAG-170_sp900549635	SAMEA112353384	ERP143102	Canada	North America	Mouse	gut	NA	Medium	yes	sp900549635	MGnify
28	MGYG000331113	1638526	199	10927	58	75.34	0	CAOKJN01	MGYG000331113	d__Bacteria;p__Bacillota_A;c__Clostridia;o__Oscillospirales;f__Oscillospiraceae;g__CAG-170;s__CAG-170_sp003516765	SAMEA112353513	ERP143102	Canada	North America	Mouse	gut	NA	Medium	yes	sp003516765	MGnify
29	MGYG000331116	1961524	235	12003	61.78	81.31	1.53	CAOKJQ01	MGYG000323321	d__Bacteria;p__Bacillota_A;c__Clostridia;o__Oscillospirales;f__Oscillospiraceae;g__CAG-170;s__CAG-170_sp002404795	SAMEA112353481	ERP143102	Canada	North America	Mouse	gut	NA	Medium	yes	sp002404795	MGnify
30	MGYG000000369	1959873	56	55932	57.4	88.76	0.06	GUT_GENOME007974	MGYG000000369	d__Bacteria;p__Firmicutes_A;c__Clostridia;o__Oscillospirales;f__Oscillospiraceae;g__CAG-170;s__CAG-170_sp003516765	ERS554210	ERP007090	Sweden	Europe	Human	gut	NA	Medium	yes	sp003516765	MGnify
31	MGYG000000370	2729121	54	129557	56.16	94.63	1.01	GUT_GENOME007990	MGYG000000370	d__Bacteria;p__Firmicutes_A;c__Clostridia;o__Oscillospirales;f__Oscillospiraceae;g__CAG-170;s__CAG-170_sp900545925	ERS554210	ERP007090	Sweden	Europe	Human	gut	NA	High	yes	sp900545925	MGnify
32	MGYG000000651	2239520	251	13071	61.51	93.38	0	GUT_GENOME020571	MGYG000000651	d__Bacteria;p__Firmicutes_A;c__Clostridia;o__Oscillospirales;f__Oscillospiraceae;g__CAG-170;s__CAG-170_sp002404795	ERS1444685	ERP019502	Germany	Europe	Human	gut	NA	High	yes	sp002404795	MGnify
33	MGYG000000741	2390173	51	84291	58.69	95.97	1.34	GUT_GENOME026639	MGYG000000741	d__Bacteria;p__Firmicutes_A;c__Clostridia;o__Oscillospirales;f__Oscillospiraceae;g__CAG-170;s__CAG-170_sp900548625	ERS1444620	ERP019502	Kazakhstan	Asia	Human	gut	NA	High	yes	sp900548625	MGnify
34	MGYG000000883	1720775	128	19644	59.9	77.3	3.36	GUT_GENOME043892	MGYG000000883	d__Bacteria;p__Firmicutes_A;c__Clostridia;o__Oscillospirales;f__Oscillospiraceae;g__CAG-170;s__CAG-170_sp900555665	ERS1076053	ERP014480	Denmark	Europe	Human	gut	NA	Medium	yes	sp900555665	MGnify
35	MGYG000001632	2419268	450	7120	58.83	80.39	1.68	GUT_GENOME099111	MGYG000001632	d__Bacteria;p__Firmicutes_A;c__Clostridia;o__Oscillospirales;f__Oscillospiraceae;g__CAG-170;s__	ERS1343393	ERP017091	China	Asia	Human	gut	NA	Medium	yes	NA	MGnify
36	MGYG000001841	1850925	436	4889	59.59	77.05	4.03	GUT_GENOME111947	MGYG000001841	d__Bacteria;p__Firmicutes_A;c__Clostridia;o__Oscillospirales;f__Oscillospiraceae;g__CAG-170;s__	ERS328933	ERP003612	Denmark	Europe	Human	gut	NA	Medium	yes	NA	MGnify
37	MGYG000002034	1981843	136	25383	60.37	91.38	0.67	GUT_GENOME122482	MGYG000002034	d__Bacteria;p__Firmicutes_A;c__Clostridia;o__Oscillospirales;f__Oscillospiraceae;g__CAG-170;s__CAG-170_sp900553545	ERS1138826	ERP015450	China	Asia	Human	gut	NA	High	yes	sp900553545	MGnify
38	MGYG000002085	2687840	490	7448	58.66	81.54	3.24	GUT_GENOME127139	MGYG000002085	d__Bacteria;p__Firmicutes_A;c__Clostridia;o__Oscillospirales;f__Oscillospiraceae;g__CAG-170;s__	SRS1596774	SRP080787	Mongolia	Asia	Human	gut	NA	Medium	yes	NA	MGnify
39	MGYG000002710	2272062	31	128452	56.65	94.63	0.67	GUT_GENOME158868	MGYG000002710	d__Bacteria;p__Firmicutes_A;c__Clostridia;o__Oscillospirales;f__Oscillospiraceae;g__CAG-170;s__CAG-170_sp900549635	ERS634976	ERP009131	Canada	North America	Human	gut	NA	High	yes	sp900549635	MGnify
40	MGYG000002993	2537318	58	62585	58.52	95.97	1.01	GUT_GENOME192801	MGYG000002993	d__Bacteria;p__Firmicutes_A;c__Clostridia;o__Oscillospirales;f__Oscillospiraceae;g__CAG-170;s__CAG-170_sp000432135	SRS1820450	SRP093965	USA	North America	Human	gut	NA	High	yes	sp000432135	MGnify
41	MGYG000003664	2586855	389	7636	58.19	76.29	3.71	GUT_GENOME239028	MGYG000003664	d__Bacteria;p__Firmicutes_A;c__Clostridia;o__Oscillospirales;f__Oscillospiraceae;g__CAG-170;s__CAG-170_sp900751035	SRS820614	SRP052307	Peru	South America	Human	gut	NA	Medium	yes	sp900751035	MGnify
42	MGYG000004248	2100411	28	102796	58.84	91.61	0.67	GUT_GENOME260957	MGYG000004248	d__Bacteria;p__Firmicutes_A;c__Clostridia;o__Oscillospirales;f__Oscillospiraceae;g__CAG-170;s__CAG-170_sp000436735	ERS746934	ERP010700	UK	Europe	Human	gut	NA	High	yes	sp000436735	MGnify
43	MGYG000004702	1811426	448	4718	60.84	82.22	2.01	CAJMQF01	MGYG000004702	d__Bacteria;p__Firmicutes_A;c__Clostridia;o__Oscillospirales;f__Oscillospiraceae;g__CAG-170;s__	ERS5599276	ERP120667	China	Asia	Human	gut	NA	Medium	yes	NA	MGnify
44	MGYG000004818	1772587	190	11467	60.87	79.5	0.67	CAJMLC01	MGYG000004818	d__Bacteria;p__Firmicutes_A;c__Clostridia;o__Oscillospirales;f__Oscillospiraceae;g__CAG-170;s__	ERS5599257	ERP120667	China	Asia	Human	gut	NA	Medium	yes	NA	MGnify
45	MGYG000005201	1879916	106	26435	57.68	90.46	0	CAJKPA01	MGYG000000369	d__Bacteria;p__Firmicutes_A;c__Clostridia;o__Oscillospirales;f__Oscillospiraceae;g__CAG-170;s__CAG-170_sp003516765	ERS5595352	ERP120667	Spain	Europe	Human	gut	NA	High	yes	sp003516765	MGnify
46	MGYG000005249	2191427	29	118533	56.9	93.96	0.67	CAJJNH01	MGYG000002710	d__Bacteria;p__Firmicutes_A;c__Clostridia;o__Oscillospirales;f__Oscillospiraceae;g__CAG-170;s__CAG-170_sp900549635	ERS5594112	ERP120667	China	Asia	Human	gut	NA	High	yes	sp900549635	MGnify
47	MGYG000005555	2893668	273	14924	56.38	91.8	0.13	CAJLMH01	MGYG000000370	d__Bacteria;p__Firmicutes_A;c__Clostridia;o__Oscillospirales;f__Oscillospiraceae;g__CAG-170;s__CAG-170_sp900545925	ERS5594634	ERP120667	Denmark	Europe	Human	gut	NA	High	yes	sp900545925	MGnify
48	MGYG000005712	2479057	218	20250	59.15	91.44	0.67	CAJJYA01	MGYG000004248	d__Bacteria;p__Firmicutes_A;c__Clostridia;o__Oscillospirales;f__Oscillospiraceae;g__CAG-170;s__CAG-170_sp000436735	ERS5594811	ERP120667	Denmark	Europe	Human	gut	NA	High	yes	sp000436735	MGnify
49	MGYG000006017	2395539	91	40641	58.74	91.09	0.67	CAJJJG01	MGYG000002993	d__Bacteria;p__Firmicutes_A;c__Clostridia;o__Oscillospirales;f__Oscillospiraceae;g__CAG-170;s__CAG-170_sp000432135	ERS5594993	ERP120667	Spain	Europe	Human	gut	NA	High	yes	sp000432135	MGnify
50	MGYG000006019	1856784	174	15515	60.4	89.58	0.34	CAJLHE01	MGYG000002034	d__Bacteria;p__Firmicutes_A;c__Clostridia;o__Oscillospirales;f__Oscillospiraceae;g__CAG-170;s__CAG-170_sp900553545	ERS5594028	ERP120667	China	Asia	Human	gut	NA	Medium	yes	sp900553545	MGnify
51	MGYG000006841	2562893	73	64441	60.38	93.96	1.34	CAJLHX01	MGYG000000651	d__Bacteria;p__Firmicutes_A;c__Clostridia;o__Oscillospirales;f__Oscillospiraceae;g__CAG-170;s__CAG-170_sp002404795	ERS5594140	ERP120667	China	Asia	Human	gut	NA	High	yes	sp002404795	MGnify
52	MGYG000007279	1745189	396	5321	59.73	76.77	4.03	GUT_GENOME250912	MGYG000002993	d__Bacteria;p__Firmicutes_A;c__Clostridia;o__Oscillospirales;f__Oscillospiraceae;g__CAG-170;s__CAG-170_sp000432135	ERS746710	ERP010700	UK	Europe	Human	gut	NA	Medium	yes	sp000432135	MGnify
53	MGYG000007291	2380330	169	22306	58.81	89.35	3.19	GUT_GENOME138625	MGYG000002993	d__Bacteria;p__Firmicutes_A;c__Clostridia;o__Oscillospirales;f__Oscillospiraceae;g__CAG-170;s__CAG-170_sp000432135	ERS199381	ERP002061	Spain	Europe	Human	gut	NA	Medium	yes	sp000432135	MGnify
54	MGYG000007589	1888844	396	5756	61.47	75.1	2.72	GUT_GENOME260921	MGYG000000651	d__Bacteria;p__Firmicutes_A;c__Clostridia;o__Oscillospirales;f__Oscillospiraceae;g__CAG-170;s__CAG-170_sp002404795	ERS746933	ERP010700	UK	Europe	Human	gut	NA	Medium	yes	sp002404795	MGnify
55	MGYG000007717	3065718	126	47367	56.07	94.63	3.02	GUT_GENOME091387	MGYG000000370	d__Bacteria;p__Firmicutes_A;c__Clostridia;o__Oscillospirales;f__Oscillospiraceae;g__CAG-170;s__CAG-170_sp900545925	ERS608558	ERP008729	Austria	Europe	Human	gut	NA	High	yes	sp900545925	MGnify
56	MGYG000008374	2266323	189	17913	61.38	91.55	4.64	GUT_GENOME164852	MGYG000000651	d__Bacteria;p__Firmicutes_A;c__Clostridia;o__Oscillospirales;f__Oscillospiraceae;g__CAG-170;s__CAG-170_sp002404795	SRS576042	SRP040146	USA	North America	Human	gut	NA	High	yes	sp002404795	MGnify
57	MGYG000008742	2253018	374	9030	61.84	89.19	2.18	GUT_GENOME069319	MGYG000000651	d__Bacteria;p__Firmicutes_A;c__Clostridia;o__Oscillospirales;f__Oscillospiraceae;g__CAG-170;s__CAG-170_sp002404795	ERS396311	ERP004605	Denmark	Europe	Human	gut	NA	Medium	yes	sp002404795	MGnify
58	MGYG000008972	2929216	392	9726	55.88	79.97	2.91	GUT_GENOME208477	MGYG000000370	d__Bacteria;p__Firmicutes_A;c__Clostridia;o__Oscillospirales;f__Oscillospiraceae;g__CAG-170;s__CAG-170_sp900545925	SRS1905645	SRP096283	USA	North America	Human	gut	NA	Medium	yes	sp900545925	MGnify
59	MGYG000009044	3080575	322	14294	56.12	93.06	2.15	GUT_GENOME113075	MGYG000000370	d__Bacteria;p__Firmicutes_A;c__Clostridia;o__Oscillospirales;f__Oscillospiraceae;g__CAG-170;s__CAG-170_sp900545925	ERS328966	ERP003612	Denmark	Europe	Human	gut	NA	High	yes	sp900545925	MGnify
60	MGYG000009061	1995716	330	7052	61.58	86.61	1.72	GUT_GENOME048953	MGYG000000651	d__Bacteria;p__Firmicutes_A;c__Clostridia;o__Oscillospirales;f__Oscillospiraceae;g__CAG-170;s__CAG-170_sp002404795	ERS1647320	ERP019674	Germany	Europe	Human	gut	NA	Medium	yes	sp002404795	MGnify
61	MGYG000009092	2956526	472	8551	57.57	87.24	2.57	GUT_GENOME094220	MGYG000002993	d__Bacteria;p__Firmicutes_A;c__Clostridia;o__Oscillospirales;f__Oscillospiraceae;g__CAG-170;s__CAG-170_sp000432135	ERS608569	ERP008729	Austria	Europe	Human	gut	NA	Medium	yes	sp000432135	MGnify
62	MGYG000009352	2576542	195	19882	60.6	91.7	2.35	GUT_GENOME122337	MGYG000000651	d__Bacteria;p__Firmicutes_A;c__Clostridia;o__Oscillospirales;f__Oscillospiraceae;g__CAG-170;s__CAG-170_sp002404795	ERS396536	ERP004605	Spain	Europe	Human	gut	NA	High	yes	sp002404795	MGnify
63	MGYG000009676	2034894	177	16693	59.28	85.06	3.2	GUT_GENOME113574	MGYG000002993	d__Bacteria;p__Firmicutes_A;c__Clostridia;o__Oscillospirales;f__Oscillospiraceae;g__CAG-170;s__CAG-170_sp000432135	ERS328980	ERP003612	Denmark	Europe	Human	gut	NA	Medium	yes	sp000432135	MGnify
64	MGYG000009942	2415216	35	158914	58.78	93.96	1.34	GUT_GENOME023240	MGYG000002993	d__Bacteria;p__Firmicutes_A;c__Clostridia;o__Oscillospirales;f__Oscillospiraceae;g__CAG-170;s__CAG-170_sp000432135	ERS1444508	ERP019502	Kazakhstan	Asia	Human	gut	NA	High	yes	sp000432135	MGnify
65	MGYG000010904	2054556	459	4978	58.55	75.86	3.51	GUT_GENOME211595	MGYG000002993	d__Bacteria;p__Firmicutes_A;c__Clostridia;o__Oscillospirales;f__Oscillospiraceae;g__CAG-170;s__CAG-170_sp000432135	SRS1914115	SRP096283	USA	North America	Human	gut	NA	Medium	yes	sp000432135	MGnify
66	MGYG000010957	2467888	162	27717	61.21	92.3	2.48	GUT_GENOME235771	MGYG000000651	d__Bacteria;p__Firmicutes_A;c__Clostridia;o__Oscillospirales;f__Oscillospiraceae;g__CAG-170;s__CAG-170_sp002404795	SRS476104	SRP029441	Fiji	Oceania	Human	gut	NA	High	yes	sp002404795	MGnify
67	MGYG000011354	2735685	113	44369	55.88	89.66	2.68	GUT_GENOME043804	MGYG000000370	d__Bacteria;p__Firmicutes_A;c__Clostridia;o__Oscillospirales;f__Oscillospiraceae;g__CAG-170;s__CAG-170_sp900545925	ERS1076057	ERP014480	Denmark	Europe	Human	gut	NA	Medium	yes	sp900545925	MGnify
68	MGYG000011484	2430446	358	10112	59.1	78.75	3.36	GUT_GENOME124463	MGYG000002993	d__Bacteria;p__Firmicutes_A;c__Clostridia;o__Oscillospirales;f__Oscillospiraceae;g__CAG-170;s__CAG-170_sp000432135	ERS1138905	ERP015450	China	Asia	Human	gut	NA	Medium	yes	sp000432135	MGnify
69	MGYG000011653	1937298	391	6075	60.42	82.8	2.93	GUT_GENOME277188	MGYG000002034	d__Bacteria;p__Firmicutes_A;c__Clostridia;o__Oscillospirales;f__Oscillospiraceae;g__CAG-170;s__CAG-170_sp900553545	ERS972275	ERP012929	Israel	Asia	Human	gut	NA	Medium	yes	sp900553545	MGnify
70	MGYG000011672	1668296	301	6512	57.6	69.75	1.72	GUT_GENOME064366	MGYG000000369	d__Bacteria;p__Firmicutes_A;c__Clostridia;o__Oscillospirales;f__Oscillospiraceae;g__CAG-170;s__CAG-170_sp003516765	ERS608554	ERP008729	Austria	Europe	Human	gut	NA	Medium	yes	sp003516765	MGnify
71	MGYG000011939	2436784	849	3359	59.22	79.36	3.82	GUT_GENOME221684	MGYG000002993	d__Bacteria;p__Firmicutes_A;c__Clostridia;o__Oscillospirales;f__Oscillospiraceae;g__CAG-170;s__CAG-170_sp000432135	SRS1596846	SRP080787	China	Asia	Human	gut	NA	Medium	yes	sp000432135	MGnify
72	MGYG000011941	2219678	155	21344	61.35	89.39	2.24	GUT_GENOME166021	MGYG000000651	d__Bacteria;p__Firmicutes_A;c__Clostridia;o__Oscillospirales;f__Oscillospiraceae;g__CAG-170;s__CAG-170_sp002404795	SRS576034	SRP040146	USA	North America	Human	gut	NA	Medium	yes	sp002404795	MGnify
73	MGYG000012355	2220398	133	26809	59.29	92.45	3.62	GUT_GENOME180929	MGYG000000741	d__Bacteria;p__Firmicutes_A;c__Clostridia;o__Oscillospirales;f__Oscillospiraceae;g__CAG-170;s__CAG-170_sp900548625	SRS1596794	SRP080787	Mongolia	Asia	Human	gut	NA	High	yes	sp900548625	MGnify
74	MGYG000013002	2386274	124	37446	58.95	87.25	1.68	GUT_GENOME219396	MGYG000002993	d__Bacteria;p__Firmicutes_A;c__Clostridia;o__Oscillospirales;f__Oscillospiraceae;g__CAG-170;s__CAG-170_sp000432135	SRS146812	SRP002163	USA	North America	Human	gut	NA	Medium	yes	sp000432135	MGnify
75	MGYG000013295	2479900	176	37852	58.78	93.96	1.68	GUT_GENOME213231	MGYG000000741	d__Bacteria;p__Firmicutes_A;c__Clostridia;o__Oscillospirales;f__Oscillospiraceae;g__CAG-170;s__CAG-170_sp900548625	SRS012849	SRP002163	USA	North America	Human	gut	NA	High	yes	sp900548625	MGnify
76	MGYG000013364	2158480	214	13458	61.62	87.55	2.18	GUT_GENOME048375	MGYG000000651	d__Bacteria;p__Firmicutes_A;c__Clostridia;o__Oscillospirales;f__Oscillospiraceae;g__CAG-170;s__CAG-170_sp002404795	ERS1647321	ERP019674	Germany	Europe	Human	gut	NA	Medium	yes	sp002404795	MGnify
77	MGYG000013763	2311897	115	27311	56.83	92.41	1.43	GUT_GENOME188560	MGYG000000369	d__Bacteria;p__Firmicutes_A;c__Clostridia;o__Oscillospirales;f__Oscillospiraceae;g__CAG-170;s__CAG-170_sp003516765	SRS1820197	SRP093965	USA	North America	Human	gut	NA	High	yes	sp003516765	MGnify
78	MGYG000013868	1843399	793	2555	57.25	75.25	2.41	GUT_GENOME066182	MGYG000000369	d__Bacteria;p__Firmicutes_A;c__Clostridia;o__Oscillospirales;f__Oscillospiraceae;g__CAG-170;s__CAG-170_sp003516765	ERS235498	ERP002469	Sweden	Europe	Human	gut	NA	Medium	yes	sp003516765	MGnify
79	MGYG000013916	3220588	360	12503	57.51	93.68	4.36	GUT_GENOME095786	MGYG000002993	d__Bacteria;p__Firmicutes_A;c__Clostridia;o__Oscillospirales;f__Oscillospiraceae;g__CAG-170;s__CAG-170_sp000432135	-	-	Italy	Europe	Human	gut	NA	High	yes	sp000432135	MGnify
80	MGYG000014023	1645506	480	3896	63.28	72.26	1.01	GUT_GENOME285119	MGYG000000651	d__Bacteria;p__Firmicutes_A;c__Clostridia;o__Oscillospirales;f__Oscillospiraceae;g__CAG-170;s__CAG-170_sp002404795	ERS436679	ERP005534	France	Europe	Human	gut	NA	Medium	yes	sp002404795	MGnify
81	MGYG000014381	1719663	163	16893	59.49	77.52	0.67	GUT_GENOME154451	MGYG000004248	d__Bacteria;p__Firmicutes_A;c__Clostridia;o__Oscillospirales;f__Oscillospiraceae;g__CAG-170;s__CAG-170_sp000436735	ERS475181	ERP005860	China	Asia	Human	gut	NA	Medium	yes	sp000436735	MGnify
82	MGYG000014399	2220341	230	14190	59.21	88.88	3.91	GUT_GENOME264695	MGYG000002993	d__Bacteria;p__Firmicutes_A;c__Clostridia;o__Oscillospirales;f__Oscillospiraceae;g__CAG-170;s__CAG-170_sp000432135	ERS972466	ERP012929	Israel	Asia	Human	gut	NA	Medium	yes	sp000432135	MGnify
83	MGYG000014434	2646928	329	11501	57.98	74.63	2.68	GUT_GENOME247373	MGYG000002993	d__Bacteria;p__Firmicutes_A;c__Clostridia;o__Oscillospirales;f__Oscillospiraceae;g__CAG-170;s__CAG-170_sp000432135	ERS1066669	ERP013933	USA	North America	Human	gut	NA	Medium	yes	sp000432135	MGnify
84	MGYG000014509	1860121	354	6070	61.72	68.84	3.15	GUT_GENOME068003	MGYG000000651	d__Bacteria;p__Firmicutes_A;c__Clostridia;o__Oscillospirales;f__Oscillospiraceae;g__CAG-170;s__CAG-170_sp002404795	ERS235592	ERP002469	Sweden	Europe	Human	gut	NA	Medium	yes	sp002404795	MGnify
85	MGYG000014537	1225294	712	1761	61.5	53.23	0.37	GUT_GENOME224031	MGYG000000651	d__Bacteria;p__Firmicutes_A;c__Clostridia;o__Oscillospirales;f__Oscillospiraceae;g__CAG-170;s__CAG-170_sp002404795	SRS1719489	SRP090628	Estonia	Europe	Human	gut	NA	Medium	yes	sp002404795	MGnify
86	MGYG000014881	3001118	455	10273	57.81	89.14	1.15	GUT_GENOME229580	MGYG000002993	d__Bacteria;p__Firmicutes_A;c__Clostridia;o__Oscillospirales;f__Oscillospiraceae;g__CAG-170;s__CAG-170_sp000432135	SRS294937	SRP008047	China	Asia	Human	gut	NA	Medium	yes	sp000432135	MGnify
87	MGYG000015316	1862470	340	7179	61.2	80.64	4.59	GUT_GENOME260385	MGYG000000651	d__Bacteria;p__Firmicutes_A;c__Clostridia;o__Oscillospirales;f__Oscillospiraceae;g__CAG-170;s__CAG-170_sp002404795	ERS746923	ERP010700	UK	Europe	Human	gut	NA	Medium	yes	sp002404795	MGnify
88	MGYG000015586	2850874	102	54461	57.86	88.26	1.68	GUT_GENOME107651	MGYG000002993	d__Bacteria;p__Firmicutes_A;c__Clostridia;o__Oscillospirales;f__Oscillospiraceae;g__CAG-170;s__CAG-170_sp000432135	ERS328718	ERP003612	Denmark	Europe	Human	gut	NA	Medium	yes	sp000432135	MGnify
89	MGYG000015735	3541457	441	10481	55.98	93.06	2.01	GUT_GENOME068690	MGYG000000370	d__Bacteria;p__Firmicutes_A;c__Clostridia;o__Oscillospirales;f__Oscillospiraceae;g__CAG-170;s__CAG-170_sp900545925	ERS235631	ERP002469	Sweden	Europe	Human	gut	NA	High	yes	sp900545925	MGnify
90	MGYG000015789	1818599	462	4192	58.82	65.4	1.34	GUT_GENOME051916	MGYG000002993	d__Bacteria;p__Firmicutes_A;c__Clostridia;o__Oscillospirales;f__Oscillospiraceae;g__CAG-170;s__CAG-170_sp000432135	ERS199203	ERP002061	Spain	Europe	Human	gut	NA	Medium	yes	sp000432135	MGnify
91	MGYG000015988	1613654	365	4790	57.39	72.09	2.47	GUT_GENOME041957	MGYG000000369	d__Bacteria;p__Firmicutes_A;c__Clostridia;o__Oscillospirales;f__Oscillospiraceae;g__CAG-170;s__CAG-170_sp003516765	ERS1066743	ERP013933	USA	North America	Human	gut	NA	Medium	yes	sp003516765	MGnify
92	MGYG000016036	1821571	313	7089	61.96	77.38	2.35	GUT_GENOME181211	MGYG000000651	d__Bacteria;p__Firmicutes_A;c__Clostridia;o__Oscillospirales;f__Oscillospiraceae;g__CAG-170;s__CAG-170_sp002404795	SRS1596817	SRP080787	Mongolia	Asia	Human	gut	NA	Medium	yes	sp002404795	MGnify
93	MGYG000016788	3377986	145	48631	55.58	94.63	1.34	GUT_GENOME023168	MGYG000000370	d__Bacteria;p__Firmicutes_A;c__Clostridia;o__Oscillospirales;f__Oscillospiraceae;g__CAG-170;s__CAG-170_sp900545925	ERS1444506	ERP019502	Kazakhstan	Asia	Human	gut	NA	High	yes	sp900545925	MGnify
94	MGYG000017286	2938475	199	28727	57.98	94.97	3.47	GUT_GENOME160430	MGYG000002993	d__Bacteria;p__Firmicutes_A;c__Clostridia;o__Oscillospirales;f__Oscillospiraceae;g__CAG-170;s__CAG-170_sp000432135	SRS1876434	SRP095580	Netherlands	Europe	Human	gut	NA	High	yes	sp000432135	MGnify
95	MGYG000017508	2305401	352	10695	57.24	75.17	2.37	GUT_GENOME084595	MGYG000000370	d__Bacteria;p__Firmicutes_A;c__Clostridia;o__Oscillospirales;f__Oscillospiraceae;g__CAG-170;s__CAG-170_sp900545925	ERS537327	ERP006678	China	Asia	Human	gut	NA	Medium	yes	sp900545925	MGnify
96	MGYG000017708	2899678	81	71877	56.71	74.83	1.34	GUT_GENOME037626	MGYG000002993	d__Bacteria;p__Firmicutes_A;c__Clostridia;o__Oscillospirales;f__Oscillospiraceae;g__CAG-170;s__CAG-170_sp000432135	ERS1016014	ERP013563	China	Asia	Human	gut	NA	Medium	yes	sp000432135	MGnify
97	MGYG000017767	1958979	470	5048	61.89	82.25	2.74	GUT_GENOME126629	MGYG000000651	d__Bacteria;p__Firmicutes_A;c__Clostridia;o__Oscillospirales;f__Oscillospiraceae;g__CAG-170;s__CAG-170_sp002404795	ERS1069677	ERP013827	Netherlands	Europe	Human	gut	NA	Medium	yes	sp002404795	MGnify
98	MGYG000017837	1715966	402	5053	61.05	73.74	3.16	GUT_GENOME128649	MGYG000002034	d__Bacteria;p__Firmicutes_A;c__Clostridia;o__Oscillospirales;f__Oscillospiraceae;g__CAG-170;s__CAG-170_sp900553545	SRS1596832	SRP080787	Mongolia	Asia	Human	gut	NA	Medium	yes	sp900553545	MGnify
99	MGYG000017901	1918180	266	9012	58.73	76.94	1.36	GUT_GENOME057364	MGYG000002993	d__Bacteria;p__Firmicutes_A;c__Clostridia;o__Oscillospirales;f__Oscillospiraceae;g__CAG-170;s__CAG-170_sp000432135	ERS396423	ERP004605	Spain	Europe	Human	gut	NA	Medium	yes	sp000432135	MGnify
100	MGYG000018319	2802265	427	9707	57.28	77.16	4.04	GUT_GENOME151666	MGYG000004248	d__Bacteria;p__Firmicutes_A;c__Clostridia;o__Oscillospirales;f__Oscillospiraceae;g__CAG-170;s__CAG-170_sp000436735	-	-	China	Asia	Human	gut	NA	Medium	yes	sp000436735	MGnify
101	MGYG000018410	1640855	251	8110	60.37	54.31	0	GUT_GENOME033810	MGYG000002034	d__Bacteria;p__Firmicutes_A;c__Clostridia;o__Oscillospirales;f__Oscillospiraceae;g__CAG-170;s__CAG-170_sp900553545	ERS1015729	ERP013562	China	Asia	Human	gut	NA	Medium	yes	sp900553545	MGnify
102	MGYG000018644	3481266	237	22974	55.69	91.95	2.01	GUT_GENOME210401	MGYG000000370	d__Bacteria;p__Firmicutes_A;c__Clostridia;o__Oscillospirales;f__Oscillospiraceae;g__CAG-170;s__CAG-170_sp900545925	SRS1905816	SRP096283	USA	North America	Human	gut	NA	High	yes	sp900545925	MGnify
103	MGYG000019016	2109721	473	5329	57.75	81.03	2.43	GUT_GENOME124674	MGYG000000369	d__Bacteria;p__Firmicutes_A;c__Clostridia;o__Oscillospirales;f__Oscillospiraceae;g__CAG-170;s__CAG-170_sp003516765	ERS1138915	ERP015450	China	Asia	Human	gut	NA	Medium	yes	sp003516765	MGnify
104	MGYG000019252	1810165	453	4695	60.56	78.17	4.51	GUT_GENOME285330	MGYG000002034	d__Bacteria;p__Firmicutes_A;c__Clostridia;o__Oscillospirales;f__Oscillospiraceae;g__CAG-170;s__CAG-170_sp900553545	ERS436702	ERP005534	France	Europe	Human	gut	NA	Medium	yes	sp900553545	MGnify
105	MGYG000019309	1812451	487	3923	58.05	55.72	0.67	GUT_GENOME028230	MGYG000002993	d__Bacteria;p__Firmicutes_A;c__Clostridia;o__Oscillospirales;f__Oscillospiraceae;g__CAG-170;s__CAG-170_sp000432135	ERS006586	ERP000108	Denmark	Europe	Human	gut	NA	Medium	yes	sp000432135	MGnify
106	MGYG000019365	1894543	377	5204	57.89	61.39	0.49	GUT_GENOME066299	MGYG000002993	d__Bacteria;p__Firmicutes_A;c__Clostridia;o__Oscillospirales;f__Oscillospiraceae;g__CAG-170;s__CAG-170_sp000432135	ERS235505	ERP002469	Sweden	Europe	Human	gut	NA	Medium	yes	sp000432135	MGnify
107	MGYG000019523	2104348	394	6603	56.34	78.33	3.38	GUT_GENOME041964	MGYG000000369	d__Bacteria;p__Firmicutes_A;c__Clostridia;o__Oscillospirales;f__Oscillospiraceae;g__CAG-170;s__CAG-170_sp003516765	ERS1066743	ERP013933	USA	North America	Human	gut	NA	Medium	yes	sp003516765	MGnify
108	MGYG000019702	1395104	540	2911	57.5	68.45	0.92	GUT_GENOME072177	MGYG000000369	d__Bacteria;p__Firmicutes_A;c__Clostridia;o__Oscillospirales;f__Oscillospiraceae;g__CAG-170;s__CAG-170_sp003516765	ERS396420	ERP004605	Spain	Europe	Human	gut	NA	Medium	yes	sp003516765	MGnify
109	MGYG000019879	3035210	266	16393	57.59	92.73	3.87	GUT_GENOME090880	MGYG000002993	d__Bacteria;p__Firmicutes_A;c__Clostridia;o__Oscillospirales;f__Oscillospiraceae;g__CAG-170;s__CAG-170_sp000432135	ERS631834	ERP008729	Austria	Europe	Human	gut	NA	High	yes	sp000432135	MGnify
110	MGYG000019978	2777044	281	16106	58.25	91.52	1.65	GUT_GENOME274096	MGYG000002993	d__Bacteria;p__Firmicutes_A;c__Clostridia;o__Oscillospirales;f__Oscillospiraceae;g__CAG-170;s__CAG-170_sp000432135	ERS972108	ERP012929	Israel	Asia	Human	gut	NA	High	yes	sp000432135	MGnify
111	MGYG000020067	2602733	390	7819	58.1	84.34	0.67	GUT_GENOME229369	MGYG000002993	d__Bacteria;p__Firmicutes_A;c__Clostridia;o__Oscillospirales;f__Oscillospiraceae;g__CAG-170;s__CAG-170_sp000432135	SRS294927	SRP008047	China	Asia	Human	gut	NA	Medium	yes	sp000432135	MGnify
112	MGYG000020433	1858960	383	5877	61.07	75.69	2.01	GUT_GENOME088744	MGYG000000651	d__Bacteria;p__Firmicutes_A;c__Clostridia;o__Oscillospirales;f__Oscillospiraceae;g__CAG-170;s__CAG-170_sp002404795	ERS608550	ERP008729	Austria	Europe	Human	gut	NA	Medium	yes	sp002404795	MGnify
113	MGYG000020651	2156525	123	28448	59.42	88.81	3.02	GUT_GENOME011555	MGYG000004248	d__Bacteria;p__Firmicutes_A;c__Clostridia;o__Oscillospirales;f__Oscillospiraceae;g__CAG-170;s__CAG-170_sp000436735	SRS476096	SRP029441	Fiji	Oceania	Human	gut	NA	Medium	yes	sp000436735	MGnify
114	MGYG000020838	2216757	160	19747	61.37	86.18	3.44	GUT_GENOME157573	MGYG000000651	d__Bacteria;p__Firmicutes_A;c__Clostridia;o__Oscillospirales;f__Oscillospiraceae;g__CAG-170;s__CAG-170_sp002404795	ERS634916	ERP009131	Canada	North America	Human	gut	NA	Medium	yes	sp002404795	MGnify
115	MGYG000021210	2162097	194	16111	61.68	91.95	0.67	GUT_GENOME093659	MGYG000000651	d__Bacteria;p__Firmicutes_A;c__Clostridia;o__Oscillospirales;f__Oscillospiraceae;g__CAG-170;s__CAG-170_sp002404795	ERS608493	ERP008729	Austria	Europe	Human	gut	NA	High	yes	sp002404795	MGnify
116	MGYG000021582	2725258	475	7911	58.35	86.29	2.99	GUT_GENOME248413	MGYG000004248	d__Bacteria;p__Firmicutes_A;c__Clostridia;o__Oscillospirales;f__Oscillospiraceae;g__CAG-170;s__CAG-170_sp000436735	SRS1846904	SRP094805	China	Asia	Human	gut	NA	Medium	yes	sp000436735	MGnify
117	MGYG000021648	2514902	327	10697	58.65	89.71	2.35	GUT_GENOME138972	MGYG000002993	d__Bacteria;p__Firmicutes_A;c__Clostridia;o__Oscillospirales;f__Oscillospiraceae;g__CAG-170;s__CAG-170_sp000432135	ERS199392	ERP002061	Spain	Europe	Human	gut	NA	Medium	yes	sp000432135	MGnify
118	MGYG000021794	2376725	112	31709	58.91	92.62	2.3	GUT_GENOME286558	MGYG000002993	d__Bacteria;p__Firmicutes_A;c__Clostridia;o__Oscillospirales;f__Oscillospiraceae;g__CAG-170;s__CAG-170_sp000432135	ERS436803	ERP005534	Germany	Europe	Human	gut	NA	High	yes	sp000432135	MGnify
119	MGYG000022032	2447290	247	13150	58.55	83.99	3.36	GUT_GENOME048370	MGYG000002993	d__Bacteria;p__Firmicutes_A;c__Clostridia;o__Oscillospirales;f__Oscillospiraceae;g__CAG-170;s__CAG-170_sp000432135	ERS1647321	ERP019674	Germany	Europe	Human	gut	NA	Medium	yes	sp000432135	MGnify
120	MGYG000022267	3153150	142	33450	55.76	91.34	1.34	GUT_GENOME179447	MGYG000000370	d__Bacteria;p__Firmicutes_A;c__Clostridia;o__Oscillospirales;f__Oscillospiraceae;g__CAG-170;s__CAG-170_sp900545925	SRS1465274	SRP075633	USA	North America	Human	gut	NA	High	yes	sp900545925	MGnify
121	MGYG000022600	1639219	698	2688	56.93	68.53	3.55	GUT_GENOME069015	MGYG000000369	d__Bacteria;p__Firmicutes_A;c__Clostridia;o__Oscillospirales;f__Oscillospiraceae;g__CAG-170;s__CAG-170_sp003516765	ERS396301	ERP004605	Denmark	Europe	Human	gut	NA	Medium	yes	sp003516765	MGnify
122	MGYG000022763	2254070	77	52841	59.19	94.07	2.68	GUT_GENOME127599	MGYG000000741	d__Bacteria;p__Firmicutes_A;c__Clostridia;o__Oscillospirales;f__Oscillospiraceae;g__CAG-170;s__CAG-170_sp900548625	SRS1596794	SRP080787	Mongolia	Asia	Human	gut	NA	High	yes	sp900548625	MGnify
123	MGYG000022840	2035552	475	5445	59.28	80.5	3.62	GUT_GENOME275441	MGYG000002993	d__Bacteria;p__Firmicutes_A;c__Clostridia;o__Oscillospirales;f__Oscillospiraceae;g__CAG-170;s__CAG-170_sp000432135	ERS972177	ERP012929	Israel	Asia	Human	gut	NA	Medium	yes	sp000432135	MGnify
124	MGYG000023193	2149016	404	6839	61.86	89	4.05	GUT_GENOME011552	MGYG000000651	d__Bacteria;p__Firmicutes_A;c__Clostridia;o__Oscillospirales;f__Oscillospiraceae;g__CAG-170;s__CAG-170_sp002404795	SRS476096	SRP029441	Fiji	Oceania	Human	gut	NA	Medium	yes	sp002404795	MGnify
125	MGYG000023245	1806532	443	4279	58.6	66.21	0.67	GUT_GENOME051822	MGYG000002993	d__Bacteria;p__Firmicutes_A;c__Clostridia;o__Oscillospirales;f__Oscillospiraceae;g__CAG-170;s__CAG-170_sp000432135	ERS199181	ERP002061	Spain	Europe	Human	gut	NA	Medium	yes	sp000432135	MGnify
126	MGYG000023361	2093091	334	7997	62.01	87.46	2.64	GUT_GENOME131947	MGYG000000651	d__Bacteria;p__Firmicutes_A;c__Clostridia;o__Oscillospirales;f__Oscillospiraceae;g__CAG-170;s__CAG-170_sp002404795	-	-	Germany	Europe	Human	gut	NA	Medium	yes	sp002404795	MGnify
127	MGYG000023442	2551146	484	6151	57.96	75.95	2.71	GUT_GENOME053814	MGYG000002993	d__Bacteria;p__Firmicutes_A;c__Clostridia;o__Oscillospirales;f__Oscillospiraceae;g__CAG-170;s__CAG-170_sp000432135	ERS328743	ERP003612	Denmark	Europe	Human	gut	NA	Medium	yes	sp000432135	MGnify
128	MGYG000023474	1499782	343	4529	59.42	62.39	2.35	GUT_GENOME238432	MGYG000002993	d__Bacteria;p__Firmicutes_A;c__Clostridia;o__Oscillospirales;f__Oscillospiraceae;g__CAG-170;s__CAG-170_sp000432135	SRS820581	SRP052307	Peru	South America	Human	gut	NA	Medium	yes	sp000432135	MGnify
129	MGYG000023721	2329330	285	11079	61.41	93.97	4.81	GUT_GENOME020515	MGYG000000651	d__Bacteria;p__Firmicutes_A;c__Clostridia;o__Oscillospirales;f__Oscillospiraceae;g__CAG-170;s__CAG-170_sp002404795	ERS1444681	ERP019502	Germany	Europe	Human	gut	NA	High	yes	sp002404795	MGnify
130	MGYG000023803	2142905	347	8251	56.58	85.67	4.36	GUT_GENOME089399	MGYG000000369	d__Bacteria;p__Firmicutes_A;c__Clostridia;o__Oscillospirales;f__Oscillospiraceae;g__CAG-170;s__CAG-170_sp003516765	ERS608576	ERP008729	Austria	Europe	Human	gut	NA	Medium	yes	sp003516765	MGnify
131	MGYG000024144	2219010	147	21839	57.44	93.9	2.01	GUT_GENOME124949	MGYG000002710	d__Bacteria;p__Firmicutes_A;c__Clostridia;o__Oscillospirales;f__Oscillospiraceae;g__CAG-170;s__CAG-170_sp900549635	ERS1138752	ERP015450	China	Asia	Human	gut	NA	High	yes	sp900549635	MGnify
132	MGYG000024263	1437612	19	96273	59.63	62.83	0	GUT_GENOME258496	MGYG000002993	d__Bacteria;p__Firmicutes_A;c__Clostridia;o__Oscillospirales;f__Oscillospiraceae;g__CAG-170;s__CAG-170_sp000432135	ERS746906	ERP010700	UK	Europe	Human	gut	NA	Medium	yes	sp000432135	MGnify
133	MGYG000024625	1826623	534	3794	58.86	72.61	2.35	GUT_GENOME244483	MGYG000002993	d__Bacteria;p__Firmicutes_A;c__Clostridia;o__Oscillospirales;f__Oscillospiraceae;g__CAG-170;s__CAG-170_sp000432135	ERS1066729	ERP013933	USA	North America	Human	gut	NA	Medium	yes	sp000432135	MGnify
134	MGYG000024829	2182883	227	15585	61.75	90.13	3.77	GUT_GENOME066695	MGYG000000651	d__Bacteria;p__Firmicutes_A;c__Clostridia;o__Oscillospirales;f__Oscillospiraceae;g__CAG-170;s__CAG-170_sp002404795	ERS235530	ERP002469	Sweden	Europe	Human	gut	NA	High	yes	sp002404795	MGnify
135	MGYG000024883	2566679	278	13766	58.74	89.31	1.34	GUT_GENOME149694	MGYG000002993	d__Bacteria;p__Firmicutes_A;c__Clostridia;o__Oscillospirales;f__Oscillospiraceae;g__CAG-170;s__CAG-170_sp000432135	SRS259442	SRP008047	China	Asia	Human	gut	NA	Medium	yes	sp000432135	MGnify
136	MGYG000025157	2529660	46	83882	58.36	88.93	1.01	GUT_GENOME260795	MGYG000002993	d__Bacteria;p__Firmicutes_A;c__Clostridia;o__Oscillospirales;f__Oscillospiraceae;g__CAG-170;s__CAG-170_sp000432135	ERS746930	ERP010700	UK	Europe	Human	gut	NA	Medium	yes	sp000432135	MGnify
137	MGYG000025576	2403374	157	23701	58.79	82.89	3.36	GUT_GENOME194380	MGYG000002993	d__Bacteria;p__Firmicutes_A;c__Clostridia;o__Oscillospirales;f__Oscillospiraceae;g__CAG-170;s__CAG-170_sp000432135	SRS1820547	SRP093965	USA	North America	Human	gut	NA	Medium	yes	sp000432135	MGnify
138	MGYG000025663	1379257	420	3424	57.76	60.52	0.67	GUT_GENOME027042	MGYG000000369	d__Bacteria;p__Firmicutes_A;c__Clostridia;o__Oscillospirales;f__Oscillospiraceae;g__CAG-170;s__CAG-170_sp003516765	ERS1444733	ERP019502	Germany	Europe	Human	gut	NA	Medium	yes	sp003516765	MGnify
139	MGYG000026139	2344421	298	10873	56.77	87.52	4.93	GUT_GENOME285394	MGYG000002710	d__Bacteria;p__Firmicutes_A;c__Clostridia;o__Oscillospirales;f__Oscillospiraceae;g__CAG-170;s__CAG-170_sp900549635	ERS436684	ERP005534	France	Europe	Human	gut	NA	Medium	yes	sp900549635	MGnify
140	MGYG000026174	2120574	361	7845	59.35	82.92	4.16	GUT_GENOME003989	MGYG000002993	d__Bacteria;p__Firmicutes_A;c__Clostridia;o__Oscillospirales;f__Oscillospiraceae;g__CAG-170;s__CAG-170_sp000432135	ERS473174	ERP005989	Sweden	Europe	Human	gut	NA	Medium	yes	sp000432135	MGnify
141	MGYG000027027	1893783	288	8151	62.07	61.68	1.72	GUT_GENOME255143	MGYG000000651	d__Bacteria;p__Firmicutes_A;c__Clostridia;o__Oscillospirales;f__Oscillospiraceae;g__CAG-170;s__CAG-170_sp002404795	ERS746764	ERP010700	UK	Europe	Human	gut	NA	Medium	yes	sp002404795	MGnify
142	MGYG000027070	2625425	327	11424	58.27	90.08	1.51	GUT_GENOME101943	MGYG000002993	d__Bacteria;p__Firmicutes_A;c__Clostridia;o__Oscillospirales;f__Oscillospiraceae;g__CAG-170;s__CAG-170_sp000432135	SRS020869	SRP002163	USA	North America	Human	gut	NA	High	yes	sp000432135	MGnify
143	MGYG000027111	2314479	504	5670	58.61	82.35	3.02	GUT_GENOME134697	MGYG000002993	d__Bacteria;p__Firmicutes_A;c__Clostridia;o__Oscillospirales;f__Oscillospiraceae;g__CAG-170;s__CAG-170_sp000432135	ERS199184	ERP002061	Spain	Europe	Human	gut	NA	Medium	yes	sp000432135	MGnify
144	MGYG000027194	2767781	401	7904	58.21	88.35	4.17	GUT_GENOME219473	MGYG000002993	d__Bacteria;p__Firmicutes_A;c__Clostridia;o__Oscillospirales;f__Oscillospiraceae;g__CAG-170;s__CAG-170_sp000432135	SRS147139	SRP002163	USA	North America	Human	gut	NA	Medium	yes	sp000432135	MGnify
145	MGYG000027211	2170506	244	12751	61.64	88.98	1.46	GUT_GENOME246933	MGYG000000651	d__Bacteria;p__Firmicutes_A;c__Clostridia;o__Oscillospirales;f__Oscillospiraceae;g__CAG-170;s__CAG-170_sp002404795	ERS1066681	ERP013933	USA	North America	Human	gut	NA	Medium	yes	sp002404795	MGnify
146	MGYG000027533	2779537	297	13741	58.25	91.11	1.74	GUT_GENOME132225	MGYG000002993	d__Bacteria;p__Firmicutes_A;c__Clostridia;o__Oscillospirales;f__Oscillospiraceae;g__CAG-170;s__CAG-170_sp000432135	ERS199002	ERP002061	Denmark	Europe	Human	gut	NA	High	yes	sp000432135	MGnify
147	MGYG000027683	2438778	82	44788	60.74	90.6	0	GUT_GENOME160839	MGYG000000651	d__Bacteria;p__Firmicutes_A;c__Clostridia;o__Oscillospirales;f__Oscillospiraceae;g__CAG-170;s__CAG-170_sp002404795	SRS1876313	SRP095580	Netherlands	Europe	Human	gut	NA	High	yes	sp002404795	MGnify
148	MGYG000027780	2543785	280	12576	58.44	84.2	3.36	GUT_GENOME064699	MGYG000002993	d__Bacteria;p__Firmicutes_A;c__Clostridia;o__Oscillospirales;f__Oscillospiraceae;g__CAG-170;s__CAG-170_sp000432135	ERS608505	ERP008729	Austria	Europe	Human	gut	NA	Medium	yes	sp000432135	MGnify
149	MGYG000027974	2137704	177	16030	59.08	78.86	4.25	GUT_GENOME230665	MGYG000002993	d__Bacteria;p__Firmicutes_A;c__Clostridia;o__Oscillospirales;f__Oscillospiraceae;g__CAG-170;s__CAG-170_sp000432135	SRS295001	SRP008047	China	Asia	Human	gut	NA	Medium	yes	sp000432135	MGnify
150	MGYG000028046	2513308	139	28102	58.72	91.41	3.02	GUT_GENOME170399	MGYG000002993	d__Bacteria;p__Firmicutes_A;c__Clostridia;o__Oscillospirales;f__Oscillospiraceae;g__CAG-170;s__CAG-170_sp000432135	SRS820604	SRP052307	USA	North America	Human	gut	NA	High	yes	sp000432135	MGnify
151	MGYG000028868	2260655	255	12595	61.47	89.2	1.51	GUT_GENOME286901	MGYG000000651	d__Bacteria;p__Firmicutes_A;c__Clostridia;o__Oscillospirales;f__Oscillospiraceae;g__CAG-170;s__CAG-170_sp002404795	ERS436840	ERP005534	Germany	Europe	Human	gut	NA	Medium	yes	sp002404795	MGnify
152	MGYG000029408	2876298	63	83165	57.54	93.29	2.01	GUT_GENOME094512	MGYG000002993	d__Bacteria;p__Firmicutes_A;c__Clostridia;o__Oscillospirales;f__Oscillospiraceae;g__CAG-170;s__CAG-170_sp000432135	ERS608610	ERP008729	Austria	Europe	Human	gut	NA	High	yes	sp000432135	MGnify
153	MGYG000029453	2394672	121	33227	58.64	90.6	4.87	GUT_GENOME029106	MGYG000002993	d__Bacteria;p__Firmicutes_A;c__Clostridia;o__Oscillospirales;f__Oscillospiraceae;g__CAG-170;s__CAG-170_sp000432135	ERS006492	ERP000108	Spain	Europe	Human	gut	NA	High	yes	sp000432135	MGnify
154	MGYG000030595	1967658	326	7898	62.17	82.63	1.86	GUT_GENOME258400	MGYG000000651	d__Bacteria;p__Firmicutes_A;c__Clostridia;o__Oscillospirales;f__Oscillospiraceae;g__CAG-170;s__CAG-170_sp002404795	ERS746951	ERP010700	UK	Europe	Human	gut	NA	Medium	yes	sp002404795	MGnify
155	MGYG000030638	2389589	110	45471	58.92	92.59	2.01	GUT_GENOME139581	MGYG000002993	d__Bacteria;p__Firmicutes_A;c__Clostridia;o__Oscillospirales;f__Oscillospiraceae;g__CAG-170;s__CAG-170_sp000432135	SRS820604	SRP052307	USA	North America	Human	gut	NA	High	yes	sp000432135	MGnify
156	MGYG000030894	2366776	397	8019	58.74	87.12	2.58	GUT_GENOME262528	MGYG000002993	d__Bacteria;p__Firmicutes_A;c__Clostridia;o__Oscillospirales;f__Oscillospiraceae;g__CAG-170;s__CAG-170_sp000432135	-	-	China	Asia	Human	gut	NA	Medium	yes	sp000432135	MGnify
157	MGYG000032051	2357124	206	17233	61.33	89.12	3.98	GUT_GENOME276493	MGYG000000651	d__Bacteria;p__Firmicutes_A;c__Clostridia;o__Oscillospirales;f__Oscillospiraceae;g__CAG-170;s__CAG-170_sp002404795	ERS972234	ERP012929	Israel	Asia	Human	gut	NA	Medium	yes	sp002404795	MGnify
158	MGYG000032263	1901828	342	6929	57.36	84.27	3.02	GUT_GENOME113970	MGYG000000369	d__Bacteria;p__Firmicutes_A;c__Clostridia;o__Oscillospirales;f__Oscillospiraceae;g__CAG-170;s__CAG-170_sp003516765	ERS328990	ERP003612	Denmark	Europe	Human	gut	NA	Medium	yes	sp003516765	MGnify
159	MGYG000032481	2143034	197	17812	57.22	87.73	1.34	GUT_GENOME256566	MGYG000000369	d__Bacteria;p__Firmicutes_A;c__Clostridia;o__Oscillospirales;f__Oscillospiraceae;g__CAG-170;s__CAG-170_sp003516765	ERS746896	ERP010700	UK	Europe	Human	gut	NA	Medium	yes	sp003516765	MGnify
160	MGYG000033507	1999027	249	10850	60.14	85.01	2.52	GUT_GENOME127244	MGYG000004248	d__Bacteria;p__Firmicutes_A;c__Clostridia;o__Oscillospirales;f__Oscillospiraceae;g__CAG-170;s__CAG-170_sp000436735	SRS1596779	SRP080787	Mongolia	Asia	Human	gut	NA	Medium	yes	sp000436735	MGnify
161	MGYG000033540	1835240	349	6811	57.49	73.88	0	GUT_GENOME010826	MGYG000002710	d__Bacteria;p__Firmicutes_A;c__Clostridia;o__Oscillospirales;f__Oscillospiraceae;g__CAG-170;s__CAG-170_sp900549635	ERS554197	ERP007090	Sweden	Europe	Human	gut	NA	Medium	yes	sp900549635	MGnify
162	MGYG000033829	1910701	151	19879	62.11	78.12	4.36	GUT_GENOME023960	MGYG000000651	d__Bacteria;p__Firmicutes_A;c__Clostridia;o__Oscillospirales;f__Oscillospiraceae;g__CAG-170;s__CAG-170_sp002404795	ERS1444530	ERP019502	Kazakhstan	Asia	Human	gut	NA	Medium	yes	sp002404795	MGnify
163	MGYG000033879	1965675	508	5009	58.36	73.14	4.03	GUT_GENOME231021	MGYG000004248	d__Bacteria;p__Firmicutes_A;c__Clostridia;o__Oscillospirales;f__Oscillospiraceae;g__CAG-170;s__CAG-170_sp000436735	SRS295018	SRP008047	China	Asia	Human	gut	NA	Medium	yes	sp000436735	MGnify
164	MGYG000034007	2101785	203	13895	61.78	89.07	2.62	GUT_GENOME105220	MGYG000000651	d__Bacteria;p__Firmicutes_A;c__Clostridia;o__Oscillospirales;f__Oscillospiraceae;g__CAG-170;s__CAG-170_sp002404795	ERS235530	ERP002469	Sweden	Europe	Human	gut	NA	Medium	yes	sp002404795	MGnify
165	MGYG000034022	2309798	204	15177	61.32	85.01	1.51	GUT_GENOME035896	MGYG000000651	d__Bacteria;p__Firmicutes_A;c__Clostridia;o__Oscillospirales;f__Oscillospiraceae;g__CAG-170;s__CAG-170_sp002404795	ERS1015941	ERP013563	China	Asia	Human	gut	NA	Medium	yes	sp002404795	MGnify
166	MGYG000034621	2186652	84	50101	56.9	92.44	2.68	GUT_GENOME260813	MGYG000002710	d__Bacteria;p__Firmicutes_A;c__Clostridia;o__Oscillospirales;f__Oscillospiraceae;g__CAG-170;s__CAG-170_sp900549635	ERS746931	ERP010700	UK	Europe	Human	gut	NA	High	yes	sp900549635	MGnify
167	MGYG000034682	2389256	163	21754	61.12	91.57	1.68	GUT_GENOME165519	MGYG000000651	d__Bacteria;p__Firmicutes_A;c__Clostridia;o__Oscillospirales;f__Oscillospiraceae;g__CAG-170;s__CAG-170_sp002404795	SRS576034	SRP040146	USA	North America	Human	gut	NA	High	yes	sp002404795	MGnify
168	MGYG000034713	2465958	314	10730	58.93	90.9	1.9	GUT_GENOME156240	MGYG000002993	d__Bacteria;p__Firmicutes_A;c__Clostridia;o__Oscillospirales;f__Oscillospiraceae;g__CAG-170;s__CAG-170_sp000432135	ERS475336	ERP005860	China	Asia	Human	gut	NA	High	yes	sp000432135	MGnify
169	MGYG000034844	2464864	230	13974	56.7	89.48	2.91	GUT_GENOME044948	MGYG000002710	d__Bacteria;p__Firmicutes_A;c__Clostridia;o__Oscillospirales;f__Oscillospiraceae;g__CAG-170;s__CAG-170_sp900549635	ERS1289701	ERP016813	China	Asia	Human	gut	NA	Medium	yes	sp900549635	MGnify
170	MGYG000035140	2367721	177	19394	61.02	92.17	4.53	GUT_GENOME165943	MGYG000000651	d__Bacteria;p__Firmicutes_A;c__Clostridia;o__Oscillospirales;f__Oscillospiraceae;g__CAG-170;s__CAG-170_sp002404795	SRS576042	SRP040146	USA	North America	Human	gut	NA	High	yes	sp002404795	MGnify
171	MGYG000035151	2356430	99	39104	58.84	89.77	4.48	GUT_GENOME255152	MGYG000002993	d__Bacteria;p__Firmicutes_A;c__Clostridia;o__Oscillospirales;f__Oscillospiraceae;g__CAG-170;s__CAG-170_sp000432135	ERS746764	ERP010700	UK	Europe	Human	gut	NA	Medium	yes	sp000432135	MGnify
172	MGYG000035230	1449314	377	4434	62.04	60.82	0.31	GUT_GENOME123238	MGYG000002034	d__Bacteria;p__Firmicutes_A;c__Clostridia;o__Oscillospirales;f__Oscillospiraceae;g__CAG-170;s__CAG-170_sp900553545	ERS1138794	ERP015450	China	Asia	Human	gut	NA	Medium	yes	sp900553545	MGnify
173	MGYG000035509	1815987	65	35879	57.81	82.75	0.67	GUT_GENOME186514	MGYG000000369	d__Bacteria;p__Firmicutes_A;c__Clostridia;o__Oscillospirales;f__Oscillospiraceae;g__CAG-170;s__CAG-170_sp003516765	SRS1771176	SRP091570	USA	North America	Human	gut	NA	Medium	yes	sp003516765	MGnify
174	MGYG000035519	1631169	667	2779	57.58	72.1	2.68	GUT_GENOME089351	MGYG000000369	d__Bacteria;p__Firmicutes_A;c__Clostridia;o__Oscillospirales;f__Oscillospiraceae;g__CAG-170;s__CAG-170_sp003516765	ERS608574	ERP008729	Austria	Europe	Human	gut	NA	Medium	yes	sp003516765	MGnify
175	MGYG000036301	2523749	667	4283	55.48	76.12	2.14	GUT_GENOME006928	MGYG000000370	d__Bacteria;p__Firmicutes_A;c__Clostridia;o__Oscillospirales;f__Oscillospiraceae;g__CAG-170;s__CAG-170_sp900545925	ERS473390	ERP005989	Sweden	Europe	Human	gut	NA	Medium	yes	sp900545925	MGnify
176	MGYG000037121	2150469	143	21831	59.21	90.6	3.49	GUT_GENOME208603	MGYG000002993	d__Bacteria;p__Firmicutes_A;c__Clostridia;o__Oscillospirales;f__Oscillospiraceae;g__CAG-170;s__CAG-170_sp000432135	SRS1905975	SRP096283	USA	North America	Human	gut	NA	High	yes	sp000432135	MGnify
177	MGYG000037184	2279158	212	14482	61.55	90.18	4.03	GUT_GENOME048291	MGYG000000651	d__Bacteria;p__Firmicutes_A;c__Clostridia;o__Oscillospirales;f__Oscillospiraceae;g__CAG-170;s__CAG-170_sp002404795	ERS1647312	ERP019674	Germany	Europe	Human	gut	NA	High	yes	sp002404795	MGnify
178	MGYG000037187	2499896	98	51206	58.38	90.6	1.34	GUT_GENOME266185	MGYG000002993	d__Bacteria;p__Firmicutes_A;c__Clostridia;o__Oscillospirales;f__Oscillospiraceae;g__CAG-170;s__CAG-170_sp000432135	ERS971777	ERP012929	Israel	Asia	Human	gut	NA	High	yes	sp000432135	MGnify
179	MGYG000037675	2341784	467	7391	59.15	86.1	2.35	GUT_GENOME073633	MGYG000002993	d__Bacteria;p__Firmicutes_A;c__Clostridia;o__Oscillospirales;f__Oscillospiraceae;g__CAG-170;s__CAG-170_sp000432135	ERS396481	ERP004605	Spain	Europe	Human	gut	NA	Medium	yes	sp000432135	MGnify
180	MGYG000038025	2108984	158	19913	59.9	90.57	4.21	GUT_GENOME125255	MGYG000004248	d__Bacteria;p__Firmicutes_A;c__Clostridia;o__Oscillospirales;f__Oscillospiraceae;g__CAG-170;s__CAG-170_sp000436735	ERS1138748	ERP015450	China	Asia	Human	gut	NA	High	yes	sp000436735	MGnify
181	MGYG000038172	2485622	154	28112	61.22	91.99	2.32	GUT_GENOME129521	MGYG000000651	d__Bacteria;p__Firmicutes_A;c__Clostridia;o__Oscillospirales;f__Oscillospiraceae;g__CAG-170;s__CAG-170_sp002404795	SRS1596869	SRP080787	Mongolia	Asia	Human	gut	NA	High	yes	sp002404795	MGnify
182	MGYG000038211	2166508	96	34142	57.22	92.39	2.18	GUT_GENOME033126	MGYG000002710	d__Bacteria;p__Firmicutes_A;c__Clostridia;o__Oscillospirales;f__Oscillospiraceae;g__CAG-170;s__CAG-170_sp900549635	ERS1015694	ERP013562	China	Asia	Human	gut	NA	High	yes	sp900549635	MGnify
183	MGYG000038676	2163335	348	7487	59.15	89.35	2.72	GUT_GENOME209308	MGYG000000741	d__Bacteria;p__Firmicutes_A;c__Clostridia;o__Oscillospirales;f__Oscillospiraceae;g__CAG-170;s__CAG-170_sp900548625	SRS1905849	SRP096283	USA	North America	Human	gut	NA	Medium	yes	sp900548625	MGnify
184	MGYG000038778	2105548	156	20304	57.36	88.33	3.47	GUT_GENOME198679	MGYG000000369	d__Bacteria;p__Firmicutes_A;c__Clostridia;o__Oscillospirales;f__Oscillospiraceae;g__CAG-170;s__CAG-170_sp003516765	SRS1993545	SRP100446	USA	North America	Human	gut	NA	Medium	yes	sp003516765	MGnify
185	MGYG000038835	3072177	262	16901	56	91.95	2.35	GUT_GENOME062451	MGYG000000370	d__Bacteria;p__Firmicutes_A;c__Clostridia;o__Oscillospirales;f__Oscillospiraceae;g__CAG-170;s__CAG-170_sp900545925	ERS473378	ERP005989	Denmark	Europe	Human	gut	NA	High	yes	sp900545925	MGnify
186	MGYG000038976	2185520	54	65371	58.99	85.57	1.68	GUT_GENOME095162	MGYG000002993	d__Bacteria;p__Firmicutes_A;c__Clostridia;o__Oscillospirales;f__Oscillospiraceae;g__CAG-170;s__CAG-170_sp000432135	ERS631833	ERP008729	Austria	Europe	Human	gut	NA	Medium	yes	sp000432135	MGnify
187	MGYG000039416	3423864	556	9284	55.24	77.06	3.47	GUT_GENOME154048	MGYG000000370	d__Bacteria;p__Firmicutes_A;c__Clostridia;o__Oscillospirales;f__Oscillospiraceae;g__CAG-170;s__CAG-170_sp900545925	ERS475149	ERP005860	China	Asia	Human	gut	NA	Medium	yes	sp900545925	MGnify
188	MGYG000039965	2741002	390	9608	58.21	88.16	2.99	GUT_GENOME102753	MGYG000002993	d__Bacteria;p__Firmicutes_A;c__Clostridia;o__Oscillospirales;f__Oscillospiraceae;g__CAG-170;s__CAG-170_sp000432135	SRS049995	SRP002163	USA	North America	Human	gut	NA	Medium	yes	sp000432135	MGnify
189	MGYG000040054	2276637	437	5638	58.84	73.26	2.98	GUT_GENOME234694	MGYG000002993	d__Bacteria;p__Firmicutes_A;c__Clostridia;o__Oscillospirales;f__Oscillospiraceae;g__CAG-170;s__CAG-170_sp000432135	SRS475993	SRP029441	Fiji	Oceania	Human	gut	NA	Medium	yes	sp000432135	MGnify
190	MGYG000040595	2625392	68	61520	58.31	93.29	1.34	GUT_GENOME010387	MGYG000002993	d__Bacteria;p__Firmicutes_A;c__Clostridia;o__Oscillospirales;f__Oscillospiraceae;g__CAG-170;s__CAG-170_sp000432135	ERS554251	ERP007090	Sweden	Europe	Human	gut	NA	High	yes	sp000432135	MGnify
191	MGYG000040825	2709279	181	22902	58.87	89.93	4.03	GUT_GENOME181485	MGYG000002993	d__Bacteria;p__Firmicutes_A;c__Clostridia;o__Oscillospirales;f__Oscillospiraceae;g__CAG-170;s__CAG-170_sp000432135	SRS1596849	SRP080787	Mongolia	Asia	Human	gut	NA	Medium	yes	sp000432135	MGnify
192	MGYG000041010	2679321	86	60140	58.35	92.62	3.36	GUT_GENOME097153	MGYG000002993	d__Bacteria;p__Firmicutes_A;c__Clostridia;o__Oscillospirales;f__Oscillospiraceae;g__CAG-170;s__CAG-170_sp000432135	SRS585059	SRP040765	USA	North America	Human	gut	NA	High	yes	sp000432135	MGnify
193	MGYG000041455	2922571	129	43033	57.9	93.96	4.81	GUT_GENOME082674	MGYG000002993	d__Bacteria;p__Firmicutes_A;c__Clostridia;o__Oscillospirales;f__Oscillospiraceae;g__CAG-170;s__CAG-170_sp000432135	ERS537258	ERP006678	China	Asia	Human	gut	NA	High	yes	sp000432135	MGnify
194	MGYG000041805	2490432	66	72618	55.47	68.79	1.34	GUT_GENOME158660	MGYG000000370	d__Bacteria;p__Firmicutes_A;c__Clostridia;o__Oscillospirales;f__Oscillospiraceae;g__CAG-170;s__CAG-170_sp900545925	ERS634927	ERP009131	Canada	North America	Human	gut	NA	Medium	yes	sp900545925	MGnify
195	MGYG000041819	2755806	249	19085	58.78	90.61	4.42	GUT_GENOME125192	MGYG000002993	d__Bacteria;p__Firmicutes_A;c__Clostridia;o__Oscillospirales;f__Oscillospiraceae;g__CAG-170;s__CAG-170_sp000432135	ERS1138757	ERP015450	China	Asia	Human	gut	NA	High	yes	sp000432135	MGnify
196	MGYG000041982	2286054	192	17033	61.29	89.14	2.35	GUT_GENOME055971	MGYG000000651	d__Bacteria;p__Firmicutes_A;c__Clostridia;o__Oscillospirales;f__Oscillospiraceae;g__CAG-170;s__CAG-170_sp002404795	ERS396334	ERP004605	Denmark	Europe	Human	gut	NA	Medium	yes	sp002404795	MGnify
197	MGYG000042193	2457038	136	27210	60.61	91.95	2.24	GUT_GENOME107334	MGYG000000651	d__Bacteria;p__Firmicutes_A;c__Clostridia;o__Oscillospirales;f__Oscillospiraceae;g__CAG-170;s__CAG-170_sp002404795	SRS871171	SRP056054	Finland	Europe	Human	gut	NA	High	yes	sp002404795	MGnify
198	MGYG000042239	2612952	309	12956	58.62	92.34	2.01	GUT_GENOME274041	MGYG000002993	d__Bacteria;p__Firmicutes_A;c__Clostridia;o__Oscillospirales;f__Oscillospiraceae;g__CAG-170;s__CAG-170_sp000432135	ERS972107	ERP012929	Israel	Asia	Human	gut	NA	High	yes	sp000432135	MGnify
199	MGYG000042511	1830896	495	4149	61.54	73.56	3.36	GUT_GENOME160398	MGYG000000651	d__Bacteria;p__Firmicutes_A;c__Clostridia;o__Oscillospirales;f__Oscillospiraceae;g__CAG-170;s__CAG-170_sp002404795	SRS1876642	SRP095580	Netherlands	Europe	Human	gut	NA	Medium	yes	sp002404795	MGnify
200	MGYG000042702	2363555	314	9683	58.09	85.11	1.51	GUT_GENOME056373	MGYG000002993	d__Bacteria;p__Firmicutes_A;c__Clostridia;o__Oscillospirales;f__Oscillospiraceae;g__CAG-170;s__CAG-170_sp000432135	ERS396371	ERP004605	Denmark	Europe	Human	gut	NA	Medium	yes	sp000432135	MGnify
201	MGYG000043219	2815893	290	14797	58.48	89.41	3.99	GUT_GENOME023594	MGYG000002993	d__Bacteria;p__Firmicutes_A;c__Clostridia;o__Oscillospirales;f__Oscillospiraceae;g__CAG-170;s__CAG-170_sp000432135	ERS1444518	ERP019502	Kazakhstan	Asia	Human	gut	NA	Medium	yes	sp000432135	MGnify
202	MGYG000044523	2144183	249	11776	59.19	83.81	2.68	GUT_GENOME047445	MGYG000002993	d__Bacteria;p__Firmicutes_A;c__Clostridia;o__Oscillospirales;f__Oscillospiraceae;g__CAG-170;s__CAG-170_sp000432135	ERS1647331	ERP019674	Germany	Europe	Human	gut	NA	Medium	yes	sp000432135	MGnify
203	MGYG000044678	2080488	448	5671	61.46	86.81	2.65	GUT_GENOME104232	MGYG000000651	d__Bacteria;p__Firmicutes_A;c__Clostridia;o__Oscillospirales;f__Oscillospiraceae;g__CAG-170;s__CAG-170_sp002404795	ERS235630	ERP002469	Sweden	Europe	Human	gut	NA	Medium	yes	sp002404795	MGnify
204	MGYG000044693	2264853	212	14733	61.34	88.24	3.54	GUT_GENOME210461	MGYG000000651	d__Bacteria;p__Firmicutes_A;c__Clostridia;o__Oscillospirales;f__Oscillospiraceae;g__CAG-170;s__CAG-170_sp002404795	SRS1905831	SRP096283	USA	North America	Human	gut	NA	Medium	yes	sp002404795	MGnify
205	MGYG000044698	2784114	304	15092	56.31	90.41	2.15	GUT_GENOME110941	MGYG000000370	d__Bacteria;p__Firmicutes_A;c__Clostridia;o__Oscillospirales;f__Oscillospiraceae;g__CAG-170;s__CAG-170_sp900545925	ERS328906	ERP003612	Denmark	Europe	Human	gut	NA	High	yes	sp900545925	MGnify
206	MGYG000044852	2826148	82	57189	60.03	94.63	3.36	GUT_GENOME252385	MGYG000000651	d__Bacteria;p__Firmicutes_A;c__Clostridia;o__Oscillospirales;f__Oscillospiraceae;g__CAG-170;s__CAG-170_sp002404795	ERS746887	ERP010700	UK	Europe	Human	gut	NA	High	yes	sp002404795	MGnify
207	MGYG000044973	3100725	164	35859	57.17	93.96	1.68	GUT_GENOME276853	MGYG000002993	d__Bacteria;p__Firmicutes_A;c__Clostridia;o__Oscillospirales;f__Oscillospiraceae;g__CAG-170;s__CAG-170_sp000432135	ERS972254	ERP012929	Israel	Asia	Human	gut	NA	High	yes	sp000432135	MGnify
208	MGYG000045267	2144625	61	53422	59.51	90.77	2.68	GUT_GENOME025321	MGYG000004248	d__Bacteria;p__Firmicutes_A;c__Clostridia;o__Oscillospirales;f__Oscillospiraceae;g__CAG-170;s__CAG-170_sp000436735	ERS1444576	ERP019502	Kazakhstan	Asia	Human	gut	NA	High	yes	sp000436735	MGnify
209	MGYG000045388	3157374	57	113587	55.56	93.96	1.01	GUT_GENOME047660	MGYG000000370	d__Bacteria;p__Firmicutes_A;c__Clostridia;o__Oscillospirales;f__Oscillospiraceae;g__CAG-170;s__CAG-170_sp900545925	ERS1647289	ERP019674	Germany	Europe	Human	gut	NA	High	yes	sp900545925	MGnify
210	MGYG000045438	2924896	241	17133	57.89	91.66	4.03	GUT_GENOME214921	MGYG000002993	d__Bacteria;p__Firmicutes_A;c__Clostridia;o__Oscillospirales;f__Oscillospiraceae;g__CAG-170;s__CAG-170_sp000432135	SRS020869	SRP002163	USA	North America	Human	gut	NA	High	yes	sp000432135	MGnify
211	MGYG000045561	2463716	142	24854	58.68	92.04	3.71	GUT_GENOME048549	MGYG000002993	d__Bacteria;p__Firmicutes_A;c__Clostridia;o__Oscillospirales;f__Oscillospiraceae;g__CAG-170;s__CAG-170_sp000432135	ERS1647300	ERP019674	Germany	Europe	Human	gut	NA	High	yes	sp000432135	MGnify
212	MGYG000045819	3191787	383	16251	56.24	90.72	1.72	GUT_GENOME070091	MGYG000000370	d__Bacteria;p__Firmicutes_A;c__Clostridia;o__Oscillospirales;f__Oscillospiraceae;g__CAG-170;s__CAG-170_sp900545925	ERS396342	ERP004605	Denmark	Europe	Human	gut	NA	High	yes	sp900545925	MGnify
213	MGYG000046020	2245319	201	17019	58.91	89.37	0.67	GUT_GENOME134618	MGYG000002993	d__Bacteria;p__Firmicutes_A;c__Clostridia;o__Oscillospirales;f__Oscillospiraceae;g__CAG-170;s__CAG-170_sp000432135	ERS199182	ERP002061	Spain	Europe	Human	gut	NA	Medium	yes	sp000432135	MGnify
214	MGYG000046126	1845463	507	4230	59.97	72.18	3.36	GUT_GENOME157405	MGYG000000741	d__Bacteria;p__Firmicutes_A;c__Clostridia;o__Oscillospirales;f__Oscillospiraceae;g__CAG-170;s__CAG-170_sp900548625	SRS883024	SRP056480	Tanzania	Africa	Human	gut	NA	Medium	yes	sp900548625	MGnify
215	MGYG000046254	2122857	342	8467	59.23	74.11	2.68	GUT_GENOME213523	MGYG000002993	d__Bacteria;p__Firmicutes_A;c__Clostridia;o__Oscillospirales;f__Oscillospiraceae;g__CAG-170;s__CAG-170_sp000432135	SRS014235	SRP175119	USA	North America	Human	gut	NA	Medium	yes	sp000432135	MGnify
216	MGYG000046276	2814903	568	5768	58.01	79.11	3.36	GUT_GENOME201953	MGYG000002993	d__Bacteria;p__Firmicutes_A;c__Clostridia;o__Oscillospirales;f__Oscillospiraceae;g__CAG-170;s__CAG-170_sp000432135	SRS1996016	SRP100518	Spain	Europe	Human	gut	NA	Medium	yes	sp000432135	MGnify
217	MGYG000046747	2430981	555	5189	60.05	79.29	3.02	GUT_GENOME128414	MGYG000004248	d__Bacteria;p__Firmicutes_A;c__Clostridia;o__Oscillospirales;f__Oscillospiraceae;g__CAG-170;s__CAG-170_sp000436735	SRS1596824	SRP080787	Mongolia	Asia	Human	gut	NA	Medium	yes	sp000436735	MGnify
218	MGYG000047022	1516643	226	9687	57.94	54.78	0	GUT_GENOME025667	MGYG000000369	d__Bacteria;p__Firmicutes_A;c__Clostridia;o__Oscillospirales;f__Oscillospiraceae;g__CAG-170;s__CAG-170_sp003516765	ERS1444585	ERP019502	Kazakhstan	Asia	Human	gut	NA	Medium	yes	sp003516765	MGnify
219	MGYG000047526	1493344	660	2504	57.21	71.05	3.24	GUT_GENOME070997	MGYG000000369	d__Bacteria;p__Firmicutes_A;c__Clostridia;o__Oscillospirales;f__Oscillospiraceae;g__CAG-170;s__CAG-170_sp003516765	ERS396376	ERP004605	Denmark	Europe	Human	gut	NA	Medium	yes	sp003516765	MGnify
220	MGYG000047562	2436601	906	3045	55.69	73.5	2.64	GUT_GENOME071348	MGYG000000370	d__Bacteria;p__Firmicutes_A;c__Clostridia;o__Oscillospirales;f__Oscillospiraceae;g__CAG-170;s__CAG-170_sp900545925	ERS396388	ERP004605	Denmark	Europe	Human	gut	NA	Medium	yes	sp900545925	MGnify
221	MGYG000049331	2515518	129	28321	60.67	93.96	1.68	GUT_GENOME205463	MGYG000000651	d__Bacteria;p__Firmicutes_A;c__Clostridia;o__Oscillospirales;f__Oscillospiraceae;g__CAG-170;s__CAG-170_sp002404795	SRS1996016	SRP100518	Spain	Europe	Human	gut	NA	High	yes	sp002404795	MGnify
222	MGYG000049405	1853029	276	8573	61.46	84.28	3.48	GUT_GENOME051327	MGYG000000651	d__Bacteria;p__Firmicutes_A;c__Clostridia;o__Oscillospirales;f__Oscillospiraceae;g__CAG-170;s__CAG-170_sp002404795	ERS199136	ERP002061	Denmark	Europe	Human	gut	NA	Medium	yes	sp002404795	MGnify
223	MGYG000049750	2323915	545	5004	58.2	69.49	2.57	GUT_GENOME259974	MGYG000002993	d__Bacteria;p__Firmicutes_A;c__Clostridia;o__Oscillospirales;f__Oscillospiraceae;g__CAG-170;s__CAG-170_sp000432135	ERS746916	ERP010700	UK	Europe	Human	gut	NA	Medium	yes	sp000432135	MGnify
224	MGYG000049949	2832823	394	10655	56.42	85.85	4.98	GUT_GENOME286003	MGYG000000370	d__Bacteria;p__Firmicutes_A;c__Clostridia;o__Oscillospirales;f__Oscillospiraceae;g__CAG-170;s__CAG-170_sp900545925	ERS436815	ERP005534	Germany	Europe	Human	gut	NA	Medium	yes	sp900545925	MGnify
225	MGYG000050490	2230825	723	3275	57.34	51.96	0.17	GUT_GENOME129361	MGYG000000370	d__Bacteria;p__Firmicutes_A;c__Clostridia;o__Oscillospirales;f__Oscillospiraceae;g__CAG-170;s__CAG-170_sp900545925	SRS1596864	SRP080787	Mongolia	Asia	Human	gut	NA	Medium	yes	sp900545925	MGnify
226	MGYG000050929	2226088	331	11203	59.74	91.65	3.52	GUT_GENOME083048	MGYG000002993	d__Bacteria;p__Firmicutes_A;c__Clostridia;o__Oscillospirales;f__Oscillospiraceae;g__CAG-170;s__CAG-170_sp000432135	ERS537273	ERP006678	China	Asia	Human	gut	NA	High	yes	sp000432135	MGnify
227	MGYG000050940	1657317	825	2144	57.87	53.84	0.67	GUT_GENOME080452	MGYG000002993	d__Bacteria;p__Firmicutes_A;c__Clostridia;o__Oscillospirales;f__Oscillospiraceae;g__CAG-170;s__CAG-170_sp000432135	ERS473414	ERP005989	Sweden	Europe	Human	gut	NA	Medium	yes	sp000432135	MGnify
228	MGYG000051037	1792772	457	4593	58.61	62.93	1.72	GUT_GENOME135717	MGYG000002993	d__Bacteria;p__Firmicutes_A;c__Clostridia;o__Oscillospirales;f__Oscillospiraceae;g__CAG-170;s__CAG-170_sp000432135	ERS199243	ERP002061	Spain	Europe	Human	gut	NA	Medium	yes	sp000432135	MGnify
229	MGYG000051269	2037164	319	8732	57.18	86.34	3.42	GUT_GENOME113144	MGYG000000369	d__Bacteria;p__Firmicutes_A;c__Clostridia;o__Oscillospirales;f__Oscillospiraceae;g__CAG-170;s__CAG-170_sp003516765	ERS328967	ERP003612	Denmark	Europe	Human	gut	NA	Medium	yes	sp003516765	MGnify
230	MGYG000051653	2078988	657	3449	58.32	72.4	3.91	GUT_GENOME012242	MGYG000002993	d__Bacteria;p__Firmicutes_A;c__Clostridia;o__Oscillospirales;f__Oscillospiraceae;g__CAG-170;s__CAG-170_sp000432135	SRS475936	SRP029441	Fiji	Oceania	Human	gut	NA	Medium	yes	sp000432135	MGnify
231	MGYG000052021	2552444	86	52713	58.39	94.63	1.68	GUT_GENOME209141	MGYG000002993	d__Bacteria;p__Firmicutes_A;c__Clostridia;o__Oscillospirales;f__Oscillospiraceae;g__CAG-170;s__CAG-170_sp000432135	SRS1914279	SRP096283	USA	North America	Human	gut	NA	High	yes	sp000432135	MGnify
232	MGYG000052029	1975222	229	12133	61.86	88.32	1.68	GUT_GENOME008509	MGYG000000651	d__Bacteria;p__Firmicutes_A;c__Clostridia;o__Oscillospirales;f__Oscillospiraceae;g__CAG-170;s__CAG-170_sp002404795	ERS554218	ERP007090	Sweden	Europe	Human	gut	NA	Medium	yes	sp002404795	MGnify
233	MGYG000052227	2233503	80	48804	58.81	87.25	1.01	GUT_GENOME040408	MGYG000002993	d__Bacteria;p__Firmicutes_A;c__Clostridia;o__Oscillospirales;f__Oscillospiraceae;g__CAG-170;s__CAG-170_sp000432135	ERS1066697	ERP013933	USA	North America	Human	gut	NA	Medium	yes	sp000432135	MGnify
234	MGYG000052750	2997571	304	15121	57.68	90.08	2.01	GUT_GENOME260220	MGYG000002993	d__Bacteria;p__Firmicutes_A;c__Clostridia;o__Oscillospirales;f__Oscillospiraceae;g__CAG-170;s__CAG-170_sp000432135	ERS746956	ERP010700	UK	Europe	Human	gut	NA	High	yes	sp000432135	MGnify
235	MGYG000053025	1665656	337	5072	59.77	69.28	2.68	GUT_GENOME218737	MGYG000004248	d__Bacteria;p__Firmicutes_A;c__Clostridia;o__Oscillospirales;f__Oscillospiraceae;g__CAG-170;s__CAG-170_sp000436735	SRS1170843	SRP066479	Peru	South America	Human	gut	NA	Medium	yes	sp000436735	MGnify
236	MGYG000053119	1449678	385	4340	57.66	68.94	2.99	GUT_GENOME158888	MGYG000002710	d__Bacteria;p__Firmicutes_A;c__Clostridia;o__Oscillospirales;f__Oscillospiraceae;g__CAG-170;s__CAG-170_sp900549635	ERS634929	ERP009131	Canada	North America	Human	gut	NA	Medium	yes	sp900549635	MGnify
237	MGYG000053637	1231622	409	3178	60.97	58.45	1.48	GUT_GENOME137226	MGYG000000651	d__Bacteria;p__Firmicutes_A;c__Clostridia;o__Oscillospirales;f__Oscillospiraceae;g__CAG-170;s__CAG-170_sp002404795	ERS199316	ERP002061	Spain	Europe	Human	gut	NA	Medium	yes	sp002404795	MGnify
238	MGYG000053995	3202596	385	11851	55.93	89.6	1.59	GUT_GENOME022854	MGYG000000370	d__Bacteria;p__Firmicutes_A;c__Clostridia;o__Oscillospirales;f__Oscillospiraceae;g__CAG-170;s__CAG-170_sp900545925	ERS1444496	ERP019502	Kazakhstan	Asia	Human	gut	NA	Medium	yes	sp900545925	MGnify
239	MGYG000054029	2563428	68	57101	58.42	92.37	1.68	GUT_GENOME281975	MGYG000002993	d__Bacteria;p__Firmicutes_A;c__Clostridia;o__Oscillospirales;f__Oscillospiraceae;g__CAG-170;s__CAG-170_sp000432135	ERS436722	ERP005534	France	Europe	Human	gut	NA	High	yes	sp000432135	MGnify
240	MGYG000054085	2949138	293	15676	57.76	90.25	4.11	GUT_GENOME179062	MGYG000002993	d__Bacteria;p__Firmicutes_A;c__Clostridia;o__Oscillospirales;f__Oscillospiraceae;g__CAG-170;s__CAG-170_sp000432135	SRS1465228	SRP075633	USA	North America	Human	gut	NA	High	yes	sp000432135	MGnify
241	MGYG000054187	1936397	118	29044	57.55	91.31	4.36	GUT_GENOME157979	MGYG000000369	d__Bacteria;p__Firmicutes_A;c__Clostridia;o__Oscillospirales;f__Oscillospiraceae;g__CAG-170;s__CAG-170_sp003516765	ERS634968	ERP009131	Canada	North America	Human	gut	NA	High	yes	sp003516765	MGnify
242	MGYG000054313	2022224	252	11194	61.92	91.95	1.03	GUT_GENOME116080	MGYG000000651	d__Bacteria;p__Firmicutes_A;c__Clostridia;o__Oscillospirales;f__Oscillospiraceae;g__CAG-170;s__CAG-170_sp002404795	ERS396334	ERP004605	Denmark	Europe	Human	gut	NA	High	yes	sp002404795	MGnify
243	MGYG000054820	2666894	674	4686	56.81	75.85	2.09	GUT_GENOME124539	MGYG000000370	d__Bacteria;p__Firmicutes_A;c__Clostridia;o__Oscillospirales;f__Oscillospiraceae;g__CAG-170;s__CAG-170_sp900545925	ERS1138918	ERP015450	China	Asia	Human	gut	NA	Medium	yes	sp900545925	MGnify
244	MGYG000055176	2376767	205	16689	61	91.95	3.69	GUT_GENOME270789	MGYG000000651	d__Bacteria;p__Firmicutes_A;c__Clostridia;o__Oscillospirales;f__Oscillospiraceae;g__CAG-170;s__CAG-170_sp002404795	ERS971965	ERP012929	Israel	Asia	Human	gut	NA	High	yes	sp002404795	MGnify
245	MGYG000055196	2152014	120	27122	59.32	87.37	2.01	GUT_GENOME106530	MGYG000002993	d__Bacteria;p__Firmicutes_A;c__Clostridia;o__Oscillospirales;f__Oscillospiraceae;g__CAG-170;s__CAG-170_sp000432135	ERS235590	ERP002469	Sweden	Europe	Human	gut	NA	Medium	yes	sp000432135	MGnify
246	MGYG000055504	2737797	306	11462	58.07	84.94	2.74	GUT_GENOME047456	MGYG000002993	d__Bacteria;p__Firmicutes_A;c__Clostridia;o__Oscillospirales;f__Oscillospiraceae;g__CAG-170;s__CAG-170_sp000432135	ERS1647331	ERP019674	Germany	Europe	Human	gut	NA	Medium	yes	sp000432135	MGnify
247	MGYG000055931	2105725	90	32587	59.06	88.89	1.34	GUT_GENOME189898	MGYG000002993	d__Bacteria;p__Firmicutes_A;c__Clostridia;o__Oscillospirales;f__Oscillospiraceae;g__CAG-170;s__CAG-170_sp000432135	SRS1820298	SRP093965	USA	North America	Human	gut	NA	Medium	yes	sp000432135	MGnify
248	MGYG000056213	2556722	189	21249	60.72	92.3	2.53	GUT_GENOME165824	MGYG000000651	d__Bacteria;p__Firmicutes_A;c__Clostridia;o__Oscillospirales;f__Oscillospiraceae;g__CAG-170;s__CAG-170_sp002404795	SRS576034	SRP040146	USA	North America	Human	gut	NA	High	yes	sp002404795	MGnify
249	MGYG000056238	2384902	372	9490	59.23	93.29	2.96	GUT_GENOME219649	MGYG000002993	d__Bacteria;p__Firmicutes_A;c__Clostridia;o__Oscillospirales;f__Oscillospiraceae;g__CAG-170;s__CAG-170_sp000432135	SRS148196	SRP002163	USA	North America	Human	gut	NA	High	yes	sp000432135	MGnify
250	MGYG000056673	2079035	204	13935	56.89	83.14	2.26	GUT_GENOME193840	MGYG000000369	d__Bacteria;p__Firmicutes_A;c__Clostridia;o__Oscillospirales;f__Oscillospiraceae;g__CAG-170;s__CAG-170_sp003516765	SRS1820526	SRP093965	USA	North America	Human	gut	NA	Medium	yes	sp003516765	MGnify
251	MGYG000056815	2280766	298	12105	59.43	93.23	3.38	GUT_GENOME070870	MGYG000004248	d__Bacteria;p__Firmicutes_A;c__Clostridia;o__Oscillospirales;f__Oscillospiraceae;g__CAG-170;s__CAG-170_sp000436735	ERS396372	ERP004605	Denmark	Europe	Human	gut	NA	High	yes	sp000436735	MGnify
252	MGYG000056891	2149010	498	4561	58.45	70.05	0.84	GUT_GENOME028951	MGYG000002993	d__Bacteria;p__Firmicutes_A;c__Clostridia;o__Oscillospirales;f__Oscillospiraceae;g__CAG-170;s__CAG-170_sp000432135	ERS006502	ERP000108	Spain	Europe	Human	gut	NA	Medium	yes	sp000432135	MGnify
253	MGYG000057126	2044235	112	36525	59.51	91.28	2.68	GUT_GENOME263993	MGYG000004248	d__Bacteria;p__Firmicutes_A;c__Clostridia;o__Oscillospirales;f__Oscillospiraceae;g__CAG-170;s__CAG-170_sp000436735	-	-	China	Asia	Human	gut	NA	High	yes	sp000436735	MGnify
254	MGYG000057301	2570780	284	13736	58.89	91.95	2.57	GUT_GENOME209487	MGYG000002993	d__Bacteria;p__Firmicutes_A;c__Clostridia;o__Oscillospirales;f__Oscillospiraceae;g__CAG-170;s__CAG-170_sp000432135	SRS1905873	SRP096283	USA	North America	Human	gut	NA	High	yes	sp000432135	MGnify
255	MGYG000058029	1832747	438	4994	61.64	74.52	4.83	GUT_GENOME008362	MGYG000000651	d__Bacteria;p__Firmicutes_A;c__Clostridia;o__Oscillospirales;f__Oscillospiraceae;g__CAG-170;s__CAG-170_sp002404795	ERS554217	ERP007090	Sweden	Europe	Human	gut	NA	Medium	yes	sp002404795	MGnify
256	MGYG000058391	2505082	224	17262	58.8	91.34	4.36	GUT_GENOME128568	MGYG000002993	d__Bacteria;p__Firmicutes_A;c__Clostridia;o__Oscillospirales;f__Oscillospiraceae;g__CAG-170;s__CAG-170_sp000432135	SRS1596829	SRP080787	Mongolia	Asia	Human	gut	NA	High	yes	sp000432135	MGnify
257	MGYG000058469	2639844	159	27720	58.62	93.62	1.85	GUT_GENOME217822	MGYG000002993	d__Bacteria;p__Firmicutes_A;c__Clostridia;o__Oscillospirales;f__Oscillospiraceae;g__CAG-170;s__CAG-170_sp000432135	SRS104311	SRP002163	USA	North America	Human	gut	NA	High	yes	sp000432135	MGnify
258	MGYG000058688	2235916	292	10509	59.06	85.58	3.99	GUT_GENOME095225	MGYG000002993	d__Bacteria;p__Firmicutes_A;c__Clostridia;o__Oscillospirales;f__Oscillospiraceae;g__CAG-170;s__CAG-170_sp000432135	-	-	Italy	Europe	Human	gut	NA	Medium	yes	sp000432135	MGnify
259	MGYG000058895	3254551	83	78799	57.53	93.29	1.01	GUT_GENOME252013	MGYG000002993	d__Bacteria;p__Firmicutes_A;c__Clostridia;o__Oscillospirales;f__Oscillospiraceae;g__CAG-170;s__CAG-170_sp000432135	ERS746723	ERP010700	UK	Europe	Human	gut	NA	High	yes	sp000432135	MGnify
260	MGYG000058949	2654743	36	129191	58.27	92.28	1.34	GUT_GENOME023657	MGYG000002993	d__Bacteria;p__Firmicutes_A;c__Clostridia;o__Oscillospirales;f__Oscillospiraceae;g__CAG-170;s__CAG-170_sp000432135	ERS1444520	ERP019502	Kazakhstan	Asia	Human	gut	NA	High	yes	sp000432135	MGnify
261	MGYG000059450	1995099	423	5812	61.59	55.2	0	GUT_GENOME281593	MGYG000000651	d__Bacteria;p__Firmicutes_A;c__Clostridia;o__Oscillospirales;f__Oscillospiraceae;g__CAG-170;s__CAG-170_sp002404795	ERS953893	ERP012929	Israel	Asia	Human	gut	NA	Medium	yes	sp002404795	MGnify
262	MGYG000059665	2295819	169	19443	61.22	93.96	1.44	GUT_GENOME164972	MGYG000000651	d__Bacteria;p__Firmicutes_A;c__Clostridia;o__Oscillospirales;f__Oscillospiraceae;g__CAG-170;s__CAG-170_sp002404795	SRS576034	SRP040146	USA	North America	Human	gut	NA	High	yes	sp002404795	MGnify
263	MGYG000059927	2086919	204	17256	61.84	91	2.93	GUT_GENOME253377	MGYG000000651	d__Bacteria;p__Firmicutes_A;c__Clostridia;o__Oscillospirales;f__Oscillospiraceae;g__CAG-170;s__CAG-170_sp002404795	ERS746744	ERP010700	UK	Europe	Human	gut	NA	High	yes	sp002404795	MGnify
264	MGYG000060340	3267400	258	19845	57.59	88.65	2.68	GUT_GENOME159067	MGYG000002993	d__Bacteria;p__Firmicutes_A;c__Clostridia;o__Oscillospirales;f__Oscillospiraceae;g__CAG-170;s__CAG-170_sp000432135	ERS634932	ERP009131	Canada	North America	Human	gut	NA	Medium	yes	sp000432135	MGnify
265	MGYG000060434	2337794	190	18451	59.27	91.89	4.47	GUT_GENOME257255	MGYG000002034	d__Bacteria;p__Firmicutes_A;c__Clostridia;o__Oscillospirales;f__Oscillospiraceae;g__CAG-170;s__CAG-170_sp900553545	ERS746864	ERP010700	UK	Europe	Human	gut	NA	High	yes	sp900553545	MGnify
266	MGYG000060526	2452380	208	24133	59.06	91.28	1.01	GUT_GENOME067947	MGYG000002993	d__Bacteria;p__Firmicutes_A;c__Clostridia;o__Oscillospirales;f__Oscillospiraceae;g__CAG-170;s__CAG-170_sp000432135	ERS235590	ERP002469	Sweden	Europe	Human	gut	NA	High	yes	sp000432135	MGnify
267	MGYG000060778	2313900	268	12865	59	87.76	0.36	GUT_GENOME030768	MGYG000002993	d__Bacteria;p__Firmicutes_A;c__Clostridia;o__Oscillospirales;f__Oscillospiraceae;g__CAG-170;s__CAG-170_sp000432135	ERS848701	ERP012177	China	Asia	Human	gut	NA	Medium	yes	sp000432135	MGnify
268	MGYG000060893	2882273	355	10878	57.88	90.1	2.68	GUT_GENOME137347	MGYG000002993	d__Bacteria;p__Firmicutes_A;c__Clostridia;o__Oscillospirales;f__Oscillospiraceae;g__CAG-170;s__CAG-170_sp000432135	ERS199324	ERP002061	Spain	Europe	Human	gut	NA	High	yes	sp000432135	MGnify
269	MGYG000061280	1885572	480	4668	62.01	81.1	4.36	GUT_GENOME276768	MGYG000000651	d__Bacteria;p__Firmicutes_A;c__Clostridia;o__Oscillospirales;f__Oscillospiraceae;g__CAG-170;s__CAG-170_sp002404795	ERS972248	ERP012929	Israel	Asia	Human	gut	NA	Medium	yes	sp002404795	MGnify
270	MGYG000061385	2164076	31	98342	56.65	86.58	0	GUT_GENOME158765	MGYG000002710	d__Bacteria;p__Firmicutes_A;c__Clostridia;o__Oscillospirales;f__Oscillospiraceae;g__CAG-170;s__CAG-170_sp900549635	ERS634928	ERP009131	Canada	North America	Human	gut	NA	Medium	yes	sp900549635	MGnify
271	MGYG000061623	1650546	444	4122	57.27	73.49	4.03	GUT_GENOME138885	MGYG000000369	d__Bacteria;p__Firmicutes_A;c__Clostridia;o__Oscillospirales;f__Oscillospiraceae;g__CAG-170;s__CAG-170_sp003516765	ERS199388	ERP002061	Spain	Europe	Human	gut	NA	Medium	yes	sp003516765	MGnify
272	MGYG000061765	2192094	160	18807	61.24	88.26	3.91	GUT_GENOME175949	MGYG000000651	d__Bacteria;p__Firmicutes_A;c__Clostridia;o__Oscillospirales;f__Oscillospiraceae;g__CAG-170;s__CAG-170_sp002404795	SRS1205291	SRP067325	USA	North America	Human	gut	NA	Medium	yes	sp002404795	MGnify
273	MGYG000062216	2174994	515	5045	58.72	69.28	2.59	GUT_GENOME107825	MGYG000002993	d__Bacteria;p__Firmicutes_A;c__Clostridia;o__Oscillospirales;f__Oscillospiraceae;g__CAG-170;s__CAG-170_sp000432135	ERS328729	ERP003612	Denmark	Europe	Human	gut	NA	Medium	yes	sp000432135	MGnify
274	MGYG000062225	2081479	457	5560	59.1	80.68	2.01	GUT_GENOME266745	MGYG000002993	d__Bacteria;p__Firmicutes_A;c__Clostridia;o__Oscillospirales;f__Oscillospiraceae;g__CAG-170;s__CAG-170_sp000432135	ERS971796	ERP012929	Israel	Asia	Human	gut	NA	Medium	yes	sp000432135	MGnify
275	MGYG000062228	2517525	268	13388	60.68	90.21	2.01	GUT_GENOME274295	MGYG000000651	d__Bacteria;p__Firmicutes_A;c__Clostridia;o__Oscillospirales;f__Oscillospiraceae;g__CAG-170;s__CAG-170_sp002404795	ERS972117	ERP012929	Israel	Asia	Human	gut	NA	High	yes	sp002404795	MGnify
276	MGYG000062448	2532670	96	37127	58.48	95.3	1.68	GUT_GENOME203557	MGYG000002993	d__Bacteria;p__Firmicutes_A;c__Clostridia;o__Oscillospirales;f__Oscillospiraceae;g__CAG-170;s__CAG-170_sp000432135	SRS1996016	SRP100518	Spain	Europe	Human	gut	NA	High	yes	sp000432135	MGnify
277	MGYG000062870	1922706	360	6974	57.54	88.49	3.08	GUT_GENOME112024	MGYG000000369	d__Bacteria;p__Firmicutes_A;c__Clostridia;o__Oscillospirales;f__Oscillospiraceae;g__CAG-170;s__CAG-170_sp003516765	ERS328936	ERP003612	Denmark	Europe	Human	gut	NA	Medium	yes	sp003516765	MGnify
278	MGYG000063207	1863750	427	5720	57.57	83.6	1.29	GUT_GENOME074230	MGYG000000369	d__Bacteria;p__Firmicutes_A;c__Clostridia;o__Oscillospirales;f__Oscillospiraceae;g__CAG-170;s__CAG-170_sp003516765	ERS396500	ERP004605	Spain	Europe	Human	gut	NA	Medium	yes	sp003516765	MGnify
279	MGYG000063267	2498946	81	50657	60.32	89.93	1.34	GUT_GENOME251082	MGYG000000651	d__Bacteria;p__Firmicutes_A;c__Clostridia;o__Oscillospirales;f__Oscillospiraceae;g__CAG-170;s__CAG-170_sp002404795	ERS746880	ERP010700	UK	Europe	Human	gut	NA	Medium	yes	sp002404795	MGnify
280	MGYG000063331	2901969	389	9920	58.1	89.09	1.68	GUT_GENOME215846	MGYG000002993	d__Bacteria;p__Firmicutes_A;c__Clostridia;o__Oscillospirales;f__Oscillospiraceae;g__CAG-170;s__CAG-170_sp000432135	SRS049164	SRP002163	USA	North America	Human	gut	NA	Medium	yes	sp000432135	MGnify
281	MGYG000063782	1757186	301	6891	57.76	81.59	4.08	GUT_GENOME190345	MGYG000000369	d__Bacteria;p__Firmicutes_A;c__Clostridia;o__Oscillospirales;f__Oscillospiraceae;g__CAG-170;s__CAG-170_sp003516765	SRS1820326	SRP093965	USA	North America	Human	gut	NA	Medium	yes	sp003516765	MGnify
282	MGYG000063916	2168777	243	14881	61.45	87.72	4.36	GUT_GENOME100971	MGYG000000651	d__Bacteria;p__Firmicutes_A;c__Clostridia;o__Oscillospirales;f__Oscillospiraceae;g__CAG-170;s__CAG-170_sp002404795	SRS015133	SRP002163	USA	North America	Human	gut	NA	Medium	yes	sp002404795	MGnify
283	MGYG000064031	2578821	110	37689	58.53	92.32	2.07	GUT_GENOME044688	MGYG000002993	d__Bacteria;p__Firmicutes_A;c__Clostridia;o__Oscillospirales;f__Oscillospiraceae;g__CAG-170;s__CAG-170_sp000432135	ERS1289687	ERP016813	China	Asia	Human	gut	NA	High	yes	sp000432135	MGnify
284	MGYG000064042	2919739	301	15207	57.94	92.6	2.01	GUT_GENOME246790	MGYG000002993	d__Bacteria;p__Firmicutes_A;c__Clostridia;o__Oscillospirales;f__Oscillospiraceae;g__CAG-170;s__CAG-170_sp000432135	ERS1066671	ERP013933	USA	North America	Human	gut	NA	High	yes	sp000432135	MGnify
285	MGYG000064127	2797362	257	15850	58.62	89.62	4.03	GUT_GENOME128660	MGYG000002993	d__Bacteria;p__Firmicutes_A;c__Clostridia;o__Oscillospirales;f__Oscillospiraceae;g__CAG-170;s__CAG-170_sp000432135	SRS1596832	SRP080787	Mongolia	Asia	Human	gut	NA	Medium	yes	sp000432135	MGnify
286	MGYG000064196	3022774	402	10829	55.84	84.72	3.36	GUT_GENOME113285	MGYG000000370	d__Bacteria;p__Firmicutes_A;c__Clostridia;o__Oscillospirales;f__Oscillospiraceae;g__CAG-170;s__CAG-170_sp900545925	ERS328971	ERP003612	Denmark	Europe	Human	gut	NA	Medium	yes	sp900545925	MGnify
287	MGYG000064406	2360060	189	20994	59	93.29	2.24	GUT_GENOME218713	MGYG000002993	d__Bacteria;p__Firmicutes_A;c__Clostridia;o__Oscillospirales;f__Oscillospiraceae;g__CAG-170;s__CAG-170_sp000432135	SRS1170842	SRP066479	Peru	South America	Human	gut	NA	High	yes	sp000432135	MGnify
288	MGYG000064750	2535781	154	24882	60.75	93.29	0.73	GUT_GENOME126701	MGYG000000651	d__Bacteria;p__Firmicutes_A;c__Clostridia;o__Oscillospirales;f__Oscillospiraceae;g__CAG-170;s__CAG-170_sp002404795	ERS1069680	ERP013827	Netherlands	Europe	Human	gut	NA	High	yes	sp002404795	MGnify
289	MGYG000065554	3055120	316	14460	57.64	90.77	2.68	GUT_GENOME002708	MGYG000002993	d__Bacteria;p__Firmicutes_A;c__Clostridia;o__Oscillospirales;f__Oscillospiraceae;g__CAG-170;s__CAG-170_sp000432135	ERS473072	ERP005989	Sweden	Europe	Human	gut	NA	High	yes	sp000432135	MGnify
290	MGYG000065627	2207511	338	9388	61.23	89.63	4.07	GUT_GENOME282197	MGYG000000651	d__Bacteria;p__Firmicutes_A;c__Clostridia;o__Oscillospirales;f__Oscillospiraceae;g__CAG-170;s__CAG-170_sp002404795	ERS436793	ERP005534	France	Europe	Human	gut	NA	Medium	yes	sp002404795	MGnify
291	MGYG000065711	3156880	523	7393	55.58	80.96	4.45	GUT_GENOME187956	MGYG000000370	d__Bacteria;p__Firmicutes_A;c__Clostridia;o__Oscillospirales;f__Oscillospiraceae;g__CAG-170;s__CAG-170_sp900545925	SRS1806057	SRP093506	China	Asia	Human	gut	NA	Medium	yes	sp900545925	MGnify
292	MGYG000066211	1843424	495	4346	56.81	61.01	1.85	GUT_GENOME089808	MGYG000000370	d__Bacteria;p__Firmicutes_A;c__Clostridia;o__Oscillospirales;f__Oscillospiraceae;g__CAG-170;s__CAG-170_sp900545925	ERS608589	ERP008729	Austria	Europe	Human	gut	NA	Medium	yes	sp900545925	MGnify
293	MGYG000066557	2409258	214	16500	59.28	94.15	3.5	GUT_GENOME124180	MGYG000002993	d__Bacteria;p__Firmicutes_A;c__Clostridia;o__Oscillospirales;f__Oscillospiraceae;g__CAG-170;s__CAG-170_sp000432135	ERS1138916	ERP015450	China	Asia	Human	gut	NA	High	yes	sp000432135	MGnify
294	MGYG000066946	2211655	273	11036	61.26	88.37	4.7	GUT_GENOME261049	MGYG000000651	d__Bacteria;p__Firmicutes_A;c__Clostridia;o__Oscillospirales;f__Oscillospiraceae;g__CAG-170;s__CAG-170_sp002404795	ERS746958	ERP010700	UK	Europe	Human	gut	NA	Medium	yes	sp002404795	MGnify
295	MGYG000067045	2172350	311	11939	60.17	92.51	2.35	GUT_GENOME218035	MGYG000000741	d__Bacteria;p__Firmicutes_A;c__Clostridia;o__Oscillospirales;f__Oscillospiraceae;g__CAG-170;s__CAG-170_sp900548625	SRS1170705	SRP066479	Peru	South America	Human	gut	NA	High	yes	sp900548625	MGnify
296	MGYG000067586	2719666	92	58082	58.18	93.91	2.01	GUT_GENOME252207	MGYG000002993	d__Bacteria;p__Firmicutes_A;c__Clostridia;o__Oscillospirales;f__Oscillospiraceae;g__CAG-170;s__CAG-170_sp000432135	ERS746885	ERP010700	UK	Europe	Human	gut	NA	High	yes	sp000432135	MGnify
297	MGYG000067856	2427864	384	8569	61.07	90.56	1.98	GUT_GENOME069886	MGYG000000651	d__Bacteria;p__Firmicutes_A;c__Clostridia;o__Oscillospirales;f__Oscillospiraceae;g__CAG-170;s__CAG-170_sp002404795	ERS396334	ERP004605	Denmark	Europe	Human	gut	NA	High	yes	sp002404795	MGnify
298	MGYG000068078	3206181	134	37929	57.47	93.29	1.68	GUT_GENOME216935	MGYG000002993	d__Bacteria;p__Firmicutes_A;c__Clostridia;o__Oscillospirales;f__Oscillospiraceae;g__CAG-170;s__CAG-170_sp000432135	SRS075878	SRP002163	USA	North America	Human	gut	NA	High	yes	sp000432135	MGnify
299	MGYG000068286	2296777	170	21447	59.03	84.16	4.72	GUT_GENOME010298	MGYG000002993	d__Bacteria;p__Firmicutes_A;c__Clostridia;o__Oscillospirales;f__Oscillospiraceae;g__CAG-170;s__CAG-170_sp000432135	ERS554196	ERP007090	Sweden	Europe	Human	gut	NA	Medium	yes	sp000432135	MGnify
300	MGYG000068524	1854450	334	7365	57.42	84.56	0.35	GUT_GENOME119433	MGYG000000369	d__Bacteria;p__Firmicutes_A;c__Clostridia;o__Oscillospirales;f__Oscillospiraceae;g__CAG-170;s__CAG-170_sp003516765	ERS396444	ERP004605	Spain	Europe	Human	gut	NA	Medium	yes	sp003516765	MGnify
301	MGYG000069364	2628370	331	14348	58.71	87.6	1.68	GUT_GENOME124219	MGYG000002993	d__Bacteria;p__Firmicutes_A;c__Clostridia;o__Oscillospirales;f__Oscillospiraceae;g__CAG-170;s__CAG-170_sp000432135	ERS1138928	ERP015450	China	Asia	Human	gut	NA	Medium	yes	sp000432135	MGnify
302	MGYG000070092	1724389	506	3838	58.87	70.57	2.68	GUT_GENOME110044	MGYG000002993	d__Bacteria;p__Firmicutes_A;c__Clostridia;o__Oscillospirales;f__Oscillospiraceae;g__CAG-170;s__CAG-170_sp000432135	ERS328866	ERP003612	Denmark	Europe	Human	gut	NA	Medium	yes	sp000432135	MGnify
303	MGYG000070313	3044706	372	11160	55.97	89.93	3.71	GUT_GENOME079969	MGYG000000370	d__Bacteria;p__Firmicutes_A;c__Clostridia;o__Oscillospirales;f__Oscillospiraceae;g__CAG-170;s__CAG-170_sp900545925	ERS473378	ERP005989	Sweden	Europe	Human	gut	NA	Medium	yes	sp900545925	MGnify
304	MGYG000070482	3100645	170	36102	57.55	93.96	2.35	GUT_GENOME278230	MGYG000004248	d__Bacteria;p__Firmicutes_A;c__Clostridia;o__Oscillospirales;f__Oscillospiraceae;g__CAG-170;s__CAG-170_sp000436735	ERS972336	ERP012929	Israel	Asia	Human	gut	NA	High	yes	sp000436735	MGnify
305	MGYG000070854	3611928	309	18243	56.02	86.74	2.35	GUT_GENOME152652	MGYG000002993	d__Bacteria;p__Firmicutes_A;c__Clostridia;o__Oscillospirales;f__Oscillospiraceae;g__CAG-170;s__CAG-170_sp000432135	-	-	China	Asia	Human	gut	NA	Medium	yes	sp000432135	MGnify
306	MGYG000070977	2547849	72	58265	58.43	89.66	2.68	GUT_GENOME048141	MGYG000002993	d__Bacteria;p__Firmicutes_A;c__Clostridia;o__Oscillospirales;f__Oscillospiraceae;g__CAG-170;s__CAG-170_sp000432135	ERS1647292	ERP019674	Germany	Europe	Human	gut	NA	Medium	yes	sp000432135	MGnify
307	MGYG000071280	1896373	377	6626	62.37	79.29	2.99	GUT_GENOME011214	MGYG000000651	d__Bacteria;p__Firmicutes_A;c__Clostridia;o__Oscillospirales;f__Oscillospiraceae;g__CAG-170;s__CAG-170_sp002404795	SRS476144	SRP029441	Fiji	Oceania	Human	gut	NA	Medium	yes	sp002404795	MGnify
308	MGYG000071512	2313510	170	23927	61.57	83.2	1.01	GUT_GENOME159605	MGYG000000651	d__Bacteria;p__Firmicutes_A;c__Clostridia;o__Oscillospirales;f__Oscillospiraceae;g__CAG-170;s__CAG-170_sp002404795	ERS634961	ERP009131	Canada	North America	Human	gut	NA	Medium	yes	sp002404795	MGnify
309	MGYG000071783	2313438	376	8353	58.23	81.02	1.9	GUT_GENOME119494	MGYG000002993	d__Bacteria;p__Firmicutes_A;c__Clostridia;o__Oscillospirales;f__Oscillospiraceae;g__CAG-170;s__CAG-170_sp000432135	ERS396446	ERP004605	Spain	Europe	Human	gut	NA	Medium	yes	sp000432135	MGnify
310	MGYG000072136	2274675	401	7215	59.07	82.1	1.86	GUT_GENOME100718	MGYG000002993	d__Bacteria;p__Firmicutes_A;c__Clostridia;o__Oscillospirales;f__Oscillospiraceae;g__CAG-170;s__CAG-170_sp000432135	SRS014235	SRP175119	USA	North America	Human	gut	NA	Medium	yes	sp000432135	MGnify
311	MGYG000072498	2215220	231	14972	61.41	87.25	1.69	GUT_GENOME251204	MGYG000000651	d__Bacteria;p__Firmicutes_A;c__Clostridia;o__Oscillospirales;f__Oscillospiraceae;g__CAG-170;s__CAG-170_sp002404795	ERS746881	ERP010700	UK	Europe	Human	gut	NA	Medium	yes	sp002404795	MGnify
312	MGYG000072706	3029657	353	11960	57.87	92.62	1.34	GUT_GENOME213169	MGYG000002993	d__Bacteria;p__Firmicutes_A;c__Clostridia;o__Oscillospirales;f__Oscillospiraceae;g__CAG-170;s__CAG-170_sp000432135	SRS011586	SRP002163	USA	North America	Human	gut	NA	High	yes	sp000432135	MGnify
313	MGYG000072978	2606017	146	36076	58.55	95.3	1.68	GUT_GENOME085189	MGYG000002993	d__Bacteria;p__Firmicutes_A;c__Clostridia;o__Oscillospirales;f__Oscillospiraceae;g__CAG-170;s__CAG-170_sp000432135	ERS537346	ERP006678	China	Asia	Human	gut	NA	High	yes	sp000432135	MGnify
314	MGYG000073294	3109392	553	7297	55.61	89.36	3.52	GUT_GENOME271320	MGYG000000370	d__Bacteria;p__Firmicutes_A;c__Clostridia;o__Oscillospirales;f__Oscillospiraceae;g__CAG-170;s__CAG-170_sp900545925	ERS971989	ERP012929	Israel	Asia	Human	gut	NA	Medium	yes	sp900545925	MGnify
315	MGYG000073428	2439031	131	25165	58.78	89.86	4.14	GUT_GENOME048565	MGYG000002993	d__Bacteria;p__Firmicutes_A;c__Clostridia;o__Oscillospirales;f__Oscillospiraceae;g__CAG-170;s__CAG-170_sp000432135	ERS1647300	ERP019674	Germany	Europe	Human	gut	NA	Medium	yes	sp000432135	MGnify
316	MGYG000073457	2621853	168	34398	58.39	93.29	2.35	GUT_GENOME230115	MGYG000004248	d__Bacteria;p__Firmicutes_A;c__Clostridia;o__Oscillospirales;f__Oscillospiraceae;g__CAG-170;s__CAG-170_sp000436735	SRS294970	SRP008047	China	Asia	Human	gut	NA	High	yes	sp000436735	MGnify
317	MGYG000074027	2177877	148	20314	57.12	88.8	3.15	GUT_GENOME063274	MGYG000002710	d__Bacteria;p__Firmicutes_A;c__Clostridia;o__Oscillospirales;f__Oscillospiraceae;g__CAG-170;s__CAG-170_sp900549635	ERS537188	ERP006678	China	Asia	Human	gut	NA	Medium	yes	sp900549635	MGnify
318	MGYG000075324	2227868	281	10820	61.5	89.87	2.85	GUT_GENOME043209	MGYG000000651	d__Bacteria;p__Firmicutes_A;c__Clostridia;o__Oscillospirales;f__Oscillospiraceae;g__CAG-170;s__CAG-170_sp002404795	ERS1069680	ERP013827	Netherlands	Europe	Human	gut	NA	Medium	yes	sp002404795	MGnify
319	MGYG000076291	2179776	351	7370	61.31	84.19	4.54	GUT_GENOME048932	MGYG000000651	d__Bacteria;p__Firmicutes_A;c__Clostridia;o__Oscillospirales;f__Oscillospiraceae;g__CAG-170;s__CAG-170_sp002404795	ERS1647320	ERP019674	Germany	Europe	Human	gut	NA	Medium	yes	sp002404795	MGnify
320	MGYG000077244	2606053	245	18023	58.46	91.74	2.15	GUT_GENOME278998	MGYG000002993	d__Bacteria;p__Firmicutes_A;c__Clostridia;o__Oscillospirales;f__Oscillospiraceae;g__CAG-170;s__CAG-170_sp000432135	ERS972379	ERP012929	Israel	Asia	Human	gut	NA	High	yes	sp000432135	MGnify
321	MGYG000077309	2299371	146	22356	61.16	91.39	1.58	GUT_GENOME164793	MGYG000000651	d__Bacteria;p__Firmicutes_A;c__Clostridia;o__Oscillospirales;f__Oscillospiraceae;g__CAG-170;s__CAG-170_sp002404795	SRS576034	SRP040146	USA	North America	Human	gut	NA	High	yes	sp002404795	MGnify
322	MGYG000077453	2960807	468	7852	55.87	80.32	4.7	GUT_GENOME200468	MGYG000000370	d__Bacteria;p__Firmicutes_A;c__Clostridia;o__Oscillospirales;f__Oscillospiraceae;g__CAG-170;s__CAG-170_sp900545925	SRS1997058	SRP100575	China	Asia	Human	gut	NA	Medium	yes	sp900545925	MGnify
323	MGYG000078030	2496981	74	54752	58.73	93.02	2.01	GUT_GENOME175978	MGYG000002993	d__Bacteria;p__Firmicutes_A;c__Clostridia;o__Oscillospirales;f__Oscillospiraceae;g__CAG-170;s__CAG-170_sp000432135	SRS1205290	SRP067325	USA	North America	Human	gut	NA	High	yes	sp000432135	MGnify
324	MGYG000078169	2301028	129	44003	60.2	68.79	2.01	GUT_GENOME216300	MGYG000000651	d__Bacteria;p__Firmicutes_A;c__Clostridia;o__Oscillospirales;f__Oscillospiraceae;g__CAG-170;s__CAG-170_sp002404795	SRS053356	SRP002163	USA	North America	Human	gut	NA	Medium	yes	sp002404795	MGnify
325	MGYG000078683	2846574	232	23336	56.17	92.77	4.99	GUT_GENOME111645	MGYG000002710	d__Bacteria;p__Firmicutes_A;c__Clostridia;o__Oscillospirales;f__Oscillospiraceae;g__CAG-170;s__CAG-170_sp900549635	ERS328926	ERP003612	Denmark	Europe	Human	gut	NA	High	yes	sp900549635	MGnify
326	MGYG000078879	3528409	195	43796	55.06	90.94	2.35	GUT_GENOME126963	MGYG000000370	d__Bacteria;p__Firmicutes_A;c__Clostridia;o__Oscillospirales;f__Oscillospiraceae;g__CAG-170;s__CAG-170_sp900545925	ERS1069691	ERP013827	Netherlands	Europe	Human	gut	NA	High	yes	sp900545925	MGnify
327	MGYG000079305	2147327	100	38192	57.92	64.43	1.34	GUT_GENOME151857	MGYG000002993	d__Bacteria;p__Firmicutes_A;c__Clostridia;o__Oscillospirales;f__Oscillospiraceae;g__CAG-170;s__CAG-170_sp000432135	SRS294995	SRP008047	China	Asia	Human	gut	NA	Medium	yes	sp000432135	MGnify
328	MGYG000079345	2608563	105	40722	58.49	91.95	1.68	GUT_GENOME040426	MGYG000002993	d__Bacteria;p__Firmicutes_A;c__Clostridia;o__Oscillospirales;f__Oscillospiraceae;g__CAG-170;s__CAG-170_sp000432135	ERS1066697	ERP013933	USA	North America	Human	gut	NA	High	yes	sp000432135	MGnify
329	MGYG000079414	2148514	390	6667	58.32	77.97	3.83	GUT_GENOME178458	MGYG000002993	d__Bacteria;p__Firmicutes_A;c__Clostridia;o__Oscillospirales;f__Oscillospiraceae;g__CAG-170;s__CAG-170_sp000432135	SRS259537	SRP008047	China	Asia	Human	gut	NA	Medium	yes	sp000432135	MGnify
330	MGYG000080260	2088381	103	31656	60.83	82.55	1.01	GUT_GENOME205493	MGYG000000651	d__Bacteria;p__Firmicutes_A;c__Clostridia;o__Oscillospirales;f__Oscillospiraceae;g__CAG-170;s__CAG-170_sp002404795	SRS1996016	SRP100518	Spain	Europe	Human	gut	NA	Medium	yes	sp002404795	MGnify
331	MGYG000080489	2186180	343	8271	61.61	87.52	1.07	GUT_GENOME256382	MGYG000000651	d__Bacteria;p__Firmicutes_A;c__Clostridia;o__Oscillospirales;f__Oscillospiraceae;g__CAG-170;s__CAG-170_sp002404795	ERS746861	ERP010700	UK	Europe	Human	gut	NA	Medium	yes	sp002404795	MGnify
332	MGYG000080789	2152543	482	6426	59.05	77.45	4.36	GUT_GENOME070524	MGYG000002993	d__Bacteria;p__Firmicutes_A;c__Clostridia;o__Oscillospirales;f__Oscillospiraceae;g__CAG-170;s__CAG-170_sp000432135	ERS396359	ERP004605	Denmark	Europe	Human	gut	NA	Medium	yes	sp000432135	MGnify
333	MGYG000080944	2705043	405	8785	58.49	90.35	1.82	GUT_GENOME149596	MGYG000002993	d__Bacteria;p__Firmicutes_A;c__Clostridia;o__Oscillospirales;f__Oscillospiraceae;g__CAG-170;s__CAG-170_sp000432135	-	-	China	Asia	Human	gut	NA	High	yes	sp000432135	MGnify
334	MGYG000081221	1938889	278	8718	62.17	67.4	0	GUT_GENOME157843	MGYG000000651	d__Bacteria;p__Firmicutes_A;c__Clostridia;o__Oscillospirales;f__Oscillospiraceae;g__CAG-170;s__CAG-170_sp002404795	ERS634967	ERP009131	Canada	North America	Human	gut	NA	Medium	yes	sp002404795	MGnify
335	MGYG000081404	2923343	151	27858	57.95	93.96	1.68	GUT_GENOME100550	MGYG000002993	d__Bacteria;p__Firmicutes_A;c__Clostridia;o__Oscillospirales;f__Oscillospiraceae;g__CAG-170;s__CAG-170_sp000432135	SRS012273	SRP002163	USA	North America	Human	gut	NA	High	yes	sp000432135	MGnify
336	MGYG000081429	1952588	171	15937	59.45	86.88	4.03	GUT_GENOME056388	MGYG000004248	d__Bacteria;p__Firmicutes_A;c__Clostridia;o__Oscillospirales;f__Oscillospiraceae;g__CAG-170;s__CAG-170_sp000436735	ERS396372	ERP004605	Denmark	Europe	Human	gut	NA	Medium	yes	sp000436735	MGnify
337	MGYG000081582	3197192	79	105472	55.43	93.29	1.68	GUT_GENOME047681	MGYG000000370	d__Bacteria;p__Firmicutes_A;c__Clostridia;o__Oscillospirales;f__Oscillospiraceae;g__CAG-170;s__CAG-170_sp900545925	ERS1647289	ERP019674	Germany	Europe	Human	gut	NA	High	yes	sp900545925	MGnify
338	MGYG000081969	3638263	633	7504	54.8	89.27	2.8	GUT_GENOME001962	MGYG000000370	d__Bacteria;p__Firmicutes_A;c__Clostridia;o__Oscillospirales;f__Oscillospiraceae;g__CAG-170;s__CAG-170_sp900545925	SRS1634636	SRP082656	Italy	Europe	Human	gut	NA	Medium	yes	sp900545925	MGnify
339	MGYG000082473	2432843	180	21638	60.93	92.62	4.03	GUT_GENOME047773	MGYG000000651	d__Bacteria;p__Firmicutes_A;c__Clostridia;o__Oscillospirales;f__Oscillospiraceae;g__CAG-170;s__CAG-170_sp002404795	ERS1647284	ERP019674	Germany	Europe	Human	gut	NA	High	yes	sp002404795	MGnify
340	MGYG000082727	3140210	127	43624	57.5	93.29	1.81	GUT_GENOME039566	MGYG000002993	d__Bacteria;p__Firmicutes_A;c__Clostridia;o__Oscillospirales;f__Oscillospiraceae;g__CAG-170;s__CAG-170_sp000432135	ERS1066672	ERP013933	USA	North America	Human	gut	NA	High	yes	sp000432135	MGnify
341	MGYG000082796	1992832	177	17286	61.91	83.12	1.34	GUT_GENOME084994	MGYG000000651	d__Bacteria;p__Firmicutes_A;c__Clostridia;o__Oscillospirales;f__Oscillospiraceae;g__CAG-170;s__CAG-170_sp002404795	ERS537339	ERP006678	China	Asia	Human	gut	NA	Medium	yes	sp002404795	MGnify
342	MGYG000083409	2011911	372	6962	61.9	81.33	3.24	GUT_GENOME258345	MGYG000000651	d__Bacteria;p__Firmicutes_A;c__Clostridia;o__Oscillospirales;f__Oscillospiraceae;g__CAG-170;s__CAG-170_sp002404795	ERS746805	ERP010700	UK	Europe	Human	gut	NA	Medium	yes	sp002404795	MGnify
343	MGYG000083440	2134431	667	3528	58.87	71.25	3.26	GUT_GENOME155049	MGYG000002993	d__Bacteria;p__Firmicutes_A;c__Clostridia;o__Oscillospirales;f__Oscillospiraceae;g__CAG-170;s__CAG-170_sp000432135	ERS475227	ERP005860	China	Asia	Human	gut	NA	Medium	yes	sp000432135	MGnify
344	MGYG000083487	2633165	642	4740	55.72	76.76	1.85	GUT_GENOME130845	MGYG000000370	d__Bacteria;p__Firmicutes_A;c__Clostridia;o__Oscillospirales;f__Oscillospiraceae;g__CAG-170;s__CAG-170_sp900545925	SRS1993544	SRP100446	USA	North America	Human	gut	NA	Medium	yes	sp900545925	MGnify
345	MGYG000083527	2013573	180	15804	59.48	85.35	1.01	GUT_GENOME117083	MGYG000004248	d__Bacteria;p__Firmicutes_A;c__Clostridia;o__Oscillospirales;f__Oscillospiraceae;g__CAG-170;s__CAG-170_sp000436735	ERS396367	ERP004605	Denmark	Europe	Human	gut	NA	Medium	yes	sp000436735	MGnify
346	MGYG000083854	2049621	322	8150	61.43	78.6	1.68	GUT_GENOME197922	MGYG000000651	d__Bacteria;p__Firmicutes_A;c__Clostridia;o__Oscillospirales;f__Oscillospiraceae;g__CAG-170;s__CAG-170_sp002404795	SRS1876642	SRP095580	Netherlands	Europe	Human	gut	NA	Medium	yes	sp002404795	MGnify
347	MGYG000084159	2532457	200	20015	59.06	91.07	2.68	GUT_GENOME181276	MGYG000004248	d__Bacteria;p__Firmicutes_A;c__Clostridia;o__Oscillospirales;f__Oscillospiraceae;g__CAG-170;s__CAG-170_sp000436735	SRS1596823	SRP080787	Mongolia	Asia	Human	gut	NA	High	yes	sp000436735	MGnify
348	MGYG000084434	2601871	404	8703	56.11	81.2	3.69	GUT_GENOME114544	MGYG000000370	d__Bacteria;p__Firmicutes_A;c__Clostridia;o__Oscillospirales;f__Oscillospiraceae;g__CAG-170;s__CAG-170_sp900545925	ERS329002	ERP003612	Denmark	Europe	Human	gut	NA	Medium	yes	sp900545925	MGnify
349	MGYG000084878	2289396	398	7601	58.8	87.08	3.47	GUT_GENOME136092	MGYG000002993	d__Bacteria;p__Firmicutes_A;c__Clostridia;o__Oscillospirales;f__Oscillospiraceae;g__CAG-170;s__CAG-170_sp000432135	ERS199260	ERP002061	Spain	Europe	Human	gut	NA	Medium	yes	sp000432135	MGnify
350	MGYG000085022	1432414	295	5038	57.11	69.25	1.34	GUT_GENOME072534	MGYG000000369	d__Bacteria;p__Firmicutes_A;c__Clostridia;o__Oscillospirales;f__Oscillospiraceae;g__CAG-170;s__CAG-170_sp003516765	ERS396435	ERP004605	Spain	Europe	Human	gut	NA	Medium	yes	sp003516765	MGnify
351	MGYG000085390	2189206	133	25393	59.22	93.51	1.34	GUT_GENOME285118	MGYG000000741	d__Bacteria;p__Firmicutes_A;c__Clostridia;o__Oscillospirales;f__Oscillospiraceae;g__CAG-170;s__CAG-170_sp900548625	ERS436691	ERP005534	France	Europe	Human	gut	NA	High	yes	sp900548625	MGnify
352	MGYG000085456	2178165	425	6848	58.85	80.45	4.82	GUT_GENOME117352	MGYG000002993	d__Bacteria;p__Firmicutes_A;c__Clostridia;o__Oscillospirales;f__Oscillospiraceae;g__CAG-170;s__CAG-170_sp000432135	ERS396376	ERP004605	Denmark	Europe	Human	gut	NA	Medium	yes	sp000432135	MGnify
353	MGYG000085840	2168645	570	4386	58.11	74.83	3.7	GUT_GENOME104792	MGYG000002993	d__Bacteria;p__Firmicutes_A;c__Clostridia;o__Oscillospirales;f__Oscillospiraceae;g__CAG-170;s__CAG-170_sp000432135	ERS235505	ERP002469	Sweden	Europe	Human	gut	NA	Medium	yes	sp000432135	MGnify
354	MGYG000086016	1906220	588	3460	58.75	65.33	1.92	GUT_GENOME134932	MGYG000002993	d__Bacteria;p__Firmicutes_A;c__Clostridia;o__Oscillospirales;f__Oscillospiraceae;g__CAG-170;s__CAG-170_sp000432135	ERS199203	ERP002061	Spain	Europe	Human	gut	NA	Medium	yes	sp000432135	MGnify
355	MGYG000086484	2477929	120	31364	60.74	85.82	0.67	GUT_GENOME196165	MGYG000000651	d__Bacteria;p__Firmicutes_A;c__Clostridia;o__Oscillospirales;f__Oscillospiraceae;g__CAG-170;s__CAG-170_sp002404795	SRS1876313	SRP095580	Netherlands	Europe	Human	gut	NA	Medium	yes	sp002404795	MGnify
356	MGYG000086835	1587149	447	4279	57.27	79.69	2.2	GUT_GENOME076874	MGYG000000369	d__Bacteria;p__Firmicutes_A;c__Clostridia;o__Oscillospirales;f__Oscillospiraceae;g__CAG-170;s__CAG-170_sp003516765	ERS473134	ERP005989	Sweden	Europe	Human	gut	NA	Medium	yes	sp003516765	MGnify
357	MGYG000087107	2660997	421	8751	58.58	85.89	4.08	GUT_GENOME261398	MGYG000002993	d__Bacteria;p__Firmicutes_A;c__Clostridia;o__Oscillospirales;f__Oscillospiraceae;g__CAG-170;s__CAG-170_sp000432135	-	-	China	Asia	Human	gut	NA	Medium	yes	sp000432135	MGnify
358	MGYG000087216	2571107	469	6743	56.19	84.91	1.68	GUT_GENOME284724	MGYG000000370	d__Bacteria;p__Firmicutes_A;c__Clostridia;o__Oscillospirales;f__Oscillospiraceae;g__CAG-170;s__CAG-170_sp900545925	ERS436749	ERP005534	France	Europe	Human	gut	NA	Medium	yes	sp900545925	MGnify
359	MGYG000087251	2258505	52	77413	58.79	83.81	0.67	GUT_GENOME246071	MGYG000002993	d__Bacteria;p__Firmicutes_A;c__Clostridia;o__Oscillospirales;f__Oscillospiraceae;g__CAG-170;s__CAG-170_sp000432135	ERS1066647	ERP013933	USA	North America	Human	gut	NA	Medium	yes	sp000432135	MGnify
360	MGYG000087638	1661999	368	4919	57.5	75.92	2.68	GUT_GENOME041942	MGYG000000369	d__Bacteria;p__Firmicutes_A;c__Clostridia;o__Oscillospirales;f__Oscillospiraceae;g__CAG-170;s__CAG-170_sp003516765	ERS1066743	ERP013933	USA	North America	Human	gut	NA	Medium	yes	sp003516765	MGnify
361	MGYG000087734	2234821	356	8442	61.38	87.49	2.24	GUT_GENOME025868	MGYG000000651	d__Bacteria;p__Firmicutes_A;c__Clostridia;o__Oscillospirales;f__Oscillospiraceae;g__CAG-170;s__CAG-170_sp002404795	ERS1444593	ERP019502	Kazakhstan	Asia	Human	gut	NA	Medium	yes	sp002404795	MGnify
362	MGYG000087878	1977104	86	35088	60.32	91.38	3.36	GUT_GENOME125404	MGYG000002034	d__Bacteria;p__Firmicutes_A;c__Clostridia;o__Oscillospirales;f__Oscillospiraceae;g__CAG-170;s__CAG-170_sp900553545	ERS1138741	ERP015450	China	Asia	Human	gut	NA	High	yes	sp900553545	MGnify
363	MGYG000088093	2164313	163	21640	61.49	94.3	2.03	GUT_GENOME165081	MGYG000000651	d__Bacteria;p__Firmicutes_A;c__Clostridia;o__Oscillospirales;f__Oscillospiraceae;g__CAG-170;s__CAG-170_sp002404795	SRS576042	SRP040146	USA	North America	Human	gut	NA	High	yes	sp002404795	MGnify
364	MGYG000088440	2764909	120	41850	58.2	91.52	2.01	GUT_GENOME244748	MGYG000002993	d__Bacteria;p__Firmicutes_A;c__Clostridia;o__Oscillospirales;f__Oscillospiraceae;g__CAG-170;s__CAG-170_sp000432135	ERS1066699	ERP013933	USA	North America	Human	gut	NA	High	yes	sp000432135	MGnify
365	MGYG000088603	2317940	123	28010	58.95	90.02	4.7	GUT_GENOME044367	MGYG000004248	d__Bacteria;p__Firmicutes_A;c__Clostridia;o__Oscillospirales;f__Oscillospiraceae;g__CAG-170;s__CAG-170_sp000436735	ERS1076044	ERP014480	Denmark	Europe	Human	gut	NA	High	yes	sp000436735	MGnify
366	MGYG000088687	2565349	418	9931	59.16	85.39	3.73	GUT_GENOME236665	MGYG000002993	d__Bacteria;p__Firmicutes_A;c__Clostridia;o__Oscillospirales;f__Oscillospiraceae;g__CAG-170;s__CAG-170_sp000432135	SRS476185	SRP029441	Fiji	Oceania	Human	gut	NA	Medium	yes	sp000432135	MGnify
367	MGYG000088715	2625002	372	9749	58.35	91.07	2.01	GUT_GENOME109272	MGYG000002993	d__Bacteria;p__Firmicutes_A;c__Clostridia;o__Oscillospirales;f__Oscillospiraceae;g__CAG-170;s__CAG-170_sp000432135	ERS328831	ERP003612	Denmark	Europe	Human	gut	NA	High	yes	sp000432135	MGnify
368	MGYG000088739	2223374	422	7123	57.4	86.44	4.81	GUT_GENOME249125	MGYG000000369	d__Bacteria;p__Firmicutes_A;c__Clostridia;o__Oscillospirales;f__Oscillospiraceae;g__CAG-170;s__CAG-170_sp003516765	SRS1846766	SRP094805	China	Asia	Human	gut	NA	Medium	yes	sp003516765	MGnify
369	MGYG000088826	2226426	188	16955	61.62	93.29	1.4	GUT_GENOME278600	MGYG000000651	d__Bacteria;p__Firmicutes_A;c__Clostridia;o__Oscillospirales;f__Oscillospiraceae;g__CAG-170;s__CAG-170_sp002404795	ERS972352	ERP012929	Israel	Asia	Human	gut	NA	High	yes	sp002404795	MGnify
370	MGYG000089116	3262976	163	35666	55.79	84.7	2.85	GUT_GENOME038324	MGYG000000370	d__Bacteria;p__Firmicutes_A;c__Clostridia;o__Oscillospirales;f__Oscillospiraceae;g__CAG-170;s__CAG-170_sp900545925	ERS1016049	ERP013563	China	Asia	Human	gut	NA	Medium	yes	sp900545925	MGnify
371	MGYG000089140	1983602	365	6628	61.26	82.61	2.8	GUT_GENOME110857	MGYG000000651	d__Bacteria;p__Firmicutes_A;c__Clostridia;o__Oscillospirales;f__Oscillospiraceae;g__CAG-170;s__CAG-170_sp002404795	ERS328903	ERP003612	Denmark	Europe	Human	gut	NA	Medium	yes	sp002404795	MGnify
372	MGYG000089261	1927874	196	16187	57.56	85.05	1.93	GUT_GENOME008643	MGYG000000369	d__Bacteria;p__Firmicutes_A;c__Clostridia;o__Oscillospirales;f__Oscillospiraceae;g__CAG-170;s__CAG-170_sp003516765	ERS554193	ERP007090	Sweden	Europe	Human	gut	NA	Medium	yes	sp003516765	MGnify
373	MGYG000089437	2854496	380	10813	56.41	91.88	1.74	GUT_GENOME285066	MGYG000000370	d__Bacteria;p__Firmicutes_A;c__Clostridia;o__Oscillospirales;f__Oscillospiraceae;g__CAG-170;s__CAG-170_sp900545925	ERS436694	ERP005534	France	Europe	Human	gut	NA	High	yes	sp900545925	MGnify
374	MGYG000089561	2325990	56	74202	58.78	85.91	1.01	GUT_GENOME020779	MGYG000002993	d__Bacteria;p__Firmicutes_A;c__Clostridia;o__Oscillospirales;f__Oscillospiraceae;g__CAG-170;s__CAG-170_sp000432135	ERS1444691	ERP019502	Germany	Europe	Human	gut	NA	Medium	yes	sp000432135	MGnify
375	MGYG000090155	1969229	289	9493	62.06	90	1.92	GUT_GENOME276348	MGYG000000651	d__Bacteria;p__Firmicutes_A;c__Clostridia;o__Oscillospirales;f__Oscillospiraceae;g__CAG-170;s__CAG-170_sp002404795	ERS972227	ERP012929	Israel	Asia	Human	gut	NA	Medium	yes	sp002404795	MGnify
376	MGYG000090268	1902649	472	4696	61.86	75.68	4.17	GUT_GENOME018591	MGYG000000651	d__Bacteria;p__Firmicutes_A;c__Clostridia;o__Oscillospirales;f__Oscillospiraceae;g__CAG-170;s__CAG-170_sp002404795	SRS3638608	SRP156699	Madagascar	Africa	Human	gut	NA	Medium	yes	sp002404795	MGnify
377	MGYG000090332	2311846	323	10971	59.32	86.13	4.53	GUT_GENOME087706	MGYG000002993	d__Bacteria;p__Firmicutes_A;c__Clostridia;o__Oscillospirales;f__Oscillospiraceae;g__CAG-170;s__CAG-170_sp000432135	ERS608505	ERP008729	Austria	Europe	Human	gut	NA	Medium	yes	sp000432135	MGnify
378	MGYG000090350	1221556	433	2935	57.78	50.34	0	GUT_GENOME101903	MGYG000000369	d__Bacteria;p__Firmicutes_A;c__Clostridia;o__Oscillospirales;f__Oscillospiraceae;g__CAG-170;s__CAG-170_sp003516765	SRS020328	SRP002163	USA	North America	Human	gut	NA	Medium	yes	sp003516765	MGnify
379	MGYG000090547	2269984	192	17192	61.41	90.48	3.9	GUT_GENOME025556	MGYG000000651	d__Bacteria;p__Firmicutes_A;c__Clostridia;o__Oscillospirales;f__Oscillospiraceae;g__CAG-170;s__CAG-170_sp002404795	ERS1444583	ERP019502	Kazakhstan	Asia	Human	gut	NA	High	yes	sp002404795	MGnify
380	MGYG000090867	2486348	291	11690	56.92	82.12	4.36	GUT_GENOME075343	MGYG000000369	d__Bacteria;p__Firmicutes_A;c__Clostridia;o__Oscillospirales;f__Oscillospiraceae;g__CAG-170;s__CAG-170_sp003516765	ERS396536	ERP004605	Spain	Europe	Human	gut	NA	Medium	yes	sp003516765	MGnify
381	MGYG000090969	1398797	147	13174	57.98	58.26	0	GUT_GENOME104679	MGYG000000369	d__Bacteria;p__Firmicutes_A;c__Clostridia;o__Oscillospirales;f__Oscillospiraceae;g__CAG-170;s__CAG-170_sp003516765	ERS235499	ERP002469	Sweden	Europe	Human	gut	NA	Medium	yes	sp003516765	MGnify
382	MGYG000091794	2059331	107	35555	57.5	91.28	2.07	GUT_GENOME021874	MGYG000000369	d__Bacteria;p__Firmicutes_A;c__Clostridia;o__Oscillospirales;f__Oscillospiraceae;g__CAG-170;s__CAG-170_sp003516765	ERS1444462	ERP019502	Kazakhstan	Asia	Human	gut	NA	High	yes	sp003516765	MGnify
383	MGYG000092519	1908375	520	4247	57.26	84.46	0.81	GUT_GENOME088864	MGYG000000369	d__Bacteria;p__Firmicutes_A;c__Clostridia;o__Oscillospirales;f__Oscillospiraceae;g__CAG-170;s__CAG-170_sp003516765	ERS608554	ERP008729	Austria	Europe	Human	gut	NA	Medium	yes	sp003516765	MGnify
384	MGYG000093286	1948684	241	12020	62.17	77.2	2.04	GUT_GENOME153986	MGYG000000651	d__Bacteria;p__Firmicutes_A;c__Clostridia;o__Oscillospirales;f__Oscillospiraceae;g__CAG-170;s__CAG-170_sp002404795	ERS475144	ERP005860	China	Asia	Human	gut	NA	Medium	yes	sp002404795	MGnify
385	MGYG000093656	2761813	508	7023	55.9	83.67	2.49	GUT_GENOME251643	MGYG000000370	d__Bacteria;p__Firmicutes_A;c__Clostridia;o__Oscillospirales;f__Oscillospiraceae;g__CAG-170;s__CAG-170_sp900545925	ERS746834	ERP010700	UK	Europe	Human	gut	NA	Medium	yes	sp900545925	MGnify
386	MGYG000093700	2472568	43	93821	58.48	89.93	1.68	GUT_GENOME022442	MGYG000002993	d__Bacteria;p__Firmicutes_A;c__Clostridia;o__Oscillospirales;f__Oscillospiraceae;g__CAG-170;s__CAG-170_sp000432135	ERS1444481	ERP019502	Kazakhstan	Asia	Human	gut	NA	Medium	yes	sp000432135	MGnify
387	MGYG000093714	1892500	469	4810	59.21	73.85	3.92	GUT_GENOME155630	MGYG000002993	d__Bacteria;p__Firmicutes_A;c__Clostridia;o__Oscillospirales;f__Oscillospiraceae;g__CAG-170;s__CAG-170_sp000432135	ERS475283	ERP005860	China	Asia	Human	gut	NA	Medium	yes	sp000432135	MGnify
388	MGYG000093990	2421155	224	19182	61.02	88	2.68	GUT_GENOME026031	MGYG000000651	d__Bacteria;p__Firmicutes_A;c__Clostridia;o__Oscillospirales;f__Oscillospiraceae;g__CAG-170;s__CAG-170_sp002404795	ERS1444598	ERP019502	Kazakhstan	Asia	Human	gut	NA	Medium	yes	sp002404795	MGnify
389	MGYG000094394	2488716	637	4510	55.3	68.42	2.85	GUT_GENOME112635	MGYG000000370	d__Bacteria;p__Firmicutes_A;c__Clostridia;o__Oscillospirales;f__Oscillospiraceae;g__CAG-170;s__CAG-170_sp900545925	ERS328955	ERP003612	Denmark	Europe	Human	gut	NA	Medium	yes	sp900545925	MGnify
390	MGYG000094450	2285135	91	35548	58.86	85.56	3.69	GUT_GENOME037273	MGYG000002993	d__Bacteria;p__Firmicutes_A;c__Clostridia;o__Oscillospirales;f__Oscillospiraceae;g__CAG-170;s__CAG-170_sp000432135	ERS1016001	ERP013563	China	Asia	Human	gut	NA	Medium	yes	sp000432135	MGnify
391	MGYG000095213	2180496	154	18838	61.5	92.09	3.19	GUT_GENOME180099	MGYG000000651	d__Bacteria;p__Firmicutes_A;c__Clostridia;o__Oscillospirales;f__Oscillospiraceae;g__CAG-170;s__CAG-170_sp002404795	SRS1531241	SRP076119	USA	North America	Human	gut	NA	High	yes	sp002404795	MGnify
392	MGYG000096168	2821031	374	11537	56.2	89.96	1.68	GUT_GENOME270464	MGYG000000370	d__Bacteria;p__Firmicutes_A;c__Clostridia;o__Oscillospirales;f__Oscillospiraceae;g__CAG-170;s__CAG-170_sp900545925	ERS971948	ERP012929	Israel	Asia	Human	gut	NA	Medium	yes	sp900545925	MGnify
393	MGYG000096293	2371205	80	51525	58.9	92.96	1.41	GUT_GENOME007412	MGYG000002993	d__Bacteria;p__Firmicutes_A;c__Clostridia;o__Oscillospirales;f__Oscillospiraceae;g__CAG-170;s__CAG-170_sp000432135	ERS554201	ERP007090	Sweden	Europe	Human	gut	NA	High	yes	sp000432135	MGnify
394	MGYG000096652	1736108	121	23378	59.58	75.62	1.01	GUT_GENOME114510	MGYG000002993	d__Bacteria;p__Firmicutes_A;c__Clostridia;o__Oscillospirales;f__Oscillospiraceae;g__CAG-170;s__CAG-170_sp000432135	ERS329001	ERP003612	Denmark	Europe	Human	gut	NA	Medium	yes	sp000432135	MGnify
395	MGYG000096927	2111549	104	32451	58.56	73.68	3.69	GUT_GENOME157930	MGYG000002993	d__Bacteria;p__Firmicutes_A;c__Clostridia;o__Oscillospirales;f__Oscillospiraceae;g__CAG-170;s__CAG-170_sp000432135	ERS634944	ERP009131	Canada	North America	Human	gut	NA	Medium	yes	sp000432135	MGnify
396	MGYG000097050	2599639	291	12702	61.38	94.3	4.7	GUT_GENOME128437	MGYG000000651	d__Bacteria;p__Firmicutes_A;c__Clostridia;o__Oscillospirales;f__Oscillospiraceae;g__CAG-170;s__CAG-170_sp002404795	SRS1596826	SRP080787	Mongolia	Asia	Human	gut	NA	High	yes	sp002404795	MGnify
397	MGYG000097468	3277124	283	22953	55.51	88.21	1.52	GUT_GENOME251940	MGYG000000370	d__Bacteria;p__Firmicutes_A;c__Clostridia;o__Oscillospirales;f__Oscillospiraceae;g__CAG-170;s__CAG-170_sp900545925	ERS746836	ERP010700	UK	Europe	Human	gut	NA	Medium	yes	sp900545925	MGnify
398	MGYG000097707	2562677	476	7000	56.5	87.59	1.76	GUT_GENOME277172	MGYG000000370	d__Bacteria;p__Firmicutes_A;c__Clostridia;o__Oscillospirales;f__Oscillospiraceae;g__CAG-170;s__CAG-170_sp900545925	ERS972274	ERP012929	Israel	Asia	Human	gut	NA	Medium	yes	sp900545925	MGnify
399	MGYG000098284	2461427	137	25099	60.72	89.26	1.34	GUT_GENOME281208	MGYG000000651	d__Bacteria;p__Firmicutes_A;c__Clostridia;o__Oscillospirales;f__Oscillospiraceae;g__CAG-170;s__CAG-170_sp002404795	ERS953872	ERP012929	Israel	Asia	Human	gut	NA	Medium	yes	sp002404795	MGnify
400	MGYG000098463	2157688	439	6720	59.57	82.24	2.62	GUT_GENOME236515	MGYG000002993	d__Bacteria;p__Firmicutes_A;c__Clostridia;o__Oscillospirales;f__Oscillospiraceae;g__CAG-170;s__CAG-170_sp000432135	SRS476167	SRP029441	Fiji	Oceania	Human	gut	NA	Medium	yes	sp000432135	MGnify
401	MGYG000098786	3049814	121	45966	57.58	93.96	1.34	GUT_GENOME117267	MGYG000002993	d__Bacteria;p__Firmicutes_A;c__Clostridia;o__Oscillospirales;f__Oscillospiraceae;g__CAG-170;s__CAG-170_sp000432135	ERS396373	ERP004605	Denmark	Europe	Human	gut	NA	High	yes	sp000432135	MGnify
402	MGYG000099108	2135027	75	49080	59.65	88.17	2.68	GUT_GENOME023362	MGYG000004248	d__Bacteria;p__Firmicutes_A;c__Clostridia;o__Oscillospirales;f__Oscillospiraceae;g__CAG-170;s__CAG-170_sp000436735	ERS1444511	ERP019502	Kazakhstan	Asia	Human	gut	NA	Medium	yes	sp000436735	MGnify
403	MGYG000099176	1922450	365	6743	61.83	80.99	1.72	GUT_GENOME122452	MGYG000000651	d__Bacteria;p__Firmicutes_A;c__Clostridia;o__Oscillospirales;f__Oscillospiraceae;g__CAG-170;s__CAG-170_sp002404795	ERS396541	ERP004605	Spain	Europe	Human	gut	NA	Medium	yes	sp002404795	MGnify
404	MGYG000099192	1761640	594	3216	59.4	65.36	1.83	GUT_GENOME272485	MGYG000002993	d__Bacteria;p__Firmicutes_A;c__Clostridia;o__Oscillospirales;f__Oscillospiraceae;g__CAG-170;s__CAG-170_sp000432135	ERS972041	ERP012929	Israel	Asia	Human	gut	NA	Medium	yes	sp000432135	MGnify
405	MGYG000099217	1891913	380	6440	60.24	82.45	3.91	GUT_GENOME154406	MGYG000002034	d__Bacteria;p__Firmicutes_A;c__Clostridia;o__Oscillospirales;f__Oscillospiraceae;g__CAG-170;s__CAG-170_sp900553545	ERS475178	ERP005860	China	Asia	Human	gut	NA	Medium	yes	sp900553545	MGnify
406	MGYG000099612	2858234	202	23285	59.91	92.79	2.55	GUT_GENOME165855	MGYG000000651	d__Bacteria;p__Firmicutes_A;c__Clostridia;o__Oscillospirales;f__Oscillospiraceae;g__CAG-170;s__CAG-170_sp002404795	SRS576034	SRP040146	USA	North America	Human	gut	NA	High	yes	sp002404795	MGnify
407	MGYG000099742	3040691	168	26819	57.9	93.79	1.01	GUT_GENOME263500	MGYG000002993	d__Bacteria;p__Firmicutes_A;c__Clostridia;o__Oscillospirales;f__Oscillospiraceae;g__CAG-170;s__CAG-170_sp000432135	-	-	China	Asia	Human	gut	NA	High	yes	sp000432135	MGnify
408	MGYG000100001	2215294	483	5744	58.88	78.48	1.51	GUT_GENOME026000	MGYG000002993	d__Bacteria;p__Firmicutes_A;c__Clostridia;o__Oscillospirales;f__Oscillospiraceae;g__CAG-170;s__CAG-170_sp000432135	ERS1444597	ERP019502	Kazakhstan	Asia	Human	gut	NA	Medium	yes	sp000432135	MGnify
409	MGYG000100423	2061337	85	36713	59.04	82.89	2.03	GUT_GENOME283069	MGYG000002993	d__Bacteria;p__Firmicutes_A;c__Clostridia;o__Oscillospirales;f__Oscillospiraceae;g__CAG-170;s__CAG-170_sp000432135	ERS436696	ERP005534	France	Europe	Human	gut	NA	Medium	yes	sp000432135	MGnify
410	MGYG000100550	2000933	234	14466	57.8	87.58	4.36	GUT_GENOME124477	MGYG000000369	d__Bacteria;p__Firmicutes_A;c__Clostridia;o__Oscillospirales;f__Oscillospiraceae;g__CAG-170;s__CAG-170_sp003516765	ERS1138905	ERP015450	China	Asia	Human	gut	NA	Medium	yes	sp003516765	MGnify
411	MGYG000100600	2992161	55	119649	55.87	87.47	1.34	GUT_GENOME255488	MGYG000000370	d__Bacteria;p__Firmicutes_A;c__Clostridia;o__Oscillospirales;f__Oscillospiraceae;g__CAG-170;s__CAG-170_sp900545925	ERS746856	ERP010700	UK	Europe	Human	gut	NA	Medium	yes	sp900545925	MGnify
412	MGYG000100608	2504027	540	5560	56.18	81.95	2.18	GUT_GENOME115254	MGYG000000370	d__Bacteria;p__Firmicutes_A;c__Clostridia;o__Oscillospirales;f__Oscillospiraceae;g__CAG-170;s__CAG-170_sp900545925	ERS396307	ERP004605	Denmark	Europe	Human	gut	NA	Medium	yes	sp900545925	MGnify
413	MGYG000100648	2289793	212	15349	58.95	90.88	2.01	GUT_GENOME028588	MGYG000004248	d__Bacteria;p__Firmicutes_A;c__Clostridia;o__Oscillospirales;f__Oscillospiraceae;g__CAG-170;s__CAG-170_sp000436735	ERS006547	ERP000108	Denmark	Europe	Human	gut	NA	High	yes	sp000436735	MGnify
414	MGYG000100652	2298402	153	25196	58.97	89.13	0.67	GUT_GENOME159024	MGYG000002993	d__Bacteria;p__Firmicutes_A;c__Clostridia;o__Oscillospirales;f__Oscillospiraceae;g__CAG-170;s__CAG-170_sp000432135	ERS634908	ERP009131	Canada	North America	Human	gut	NA	Medium	yes	sp000432135	MGnify
415	MGYG000100686	2063351	267	9849	61.97	91.95	4.19	GUT_GENOME025299	MGYG000000651	d__Bacteria;p__Firmicutes_A;c__Clostridia;o__Oscillospirales;f__Oscillospiraceae;g__CAG-170;s__CAG-170_sp002404795	ERS1444576	ERP019502	Kazakhstan	Asia	Human	gut	NA	High	yes	sp002404795	MGnify
416	MGYG000100836	2406403	85	39537	58.9	91.28	0.67	GUT_GENOME280046	MGYG000002993	d__Bacteria;p__Firmicutes_A;c__Clostridia;o__Oscillospirales;f__Oscillospiraceae;g__CAG-170;s__CAG-170_sp000432135	ERS971726	ERP012929	Israel	Asia	Human	gut	NA	High	yes	sp000432135	MGnify
417	MGYG000101908	2311479	114	28921	61.09	91.28	1.36	GUT_GENOME021300	MGYG000000651	d__Bacteria;p__Firmicutes_A;c__Clostridia;o__Oscillospirales;f__Oscillospiraceae;g__CAG-170;s__CAG-170_sp002404795	ERS1444714	ERP019502	Germany	Europe	Human	gut	NA	High	yes	sp002404795	MGnify
418	MGYG000101978	3147647	356	12979	57.51	93.29	2.35	GUT_GENOME226101	MGYG000002993	d__Bacteria;p__Firmicutes_A;c__Clostridia;o__Oscillospirales;f__Oscillospiraceae;g__CAG-170;s__CAG-170_sp000432135	SRS259442	SRP008047	China	Asia	Human	gut	NA	High	yes	sp000432135	MGnify
419	MGYG000102888	3026098	448	9708	56.06	80.63	4.36	GUT_GENOME114269	MGYG000000370	d__Bacteria;p__Firmicutes_A;c__Clostridia;o__Oscillospirales;f__Oscillospiraceae;g__CAG-170;s__CAG-170_sp900545925	ERS328996	ERP003612	Denmark	Europe	Human	gut	NA	Medium	yes	sp900545925	MGnify
420	MGYG000102954	2456944	187	21841	58.85	95.91	2.68	GUT_GENOME282369	MGYG000000741	d__Bacteria;p__Firmicutes_A;c__Clostridia;o__Oscillospirales;f__Oscillospiraceae;g__CAG-170;s__CAG-170_sp900548625	ERS436719	ERP005534	France	Europe	Human	gut	NA	High	yes	sp900548625	MGnify
421	MGYG000103307	2306998	132	27503	60.82	88.62	1.34	GUT_GENOME176007	MGYG000000651	d__Bacteria;p__Firmicutes_A;c__Clostridia;o__Oscillospirales;f__Oscillospiraceae;g__CAG-170;s__CAG-170_sp002404795	SRS1205290	SRP067325	USA	North America	Human	gut	NA	Medium	yes	sp002404795	MGnify
422	MGYG000103311	1840099	562	3602	58.8	66.58	1.34	GUT_GENOME134592	MGYG000002993	d__Bacteria;p__Firmicutes_A;c__Clostridia;o__Oscillospirales;f__Oscillospiraceae;g__CAG-170;s__CAG-170_sp000432135	ERS199181	ERP002061	Spain	Europe	Human	gut	NA	Medium	yes	sp000432135	MGnify
423	MGYG000104032	2087684	311	9020	61.66	86.69	4.39	GUT_GENOME047753	MGYG000000651	d__Bacteria;p__Firmicutes_A;c__Clostridia;o__Oscillospirales;f__Oscillospiraceae;g__CAG-170;s__CAG-170_sp002404795	ERS1647284	ERP019674	Germany	Europe	Human	gut	NA	Medium	yes	sp002404795	MGnify
424	MGYG000104348	2249249	240	13735	59.68	89.93	2.68	GUT_GENOME128368	MGYG000004248	d__Bacteria;p__Firmicutes_A;c__Clostridia;o__Oscillospirales;f__Oscillospiraceae;g__CAG-170;s__CAG-170_sp000436735	SRS1596823	SRP080787	Mongolia	Asia	Human	gut	NA	Medium	yes	sp000436735	MGnify
425	MGYG000104360	2273064	331	8415	61.5	91.61	1.59	GUT_GENOME020539	MGYG000000651	d__Bacteria;p__Firmicutes_A;c__Clostridia;o__Oscillospirales;f__Oscillospiraceae;g__CAG-170;s__CAG-170_sp002404795	ERS1444682	ERP019502	Germany	Europe	Human	gut	NA	High	yes	sp002404795	MGnify
426	MGYG000104638	2059689	250	10771	59.62	79.56	3.75	GUT_GENOME215070	MGYG000002993	d__Bacteria;p__Firmicutes_A;c__Clostridia;o__Oscillospirales;f__Oscillospiraceae;g__CAG-170;s__CAG-170_sp000432135	SRS022524	SRP002163	USA	North America	Human	gut	NA	Medium	yes	sp000432135	MGnify
427	MGYG000104705	1808638	68	47862	59.25	68.46	0.67	GUT_GENOME094426	MGYG000002993	d__Bacteria;p__Firmicutes_A;c__Clostridia;o__Oscillospirales;f__Oscillospiraceae;g__CAG-170;s__CAG-170_sp000432135	ERS608551	ERP008729	Austria	Europe	Human	gut	NA	Medium	yes	sp000432135	MGnify
428	MGYG000105240	2184929	48	64800	59.11	86.58	1.34	GUT_GENOME020379	MGYG000002993	d__Bacteria;p__Firmicutes_A;c__Clostridia;o__Oscillospirales;f__Oscillospiraceae;g__CAG-170;s__CAG-170_sp000432135	ERS1444675	ERP019502	Germany	Europe	Human	gut	NA	Medium	yes	sp000432135	MGnify
429	MGYG000105273	1909364	109	28317	57.34	89.27	2.01	GUT_GENOME021561	MGYG000002710	d__Bacteria;p__Firmicutes_A;c__Clostridia;o__Oscillospirales;f__Oscillospiraceae;g__CAG-170;s__CAG-170_sp900549635	ERS1444725	ERP019502	Germany	Europe	Human	gut	NA	Medium	yes	sp900549635	MGnify
430	MGYG000105383	1561515	429	3953	61.64	59.14	0.69	GUT_GENOME104102	MGYG000000651	d__Bacteria;p__Firmicutes_A;c__Clostridia;o__Oscillospirales;f__Oscillospiraceae;g__CAG-170;s__CAG-170_sp002404795	ERS235624	ERP002469	France	Europe	Human	gut	NA	Medium	yes	sp002404795	MGnify
431	MGYG000105545	2495938	360	9601	58.32	86.33	3.36	GUT_GENOME134874	MGYG000002993	d__Bacteria;p__Firmicutes_A;c__Clostridia;o__Oscillospirales;f__Oscillospiraceae;g__CAG-170;s__CAG-170_sp000432135	ERS199200	ERP002061	Spain	Europe	Human	gut	NA	Medium	yes	sp000432135	MGnify
432	MGYG000105818	2372173	486	5964	58.43	79.9	2.81	GUT_GENOME108353	MGYG000002993	d__Bacteria;p__Firmicutes_A;c__Clostridia;o__Oscillospirales;f__Oscillospiraceae;g__CAG-170;s__CAG-170_sp000432135	ERS328775	ERP003612	Denmark	Europe	Human	gut	NA	Medium	yes	sp000432135	MGnify
433	MGYG000105987	3253099	157	44725	56.1	93.96	3.26	GUT_GENOME024600	MGYG000000370	d__Bacteria;p__Firmicutes_A;c__Clostridia;o__Oscillospirales;f__Oscillospiraceae;g__CAG-170;s__CAG-170_sp900545925	ERS1444551	ERP019502	Kazakhstan	Asia	Human	gut	NA	High	yes	sp900545925	MGnify
434	MGYG000106205	2174834	320	9288	57.58	90.53	2.81	GUT_GENOME026300	MGYG000000369	d__Bacteria;p__Firmicutes_A;c__Clostridia;o__Oscillospirales;f__Oscillospiraceae;g__CAG-170;s__CAG-170_sp003516765	ERS1444607	ERP019502	Kazakhstan	Asia	Human	gut	NA	High	yes	sp003516765	MGnify
435	MGYG000106271	1911234	255	10219	62.17	90.29	2.01	GUT_GENOME104690	MGYG000000651	d__Bacteria;p__Firmicutes_A;c__Clostridia;o__Oscillospirales;f__Oscillospiraceae;g__CAG-170;s__CAG-170_sp002404795	ERS235499	ERP002469	Sweden	Europe	Human	gut	NA	High	yes	sp002404795	MGnify
436	MGYG000106478	2474575	98	38601	58.63	93.62	1.79	GUT_GENOME269796	MGYG000002993	d__Bacteria;p__Firmicutes_A;c__Clostridia;o__Oscillospirales;f__Oscillospiraceae;g__CAG-170;s__CAG-170_sp000432135	ERS971920	ERP012929	Israel	Asia	Human	gut	NA	High	yes	sp000432135	MGnify
437	MGYG000106732	3383714	601	7609	55.72	90	4.03	GUT_GENOME104271	MGYG000000370	d__Bacteria;p__Firmicutes_A;c__Clostridia;o__Oscillospirales;f__Oscillospiraceae;g__CAG-170;s__CAG-170_sp900545925	ERS235631	ERP002469	Sweden	Europe	Human	gut	NA	Medium	yes	sp900545925	MGnify
438	MGYG000107232	2282191	125	26938	59.14	91.37	4.03	GUT_GENOME095221	MGYG000004248	d__Bacteria;p__Firmicutes_A;c__Clostridia;o__Oscillospirales;f__Oscillospiraceae;g__CAG-170;s__CAG-170_sp000436735	-	-	Italy	Europe	Human	gut	NA	High	yes	sp000436735	MGnify
439	MGYG000108063	2404237	41	93573	58.4	90.38	2.01	GUT_GENOME049436	MGYG000002993	d__Bacteria;p__Firmicutes_A;c__Clostridia;o__Oscillospirales;f__Oscillospiraceae;g__CAG-170;s__CAG-170_sp000432135	ERS1295851	ERP022699	UK	Europe	Human	gut	NA	High	yes	sp000432135	MGnify
440	MGYG000108157	2407693	334	9205	58.82	90.3	2.3	GUT_GENOME050430	MGYG000004248	d__Bacteria;p__Firmicutes_A;c__Clostridia;o__Oscillospirales;f__Oscillospiraceae;g__CAG-170;s__CAG-170_sp000436735	ERS199038	ERP002061	Denmark	Europe	Human	gut	NA	High	yes	sp000436735	MGnify
441	MGYG000108241	2545983	111	37650	58.63	91.95	1.34	GUT_GENOME152694	MGYG000002993	d__Bacteria;p__Firmicutes_A;c__Clostridia;o__Oscillospirales;f__Oscillospiraceae;g__CAG-170;s__CAG-170_sp000432135	-	-	China	Asia	Human	gut	NA	High	yes	sp000432135	MGnify
442	MGYG000108351	2208061	208	16713	61.55	85.41	3.66	GUT_GENOME021869	MGYG000000651	d__Bacteria;p__Firmicutes_A;c__Clostridia;o__Oscillospirales;f__Oscillospiraceae;g__CAG-170;s__CAG-170_sp002404795	ERS1444462	ERP019502	Kazakhstan	Asia	Human	gut	NA	Medium	yes	sp002404795	MGnify
443	MGYG000108801	1982266	391	6018	59.65	80.75	3.51	GUT_GENOME026241	MGYG000004248	d__Bacteria;p__Firmicutes_A;c__Clostridia;o__Oscillospirales;f__Oscillospiraceae;g__CAG-170;s__CAG-170_sp000436735	ERS1444604	ERP019502	Kazakhstan	Asia	Human	gut	NA	Medium	yes	sp000436735	MGnify
444	MGYG000109047	3318770	300	16346	57.61	93.06	2.01	GUT_GENOME218780	MGYG000002993	d__Bacteria;p__Firmicutes_A;c__Clostridia;o__Oscillospirales;f__Oscillospiraceae;g__CAG-170;s__CAG-170_sp000432135	SRS1170849	SRP066479	Peru	South America	Human	gut	NA	High	yes	sp000432135	MGnify
445	MGYG000109131	2956067	176	25869	57.83	93.74	1.68	GUT_GENOME094849	MGYG000002993	d__Bacteria;p__Firmicutes_A;c__Clostridia;o__Oscillospirales;f__Oscillospiraceae;g__CAG-170;s__CAG-170_sp000432135	ERS631834	ERP008729	Austria	Europe	Human	gut	NA	High	yes	sp000432135	MGnify
446	MGYG000109193	2206101	292	9722	58.48	79.73	2.58	GUT_GENOME056108	MGYG000002993	d__Bacteria;p__Firmicutes_A;c__Clostridia;o__Oscillospirales;f__Oscillospiraceae;g__CAG-170;s__CAG-170_sp000432135	ERS396359	ERP004605	Denmark	Europe	Human	gut	NA	Medium	yes	sp000432135	MGnify
447	MGYG000109423	2759912	345	11618	57.99	92.22	2.26	GUT_GENOME117031	MGYG000002993	d__Bacteria;p__Firmicutes_A;c__Clostridia;o__Oscillospirales;f__Oscillospiraceae;g__CAG-170;s__CAG-170_sp000432135	ERS396366	ERP004605	Denmark	Europe	Human	gut	NA	High	yes	sp000432135	MGnify
448	MGYG000109475	2422341	222	16988	58.78	89.77	1.68	GUT_GENOME115696	MGYG000002993	d__Bacteria;p__Firmicutes_A;c__Clostridia;o__Oscillospirales;f__Oscillospiraceae;g__CAG-170;s__CAG-170_sp000432135	ERS396322	ERP004605	Denmark	Europe	Human	gut	NA	Medium	yes	sp000432135	MGnify
449	MGYG000110052	2362845	115	30650	59.01	89.93	1.34	GUT_GENOME096821	MGYG000002993	d__Bacteria;p__Firmicutes_A;c__Clostridia;o__Oscillospirales;f__Oscillospiraceae;g__CAG-170;s__CAG-170_sp000432135	SRS584909	SRP040765	USA	North America	Human	gut	NA	Medium	yes	sp000432135	MGnify
450	MGYG000110096	2370226	139	26102	60.82	90.08	0.67	GUT_GENOME173531	MGYG000000651	d__Bacteria;p__Firmicutes_A;c__Clostridia;o__Oscillospirales;f__Oscillospiraceae;g__CAG-170;s__CAG-170_sp002404795	SRS1028198	SRP062282	Germany	Europe	Human	gut	NA	High	yes	sp002404795	MGnify
451	MGYG000110132	2300131	81	42601	59.02	83.89	0.67	GUT_GENOME121707	MGYG000002993	d__Bacteria;p__Firmicutes_A;c__Clostridia;o__Oscillospirales;f__Oscillospiraceae;g__CAG-170;s__CAG-170_sp000432135	ERS396517	ERP004605	Spain	Europe	Human	gut	NA	Medium	yes	sp000432135	MGnify
452	MGYG000110299	2361730	72	53237	56.57	83.95	1.34	GUT_GENOME189148	MGYG000000369	d__Bacteria;p__Firmicutes_A;c__Clostridia;o__Oscillospirales;f__Oscillospiraceae;g__CAG-170;s__CAG-170_sp003516765	SRS1820241	SRP093965	USA	North America	Human	gut	NA	Medium	yes	sp003516765	MGnify
453	MGYG000110874	2671072	299	12916	58.49	90.27	2.39	GUT_GENOME102053	MGYG000002993	d__Bacteria;p__Firmicutes_A;c__Clostridia;o__Oscillospirales;f__Oscillospiraceae;g__CAG-170;s__CAG-170_sp000432135	SRS022071	SRP002163	USA	North America	Human	gut	NA	High	yes	sp000432135	MGnify
454	MGYG000111046	1915116	279	9858	57.78	89.88	4.03	GUT_GENOME126725	MGYG000000369	d__Bacteria;p__Firmicutes_A;c__Clostridia;o__Oscillospirales;f__Oscillospiraceae;g__CAG-170;s__CAG-170_sp003516765	ERS1069680	ERP013827	Netherlands	Europe	Human	gut	NA	Medium	yes	sp003516765	MGnify
455	MGYG000111315	2295625	321	11044	59.68	87.15	3.36	GUT_GENOME025242	MGYG000002993	d__Bacteria;p__Firmicutes_A;c__Clostridia;o__Oscillospirales;f__Oscillospiraceae;g__CAG-170;s__CAG-170_sp000432135	ERS1444574	ERP019502	Kazakhstan	Asia	Human	gut	NA	Medium	yes	sp000432135	MGnify
456	MGYG000111447	1706849	479	4128	61.93	74.54	4.87	GUT_GENOME256914	MGYG000000651	d__Bacteria;p__Firmicutes_A;c__Clostridia;o__Oscillospirales;f__Oscillospiraceae;g__CAG-170;s__CAG-170_sp002404795	ERS746787	ERP010700	UK	Europe	Human	gut	NA	Medium	yes	sp002404795	MGnify
457	MGYG000111448	3242592	414	10370	57.79	87.14	2.01	GUT_GENOME074523	MGYG000002993	d__Bacteria;p__Firmicutes_A;c__Clostridia;o__Oscillospirales;f__Oscillospiraceae;g__CAG-170;s__CAG-170_sp000432135	ERS396508	ERP004605	Spain	Europe	Human	gut	NA	Medium	yes	sp000432135	MGnify
458	MGYG000111631	2848843	100	51219	57.88	93.29	1.68	GUT_GENOME267569	MGYG000002993	d__Bacteria;p__Firmicutes_A;c__Clostridia;o__Oscillospirales;f__Oscillospiraceae;g__CAG-170;s__CAG-170_sp000432135	ERS971829	ERP012929	Israel	Asia	Human	gut	NA	High	yes	sp000432135	MGnify
459	MGYG000111786	1851967	380	6002	57.42	75.59	2.35	GUT_GENOME010497	MGYG000002710	d__Bacteria;p__Firmicutes_A;c__Clostridia;o__Oscillospirales;f__Oscillospiraceae;g__CAG-170;s__CAG-170_sp900549635	ERS554253	ERP007090	Sweden	Europe	Human	gut	NA	Medium	yes	sp900549635	MGnify
460	MGYG000111973	1997467	333	8037	59.82	88.41	4.05	GUT_GENOME015373	MGYG000004248	d__Bacteria;p__Firmicutes_A;c__Clostridia;o__Oscillospirales;f__Oscillospiraceae;g__CAG-170;s__CAG-170_sp000436735	SRS475585	SRP029441	Fiji	Oceania	Human	gut	NA	Medium	yes	sp000436735	MGnify
461	MGYG000112199	2601825	147	28555	60.61	93.96	1.34	GUT_GENOME164417	MGYG000000651	d__Bacteria;p__Firmicutes_A;c__Clostridia;o__Oscillospirales;f__Oscillospiraceae;g__CAG-170;s__CAG-170_sp002404795	SRS576101	SRP040146	USA	North America	Human	gut	NA	High	yes	sp002404795	MGnify
462	MGYG000112543	2061317	443	5650	61.92	78.04	2.24	GUT_GENOME247746	MGYG000000651	d__Bacteria;p__Firmicutes_A;c__Clostridia;o__Oscillospirales;f__Oscillospiraceae;g__CAG-170;s__CAG-170_sp002404795	SRS1846794	SRP094805	China	Asia	Human	gut	NA	Medium	yes	sp002404795	MGnify
463	MGYG000113083	1907193	389	6076	61.86	59.12	0	GUT_GENOME159061	MGYG000000651	d__Bacteria;p__Firmicutes_A;c__Clostridia;o__Oscillospirales;f__Oscillospiraceae;g__CAG-170;s__CAG-170_sp002404795	ERS634932	ERP009131	Canada	North America	Human	gut	NA	Medium	yes	sp002404795	MGnify
464	MGYG000113183	2446006	103	46643	60.65	87.92	0.67	GUT_GENOME285817	MGYG000000651	d__Bacteria;p__Firmicutes_A;c__Clostridia;o__Oscillospirales;f__Oscillospiraceae;g__CAG-170;s__CAG-170_sp002404795	ERS436819	ERP005534	Germany	Europe	Human	gut	NA	Medium	yes	sp002404795	MGnify
465	MGYG000113777	2936974	370	12061	58.37	90.3	2.68	GUT_GENOME263905	MGYG000002993	d__Bacteria;p__Firmicutes_A;c__Clostridia;o__Oscillospirales;f__Oscillospiraceae;g__CAG-170;s__CAG-170_sp000432135	-	-	China	Asia	Human	gut	NA	High	yes	sp000432135	MGnify
466	MGYG000114040	2821052	436	8481	57.97	91.39	2.92	GUT_GENOME268483	MGYG000000741	d__Bacteria;p__Firmicutes_A;c__Clostridia;o__Oscillospirales;f__Oscillospiraceae;g__CAG-170;s__CAG-170_sp900548625	ERS971864	ERP012929	Israel	Asia	Human	gut	NA	High	yes	sp900548625	MGnify
467	MGYG000114080	1949975	423	5139	58.79	70.25	4.03	GUT_GENOME211445	MGYG000002993	d__Bacteria;p__Firmicutes_A;c__Clostridia;o__Oscillospirales;f__Oscillospiraceae;g__CAG-170;s__CAG-170_sp000432135	SRS1914215	SRP096283	USA	North America	Human	gut	NA	Medium	yes	sp000432135	MGnify
468	MGYG000114569	2308313	352	9566	59.03	83.64	1.57	GUT_GENOME023272	MGYG000002993	d__Bacteria;p__Firmicutes_A;c__Clostridia;o__Oscillospirales;f__Oscillospiraceae;g__CAG-170;s__CAG-170_sp000432135	ERS1444509	ERP019502	Kazakhstan	Asia	Human	gut	NA	Medium	yes	sp000432135	MGnify
469	MGYG000114662	2644991	92	43385	58.36	91.84	1.68	GUT_GENOME040389	MGYG000002993	d__Bacteria;p__Firmicutes_A;c__Clostridia;o__Oscillospirales;f__Oscillospiraceae;g__CAG-170;s__CAG-170_sp000432135	ERS1066697	ERP013933	USA	North America	Human	gut	NA	High	yes	sp000432135	MGnify
470	MGYG000114763	2111270	264	10842	59.07	87.95	1.45	GUT_GENOME209121	MGYG000002993	d__Bacteria;p__Firmicutes_A;c__Clostridia;o__Oscillospirales;f__Oscillospiraceae;g__CAG-170;s__CAG-170_sp000432135	SRS1914278	SRP096283	USA	North America	Human	gut	NA	Medium	yes	sp000432135	MGnify
471	MGYG000114997	2692964	185	25613	58.52	92.62	1.68	GUT_GENOME075041	MGYG000002993	d__Bacteria;p__Firmicutes_A;c__Clostridia;o__Oscillospirales;f__Oscillospiraceae;g__CAG-170;s__CAG-170_sp000432135	ERS396523	ERP004605	Spain	Europe	Human	gut	NA	High	yes	sp000432135	MGnify
472	MGYG000115145	1461777	446	3474	57.96	55.33	0	GUT_GENOME255798	MGYG000000369	d__Bacteria;p__Firmicutes_A;c__Clostridia;o__Oscillospirales;f__Oscillospiraceae;g__CAG-170;s__CAG-170_sp003516765	ERS746776	ERP010700	UK	Europe	Human	gut	NA	Medium	yes	sp003516765	MGnify
473	MGYG000115246	2887044	70	76379	57.92	90.94	4.03	GUT_GENOME246591	MGYG000002993	d__Bacteria;p__Firmicutes_A;c__Clostridia;o__Oscillospirales;f__Oscillospiraceae;g__CAG-170;s__CAG-170_sp000432135	ERS1066702	ERP013933	USA	North America	Human	gut	NA	High	yes	sp000432135	MGnify
474	MGYG000115515	1713861	287	7497	62.26	61.71	0.86	GUT_GENOME235556	MGYG000000651	d__Bacteria;p__Firmicutes_A;c__Clostridia;o__Oscillospirales;f__Oscillospiraceae;g__CAG-170;s__CAG-170_sp002404795	SRS476096	SRP029441	Fiji	Oceania	Human	gut	NA	Medium	yes	sp002404795	MGnify
475	MGYG000115731	2214002	448	5712	58.62	72.23	2.55	GUT_GENOME176079	MGYG000002993	d__Bacteria;p__Firmicutes_A;c__Clostridia;o__Oscillospirales;f__Oscillospiraceae;g__CAG-170;s__CAG-170_sp000432135	SRS1205287	SRP067325	USA	North America	Human	gut	NA	Medium	yes	sp000432135	MGnify
476	MGYG000116433	2487989	100	56360	58.71	90.3	1.34	GUT_GENOME257361	MGYG000002993	d__Bacteria;p__Firmicutes_A;c__Clostridia;o__Oscillospirales;f__Oscillospiraceae;g__CAG-170;s__CAG-170_sp000432135	ERS746865	ERP010700	UK	Europe	Human	gut	NA	High	yes	sp000432135	MGnify
477	MGYG000116799	1705078	383	5182	58.31	82.43	3.36	GUT_GENOME123869	MGYG000000369	d__Bacteria;p__Firmicutes_A;c__Clostridia;o__Oscillospirales;f__Oscillospiraceae;g__CAG-170;s__CAG-170_sp003516765	ERS1138856	ERP015450	China	Asia	Human	gut	NA	Medium	yes	sp003516765	MGnify
478	MGYG000116843	1991425	409	6086	59.48	87.97	2.07	GUT_GENOME132510	MGYG000004248	d__Bacteria;p__Firmicutes_A;c__Clostridia;o__Oscillospirales;f__Oscillospiraceae;g__CAG-170;s__CAG-170_sp000436735	ERS199038	ERP002061	Denmark	Europe	Human	gut	NA	Medium	yes	sp000436735	MGnify
479	MGYG000116987	2432023	371	8219	58.68	84.44	1.68	GUT_GENOME232977	MGYG000002993	d__Bacteria;p__Firmicutes_A;c__Clostridia;o__Oscillospirales;f__Oscillospiraceae;g__CAG-170;s__CAG-170_sp000432135	SRS475598	SRP029441	Fiji	Oceania	Human	gut	NA	Medium	yes	sp000432135	MGnify
480	MGYG000117339	3132603	146	40305	55.88	92.56	2.5	GUT_GENOME286142	MGYG000000370	d__Bacteria;p__Firmicutes_A;c__Clostridia;o__Oscillospirales;f__Oscillospiraceae;g__CAG-170;s__CAG-170_sp900545925	ERS436830	ERP005534	Germany	Europe	Human	gut	NA	High	yes	sp900545925	MGnify
481	MGYG000117720	2448400	189	20499	58.91	87.92	1.39	GUT_GENOME020717	MGYG000002993	d__Bacteria;p__Firmicutes_A;c__Clostridia;o__Oscillospirales;f__Oscillospiraceae;g__CAG-170;s__CAG-170_sp000432135	ERS1444690	ERP019502	Germany	Europe	Human	gut	NA	Medium	yes	sp000432135	MGnify
482	MGYG000117761	1916499	197	14419	60.83	90.08	0.78	GUT_GENOME246268	MGYG000002034	d__Bacteria;p__Firmicutes_A;c__Clostridia;o__Oscillospirales;f__Oscillospiraceae;g__CAG-170;s__CAG-170_sp900553545	ERS1066636	ERP013933	USA	North America	Human	gut	NA	High	yes	sp900553545	MGnify
483	MGYG000118060	2578194	79	86508	58.47	91.4	1.34	GUT_GENOME261108	MGYG000002993	d__Bacteria;p__Firmicutes_A;c__Clostridia;o__Oscillospirales;f__Oscillospiraceae;g__CAG-170;s__CAG-170_sp000432135	ERS746935	ERP010700	UK	Europe	Human	gut	NA	High	yes	sp000432135	MGnify
484	MGYG000118235	1680177	391	4899	57.56	79.56	0.92	GUT_GENOME133818	MGYG000000369	d__Bacteria;p__Firmicutes_A;c__Clostridia;o__Oscillospirales;f__Oscillospiraceae;g__CAG-170;s__CAG-170_sp003516765	ERS199137	ERP002061	Denmark	Europe	Human	gut	NA	Medium	yes	sp003516765	MGnify
485	MGYG000118449	3055053	427	10940	58.51	91.95	2.01	GUT_GENOME218004	MGYG000004248	d__Bacteria;p__Firmicutes_A;c__Clostridia;o__Oscillospirales;f__Oscillospiraceae;g__CAG-170;s__CAG-170_sp000436735	SRS1170698	SRP066479	Peru	South America	Human	gut	NA	High	yes	sp000436735	MGnify
486	MGYG000118805	1662773	322	6252	58.49	80.5	3.02	GUT_GENOME026365	MGYG000000369	d__Bacteria;p__Firmicutes_A;c__Clostridia;o__Oscillospirales;f__Oscillospiraceae;g__CAG-170;s__CAG-170_sp003516765	ERS1444610	ERP019502	Kazakhstan	Asia	Human	gut	NA	Medium	yes	sp003516765	MGnify
487	MGYG000119172	1976939	431	5731	59.16	77.21	0.8	GUT_GENOME150262	MGYG000002993	d__Bacteria;p__Firmicutes_A;c__Clostridia;o__Oscillospirales;f__Oscillospiraceae;g__CAG-170;s__CAG-170_sp000432135	SRS259461	SRP008047	China	Asia	Human	gut	NA	Medium	yes	sp000432135	MGnify
488	MGYG000119316	2412095	164	23359	60.86	90.27	0.67	GUT_GENOME210506	MGYG000000651	d__Bacteria;p__Firmicutes_A;c__Clostridia;o__Oscillospirales;f__Oscillospiraceae;g__CAG-170;s__CAG-170_sp002404795	SRS1905949	SRP096283	USA	North America	Human	gut	NA	High	yes	sp002404795	MGnify
489	MGYG000119476	2255969	430	6869	56.69	87.51	1.57	GUT_GENOME246917	MGYG000002710	d__Bacteria;p__Firmicutes_A;c__Clostridia;o__Oscillospirales;f__Oscillospiraceae;g__CAG-170;s__CAG-170_sp900549635	ERS1066643	ERP013933	USA	North America	Human	gut	NA	Medium	yes	sp900549635	MGnify
490	MGYG000119518	2448859	473	6779	58.77	85.99	4.95	GUT_GENOME281096	MGYG000002993	d__Bacteria;p__Firmicutes_A;c__Clostridia;o__Oscillospirales;f__Oscillospiraceae;g__CAG-170;s__CAG-170_sp000432135	ERS953867	ERP012929	Israel	Asia	Human	gut	NA	Medium	yes	sp000432135	MGnify
491	MGYG000119659	2305883	270	11680	58.87	82.45	3.04	GUT_GENOME034679	MGYG000002993	d__Bacteria;p__Firmicutes_A;c__Clostridia;o__Oscillospirales;f__Oscillospiraceae;g__CAG-170;s__CAG-170_sp000432135	ERS1015886	ERP013563	China	Asia	Human	gut	NA	Medium	yes	sp000432135	MGnify
492	MGYG000119756	2028654	436	5387	58.63	70.9	3.64	GUT_GENOME211619	MGYG000002993	d__Bacteria;p__Firmicutes_A;c__Clostridia;o__Oscillospirales;f__Oscillospiraceae;g__CAG-170;s__CAG-170_sp000432135	SRS1914116	SRP096283	USA	North America	Human	gut	NA	Medium	yes	sp000432135	MGnify
493	MGYG000120021	2153662	183	22503	59.16	80.87	3.91	GUT_GENOME157771	MGYG000002993	d__Bacteria;p__Firmicutes_A;c__Clostridia;o__Oscillospirales;f__Oscillospiraceae;g__CAG-170;s__CAG-170_sp000432135	ERS634919	ERP009131	Canada	North America	Human	gut	NA	Medium	yes	sp000432135	MGnify
494	MGYG000120186	2378582	336	9489	58.87	81.38	2.1	GUT_GENOME053902	MGYG000004248	d__Bacteria;p__Firmicutes_A;c__Clostridia;o__Oscillospirales;f__Oscillospiraceae;g__CAG-170;s__CAG-170_sp000436735	ERS328754	ERP003612	Denmark	Europe	Human	gut	NA	Medium	yes	sp000436735	MGnify
495	MGYG000120233	3365719	192	32064	56.99	90.94	2.85	GUT_GENOME153113	MGYG000002993	d__Bacteria;p__Firmicutes_A;c__Clostridia;o__Oscillospirales;f__Oscillospiraceae;g__CAG-170;s__CAG-170_sp000432135	-	-	China	Asia	Human	gut	NA	High	yes	sp000432135	MGnify
496	MGYG000120272	2918948	403	10864	56.97	83.34	2.03	GUT_GENOME148520	MGYG000002993	d__Bacteria;p__Firmicutes_A;c__Clostridia;o__Oscillospirales;f__Oscillospiraceae;g__CAG-170;s__CAG-170_sp000432135	-	-	China	Asia	Human	gut	NA	Medium	yes	sp000432135	MGnify
497	MGYG000120896	2834800	288	15008	58.62	89.93	1.45	GUT_GENOME215028	MGYG000002993	d__Bacteria;p__Firmicutes_A;c__Clostridia;o__Oscillospirales;f__Oscillospiraceae;g__CAG-170;s__CAG-170_sp000432135	SRS022071	SRP002163	USA	North America	Human	gut	NA	Medium	yes	sp000432135	MGnify
498	MGYG000120975	1803950	354	6549	57.7	77.24	0.67	GUT_GENOME121348	MGYG000000369	d__Bacteria;p__Firmicutes_A;c__Clostridia;o__Oscillospirales;f__Oscillospiraceae;g__CAG-170;s__CAG-170_sp003516765	ERS396507	ERP004605	Spain	Europe	Human	gut	NA	Medium	yes	sp003516765	MGnify
499	MGYG000120998	3505331	86	63870	57.16	93.96	2.35	GUT_GENOME244880	MGYG000002993	d__Bacteria;p__Firmicutes_A;c__Clostridia;o__Oscillospirales;f__Oscillospiraceae;g__CAG-170;s__CAG-170_sp000432135	ERS1066697	ERP013933	USA	North America	Human	gut	NA	High	yes	sp000432135	MGnify
500	MGYG000121312	1591965	395	4634	57.98	53.45	0	GUT_GENOME158236	MGYG000000369	d__Bacteria;p__Firmicutes_A;c__Clostridia;o__Oscillospirales;f__Oscillospiraceae;g__CAG-170;s__CAG-170_sp003516765	ERS634924	ERP009131	Canada	North America	Human	gut	NA	Medium	yes	sp003516765	MGnify
501	MGYG000121685	2308585	113	36781	56.92	92.87	2.01	GUT_GENOME025993	MGYG000000369	d__Bacteria;p__Firmicutes_A;c__Clostridia;o__Oscillospirales;f__Oscillospiraceae;g__CAG-170;s__CAG-170_sp003516765	ERS1444597	ERP019502	Kazakhstan	Asia	Human	gut	NA	High	yes	sp003516765	MGnify
502	MGYG000121787	1733566	461	3811	55.46	53.4	0.57	GUT_GENOME048426	MGYG000000370	d__Bacteria;p__Firmicutes_A;c__Clostridia;o__Oscillospirales;f__Oscillospiraceae;g__CAG-170;s__CAG-170_sp900545925	ERS1647288	ERP019674	Germany	Europe	Human	gut	NA	Medium	yes	sp900545925	MGnify
503	MGYG000121801	2264174	199	17212	61.45	91.28	1.4	GUT_GENOME257076	MGYG000000651	d__Bacteria;p__Firmicutes_A;c__Clostridia;o__Oscillospirales;f__Oscillospiraceae;g__CAG-170;s__CAG-170_sp002404795	ERS746790	ERP010700	UK	Europe	Human	gut	NA	High	yes	sp002404795	MGnify
504	MGYG000122035	2344079	164	27257	59.05	93.19	3.75	GUT_GENOME235224	MGYG000002993	d__Bacteria;p__Firmicutes_A;c__Clostridia;o__Oscillospirales;f__Oscillospiraceae;g__CAG-170;s__CAG-170_sp000432135	SRS476058	SRP029441	Fiji	Oceania	Human	gut	NA	High	yes	sp000432135	MGnify
505	MGYG000122148	2345908	205	16378	58.91	88.78	4.14	GUT_GENOME029871	MGYG000002993	d__Bacteria;p__Firmicutes_A;c__Clostridia;o__Oscillospirales;f__Oscillospiraceae;g__CAG-170;s__CAG-170_sp000432135	ERS848655	ERP012177	China	Asia	Human	gut	NA	Medium	yes	sp000432135	MGnify
506	MGYG000122167	2083881	277	10630	61.22	91.05	2.18	GUT_GENOME133773	MGYG000000651	d__Bacteria;p__Firmicutes_A;c__Clostridia;o__Oscillospirales;f__Oscillospiraceae;g__CAG-170;s__CAG-170_sp002404795	ERS199136	ERP002061	Denmark	Europe	Human	gut	NA	High	yes	sp002404795	MGnify
507	MGYG000122810	2103251	104	30904	61.52	87.56	2.35	GUT_GENOME205591	MGYG000000651	d__Bacteria;p__Firmicutes_A;c__Clostridia;o__Oscillospirales;f__Oscillospiraceae;g__CAG-170;s__CAG-170_sp002404795	SRS1996016	SRP100518	Spain	Europe	Human	gut	NA	Medium	yes	sp002404795	MGnify
508	MGYG000123447	2256103	499	5079	58.1	77	1.57	GUT_GENOME028892	MGYG000002993	d__Bacteria;p__Firmicutes_A;c__Clostridia;o__Oscillospirales;f__Oscillospiraceae;g__CAG-170;s__CAG-170_sp000432135	ERS006567	ERP000108	Spain	Europe	Human	gut	NA	Medium	yes	sp000432135	MGnify
509	MGYG000123490	2348583	308	10632	61.28	89.08	1.85	GUT_GENOME244192	MGYG000000651	d__Bacteria;p__Firmicutes_A;c__Clostridia;o__Oscillospirales;f__Oscillospiraceae;g__CAG-170;s__CAG-170_sp002404795	SRS1101383	SRP064400	Canada	North America	Human	gut	NA	Medium	yes	sp002404795	MGnify
510	MGYG000123558	2249943	88	35869	59.06	93.96	2.01	GUT_GENOME206199	MGYG000000741	d__Bacteria;p__Firmicutes_A;c__Clostridia;o__Oscillospirales;f__Oscillospiraceae;g__CAG-170;s__CAG-170_sp900548625	SRS1996016	SRP100518	Spain	Europe	Human	gut	NA	High	yes	sp900548625	MGnify
511	MGYG000123738	2356322	106	37524	58.83	91.28	1.34	GUT_GENOME090833	MGYG000002993	d__Bacteria;p__Firmicutes_A;c__Clostridia;o__Oscillospirales;f__Oscillospiraceae;g__CAG-170;s__CAG-170_sp000432135	ERS631833	ERP008729	Austria	Europe	Human	gut	NA	High	yes	sp000432135	MGnify
512	MGYG000125584	1896313	100	29616	59.34	74.12	1.27	GUT_GENOME048269	MGYG000004248	d__Bacteria;p__Firmicutes_A;c__Clostridia;o__Oscillospirales;f__Oscillospiraceae;g__CAG-170;s__CAG-170_sp000436735	ERS1647312	ERP019674	Germany	Europe	Human	gut	NA	Medium	yes	sp000436735	MGnify
513	MGYG000125594	2678805	172	27072	55.95	73.01	1.34	GUT_GENOME095643	MGYG000000370	d__Bacteria;p__Firmicutes_A;c__Clostridia;o__Oscillospirales;f__Oscillospiraceae;g__CAG-170;s__CAG-170_sp900545925	-	-	Italy	Europe	Human	gut	NA	Medium	yes	sp900545925	MGnify
514	MGYG000125708	2947222	217	24678	55.99	92.99	0.67	GUT_GENOME114088	MGYG000000370	d__Bacteria;p__Firmicutes_A;c__Clostridia;o__Oscillospirales;f__Oscillospiraceae;g__CAG-170;s__CAG-170_sp900545925	ERS328992	ERP003612	Denmark	Europe	Human	gut	NA	High	yes	sp900545925	MGnify
515	MGYG000126543	3415076	391	13413	55.62	88.93	1.76	GUT_GENOME092614	MGYG000000370	d__Bacteria;p__Firmicutes_A;c__Clostridia;o__Oscillospirales;f__Oscillospiraceae;g__CAG-170;s__CAG-170_sp900545925	ERS608611	ERP008729	Austria	Europe	Human	gut	NA	Medium	yes	sp900545925	MGnify
516	MGYG000127041	1877266	423	4857	57.31	74.05	2.68	GUT_GENOME173141	MGYG000002710	d__Bacteria;p__Firmicutes_A;c__Clostridia;o__Oscillospirales;f__Oscillospiraceae;g__CAG-170;s__CAG-170_sp900549635	SRS1028003	SRP062282	Germany	Europe	Human	gut	NA	Medium	yes	sp900549635	MGnify
517	MGYG000127063	1876225	500	4968	57.44	87.89	1.41	GUT_GENOME214871	MGYG000000369	d__Bacteria;p__Firmicutes_A;c__Clostridia;o__Oscillospirales;f__Oscillospiraceae;g__CAG-170;s__CAG-170_sp003516765	SRS020328	SRP002163	USA	North America	Human	gut	NA	Medium	yes	sp003516765	MGnify
518	MGYG000127815	2228367	110	30966	57.03	91.72	2.18	GUT_GENOME285944	MGYG000002710	d__Bacteria;p__Firmicutes_A;c__Clostridia;o__Oscillospirales;f__Oscillospiraceae;g__CAG-170;s__CAG-170_sp900549635	ERS436829	ERP005534	Germany	Europe	Human	gut	NA	High	yes	sp900549635	MGnify
519	MGYG000127818	2394205	177	18350	58.92	91.82	1.68	GUT_GENOME100057	MGYG000002993	d__Bacteria;p__Firmicutes_A;c__Clostridia;o__Oscillospirales;f__Oscillospiraceae;g__CAG-170;s__CAG-170_sp000432135	ERS1343430	ERP017091	China	Asia	Human	gut	NA	High	yes	sp000432135	MGnify
520	MGYG000127986	2291364	476	5831	58.24	71.87	3.24	GUT_GENOME112471	MGYG000002993	d__Bacteria;p__Firmicutes_A;c__Clostridia;o__Oscillospirales;f__Oscillospiraceae;g__CAG-170;s__CAG-170_sp000432135	ERS328950	ERP003612	Denmark	Europe	Human	gut	NA	Medium	yes	sp000432135	MGnify
521	MGYG000128902	2211678	390	7600	59.3	86.01	2.06	GUT_GENOME162146	MGYG000002993	d__Bacteria;p__Firmicutes_A;c__Clostridia;o__Oscillospirales;f__Oscillospiraceae;g__CAG-170;s__CAG-170_sp000432135	SRS1876707	SRP095580	Netherlands	Europe	Human	gut	NA	Medium	yes	sp000432135	MGnify
522	MGYG000129351	3174133	64	119821	55.61	93.96	4.03	GUT_GENOME047679	MGYG000000370	d__Bacteria;p__Firmicutes_A;c__Clostridia;o__Oscillospirales;f__Oscillospiraceae;g__CAG-170;s__CAG-170_sp900545925	ERS1647289	ERP019674	Germany	Europe	Human	gut	NA	High	yes	sp900545925	MGnify
523	MGYG000129695	1809669	56	63742	59.69	80.06	1.81	GUT_GENOME015023	MGYG000004248	d__Bacteria;p__Firmicutes_A;c__Clostridia;o__Oscillospirales;f__Oscillospiraceae;g__CAG-170;s__CAG-170_sp000436735	SRS476167	SRP029441	Fiji	Oceania	Human	gut	NA	Medium	yes	sp000436735	MGnify
524	MGYG000129784	2053073	309	9747	62.05	86.98	2.77	GUT_GENOME236705	MGYG000000651	d__Bacteria;p__Firmicutes_A;c__Clostridia;o__Oscillospirales;f__Oscillospiraceae;g__CAG-170;s__CAG-170_sp002404795	SRS476187	SRP029441	Fiji	Oceania	Human	gut	NA	Medium	yes	sp002404795	MGnify
525	MGYG000129853	1253381	470	2748	59.56	52.04	0	GUT_GENOME274993	MGYG000002993	d__Bacteria;p__Firmicutes_A;c__Clostridia;o__Oscillospirales;f__Oscillospiraceae;g__CAG-170;s__CAG-170_sp000432135	ERS972154	ERP012929	Israel	Asia	Human	gut	NA	Medium	yes	sp000432135	MGnify
526	MGYG000130072	2037833	443	5697	61.66	78.5	3.62	GUT_GENOME257737	MGYG000000651	d__Bacteria;p__Firmicutes_A;c__Clostridia;o__Oscillospirales;f__Oscillospiraceae;g__CAG-170;s__CAG-170_sp002404795	ERS746800	ERP010700	UK	Europe	Human	gut	NA	Medium	yes	sp002404795	MGnify
527	MGYG000130278	2541610	347	8570	57.9	80.35	3.91	GUT_GENOME239594	MGYG000002993	d__Bacteria;p__Firmicutes_A;c__Clostridia;o__Oscillospirales;f__Oscillospiraceae;g__CAG-170;s__CAG-170_sp000432135	SRS883067	SRP056480	Italy	Europe	Human	gut	NA	Medium	yes	sp000432135	MGnify
528	MGYG000130670	1880933	257	10250	57.59	79.84	4.33	GUT_GENOME122344	MGYG000000369	d__Bacteria;p__Firmicutes_A;c__Clostridia;o__Oscillospirales;f__Oscillospiraceae;g__CAG-170;s__CAG-170_sp003516765	ERS396536	ERP004605	Spain	Europe	Human	gut	NA	Medium	yes	sp003516765	MGnify
529	MGYG000131057	2076929	189	15105	57.1	90.87	1.01	GUT_GENOME074400	MGYG000000369	d__Bacteria;p__Firmicutes_A;c__Clostridia;o__Oscillospirales;f__Oscillospiraceae;g__CAG-170;s__CAG-170_sp003516765	ERS396505	ERP004605	Spain	Europe	Human	gut	NA	High	yes	sp003516765	MGnify
530	MGYG000131223	2280183	483	5374	58.2	73.88	3.69	GUT_GENOME050387	MGYG000002993	d__Bacteria;p__Firmicutes_A;c__Clostridia;o__Oscillospirales;f__Oscillospiraceae;g__CAG-170;s__CAG-170_sp000432135	ERS199027	ERP002061	Denmark	Europe	Human	gut	NA	Medium	yes	sp000432135	MGnify
531	MGYG000131332	2457428	191	17861	58.86	89.87	2.35	GUT_GENOME150908	MGYG000002993	d__Bacteria;p__Firmicutes_A;c__Clostridia;o__Oscillospirales;f__Oscillospiraceae;g__CAG-170;s__CAG-170_sp000432135	SRS259562	SRP008047	China	Asia	Human	gut	NA	Medium	yes	sp000432135	MGnify
532	MGYG000131344	2170927	663	3487	58.93	73.06	4.1	GUT_GENOME014130	MGYG000002993	d__Bacteria;p__Firmicutes_A;c__Clostridia;o__Oscillospirales;f__Oscillospiraceae;g__CAG-170;s__CAG-170_sp000432135	SRS475993	SRP029441	Fiji	Oceania	Human	gut	NA	Medium	yes	sp000432135	MGnify
533	MGYG000131602	2947482	64	96995	57.59	92.62	2.35	GUT_GENOME120676	MGYG000002993	d__Bacteria;p__Firmicutes_A;c__Clostridia;o__Oscillospirales;f__Oscillospiraceae;g__CAG-170;s__CAG-170_sp000432135	ERS396489	ERP004605	Spain	Europe	Human	gut	NA	High	yes	sp000432135	MGnify
534	MGYG000131764	2392036	343	10237	56.76	92.95	1.34	GUT_GENOME216730	MGYG000000369	d__Bacteria;p__Firmicutes_A;c__Clostridia;o__Oscillospirales;f__Oscillospiraceae;g__CAG-170;s__CAG-170_sp003516765	SRS064276	SRP002860	USA	North America	Human	gut	NA	High	yes	sp003516765	MGnify
535	MGYG000131907	1781592	80	33246	57.69	84.56	1.01	GUT_GENOME186797	MGYG000000369	d__Bacteria;p__Firmicutes_A;c__Clostridia;o__Oscillospirales;f__Oscillospiraceae;g__CAG-170;s__CAG-170_sp003516765	SRS1771184	SRP091570	USA	North America	Human	gut	NA	Medium	yes	sp003516765	MGnify
536	MGYG000131993	2229831	237	13591	59.06	86.91	1.34	GUT_GENOME100521	MGYG000002993	d__Bacteria;p__Firmicutes_A;c__Clostridia;o__Oscillospirales;f__Oscillospiraceae;g__CAG-170;s__CAG-170_sp000432135	SRS011586	SRP002163	USA	North America	Human	gut	NA	Medium	yes	sp000432135	MGnify
537	MGYG000132187	1903260	177	14805	59.8	79.15	3.02	GUT_GENOME048604	MGYG000002993	d__Bacteria;p__Firmicutes_A;c__Clostridia;o__Oscillospirales;f__Oscillospiraceae;g__CAG-170;s__CAG-170_sp000432135	ERS1647297	ERP019674	Germany	Europe	Human	gut	NA	Medium	yes	sp000432135	MGnify
538	MGYG000132469	2738094	59	67860	57.88	94.63	1.34	GUT_GENOME021493	MGYG000002993	d__Bacteria;p__Firmicutes_A;c__Clostridia;o__Oscillospirales;f__Oscillospiraceae;g__CAG-170;s__CAG-170_sp000432135	ERS1444722	ERP019502	Germany	Europe	Human	gut	NA	High	yes	sp000432135	MGnify
539	MGYG000132739	2162329	92	35799	59.17	92.28	2.32	GUT_GENOME034618	MGYG000004248	d__Bacteria;p__Firmicutes_A;c__Clostridia;o__Oscillospirales;f__Oscillospiraceae;g__CAG-170;s__CAG-170_sp000436735	ERS1015884	ERP013563	China	Asia	Human	gut	NA	High	yes	sp000436735	MGnify
540	MGYG000132847	2003441	268	9605	60.06	74.69	4.87	GUT_GENOME048486	MGYG000002993	d__Bacteria;p__Firmicutes_A;c__Clostridia;o__Oscillospirales;f__Oscillospiraceae;g__CAG-170;s__CAG-170_sp000432135	ERS1647291	ERP019674	Germany	Europe	Human	gut	NA	Medium	yes	sp000432135	MGnify
541	MGYG000132947	3216225	187	28302	56.77	94.63	2.01	GUT_GENOME090428	MGYG000002993	d__Bacteria;p__Firmicutes_A;c__Clostridia;o__Oscillospirales;f__Oscillospiraceae;g__CAG-170;s__CAG-170_sp000432135	ERS608610	ERP008729	Austria	Europe	Human	gut	NA	High	yes	sp000432135	MGnify
542	MGYG000133050	2018698	188	15767	59.65	84.41	2.35	GUT_GENOME232866	MGYG000004248	d__Bacteria;p__Firmicutes_A;c__Clostridia;o__Oscillospirales;f__Oscillospiraceae;g__CAG-170;s__CAG-170_sp000436735	SRS475585	SRP029441	Fiji	Oceania	Human	gut	NA	Medium	yes	sp000436735	MGnify
543	MGYG000133176	2454959	560	5332	58.04	77.33	3.69	GUT_GENOME117971	MGYG000002993	d__Bacteria;p__Firmicutes_A;c__Clostridia;o__Oscillospirales;f__Oscillospiraceae;g__CAG-170;s__CAG-170_sp000432135	ERS396394	ERP004605	Denmark	Europe	Human	gut	NA	Medium	yes	sp000432135	MGnify
544	MGYG000133178	2316741	159	21450	61.29	89.26	3.54	GUT_GENOME090275	MGYG000000651	d__Bacteria;p__Firmicutes_A;c__Clostridia;o__Oscillospirales;f__Oscillospiraceae;g__CAG-170;s__CAG-170_sp002404795	ERS608605	ERP008729	Austria	Europe	Human	gut	NA	Medium	yes	sp002404795	MGnify
545	MGYG000133433	2089067	533	4420	57.22	80.4	4.03	GUT_GENOME132149	MGYG000002710	d__Bacteria;p__Firmicutes_A;c__Clostridia;o__Oscillospirales;f__Oscillospiraceae;g__CAG-170;s__CAG-170_sp900549635	-	-	Germany	Europe	Human	gut	NA	Medium	yes	sp900549635	MGnify
546	MGYG000133718	1959653	385	6939	58.33	72.83	2.97	GUT_GENOME153208	MGYG000004248	d__Bacteria;p__Firmicutes_A;c__Clostridia;o__Oscillospirales;f__Oscillospiraceae;g__CAG-170;s__CAG-170_sp000436735	-	-	China	Asia	Human	gut	NA	Medium	yes	sp000436735	MGnify
547	MGYG000133829	1770689	368	5905	57.84	80.53	3.27	GUT_GENOME121088	MGYG000000369	d__Bacteria;p__Firmicutes_A;c__Clostridia;o__Oscillospirales;f__Oscillospiraceae;g__CAG-170;s__CAG-170_sp003516765	ERS396500	ERP004605	Spain	Europe	Human	gut	NA	Medium	yes	sp003516765	MGnify
548	MGYG000133858	1704629	386	4916	61.65	69.78	1.96	GUT_GENOME179727	MGYG000000651	d__Bacteria;p__Firmicutes_A;c__Clostridia;o__Oscillospirales;f__Oscillospiraceae;g__CAG-170;s__CAG-170_sp002404795	SRS1531266	SRP076119	USA	North America	Human	gut	NA	Medium	yes	sp002404795	MGnify
549	MGYG000134590	2953716	148	36559	55.89	93.29	1.03	GUT_GENOME112413	MGYG000000370	d__Bacteria;p__Firmicutes_A;c__Clostridia;o__Oscillospirales;f__Oscillospiraceae;g__CAG-170;s__CAG-170_sp900545925	ERS328948	ERP003612	Denmark	Europe	Human	gut	NA	High	yes	sp900545925	MGnify
550	MGYG000135499	2794341	78	62979	58.1	93.69	1.34	GUT_GENOME108079	MGYG000004248	d__Bacteria;p__Firmicutes_A;c__Clostridia;o__Oscillospirales;f__Oscillospiraceae;g__CAG-170;s__CAG-170_sp000436735	ERS328754	ERP003612	Denmark	Europe	Human	gut	NA	High	yes	sp000436735	MGnify
551	MGYG000135606	2670539	95	46426	58.36	93.29	2.01	GUT_GENOME188231	MGYG000004248	d__Bacteria;p__Firmicutes_A;c__Clostridia;o__Oscillospirales;f__Oscillospiraceae;g__CAG-170;s__CAG-170_sp000436735	SRS1806085	SRP093506	China	Asia	Human	gut	NA	High	yes	sp000436735	MGnify
552	MGYG000135779	2058494	432	6621	59.19	81.23	2.57	GUT_GENOME072842	MGYG000002993	d__Bacteria;p__Firmicutes_A;c__Clostridia;o__Oscillospirales;f__Oscillospiraceae;g__CAG-170;s__CAG-170_sp000432135	ERS396446	ERP004605	Spain	Europe	Human	gut	NA	Medium	yes	sp000432135	MGnify
553	MGYG000136176	2299831	112	36324	59.34	91.28	0.67	GUT_GENOME213179	MGYG000002993	d__Bacteria;p__Firmicutes_A;c__Clostridia;o__Oscillospirales;f__Oscillospiraceae;g__CAG-170;s__CAG-170_sp000432135	SRS012273	SRP002163	USA	North America	Human	gut	NA	High	yes	sp000432135	MGnify
554	MGYG000136277	2518660	119	47965	58.25	78.29	1.34	GUT_GENOME158245	MGYG000002993	d__Bacteria;p__Firmicutes_A;c__Clostridia;o__Oscillospirales;f__Oscillospiraceae;g__CAG-170;s__CAG-170_sp000432135	ERS634924	ERP009131	Canada	North America	Human	gut	NA	Medium	yes	sp000432135	MGnify
555	MGYG000136300	2155352	29	99621	56.87	87.25	1.34	GUT_GENOME158846	MGYG000002710	d__Bacteria;p__Firmicutes_A;c__Clostridia;o__Oscillospirales;f__Oscillospiraceae;g__CAG-170;s__CAG-170_sp900549635	ERS634952	ERP009131	Canada	North America	Human	gut	NA	Medium	yes	sp900549635	MGnify
556	MGYG000136668	1756917	518	3707	61.37	75.27	1.34	GUT_GENOME269481	MGYG000000651	d__Bacteria;p__Firmicutes_A;c__Clostridia;o__Oscillospirales;f__Oscillospiraceae;g__CAG-170;s__CAG-170_sp002404795	ERS971906	ERP012929	Israel	Asia	Human	gut	NA	Medium	yes	sp002404795	MGnify
557	MGYG000136768	3137753	588	7070	55.35	68.73	3.61	GUT_GENOME118204	MGYG000000370	d__Bacteria;p__Firmicutes_A;c__Clostridia;o__Oscillospirales;f__Oscillospiraceae;g__CAG-170;s__CAG-170_sp900545925	ERS396401	ERP004605	Denmark	Europe	Human	gut	NA	Medium	yes	sp900545925	MGnify
558	MGYG000137222	2153943	259	11572	60.33	87.7	4.03	GUT_GENOME125102	MGYG000002034	d__Bacteria;p__Firmicutes_A;c__Clostridia;o__Oscillospirales;f__Oscillospiraceae;g__CAG-170;s__CAG-170_sp900553545	ERS1138747	ERP015450	China	Asia	Human	gut	NA	Medium	yes	sp900553545	MGnify
559	MGYG000138145	2015338	128	22831	60.05	90.6	4.7	GUT_GENOME039683	MGYG000000741	d__Bacteria;p__Firmicutes_A;c__Clostridia;o__Oscillospirales;f__Oscillospiraceae;g__CAG-170;s__CAG-170_sp900548625	ERS1066674	ERP013933	USA	North America	Human	gut	NA	High	yes	sp900548625	MGnify
560	MGYG000138150	2216597	156	19990	61.55	91.93	1.34	GUT_GENOME275154	MGYG000000651	d__Bacteria;p__Firmicutes_A;c__Clostridia;o__Oscillospirales;f__Oscillospiraceae;g__CAG-170;s__CAG-170_sp002404795	ERS972162	ERP012929	Israel	Asia	Human	gut	NA	High	yes	sp002404795	MGnify
561	MGYG000138556	2158145	245	14051	59.27	84.4	1.34	GUT_GENOME102075	MGYG000002993	d__Bacteria;p__Firmicutes_A;c__Clostridia;o__Oscillospirales;f__Oscillospiraceae;g__CAG-170;s__CAG-170_sp000432135	SRS022524	SRP002163	USA	North America	Human	gut	NA	Medium	yes	sp000432135	MGnify
562	MGYG000138986	2362035	48	103774	59.01	91.95	1.34	GUT_GENOME026551	MGYG000004248	d__Bacteria;p__Firmicutes_A;c__Clostridia;o__Oscillospirales;f__Oscillospiraceae;g__CAG-170;s__CAG-170_sp000436735	ERS1444617	ERP019502	Kazakhstan	Asia	Human	gut	NA	High	yes	sp000436735	MGnify
563	MGYG000139306	2699566	271	16040	58.22	91.61	2.57	GUT_GENOME282689	MGYG000002993	d__Bacteria;p__Firmicutes_A;c__Clostridia;o__Oscillospirales;f__Oscillospiraceae;g__CAG-170;s__CAG-170_sp000432135	ERS436661	ERP005534	France	Europe	Human	gut	NA	High	yes	sp000432135	MGnify
564	MGYG000139518	1675501	496	3757	57.17	53.39	0	GUT_GENOME247619	MGYG000000369	d__Bacteria;p__Firmicutes_A;c__Clostridia;o__Oscillospirales;f__Oscillospiraceae;g__CAG-170;s__CAG-170_sp003516765	ERS1066650	ERP013933	USA	North America	Human	gut	NA	Medium	yes	sp003516765	MGnify
565	MGYG000139532	2139661	426	6431	59.04	83.96	3.26	GUT_GENOME245583	MGYG000002993	d__Bacteria;p__Firmicutes_A;c__Clostridia;o__Oscillospirales;f__Oscillospiraceae;g__CAG-170;s__CAG-170_sp000432135	ERS1066654	ERP013933	USA	North America	Human	gut	NA	Medium	yes	sp000432135	MGnify
566	MGYG000140312	2674525	217	18686	58.46	75.7	4.03	GUT_GENOME190489	MGYG000002993	d__Bacteria;p__Firmicutes_A;c__Clostridia;o__Oscillospirales;f__Oscillospiraceae;g__CAG-170;s__CAG-170_sp000432135	SRS1820336	SRP093965	USA	North America	Human	gut	NA	Medium	yes	sp000432135	MGnify
567	MGYG000140752	2767424	98	47887	58.25	91.4	2.18	GUT_GENOME039578	MGYG000002993	d__Bacteria;p__Firmicutes_A;c__Clostridia;o__Oscillospirales;f__Oscillospiraceae;g__CAG-170;s__CAG-170_sp000432135	ERS1066672	ERP013933	USA	North America	Human	gut	NA	High	yes	sp000432135	MGnify
568	MGYG000140777	1770602	805	2402	57.02	75.87	3.55	GUT_GENOME069920	MGYG000000369	d__Bacteria;p__Firmicutes_A;c__Clostridia;o__Oscillospirales;f__Oscillospiraceae;g__CAG-170;s__CAG-170_sp003516765	ERS396335	ERP004605	Denmark	Europe	Human	gut	NA	Medium	yes	sp003516765	MGnify
569	MGYG000141118	2064377	145	20951	61.61	89.87	0.17	GUT_GENOME007421	MGYG000000651	d__Bacteria;p__Firmicutes_A;c__Clostridia;o__Oscillospirales;f__Oscillospiraceae;g__CAG-170;s__CAG-170_sp002404795	ERS554201	ERP007090	Sweden	Europe	Human	gut	NA	Medium	yes	sp002404795	MGnify
570	MGYG000141340	1975220	361	6749	59.55	81.39	4.06	GUT_GENOME246509	MGYG000000741	d__Bacteria;p__Firmicutes_A;c__Clostridia;o__Oscillospirales;f__Oscillospiraceae;g__CAG-170;s__CAG-170_sp900548625	ERS1066661	ERP013933	USA	North America	Human	gut	NA	Medium	yes	sp900548625	MGnify
571	MGYG000141860	1714033	463	4290	59.21	67.89	2.01	GUT_GENOME246678	MGYG000002993	d__Bacteria;p__Firmicutes_A;c__Clostridia;o__Oscillospirales;f__Oscillospiraceae;g__CAG-170;s__CAG-170_sp000432135	ERS1066639	ERP013933	USA	North America	Human	gut	NA	Medium	yes	sp000432135	MGnify
572	MGYG000142252	2169390	131	23106	57.29	91	1.9	GUT_GENOME175511	MGYG000002710	d__Bacteria;p__Firmicutes_A;c__Clostridia;o__Oscillospirales;f__Oscillospiraceae;g__CAG-170;s__CAG-170_sp900549635	SRS1158762	SRP066053	USA	North America	Human	gut	NA	High	yes	sp900549635	MGnify
573	MGYG000142887	2889947	70	61262	58.12	91.28	1.68	GUT_GENOME244780	MGYG000002993	d__Bacteria;p__Firmicutes_A;c__Clostridia;o__Oscillospirales;f__Oscillospiraceae;g__CAG-170;s__CAG-170_sp000432135	ERS1066672	ERP013933	USA	North America	Human	gut	NA	High	yes	sp000432135	MGnify
574	MGYG000143237	1993042	394	6297	58.32	72.92	3.24	GUT_GENOME229494	MGYG000004248	d__Bacteria;p__Firmicutes_A;c__Clostridia;o__Oscillospirales;f__Oscillospiraceae;g__CAG-170;s__CAG-170_sp000436735	SRS294934	SRP008047	China	Asia	Human	gut	NA	Medium	yes	sp000436735	MGnify
575	MGYG000143337	2553266	235	19780	59.05	92.75	3.82	GUT_GENOME067159	MGYG000002993	d__Bacteria;p__Firmicutes_A;c__Clostridia;o__Oscillospirales;f__Oscillospiraceae;g__CAG-170;s__CAG-170_sp000432135	ERS235548	ERP002469	Sweden	Europe	Human	gut	NA	High	yes	sp000432135	MGnify
576	MGYG000143369	2558262	223	17348	56.77	87.81	0.81	GUT_GENOME064687	MGYG000000370	d__Bacteria;p__Firmicutes_A;c__Clostridia;o__Oscillospirales;f__Oscillospiraceae;g__CAG-170;s__CAG-170_sp900545925	ERS608558	ERP008729	Austria	Europe	Human	gut	NA	Medium	yes	sp900545925	MGnify
577	MGYG000143508	2575870	213	21390	58.92	94.83	4.76	GUT_GENOME088342	MGYG000002993	d__Bacteria;p__Firmicutes_A;c__Clostridia;o__Oscillospirales;f__Oscillospiraceae;g__CAG-170;s__CAG-170_sp000432135	ERS608534	ERP008729	Austria	Europe	Human	gut	NA	High	yes	sp000432135	MGnify
578	MGYG000143602	2441070	266	12171	58.75	84.79	2.13	GUT_GENOME186251	MGYG000002993	d__Bacteria;p__Firmicutes_A;c__Clostridia;o__Oscillospirales;f__Oscillospiraceae;g__CAG-170;s__CAG-170_sp000432135	SRS1767352	SRP091570	USA	North America	Human	gut	NA	Medium	yes	sp000432135	MGnify
579	MGYG000144440	3229386	114	58540	57.32	94.63	2.01	GUT_GENOME284893	MGYG000002993	d__Bacteria;p__Firmicutes_A;c__Clostridia;o__Oscillospirales;f__Oscillospiraceae;g__CAG-170;s__CAG-170_sp000432135	ERS436717	ERP005534	France	Europe	Human	gut	NA	High	yes	sp000432135	MGnify
580	MGYG000144480	2220215	382	8428	61.88	92.54	2.29	GUT_GENOME069609	MGYG000000651	d__Bacteria;p__Firmicutes_A;c__Clostridia;o__Oscillospirales;f__Oscillospiraceae;g__CAG-170;s__CAG-170_sp002404795	ERS396323	ERP004605	Denmark	Europe	Human	gut	NA	High	yes	sp002404795	MGnify
581	MGYG000144821	2332063	249	14213	61.59	92.62	4.31	GUT_GENOME024111	MGYG000000651	d__Bacteria;p__Firmicutes_A;c__Clostridia;o__Oscillospirales;f__Oscillospiraceae;g__CAG-170;s__CAG-170_sp002404795	ERS1444535	ERP019502	Kazakhstan	Asia	Human	gut	NA	High	yes	sp002404795	MGnify
582	MGYG000144976	2195245	83	46497	59.28	90.6	0.67	GUT_GENOME087836	MGYG000002993	d__Bacteria;p__Firmicutes_A;c__Clostridia;o__Oscillospirales;f__Oscillospiraceae;g__CAG-170;s__CAG-170_sp000432135	ERS608510	ERP008729	Austria	Europe	Human	gut	NA	High	yes	sp000432135	MGnify
583	MGYG000145379	3122379	227	23305	57.9	94.63	4.44	GUT_GENOME154425	MGYG000002993	d__Bacteria;p__Firmicutes_A;c__Clostridia;o__Oscillospirales;f__Oscillospiraceae;g__CAG-170;s__CAG-170_sp000432135	ERS475164	ERP005860	China	Asia	Human	gut	NA	High	yes	sp000432135	MGnify
584	MGYG000146120	2751220	533	6561	57.39	80.84	3.69	GUT_GENOME150308	MGYG000002993	d__Bacteria;p__Firmicutes_A;c__Clostridia;o__Oscillospirales;f__Oscillospiraceae;g__CAG-170;s__CAG-170_sp000432135	SRS259537	SRP008047	China	Asia	Human	gut	NA	Medium	yes	sp000432135	MGnify
585	MGYG000146156	2726951	128	39041	57.91	88.42	0.67	GUT_GENOME281037	MGYG000002993	d__Bacteria;p__Firmicutes_A;c__Clostridia;o__Oscillospirales;f__Oscillospiraceae;g__CAG-170;s__CAG-170_sp000432135	ERS953864	ERP012929	Israel	Asia	Human	gut	NA	Medium	yes	sp000432135	MGnify
586	MGYG000146226	3101168	676	5235	55.62	68.61	2.48	GUT_GENOME197990	MGYG000000370	d__Bacteria;p__Firmicutes_A;c__Clostridia;o__Oscillospirales;f__Oscillospiraceae;g__CAG-170;s__CAG-170_sp900545925	SRS1876649	SRP095580	Netherlands	Europe	Human	gut	NA	Medium	yes	sp900545925	MGnify
587	MGYG000146417	2276133	178	19352	61.25	91.95	1.01	GUT_GENOME166042	MGYG000000651	d__Bacteria;p__Firmicutes_A;c__Clostridia;o__Oscillospirales;f__Oscillospiraceae;g__CAG-170;s__CAG-170_sp002404795	SRS576042	SRP040146	USA	North America	Human	gut	NA	High	yes	sp002404795	MGnify
588	MGYG000146859	2739602	116	39321	56.15	94.63	2.07	GUT_GENOME036958	MGYG000000369	d__Bacteria;p__Firmicutes_A;c__Clostridia;o__Oscillospirales;f__Oscillospiraceae;g__CAG-170;s__CAG-170_sp003516765	ERS1015987	ERP013563	China	Asia	Human	gut	NA	High	yes	sp003516765	MGnify
589	MGYG000146946	1611850	446	3869	61.9	72.11	3.22	GUT_GENOME260805	MGYG000000651	d__Bacteria;p__Firmicutes_A;c__Clostridia;o__Oscillospirales;f__Oscillospiraceae;g__CAG-170;s__CAG-170_sp002404795	ERS746931	ERP010700	UK	Europe	Human	gut	NA	Medium	yes	sp002404795	MGnify
590	MGYG000147229	2671392	136	31954	60.57	90.6	0.67	GUT_GENOME217788	MGYG000000651	d__Bacteria;p__Firmicutes_A;c__Clostridia;o__Oscillospirales;f__Oscillospiraceae;g__CAG-170;s__CAG-170_sp002404795	SRS104197	SRP002163	USA	North America	Human	gut	NA	High	yes	sp002404795	MGnify
591	MGYG000147272	2022044	172	15809	61.71	84.18	2.01	GUT_GENOME165454	MGYG000000651	d__Bacteria;p__Firmicutes_A;c__Clostridia;o__Oscillospirales;f__Oscillospiraceae;g__CAG-170;s__CAG-170_sp002404795	SRS576042	SRP040146	USA	North America	Human	gut	NA	Medium	yes	sp002404795	MGnify
592	MGYG000147963	2151926	135	30148	56.95	89.24	2.01	GUT_GENOME281692	MGYG000000369	d__Bacteria;p__Firmicutes_A;c__Clostridia;o__Oscillospirales;f__Oscillospiraceae;g__CAG-170;s__CAG-170_sp003516765	ERS953826	ERP012929	Israel	Asia	Human	gut	NA	Medium	yes	sp003516765	MGnify
593	MGYG000148108	2020354	292	9213	62.1	87.2	2.68	GUT_GENOME254494	MGYG000000651	d__Bacteria;p__Firmicutes_A;c__Clostridia;o__Oscillospirales;f__Oscillospiraceae;g__CAG-170;s__CAG-170_sp002404795	ERS746755	ERP010700	UK	Europe	Human	gut	NA	Medium	yes	sp002404795	MGnify
594	MGYG000148124	2869340	117	37233	59.69	93.29	0.67	GUT_GENOME157600	MGYG000000651	d__Bacteria;p__Firmicutes_A;c__Clostridia;o__Oscillospirales;f__Oscillospiraceae;g__CAG-170;s__CAG-170_sp002404795	ERS634940	ERP009131	Canada	North America	Human	gut	NA	High	yes	sp002404795	MGnify
595	MGYG000148131	1495493	316	5403	59.71	63.21	1.17	GUT_GENOME191695	MGYG000000741	d__Bacteria;p__Firmicutes_A;c__Clostridia;o__Oscillospirales;f__Oscillospiraceae;g__CAG-170;s__CAG-170_sp900548625	SRS1820263	SRP093965	USA	North America	Human	gut	NA	Medium	yes	sp900548625	MGnify
596	MGYG000148136	2389466	229	14562	58.9	91.28	3.6	GUT_GENOME283935	MGYG000002993	d__Bacteria;p__Firmicutes_A;c__Clostridia;o__Oscillospirales;f__Oscillospiraceae;g__CAG-170;s__CAG-170_sp000432135	ERS436791	ERP005534	France	Europe	Human	gut	NA	High	yes	sp000432135	MGnify
597	MGYG000148219	1568185	378	4443	58.79	63.18	2.24	GUT_GENOME207098	MGYG000002993	d__Bacteria;p__Firmicutes_A;c__Clostridia;o__Oscillospirales;f__Oscillospiraceae;g__CAG-170;s__CAG-170_sp000432135	SRS367851	SRP016067	Sweden	Europe	Human	gut	NA	Medium	yes	sp000432135	MGnify
598	MGYG000149232	2929327	428	10387	58.15	82.43	1.63	GUT_GENOME139088	MGYG000002993	d__Bacteria;p__Firmicutes_A;c__Clostridia;o__Oscillospirales;f__Oscillospiraceae;g__CAG-170;s__CAG-170_sp000432135	SRS820574	SRP052307	Peru	South America	Human	gut	NA	Medium	yes	sp000432135	MGnify
599	MGYG000149508	2963657	267	23934	57.91	91.15	4.7	GUT_GENOME281599	MGYG000002993	d__Bacteria;p__Firmicutes_A;c__Clostridia;o__Oscillospirales;f__Oscillospiraceae;g__CAG-170;s__CAG-170_sp000432135	ERS953893	ERP012929	Israel	Asia	Human	gut	NA	High	yes	sp000432135	MGnify
600	MGYG000149974	2075652	140	20481	57.14	87.95	2.01	GUT_GENOME201884	MGYG000000369	d__Bacteria;p__Firmicutes_A;c__Clostridia;o__Oscillospirales;f__Oscillospiraceae;g__CAG-170;s__CAG-170_sp003516765	SRS1996016	SRP100518	Spain	Europe	Human	gut	NA	Medium	yes	sp003516765	MGnify
601	MGYG000150320	3103917	174	30236	57.58	92.62	3.02	GUT_GENOME116715	MGYG000002993	d__Bacteria;p__Firmicutes_A;c__Clostridia;o__Oscillospirales;f__Oscillospiraceae;g__CAG-170;s__CAG-170_sp000432135	ERS396356	ERP004605	Denmark	Europe	Human	gut	NA	High	yes	sp000432135	MGnify
602	MGYG000150547	4220137	771	6073	54.82	81.1	3.8	GUT_GENOME070587	MGYG000000370	d__Bacteria;p__Firmicutes_A;c__Clostridia;o__Oscillospirales;f__Oscillospiraceae;g__CAG-170;s__CAG-170_sp900545925	ERS396362	ERP004605	Denmark	Europe	Human	gut	NA	Medium	yes	sp900545925	MGnify
603	MGYG000150690	2538892	469	7185	58.34	85.82	3.36	GUT_GENOME238865	MGYG000002993	d__Bacteria;p__Firmicutes_A;c__Clostridia;o__Oscillospirales;f__Oscillospiraceae;g__CAG-170;s__CAG-170_sp000432135	SRS820605	SRP052307	USA	North America	Human	gut	NA	Medium	yes	sp000432135	MGnify
604	MGYG000151094	2167388	145	22368	61.53	89.48	1.7	GUT_GENOME165061	MGYG000000651	d__Bacteria;p__Firmicutes_A;c__Clostridia;o__Oscillospirales;f__Oscillospiraceae;g__CAG-170;s__CAG-170_sp002404795	SRS576034	SRP040146	USA	North America	Human	gut	NA	Medium	yes	sp002404795	MGnify
605	MGYG000151207	1402863	488	3081	57.78	50.66	0	GUT_GENOME261181	MGYG000000369	d__Bacteria;p__Firmicutes_A;c__Clostridia;o__Oscillospirales;f__Oscillospiraceae;g__CAG-170;s__CAG-170_sp003516765	ERS746829	ERP010700	UK	Europe	Human	gut	NA	Medium	yes	sp003516765	MGnify
606	MGYG000151230	2338895	151	22706	58.82	86.14	1.85	GUT_GENOME031183	MGYG000004248	d__Bacteria;p__Firmicutes_A;c__Clostridia;o__Oscillospirales;f__Oscillospiraceae;g__CAG-170;s__CAG-170_sp000436735	ERS848723	ERP012177	China	Asia	Human	gut	NA	Medium	yes	sp000436735	MGnify
607	MGYG000151379	2983405	221	23780	58.36	92.95	4.7	GUT_GENOME025395	MGYG000002993	d__Bacteria;p__Firmicutes_A;c__Clostridia;o__Oscillospirales;f__Oscillospiraceae;g__CAG-170;s__CAG-170_sp000432135	ERS1444578	ERP019502	Kazakhstan	Asia	Human	gut	NA	High	yes	sp000432135	MGnify
608	MGYG000151693	2778994	455	8266	57.83	84.12	4.28	GUT_GENOME069593	MGYG000002993	d__Bacteria;p__Firmicutes_A;c__Clostridia;o__Oscillospirales;f__Oscillospiraceae;g__CAG-170;s__CAG-170_sp000432135	ERS396322	ERP004605	Denmark	Europe	Human	gut	NA	Medium	yes	sp000432135	MGnify
609	MGYG000151700	1870990	576	3624	59.22	70.35	3.82	GUT_GENOME013213	MGYG000002993	d__Bacteria;p__Firmicutes_A;c__Clostridia;o__Oscillospirales;f__Oscillospiraceae;g__CAG-170;s__CAG-170_sp000432135	SRS475968	SRP029441	Fiji	Oceania	Human	gut	NA	Medium	yes	sp000432135	MGnify
610	MGYG000151792	3471850	365	15355	55.72	92.95	2.56	GUT_GENOME283338	MGYG000000370	d__Bacteria;p__Firmicutes_A;c__Clostridia;o__Oscillospirales;f__Oscillospiraceae;g__CAG-170;s__CAG-170_sp900545925	ERS436781	ERP005534	France	Europe	Human	gut	NA	High	yes	sp900545925	MGnify
611	MGYG000151947	2596252	335	9713	58.48	81.47	4.66	GUT_GENOME235897	MGYG000002993	d__Bacteria;p__Firmicutes_A;c__Clostridia;o__Oscillospirales;f__Oscillospiraceae;g__CAG-170;s__CAG-170_sp000432135	SRS476120	SRP029441	Fiji	Oceania	Human	gut	NA	Medium	yes	sp000432135	MGnify
612	MGYG000151988	2407679	116	30704	58.95	94.63	1.57	GUT_GENOME016850	MGYG000002993	d__Bacteria;p__Firmicutes_A;c__Clostridia;o__Oscillospirales;f__Oscillospiraceae;g__CAG-170;s__CAG-170_sp000432135	SRS1997048	SRP100575	China	Asia	Human	gut	NA	High	yes	sp000432135	MGnify
613	MGYG000153428	2908618	166	28034	57.8	94.76	1.51	GUT_GENOME021515	MGYG000002993	d__Bacteria;p__Firmicutes_A;c__Clostridia;o__Oscillospirales;f__Oscillospiraceae;g__CAG-170;s__CAG-170_sp000432135	ERS1444723	ERP019502	Germany	Europe	Human	gut	NA	High	yes	sp000432135	MGnify
614	MGYG000154309	1624267	478	3803	61.7	68.62	3.14	GUT_GENOME282842	MGYG000000651	d__Bacteria;p__Firmicutes_A;c__Clostridia;o__Oscillospirales;f__Oscillospiraceae;g__CAG-170;s__CAG-170_sp002404795	ERS436754	ERP005534	France	Europe	Human	gut	NA	Medium	yes	sp002404795	MGnify
615	MGYG000154983	2525022	151	29471	60.68	91.72	2.45	GUT_GENOME252192	MGYG000000651	d__Bacteria;p__Firmicutes_A;c__Clostridia;o__Oscillospirales;f__Oscillospiraceae;g__CAG-170;s__CAG-170_sp002404795	ERS746726	ERP010700	UK	Europe	Human	gut	NA	High	yes	sp002404795	MGnify
616	MGYG000155035	2116304	134	28587	57.39	92.34	2.15	GUT_GENOME125634	MGYG000000369	d__Bacteria;p__Firmicutes_A;c__Clostridia;o__Oscillospirales;f__Oscillospiraceae;g__CAG-170;s__CAG-170_sp003516765	ERS1138753	ERP015450	China	Asia	Human	gut	NA	High	yes	sp003516765	MGnify
617	MGYG000155087	1626167	549	3102	59.33	62.95	2.48	GUT_GENOME159770	MGYG000002993	d__Bacteria;p__Firmicutes_A;c__Clostridia;o__Oscillospirales;f__Oscillospiraceae;g__CAG-170;s__CAG-170_sp000432135	SRS1876728	SRP095580	Netherlands	Europe	Human	gut	NA	Medium	yes	sp000432135	MGnify
618	MGYG000155215	3008289	225	24076	56.06	92.89	1.7	GUT_GENOME121363	MGYG000000370	d__Bacteria;p__Firmicutes_A;c__Clostridia;o__Oscillospirales;f__Oscillospiraceae;g__CAG-170;s__CAG-170_sp900545925	ERS396507	ERP004605	Spain	Europe	Human	gut	NA	High	yes	sp900545925	MGnify
619	MGYG000155458	2023075	197	15808	57.58	91.65	2.52	GUT_GENOME123937	MGYG000000369	d__Bacteria;p__Firmicutes_A;c__Clostridia;o__Oscillospirales;f__Oscillospiraceae;g__CAG-170;s__CAG-170_sp003516765	ERS1138840	ERP015450	China	Asia	Human	gut	NA	High	yes	sp003516765	MGnify
620	MGYG000155531	1941942	431	5394	62.33	84.21	1.48	GUT_GENOME121082	MGYG000000651	d__Bacteria;p__Firmicutes_A;c__Clostridia;o__Oscillospirales;f__Oscillospiraceae;g__CAG-170;s__CAG-170_sp002404795	ERS396500	ERP004605	Spain	Europe	Human	gut	NA	Medium	yes	sp002404795	MGnify
621	MGYG000155588	2710540	124	44306	58.55	93.37	1.86	GUT_GENOME023684	MGYG000002993	d__Bacteria;p__Firmicutes_A;c__Clostridia;o__Oscillospirales;f__Oscillospiraceae;g__CAG-170;s__CAG-170_sp000432135	ERS1444521	ERP019502	Kazakhstan	Asia	Human	gut	NA	High	yes	sp000432135	MGnify
622	MGYG000155609	2918063	567	6853	55.46	70.22	2.07	GUT_GENOME159586	MGYG000000370	d__Bacteria;p__Firmicutes_A;c__Clostridia;o__Oscillospirales;f__Oscillospiraceae;g__CAG-170;s__CAG-170_sp900545925	ERS634961	ERP009131	Canada	North America	Human	gut	NA	Medium	yes	sp900545925	MGnify
623	MGYG000155779	2652145	394	9795	59.15	89.26	2.35	GUT_GENOME123452	MGYG000002993	d__Bacteria;p__Firmicutes_A;c__Clostridia;o__Oscillospirales;f__Oscillospiraceae;g__CAG-170;s__CAG-170_sp000432135	ERS1138849	ERP015450	China	Asia	Human	gut	NA	Medium	yes	sp000432135	MGnify
624	MGYG000155848	2716282	261	17129	58.39	89.56	1.9	GUT_GENOME245183	MGYG000002993	d__Bacteria;p__Firmicutes_A;c__Clostridia;o__Oscillospirales;f__Oscillospiraceae;g__CAG-170;s__CAG-170_sp000432135	ERS1066708	ERP013933	USA	North America	Human	gut	NA	Medium	yes	sp000432135	MGnify
625	MGYG000156008	3231609	233	20716	55.81	91.05	0.67	GUT_GENOME114397	MGYG000000370	d__Bacteria;p__Firmicutes_A;c__Clostridia;o__Oscillospirales;f__Oscillospiraceae;g__CAG-170;s__CAG-170_sp900545925	ERS328999	ERP003612	Denmark	Europe	Human	gut	NA	High	yes	sp900545925	MGnify
626	MGYG000156034	3191112	200	29036	57.55	90.6	2.35	GUT_GENOME092972	MGYG000002993	d__Bacteria;p__Firmicutes_A;c__Clostridia;o__Oscillospirales;f__Oscillospiraceae;g__CAG-170;s__CAG-170_sp000432135	ERS608604	ERP008729	Austria	Europe	Human	gut	NA	High	yes	sp000432135	MGnify
627	MGYG000156065	2108734	194	16034	61.82	90.6	0.67	GUT_GENOME159188	MGYG000000651	d__Bacteria;p__Firmicutes_A;c__Clostridia;o__Oscillospirales;f__Oscillospiraceae;g__CAG-170;s__CAG-170_sp002404795	ERS634954	ERP009131	Canada	North America	Human	gut	NA	High	yes	sp002404795	MGnify
628	MGYG000157007	2335247	393	8237	58.64	84.42	1.34	GUT_GENOME155073	MGYG000002993	d__Bacteria;p__Firmicutes_A;c__Clostridia;o__Oscillospirales;f__Oscillospiraceae;g__CAG-170;s__CAG-170_sp000432135	ERS475230	ERP005860	China	Asia	Human	gut	NA	Medium	yes	sp000432135	MGnify
629	MGYG000157011	2258018	77	38693	58.95	86.21	1.34	GUT_GENOME023624	MGYG000004248	d__Bacteria;p__Firmicutes_A;c__Clostridia;o__Oscillospirales;f__Oscillospiraceae;g__CAG-170;s__CAG-170_sp000436735	ERS1444519	ERP019502	Kazakhstan	Asia	Human	gut	NA	Medium	yes	sp000436735	MGnify
630	MGYG000157411	2585686	244	23377	59.26	93.96	4.14	GUT_GENOME218057	MGYG000004248	d__Bacteria;p__Firmicutes_A;c__Clostridia;o__Oscillospirales;f__Oscillospiraceae;g__CAG-170;s__CAG-170_sp000436735	SRS1170709	SRP066479	Peru	South America	Human	gut	NA	High	yes	sp000436735	MGnify
631	MGYG000157746	2213468	88	53424	58.96	88.1	1.34	GUT_GENOME012529	MGYG000002993	d__Bacteria;p__Firmicutes_A;c__Clostridia;o__Oscillospirales;f__Oscillospiraceae;g__CAG-170;s__CAG-170_sp000432135	SRS476058	SRP029441	Fiji	Oceania	Human	gut	NA	Medium	yes	sp000432135	MGnify
632	MGYG000158229	2279139	108	35094	61.2	89.39	0.84	GUT_GENOME255796	MGYG000000651	d__Bacteria;p__Firmicutes_A;c__Clostridia;o__Oscillospirales;f__Oscillospiraceae;g__CAG-170;s__CAG-170_sp002404795	ERS746776	ERP010700	UK	Europe	Human	gut	NA	Medium	yes	sp002404795	MGnify
633	MGYG000158523	2066606	417	6525	57.95	72.02	2.07	GUT_GENOME153319	MGYG000004248	d__Bacteria;p__Firmicutes_A;c__Clostridia;o__Oscillospirales;f__Oscillospiraceae;g__CAG-170;s__CAG-170_sp000436735	-	-	China	Asia	Human	gut	NA	Medium	yes	sp000436735	MGnify
634	MGYG000158847	1845819	496	3907	57.95	55.72	0.67	GUT_GENOME053524	MGYG000002993	d__Bacteria;p__Firmicutes_A;c__Clostridia;o__Oscillospirales;f__Oscillospiraceae;g__CAG-170;s__CAG-170_sp000432135	ERS328718	ERP003612	Denmark	Europe	Human	gut	NA	Medium	yes	sp000432135	MGnify
635	MGYG000158930	2199458	240	12790	61.48	87.99	3.91	GUT_GENOME104642	MGYG000000651	d__Bacteria;p__Firmicutes_A;c__Clostridia;o__Oscillospirales;f__Oscillospiraceae;g__CAG-170;s__CAG-170_sp002404795	ERS235498	ERP002469	Sweden	Europe	Human	gut	NA	Medium	yes	sp002404795	MGnify
636	MGYG000159124	3029890	300	14474	56.45	80.47	4.47	GUT_GENOME199932	MGYG000000370	d__Bacteria;p__Firmicutes_A;c__Clostridia;o__Oscillospirales;f__Oscillospiraceae;g__CAG-170;s__CAG-170_sp900545925	SRS1997022	SRP100575	China	Asia	Human	gut	NA	Medium	yes	sp900545925	MGnify
637	MGYG000159292	2634746	361	10049	58.28	82.27	2.07	GUT_GENOME028581	MGYG000004248	d__Bacteria;p__Firmicutes_A;c__Clostridia;o__Oscillospirales;f__Oscillospiraceae;g__CAG-170;s__CAG-170_sp000436735	ERS006547	ERP000108	Denmark	Europe	Human	gut	NA	Medium	yes	sp000436735	MGnify
638	MGYG000159304	2113966	593	4089	56.97	66.26	1.72	GUT_GENOME136347	MGYG000000369	d__Bacteria;p__Firmicutes_A;c__Clostridia;o__Oscillospirales;f__Oscillospiraceae;g__CAG-170;s__CAG-170_sp003516765	ERS199270	ERP002061	Spain	Europe	Human	gut	NA	Medium	yes	sp003516765	MGnify
639	MGYG000159559	2281908	156	22334	61.3	91.14	0.84	GUT_GENOME163674	MGYG000000651	d__Bacteria;p__Firmicutes_A;c__Clostridia;o__Oscillospirales;f__Oscillospiraceae;g__CAG-170;s__CAG-170_sp002404795	SRS1876621	SRP095580	Netherlands	Europe	Human	gut	NA	High	yes	sp002404795	MGnify
640	MGYG000159605	2643684	87	51806	58.58	96.98	3.02	GUT_GENOME038081	MGYG000002993	d__Bacteria;p__Firmicutes_A;c__Clostridia;o__Oscillospirales;f__Oscillospiraceae;g__CAG-170;s__CAG-170_sp000432135	ERS1016034	ERP013563	China	Asia	Human	gut	NA	High	yes	sp000432135	MGnify
641	MGYG000159844	2349455	249	12283	58.89	81.21	1.68	GUT_GENOME070429	MGYG000002993	d__Bacteria;p__Firmicutes_A;c__Clostridia;o__Oscillospirales;f__Oscillospiraceae;g__CAG-170;s__CAG-170_sp000432135	ERS396356	ERP004605	Denmark	Europe	Human	gut	NA	Medium	yes	sp000432135	MGnify
642	MGYG000160802	2757324	377	9774	57.56	85.39	3.46	GUT_GENOME116826	MGYG000002993	d__Bacteria;p__Firmicutes_A;c__Clostridia;o__Oscillospirales;f__Oscillospiraceae;g__CAG-170;s__CAG-170_sp000432135	ERS396359	ERP004605	Denmark	Europe	Human	gut	NA	Medium	yes	sp000432135	MGnify
643	MGYG000161269	1531211	724	2251	57.95	65.5	1.65	GUT_GENOME219566	MGYG000000369	d__Bacteria;p__Firmicutes_A;c__Clostridia;o__Oscillospirales;f__Oscillospiraceae;g__CAG-170;s__CAG-170_sp003516765	SRS147652	SRP002163	USA	North America	Human	gut	NA	Medium	yes	sp003516765	MGnify
644	MGYG000161660	2499446	103	35566	58.52	95.08	1.23	GUT_GENOME200266	MGYG000002993	d__Bacteria;p__Firmicutes_A;c__Clostridia;o__Oscillospirales;f__Oscillospiraceae;g__CAG-170;s__CAG-170_sp000432135	SRS1997048	SRP100575	China	Asia	Human	gut	NA	High	yes	sp000432135	MGnify
645	MGYG000162173	2232437	55	63085	58.73	87.25	2.24	GUT_GENOME048147	MGYG000002993	d__Bacteria;p__Firmicutes_A;c__Clostridia;o__Oscillospirales;f__Oscillospiraceae;g__CAG-170;s__CAG-170_sp000432135	ERS1647292	ERP019674	Germany	Europe	Human	gut	NA	Medium	yes	sp000432135	MGnify
646	MGYG000162324	2468144	348	9747	58.7	88.26	4.84	GUT_GENOME008421	MGYG000002993	d__Bacteria;p__Firmicutes_A;c__Clostridia;o__Oscillospirales;f__Oscillospiraceae;g__CAG-170;s__CAG-170_sp000432135	ERS554217	ERP007090	Sweden	Europe	Human	gut	NA	Medium	yes	sp000432135	MGnify
647	MGYG000162582	2101257	352	7931	59.23	89.57	1.34	GUT_GENOME133373	MGYG000002993	d__Bacteria;p__Firmicutes_A;c__Clostridia;o__Oscillospirales;f__Oscillospiraceae;g__CAG-170;s__CAG-170_sp000432135	ERS199114	ERP002061	Denmark	Europe	Human	gut	NA	Medium	yes	sp000432135	MGnify
648	MGYG000162584	1760878	320	6125	61.27	67.41	1.68	GUT_GENOME068532	MGYG000000651	d__Bacteria;p__Firmicutes_A;c__Clostridia;o__Oscillospirales;f__Oscillospiraceae;g__CAG-170;s__CAG-170_sp002404795	ERS235624	ERP002469	Sweden	Europe	Human	gut	NA	Medium	yes	sp002404795	MGnify
649	MGYG000163079	2196215	337	8929	56.93	91.15	4.1	GUT_GENOME137980	MGYG000002710	d__Bacteria;p__Firmicutes_A;c__Clostridia;o__Oscillospirales;f__Oscillospiraceae;g__CAG-170;s__CAG-170_sp900549635	ERS199357	ERP002061	Spain	Europe	Human	gut	NA	High	yes	sp900549635	MGnify
650	MGYG000163275	1748688	290	7137	62.27	77.28	2.35	GUT_GENOME190749	MGYG000000651	d__Bacteria;p__Firmicutes_A;c__Clostridia;o__Oscillospirales;f__Oscillospiraceae;g__CAG-170;s__CAG-170_sp002404795	SRS1820350	SRP093965	USA	North America	Human	gut	NA	Medium	yes	sp002404795	MGnify
651	MGYG000163459	2767396	288	15068	58.37	81.3	3.69	GUT_GENOME048626	MGYG000002993	d__Bacteria;p__Firmicutes_A;c__Clostridia;o__Oscillospirales;f__Oscillospiraceae;g__CAG-170;s__CAG-170_sp000432135	ERS1647297	ERP019674	Germany	Europe	Human	gut	NA	Medium	yes	sp000432135	MGnify
652	MGYG000163632	1812155	74	57633	57.58	61.24	1.34	GUT_GENOME250256	MGYG000002993	d__Bacteria;p__Firmicutes_A;c__Clostridia;o__Oscillospirales;f__Oscillospiraceae;g__CAG-170;s__CAG-170_sp000432135	SRS1846818	SRP094805	China	Asia	Human	gut	NA	Medium	yes	sp000432135	MGnify
653	MGYG000165036	2359946	80	55056	60.96	91.95	1.34	GUT_GENOME246725	MGYG000000651	d__Bacteria;p__Firmicutes_A;c__Clostridia;o__Oscillospirales;f__Oscillospiraceae;g__CAG-170;s__CAG-170_sp002404795	ERS1066706	ERP013933	USA	North America	Human	gut	NA	High	yes	sp002404795	MGnify
654	MGYG000165504	3207639	245	22898	57.26	93.96	2.01	GUT_GENOME091860	MGYG000002993	d__Bacteria;p__Firmicutes_A;c__Clostridia;o__Oscillospirales;f__Oscillospiraceae;g__CAG-170;s__CAG-170_sp000432135	ERS608564	ERP008729	Austria	Europe	Human	gut	NA	High	yes	sp000432135	MGnify
655	MGYG000165541	2353760	113	45852	58.82	85.23	1.34	GUT_GENOME278612	MGYG000004248	d__Bacteria;p__Firmicutes_A;c__Clostridia;o__Oscillospirales;f__Oscillospiraceae;g__CAG-170;s__CAG-170_sp000436735	ERS972352	ERP012929	Israel	Asia	Human	gut	NA	Medium	yes	sp000436735	MGnify
656	MGYG000165606	1919066	511	4251	61.81	74.05	2.68	GUT_GENOME257849	MGYG000000651	d__Bacteria;p__Firmicutes_A;c__Clostridia;o__Oscillospirales;f__Oscillospiraceae;g__CAG-170;s__CAG-170_sp002404795	ERS746903	ERP010700	UK	Europe	Human	gut	NA	Medium	yes	sp002404795	MGnify
657	MGYG000165845	2003006	270	10173	61.76	57.05	0	GUT_GENOME010327	MGYG000000651	d__Bacteria;p__Firmicutes_A;c__Clostridia;o__Oscillospirales;f__Oscillospiraceae;g__CAG-170;s__CAG-170_sp002404795	ERS554196	ERP007090	Sweden	Europe	Human	gut	NA	Medium	yes	sp002404795	MGnify
658	MGYG000166036	1990496	131	28362	59.38	78.89	3.69	GUT_GENOME277152	MGYG000004248	d__Bacteria;p__Firmicutes_A;c__Clostridia;o__Oscillospirales;f__Oscillospiraceae;g__CAG-170;s__CAG-170_sp000436735	ERS972273	ERP012929	Israel	Asia	Human	gut	NA	Medium	yes	sp000436735	MGnify
659	MGYG000166292	2897546	203	23197	56.13	90.27	1.74	GUT_GENOME020849	MGYG000000370	d__Bacteria;p__Firmicutes_A;c__Clostridia;o__Oscillospirales;f__Oscillospiraceae;g__CAG-170;s__CAG-170_sp900545925	ERS1444694	ERP019502	Germany	Europe	Human	gut	NA	High	yes	sp900545925	MGnify
660	MGYG000166884	2374560	74	52630	60.57	89.26	1.01	GUT_GENOME024558	MGYG000000651	d__Bacteria;p__Firmicutes_A;c__Clostridia;o__Oscillospirales;f__Oscillospiraceae;g__CAG-170;s__CAG-170_sp002404795	ERS1444550	ERP019502	Kazakhstan	Asia	Human	gut	NA	Medium	yes	sp002404795	MGnify
661	MGYG000166963	2112029	248	12233	61.81	91.28	0.67	GUT_GENOME087406	MGYG000000651	d__Bacteria;p__Firmicutes_A;c__Clostridia;o__Oscillospirales;f__Oscillospiraceae;g__CAG-170;s__CAG-170_sp002404795	ERS608493	ERP008729	Austria	Europe	Human	gut	NA	High	yes	sp002404795	MGnify
662	MGYG000167770	1765325	64	48053	57.31	72.22	1.98	GUT_GENOME159161	MGYG000002710	d__Bacteria;p__Firmicutes_A;c__Clostridia;o__Oscillospirales;f__Oscillospiraceae;g__CAG-170;s__CAG-170_sp900549635	ERS634954	ERP009131	Canada	North America	Human	gut	NA	Medium	yes	sp900549635	MGnify
663	MGYG000167850	2275444	150	22779	61.22	87.23	0.67	GUT_GENOME044268	MGYG000000651	d__Bacteria;p__Firmicutes_A;c__Clostridia;o__Oscillospirales;f__Oscillospiraceae;g__CAG-170;s__CAG-170_sp002404795	ERS1076051	ERP014480	Denmark	Europe	Human	gut	NA	Medium	yes	sp002404795	MGnify
664	MGYG000169064	1990708	95	33710	57.49	93.39	1.34	GUT_GENOME159055	MGYG000000369	d__Bacteria;p__Firmicutes_A;c__Clostridia;o__Oscillospirales;f__Oscillospiraceae;g__CAG-170;s__CAG-170_sp003516765	ERS634932	ERP009131	Canada	North America	Human	gut	NA	High	yes	sp003516765	MGnify
665	MGYG000169241	2781054	175	26893	58.2	94.8	2.01	GUT_GENOME282025	MGYG000002993	d__Bacteria;p__Firmicutes_A;c__Clostridia;o__Oscillospirales;f__Oscillospiraceae;g__CAG-170;s__CAG-170_sp000432135	ERS436668	ERP005534	France	Europe	Human	gut	NA	High	yes	sp000432135	MGnify
666	MGYG000169651	2363416	135	27132	58.89	89.71	0	GUT_GENOME254515	MGYG000002993	d__Bacteria;p__Firmicutes_A;c__Clostridia;o__Oscillospirales;f__Oscillospiraceae;g__CAG-170;s__CAG-170_sp000432135	ERS746755	ERP010700	UK	Europe	Human	gut	NA	Medium	yes	sp000432135	MGnify
667	MGYG000169901	2257530	313	10632	61.78	91.97	2.14	GUT_GENOME075339	MGYG000000651	d__Bacteria;p__Firmicutes_A;c__Clostridia;o__Oscillospirales;f__Oscillospiraceae;g__CAG-170;s__CAG-170_sp002404795	ERS396536	ERP004605	Spain	Europe	Human	gut	NA	High	yes	sp002404795	MGnify
668	MGYG000170256	2965297	136	38248	57.75	94.63	2.85	GUT_GENOME271022	MGYG000002993	d__Bacteria;p__Firmicutes_A;c__Clostridia;o__Oscillospirales;f__Oscillospiraceae;g__CAG-170;s__CAG-170_sp000432135	ERS971976	ERP012929	Israel	Asia	Human	gut	NA	High	yes	sp000432135	MGnify
669	MGYG000170305	3083224	343	15261	57.88	91.95	2.73	GUT_GENOME162743	MGYG000002993	d__Bacteria;p__Firmicutes_A;c__Clostridia;o__Oscillospirales;f__Oscillospiraceae;g__CAG-170;s__CAG-170_sp000432135	SRS1876306	SRP095580	Netherlands	Europe	Human	gut	NA	High	yes	sp000432135	MGnify
670	MGYG000170598	1612407	122	20529	56.12	55.54	0.67	GUT_GENOME008451	MGYG000000370	d__Bacteria;p__Firmicutes_A;c__Clostridia;o__Oscillospirales;f__Oscillospiraceae;g__CAG-170;s__CAG-170_sp900545925	ERS554218	ERP007090	Sweden	Europe	Human	gut	NA	Medium	yes	sp900545925	MGnify
671	MGYG000170643	2579377	93	50401	58.61	93.29	1.9	GUT_GENOME039592	MGYG000002993	d__Bacteria;p__Firmicutes_A;c__Clostridia;o__Oscillospirales;f__Oscillospiraceae;g__CAG-170;s__CAG-170_sp000432135	ERS1066672	ERP013933	USA	North America	Human	gut	NA	High	yes	sp000432135	MGnify
672	MGYG000170670	1942876	330	7911	57.34	88.01	0.67	GUT_GENOME110859	MGYG000000369	d__Bacteria;p__Firmicutes_A;c__Clostridia;o__Oscillospirales;f__Oscillospiraceae;g__CAG-170;s__CAG-170_sp003516765	ERS328903	ERP003612	Denmark	Europe	Human	gut	NA	Medium	yes	sp003516765	MGnify
673	MGYG000170717	2966457	715	5041	55.78	86.38	3.71	GUT_GENOME116181	MGYG000000370	d__Bacteria;p__Firmicutes_A;c__Clostridia;o__Oscillospirales;f__Oscillospiraceae;g__CAG-170;s__CAG-170_sp900545925	ERS396337	ERP004605	Denmark	Europe	Human	gut	NA	Medium	yes	sp900545925	MGnify
674	MGYG000170776	1825893	404	5636	61.57	78.48	3.36	GUT_GENOME113552	MGYG000000651	d__Bacteria;p__Firmicutes_A;c__Clostridia;o__Oscillospirales;f__Oscillospiraceae;g__CAG-170;s__CAG-170_sp002404795	ERS328979	ERP003612	Denmark	Europe	Human	gut	NA	Medium	yes	sp002404795	MGnify
675	MGYG000170998	3666738	193	35919	55.3	93.96	1.34	GUT_GENOME283540	MGYG000000370	d__Bacteria;p__Firmicutes_A;c__Clostridia;o__Oscillospirales;f__Oscillospiraceae;g__CAG-170;s__CAG-170_sp900545925	ERS436731	ERP005534	France	Europe	Human	gut	NA	High	yes	sp900545925	MGnify
676	MGYG000171196	1753120	528	3667	61.15	72.01	4.19	GUT_GENOME163323	MGYG000000651	d__Bacteria;p__Firmicutes_A;c__Clostridia;o__Oscillospirales;f__Oscillospiraceae;g__CAG-170;s__CAG-170_sp002404795	SRS1876264	SRP095580	Netherlands	Europe	Human	gut	NA	Medium	yes	sp002404795	MGnify
677	MGYG000171435	3098410	573	7053	57.29	86.61	3.55	GUT_GENOME229345	MGYG000002993	d__Bacteria;p__Firmicutes_A;c__Clostridia;o__Oscillospirales;f__Oscillospiraceae;g__CAG-170;s__CAG-170_sp000432135	SRS294925	SRP008047	China	Asia	Human	gut	NA	Medium	yes	sp000432135	MGnify
678	MGYG000171746	2161143	416	6942	56.93	83	3.23	GUT_GENOME116476	MGYG000000369	d__Bacteria;p__Firmicutes_A;c__Clostridia;o__Oscillospirales;f__Oscillospiraceae;g__CAG-170;s__CAG-170_sp003516765	ERS396348	ERP004605	Denmark	Europe	Human	gut	NA	Medium	yes	sp003516765	MGnify
679	MGYG000171785	1878242	319	7175	57.51	86.18	2.35	GUT_GENOME026077	MGYG000000369	d__Bacteria;p__Firmicutes_A;c__Clostridia;o__Oscillospirales;f__Oscillospiraceae;g__CAG-170;s__CAG-170_sp003516765	ERS1444599	ERP019502	Kazakhstan	Asia	Human	gut	NA	Medium	yes	sp003516765	MGnify
680	MGYG000172103	2336532	260	13170	58.92	86.75	1.36	GUT_GENOME008639	MGYG000002993	d__Bacteria;p__Firmicutes_A;c__Clostridia;o__Oscillospirales;f__Oscillospiraceae;g__CAG-170;s__CAG-170_sp000432135	ERS554193	ERP007090	Sweden	Europe	Human	gut	NA	Medium	yes	sp000432135	MGnify
681	MGYG000172209	2287829	109	36811	60.93	93.29	0.34	GUT_GENOME011020	MGYG000000651	d__Bacteria;p__Firmicutes_A;c__Clostridia;o__Oscillospirales;f__Oscillospiraceae;g__CAG-170;s__CAG-170_sp002404795	ERS554200	ERP007090	Sweden	Europe	Human	gut	NA	High	yes	sp002404795	MGnify
682	MGYG000172324	1885420	143	18048	59.86	89.09	1.34	GUT_GENOME135707	MGYG000000741	d__Bacteria;p__Firmicutes_A;c__Clostridia;o__Oscillospirales;f__Oscillospiraceae;g__CAG-170;s__CAG-170_sp900548625	ERS199243	ERP002061	Spain	Europe	Human	gut	NA	Medium	yes	sp900548625	MGnify
683	MGYG000172701	2553552	258	13736	58.69	91.81	3.02	GUT_GENOME277997	MGYG000002993	d__Bacteria;p__Firmicutes_A;c__Clostridia;o__Oscillospirales;f__Oscillospiraceae;g__CAG-170;s__CAG-170_sp000432135	ERS972322	ERP012929	Israel	Asia	Human	gut	NA	High	yes	sp000432135	MGnify
684	MGYG000172780	1662010	342	5317	61.79	66.8	2.24	GUT_GENOME193444	MGYG000000651	d__Bacteria;p__Firmicutes_A;c__Clostridia;o__Oscillospirales;f__Oscillospiraceae;g__CAG-170;s__CAG-170_sp002404795	SRS1820451	SRP093965	USA	North America	Human	gut	NA	Medium	yes	sp002404795	MGnify
685	MGYG000172853	2320604	191	16295	61.49	94.97	1.36	GUT_GENOME158404	MGYG000000651	d__Bacteria;p__Firmicutes_A;c__Clostridia;o__Oscillospirales;f__Oscillospiraceae;g__CAG-170;s__CAG-170_sp002404795	ERS634907	ERP009131	Canada	North America	Human	gut	NA	High	yes	sp002404795	MGnify
686	MGYG000172929	2861398	371	11094	57.95	90.37	4.25	GUT_GENOME206049	MGYG000002993	d__Bacteria;p__Firmicutes_A;c__Clostridia;o__Oscillospirales;f__Oscillospiraceae;g__CAG-170;s__CAG-170_sp000432135	SRS1996016	SRP100518	Spain	Europe	Human	gut	NA	High	yes	sp000432135	MGnify
687	MGYG000173164	1861117	363	5668	56.39	57.92	1.38	GUT_GENOME084686	MGYG000000370	d__Bacteria;p__Firmicutes_A;c__Clostridia;o__Oscillospirales;f__Oscillospiraceae;g__CAG-170;s__CAG-170_sp900545925	ERS537329	ERP006678	China	Asia	Human	gut	NA	Medium	yes	sp900545925	MGnify
688	MGYG000173337	2756432	125	36614	58.68	94.63	1.68	GUT_GENOME122577	MGYG000002993	d__Bacteria;p__Firmicutes_A;c__Clostridia;o__Oscillospirales;f__Oscillospiraceae;g__CAG-170;s__CAG-170_sp000432135	ERS1138791	ERP015450	China	Asia	Human	gut	NA	High	yes	sp000432135	MGnify
689	MGYG000173842	2188157	368	7709	56.93	87.61	2.35	GUT_GENOME126954	MGYG000000369	d__Bacteria;p__Firmicutes_A;c__Clostridia;o__Oscillospirales;f__Oscillospiraceae;g__CAG-170;s__CAG-170_sp003516765	ERS1069691	ERP013827	Netherlands	Europe	Human	gut	NA	Medium	yes	sp003516765	MGnify
690	MGYG000173885	2169069	211	14255	61.49	89.09	1.68	GUT_GENOME011844	MGYG000000651	d__Bacteria;p__Firmicutes_A;c__Clostridia;o__Oscillospirales;f__Oscillospiraceae;g__CAG-170;s__CAG-170_sp002404795	SRS476121	SRP029441	Fiji	Oceania	Human	gut	NA	Medium	yes	sp002404795	MGnify
691	MGYG000174095	2843335	277	15408	57.76	89.26	1.34	GUT_GENOME081186	MGYG000002993	d__Bacteria;p__Firmicutes_A;c__Clostridia;o__Oscillospirales;f__Oscillospiraceae;g__CAG-170;s__CAG-170_sp000432135	ERS537202	ERP006678	China	Asia	Human	gut	NA	Medium	yes	sp000432135	MGnify
692	MGYG000174173	1364746	467	3059	59.92	53.53	0.63	GUT_GENOME105333	MGYG000002993	d__Bacteria;p__Firmicutes_A;c__Clostridia;o__Oscillospirales;f__Oscillospiraceae;g__CAG-170;s__CAG-170_sp000432135	ERS235535	ERP002469	Sweden	Europe	Human	gut	NA	Medium	yes	sp000432135	MGnify
693	MGYG000174792	2115813	481	5245	57.37	85.05	3.64	GUT_GENOME222332	MGYG000000369	d__Bacteria;p__Firmicutes_A;c__Clostridia;o__Oscillospirales;f__Oscillospiraceae;g__CAG-170;s__CAG-170_sp003516765	SRS1596868	SRP080787	China	Asia	Human	gut	NA	Medium	yes	sp003516765	MGnify
694	MGYG000174963	2646337	95	41288	60.47	92.83	0.67	GUT_GENOME285952	MGYG000000651	d__Bacteria;p__Firmicutes_A;c__Clostridia;o__Oscillospirales;f__Oscillospiraceae;g__CAG-170;s__CAG-170_sp002404795	ERS436829	ERP005534	Germany	Europe	Human	gut	NA	High	yes	sp002404795	MGnify
695	MGYG000175005	2902637	243	18446	58.27	91.58	4.5	GUT_GENOME177644	MGYG000002993	d__Bacteria;p__Firmicutes_A;c__Clostridia;o__Oscillospirales;f__Oscillospiraceae;g__CAG-170;s__CAG-170_sp000432135	SRS259442	SRP008047	China	Asia	Human	gut	NA	High	yes	sp000432135	MGnify
696	MGYG000175691	2205945	121	28260	56.89	93.96	1.51	GUT_GENOME095148	MGYG000000369	d__Bacteria;p__Firmicutes_A;c__Clostridia;o__Oscillospirales;f__Oscillospiraceae;g__CAG-170;s__CAG-170_sp003516765	ERS631833	ERP008729	Austria	Europe	Human	gut	NA	High	yes	sp003516765	MGnify
697	MGYG000175806	2348360	227	16151	59.08	89.77	1.57	GUT_GENOME076158	MGYG000002993	d__Bacteria;p__Firmicutes_A;c__Clostridia;o__Oscillospirales;f__Oscillospiraceae;g__CAG-170;s__CAG-170_sp000432135	ERS473072	ERP005989	Sweden	Europe	Human	gut	NA	Medium	yes	sp000432135	MGnify
698	MGYG000176325	1383319	444	3331	61.65	58.92	0.89	GUT_GENOME095861	MGYG000000651	d__Bacteria;p__Firmicutes_A;c__Clostridia;o__Oscillospirales;f__Oscillospiraceae;g__CAG-170;s__CAG-170_sp002404795	-	-	Italy	Europe	Human	gut	NA	Medium	yes	sp002404795	MGnify
699	MGYG000176648	2364585	644	4237	56.63	72.14	3.69	GUT_GENOME091245	MGYG000000370	d__Bacteria;p__Firmicutes_A;c__Clostridia;o__Oscillospirales;f__Oscillospiraceae;g__CAG-170;s__CAG-170_sp900545925	ERS608589	ERP008729	Austria	Europe	Human	gut	NA	Medium	yes	sp900545925	MGnify
700	MGYG000176652	2001006	546	4258	61.56	76.08	3.72	GUT_GENOME104281	MGYG000000651	d__Bacteria;p__Firmicutes_A;c__Clostridia;o__Oscillospirales;f__Oscillospiraceae;g__CAG-170;s__CAG-170_sp002404795	ERS235592	ERP002469	Sweden	Europe	Human	gut	NA	Medium	yes	sp002404795	MGnify
701	MGYG000176805	2847133	46	98240	56.06	80.54	1.01	GUT_GENOME251637	MGYG000000370	d__Bacteria;p__Firmicutes_A;c__Clostridia;o__Oscillospirales;f__Oscillospiraceae;g__CAG-170;s__CAG-170_sp900545925	ERS746718	ERP010700	UK	Europe	Human	gut	NA	Medium	yes	sp900545925	MGnify
702	MGYG000176818	2237203	74	46205	57.03	92.73	1.36	GUT_GENOME099423	MGYG000002710	d__Bacteria;p__Firmicutes_A;c__Clostridia;o__Oscillospirales;f__Oscillospiraceae;g__CAG-170;s__CAG-170_sp900549635	ERS1343404	ERP017091	China	Asia	Human	gut	NA	High	yes	sp900549635	MGnify
703	MGYG000176973	2027541	402	5780	57.03	76.03	3.8	GUT_GENOME183650	MGYG000002710	d__Bacteria;p__Firmicutes_A;c__Clostridia;o__Oscillospirales;f__Oscillospiraceae;g__CAG-170;s__CAG-170_sp900549635	SRS1735458	SRP090628	Russia	Asia	Human	gut	NA	Medium	yes	sp900549635	MGnify
704	MGYG000177074	1979170	464	5863	62.45	80.72	2.01	GUT_GENOME236514	MGYG000000651	d__Bacteria;p__Firmicutes_A;c__Clostridia;o__Oscillospirales;f__Oscillospiraceae;g__CAG-170;s__CAG-170_sp002404795	SRS476167	SRP029441	Fiji	Oceania	Human	gut	NA	Medium	yes	sp002404795	MGnify
705	MGYG000177158	1959855	518	4384	60.04	71.41	2.35	GUT_GENOME128929	MGYG000002993	d__Bacteria;p__Firmicutes_A;c__Clostridia;o__Oscillospirales;f__Oscillospiraceae;g__CAG-170;s__CAG-170_sp000432135	SRS1596846	SRP080787	Mongolia	Asia	Human	gut	NA	Medium	yes	sp000432135	MGnify
706	MGYG000177270	2698995	183	33767	58.74	93.96	1.41	GUT_GENOME073894	MGYG000002993	d__Bacteria;p__Firmicutes_A;c__Clostridia;o__Oscillospirales;f__Oscillospiraceae;g__CAG-170;s__CAG-170_sp000432135	ERS396489	ERP004605	Spain	Europe	Human	gut	NA	High	yes	sp000432135	MGnify
707	MGYG000177888	2171112	144	23879	59.82	89.25	3.02	GUT_GENOME123312	MGYG000004248	d__Bacteria;p__Firmicutes_A;c__Clostridia;o__Oscillospirales;f__Oscillospiraceae;g__CAG-170;s__CAG-170_sp000436735	ERS1138845	ERP015450	China	Asia	Human	gut	NA	Medium	yes	sp000436735	MGnify
708	MGYG000177890	2590776	163	23927	58.55	88.09	2.76	GUT_GENOME179357	MGYG000002993	d__Bacteria;p__Firmicutes_A;c__Clostridia;o__Oscillospirales;f__Oscillospiraceae;g__CAG-170;s__CAG-170_sp000432135	SRS1465263	SRP075633	USA	North America	Human	gut	NA	Medium	yes	sp000432135	MGnify
709	MGYG000178331	2005944	143	19595	57.07	85.91	1.36	GUT_GENOME247108	MGYG000002710	d__Bacteria;p__Firmicutes_A;c__Clostridia;o__Oscillospirales;f__Oscillospiraceae;g__CAG-170;s__CAG-170_sp900549635	ERS1066640	ERP013933	USA	North America	Human	gut	NA	Medium	yes	sp900549635	MGnify
710	MGYG000179007	2756780	163	28619	58.32	92.62	1.36	GUT_GENOME138177	MGYG000002993	d__Bacteria;p__Firmicutes_A;c__Clostridia;o__Oscillospirales;f__Oscillospiraceae;g__CAG-170;s__CAG-170_sp000432135	ERS199367	ERP002061	Spain	Europe	Human	gut	NA	High	yes	sp000432135	MGnify
711	MGYG000179943	2276004	445	6700	58.46	83.38	2.77	GUT_GENOME147898	MGYG000002993	d__Bacteria;p__Firmicutes_A;c__Clostridia;o__Oscillospirales;f__Oscillospiraceae;g__CAG-170;s__CAG-170_sp000432135	-	-	China	Asia	Human	gut	NA	Medium	yes	sp000432135	MGnify
712	MGYG000179967	2502317	66	64475	58.46	93.29	2.01	GUT_GENOME048163	MGYG000002993	d__Bacteria;p__Firmicutes_A;c__Clostridia;o__Oscillospirales;f__Oscillospiraceae;g__CAG-170;s__CAG-170_sp000432135	ERS1647292	ERP019674	Germany	Europe	Human	gut	NA	High	yes	sp000432135	MGnify
713	MGYG000180290	2603896	136	41235	56.46	95.3	1.68	GUT_GENOME268412	MGYG000000369	d__Bacteria;p__Firmicutes_A;c__Clostridia;o__Oscillospirales;f__Oscillospiraceae;g__CAG-170;s__CAG-170_sp003516765	ERS971861	ERP012929	Israel	Asia	Human	gut	NA	High	yes	sp003516765	MGnify
714	MGYG000180504	3233078	602	9711	56.2	92.6	2.37	GUT_GENOME069855	MGYG000000370	d__Bacteria;p__Firmicutes_A;c__Clostridia;o__Oscillospirales;f__Oscillospiraceae;g__CAG-170;s__CAG-170_sp900545925	ERS396333	ERP004605	Denmark	Europe	Human	gut	NA	High	yes	sp900545925	MGnify
715	MGYG000180894	2252451	139	24178	61.5	88.24	1.34	GUT_GENOME092895	MGYG000000651	d__Bacteria;p__Firmicutes_A;c__Clostridia;o__Oscillospirales;f__Oscillospiraceae;g__CAG-170;s__CAG-170_sp002404795	ERS608576	ERP008729	Austria	Europe	Human	gut	NA	Medium	yes	sp002404795	MGnify
716	MGYG000181356	2016627	29	109153	59.02	77.18	0	GUT_GENOME189822	MGYG000002993	d__Bacteria;p__Firmicutes_A;c__Clostridia;o__Oscillospirales;f__Oscillospiraceae;g__CAG-170;s__CAG-170_sp000432135	SRS1820292	SRP093965	USA	North America	Human	gut	NA	Medium	yes	sp000432135	MGnify
717	MGYG000181442	1135145	36	50281	58.88	59.4	1.34	GUT_GENOME035620	MGYG000004248	d__Bacteria;p__Firmicutes_A;c__Clostridia;o__Oscillospirales;f__Oscillospiraceae;g__CAG-170;s__CAG-170_sp000436735	ERS1015927	ERP013563	China	Asia	Human	gut	NA	Medium	yes	sp000436735	MGnify
718	MGYG000181457	2473418	147	27606	58.82	90.6	1.34	GUT_GENOME157818	MGYG000002993	d__Bacteria;p__Firmicutes_A;c__Clostridia;o__Oscillospirales;f__Oscillospiraceae;g__CAG-170;s__CAG-170_sp000432135	ERS634943	ERP009131	Canada	North America	Human	gut	NA	High	yes	sp000432135	MGnify
719	MGYG000181524	2658010	260	14753	58.63	93.4	1.48	GUT_GENOME245801	MGYG000002993	d__Bacteria;p__Firmicutes_A;c__Clostridia;o__Oscillospirales;f__Oscillospiraceae;g__CAG-170;s__CAG-170_sp000432135	ERS1066668	ERP013933	USA	North America	Human	gut	NA	High	yes	sp000432135	MGnify
720	MGYG000182178	1364843	598	2512	57.5	64.79	0.89	GUT_GENOME071197	MGYG000000369	d__Bacteria;p__Firmicutes_A;c__Clostridia;o__Oscillospirales;f__Oscillospiraceae;g__CAG-170;s__CAG-170_sp003516765	ERS396383	ERP004605	Denmark	Europe	Human	gut	NA	Medium	yes	sp003516765	MGnify
721	MGYG000182703	3018826	509	7529	57.29	81.73	4.05	GUT_GENOME208422	MGYG000002993	d__Bacteria;p__Firmicutes_A;c__Clostridia;o__Oscillospirales;f__Oscillospiraceae;g__CAG-170;s__CAG-170_sp000432135	SRS1905787	SRP096283	USA	North America	Human	gut	NA	Medium	yes	sp000432135	MGnify
722	MGYG000182761	2660922	258	17543	58.68	92.45	1.34	GUT_GENOME070284	MGYG000002993	d__Bacteria;p__Firmicutes_A;c__Clostridia;o__Oscillospirales;f__Oscillospiraceae;g__CAG-170;s__CAG-170_sp000432135	ERS396349	ERP004605	Denmark	Europe	Human	gut	NA	High	yes	sp000432135	MGnify
723	MGYG000182795	3271984	486	9422	56.59	85.07	3.3	GUT_GENOME125265	MGYG000000370	d__Bacteria;p__Firmicutes_A;c__Clostridia;o__Oscillospirales;f__Oscillospiraceae;g__CAG-170;s__CAG-170_sp900545925	ERS1138748	ERP015450	China	Asia	Human	gut	NA	Medium	yes	sp900545925	MGnify
724	MGYG000182884	3128021	58	105761	57.33	94.63	1.68	GUT_GENOME025142	MGYG000002993	d__Bacteria;p__Firmicutes_A;c__Clostridia;o__Oscillospirales;f__Oscillospiraceae;g__CAG-170;s__CAG-170_sp000432135	ERS1444570	ERP019502	Kazakhstan	Asia	Human	gut	NA	High	yes	sp000432135	MGnify
725	MGYG000183581	2150931	162	17513	59.17	82.91	2.24	GUT_GENOME058891	MGYG000002993	d__Bacteria;p__Firmicutes_A;c__Clostridia;o__Oscillospirales;f__Oscillospiraceae;g__CAG-170;s__CAG-170_sp000432135	ERS473072	ERP005989	Denmark	Europe	Human	gut	NA	Medium	yes	sp000432135	MGnify
726	MGYG000184440	3061307	127	55888	57.67	94.63	1.34	GUT_GENOME266104	MGYG000002993	d__Bacteria;p__Firmicutes_A;c__Clostridia;o__Oscillospirales;f__Oscillospiraceae;g__CAG-170;s__CAG-170_sp000432135	ERS971773	ERP012929	Israel	Asia	Human	gut	NA	High	yes	sp000432135	MGnify
727	MGYG000184706	1582374	480	3900	57.93	70.24	1.72	GUT_GENOME236716	MGYG000000369	d__Bacteria;p__Firmicutes_A;c__Clostridia;o__Oscillospirales;f__Oscillospiraceae;g__CAG-170;s__CAG-170_sp003516765	SRS476187	SRP029441	Fiji	Oceania	Human	gut	NA	Medium	yes	sp003516765	MGnify
728	MGYG000184888	2288058	213	14683	61.54	87.58	2.14	GUT_GENOME012574	MGYG000000651	d__Bacteria;p__Firmicutes_A;c__Clostridia;o__Oscillospirales;f__Oscillospiraceae;g__CAG-170;s__CAG-170_sp002404795	SRS476302	SRP029441	Fiji	Oceania	Human	gut	NA	Medium	yes	sp002404795	MGnify
729	MGYG000185266	2292562	213	15349	58.94	90.88	2.01	GUT_GENOME053908	MGYG000004248	d__Bacteria;p__Firmicutes_A;c__Clostridia;o__Oscillospirales;f__Oscillospiraceae;g__CAG-170;s__CAG-170_sp000436735	ERS328754	ERP003612	Denmark	Europe	Human	gut	NA	High	yes	sp000436735	MGnify
730	MGYG000185273	2093851	478	6212	59.15	82.87	4.36	GUT_GENOME227762	MGYG000002993	d__Bacteria;p__Firmicutes_A;c__Clostridia;o__Oscillospirales;f__Oscillospiraceae;g__CAG-170;s__CAG-170_sp000432135	SRS294820	SRP008047	China	Asia	Human	gut	NA	Medium	yes	sp000432135	MGnify
731	MGYG000185875	1891765	312	7930	57.44	85.82	3.36	GUT_GENOME090993	MGYG000000369	d__Bacteria;p__Firmicutes_A;c__Clostridia;o__Oscillospirales;f__Oscillospiraceae;g__CAG-170;s__CAG-170_sp003516765	ERS608554	ERP008729	Austria	Europe	Human	gut	NA	Medium	yes	sp003516765	MGnify
732	MGYG000186169	2383179	132	26287	61.03	93.96	1.51	GUT_GENOME132083	MGYG000000651	d__Bacteria;p__Firmicutes_A;c__Clostridia;o__Oscillospirales;f__Oscillospiraceae;g__CAG-170;s__CAG-170_sp002404795	-	-	Germany	Europe	Human	gut	NA	High	yes	sp002404795	MGnify
733	MGYG000186527	3671347	310	18871	56.84	96.83	4.92	GUT_GENOME283647	MGYG000002993	d__Bacteria;p__Firmicutes_A;c__Clostridia;o__Oscillospirales;f__Oscillospiraceae;g__CAG-170;s__CAG-170_sp000432135	ERS436746	ERP005534	France	Europe	Human	gut	NA	High	yes	sp000432135	MGnify
734	MGYG000186581	1757790	356	5831	59.76	71.96	1.8	GUT_GENOME202289	MGYG000002993	d__Bacteria;p__Firmicutes_A;c__Clostridia;o__Oscillospirales;f__Oscillospiraceae;g__CAG-170;s__CAG-170_sp000432135	SRS1996016	SRP100518	Spain	Europe	Human	gut	NA	Medium	yes	sp000432135	MGnify
735	MGYG000186798	2120757	357	8098	59.21	88	1.85	GUT_GENOME267021	MGYG000002993	d__Bacteria;p__Firmicutes_A;c__Clostridia;o__Oscillospirales;f__Oscillospiraceae;g__CAG-170;s__CAG-170_sp000432135	ERS971808	ERP012929	Israel	Asia	Human	gut	NA	Medium	yes	sp000432135	MGnify
736	MGYG000187051	2390200	100	35831	58.77	87.2	2.24	GUT_GENOME045003	MGYG000002993	d__Bacteria;p__Firmicutes_A;c__Clostridia;o__Oscillospirales;f__Oscillospiraceae;g__CAG-170;s__CAG-170_sp000432135	ERS1289703	ERP016813	China	Asia	Human	gut	NA	Medium	yes	sp000432135	MGnify
737	MGYG000187140	2775786	332	11331	58.19	77.52	3.02	GUT_GENOME215996	MGYG000002993	d__Bacteria;p__Firmicutes_A;c__Clostridia;o__Oscillospirales;f__Oscillospiraceae;g__CAG-170;s__CAG-170_sp000432135	SRS049995	SRP002163	USA	North America	Human	gut	NA	Medium	yes	sp000432135	MGnify
738	MGYG000187340	2962481	364	14513	58.4	91.95	1.9	GUT_GENOME070539	MGYG000004248	d__Bacteria;p__Firmicutes_A;c__Clostridia;o__Oscillospirales;f__Oscillospiraceae;g__CAG-170;s__CAG-170_sp000436735	ERS396360	ERP004605	Denmark	Europe	Human	gut	NA	High	yes	sp000436735	MGnify
739	MGYG000187756	3179094	416	11365	55.67	91.73	3.02	GUT_GENOME242051	MGYG000000370	d__Bacteria;p__Firmicutes_A;c__Clostridia;o__Oscillospirales;f__Oscillospiraceae;g__CAG-170;s__CAG-170_sp900545925	SRS1735714	SRP090628	Estonia	Europe	Human	gut	NA	High	yes	sp900545925	MGnify
740	MGYG000187822	3151754	206	28621	55.9	88.41	2.35	GUT_GENOME253471	MGYG000000370	d__Bacteria;p__Firmicutes_A;c__Clostridia;o__Oscillospirales;f__Oscillospiraceae;g__CAG-170;s__CAG-170_sp900545925	ERS746843	ERP010700	UK	Europe	Human	gut	NA	Medium	yes	sp900545925	MGnify
741	MGYG000188094	1358060	413	3536	57.68	65.94	2.01	GUT_GENOME118046	MGYG000000369	d__Bacteria;p__Firmicutes_A;c__Clostridia;o__Oscillospirales;f__Oscillospiraceae;g__CAG-170;s__CAG-170_sp003516765	ERS396396	ERP004605	Denmark	Europe	Human	gut	NA	Medium	yes	sp003516765	MGnify
742	MGYG000188381	2674015	203	25406	58.73	89.78	1.36	GUT_GENOME123944	MGYG000004248	d__Bacteria;p__Firmicutes_A;c__Clostridia;o__Oscillospirales;f__Oscillospiraceae;g__CAG-170;s__CAG-170_sp000436735	ERS1138840	ERP015450	China	Asia	Human	gut	NA	Medium	yes	sp000436735	MGnify
743	MGYG000189208	2676367	106	42264	56.15	93.96	1.34	GUT_GENOME247675	MGYG000000369	d__Bacteria;p__Firmicutes_A;c__Clostridia;o__Oscillospirales;f__Oscillospiraceae;g__CAG-170;s__CAG-170_sp003516765	ERS1066743	ERP013933	USA	North America	Human	gut	NA	High	yes	sp003516765	MGnify
744	MGYG000189216	2882853	680	5193	55.74	82.38	4.89	GUT_GENOME071561	MGYG000000370	d__Bacteria;p__Firmicutes_A;c__Clostridia;o__Oscillospirales;f__Oscillospiraceae;g__CAG-170;s__CAG-170_sp900545925	ERS396396	ERP004605	Denmark	Europe	Human	gut	NA	Medium	yes	sp900545925	MGnify
745	MGYG000189955	2255903	287	12045	61.49	94.3	0.67	GUT_GENOME271779	MGYG000000651	d__Bacteria;p__Firmicutes_A;c__Clostridia;o__Oscillospirales;f__Oscillospiraceae;g__CAG-170;s__CAG-170_sp002404795	ERS972011	ERP012929	Israel	Asia	Human	gut	NA	High	yes	sp002404795	MGnify
746	MGYG000190023	2074740	212	14042	59.19	86.5	0	GUT_GENOME190465	MGYG000002993	d__Bacteria;p__Firmicutes_A;c__Clostridia;o__Oscillospirales;f__Oscillospiraceae;g__CAG-170;s__CAG-170_sp000432135	SRS1820333	SRP093965	USA	North America	Human	gut	NA	Medium	yes	sp000432135	MGnify
747	MGYG000190345	3016940	301	15231	56.14	90.38	1.09	GUT_GENOME006757	MGYG000000370	d__Bacteria;p__Firmicutes_A;c__Clostridia;o__Oscillospirales;f__Oscillospiraceae;g__CAG-170;s__CAG-170_sp900545925	ERS473378	ERP005989	Sweden	Europe	Human	gut	NA	High	yes	sp900545925	MGnify
748	MGYG000190347	1647212	575	3525	61.72	65.55	1.68	GUT_GENOME219294	MGYG000000651	d__Bacteria;p__Firmicutes_A;c__Clostridia;o__Oscillospirales;f__Oscillospiraceae;g__CAG-170;s__CAG-170_sp002404795	SRS144537	SRP002163	USA	North America	Human	gut	NA	Medium	yes	sp002404795	MGnify
749	MGYG000190547	1895782	279	9377	57.9	89.54	2.5	GUT_GENOME129427	MGYG000000369	d__Bacteria;p__Firmicutes_A;c__Clostridia;o__Oscillospirales;f__Oscillospiraceae;g__CAG-170;s__CAG-170_sp003516765	SRS1596868	SRP080787	Mongolia	Asia	Human	gut	NA	Medium	yes	sp003516765	MGnify
750	MGYG000190652	2682345	483	7369	58.29	81.36	4.55	GUT_GENOME260268	MGYG000002993	d__Bacteria;p__Firmicutes_A;c__Clostridia;o__Oscillospirales;f__Oscillospiraceae;g__CAG-170;s__CAG-170_sp000432135	ERS746921	ERP010700	UK	Europe	Human	gut	NA	Medium	yes	sp000432135	MGnify
751	MGYG000190836	3052742	44	129292	57.82	94.18	2.01	GUT_GENOME025661	MGYG000002993	d__Bacteria;p__Firmicutes_A;c__Clostridia;o__Oscillospirales;f__Oscillospiraceae;g__CAG-170;s__CAG-170_sp000432135	ERS1444585	ERP019502	Kazakhstan	Asia	Human	gut	NA	High	yes	sp000432135	MGnify
752	MGYG000191315	2745362	108	39323	58.27	92.28	1.38	GUT_GENOME137180	MGYG000002993	d__Bacteria;p__Firmicutes_A;c__Clostridia;o__Oscillospirales;f__Oscillospiraceae;g__CAG-170;s__CAG-170_sp000432135	ERS199318	ERP002061	Spain	Europe	Human	gut	NA	High	yes	sp000432135	MGnify
753	MGYG000191576	2853744	265	18053	56.11	90.52	2.74	GUT_GENOME276332	MGYG000000370	d__Bacteria;p__Firmicutes_A;c__Clostridia;o__Oscillospirales;f__Oscillospiraceae;g__CAG-170;s__CAG-170_sp900545925	ERS972227	ERP012929	Israel	Asia	Human	gut	NA	High	yes	sp900545925	MGnify
754	MGYG000192108	1506132	448	3658	59.67	60.31	1.47	GUT_GENOME026118	MGYG000002993	d__Bacteria;p__Firmicutes_A;c__Clostridia;o__Oscillospirales;f__Oscillospiraceae;g__CAG-170;s__CAG-170_sp000432135	ERS1444600	ERP019502	Kazakhstan	Asia	Human	gut	NA	Medium	yes	sp000432135	MGnify
755	MGYG000192683	2041917	302	8312	62.04	87.46	1.7	GUT_GENOME173699	MGYG000000651	d__Bacteria;p__Firmicutes_A;c__Clostridia;o__Oscillospirales;f__Oscillospiraceae;g__CAG-170;s__CAG-170_sp002404795	SRS1028231	SRP062282	Germany	Europe	Human	gut	NA	Medium	yes	sp002404795	MGnify
756	MGYG000192881	1738035	267	7324	57.64	85.76	1.01	GUT_GENOME087650	MGYG000000369	d__Bacteria;p__Firmicutes_A;c__Clostridia;o__Oscillospirales;f__Oscillospiraceae;g__CAG-170;s__CAG-170_sp003516765	ERS608503	ERP008729	Austria	Europe	Human	gut	NA	Medium	yes	sp003516765	MGnify
757	MGYG000192974	1970824	109	26948	57.61	93.51	1.34	GUT_GENOME025423	MGYG000000369	d__Bacteria;p__Firmicutes_A;c__Clostridia;o__Oscillospirales;f__Oscillospiraceae;g__CAG-170;s__CAG-170_sp003516765	ERS1444579	ERP019502	Kazakhstan	Asia	Human	gut	NA	High	yes	sp003516765	MGnify
758	MGYG000193118	1714418	487	3958	57.57	67.48	0.76	GUT_GENOME091417	MGYG000000369	d__Bacteria;p__Firmicutes_A;c__Clostridia;o__Oscillospirales;f__Oscillospiraceae;g__CAG-170;s__CAG-170_sp003516765	ERS608558	ERP008729	Austria	Europe	Human	gut	NA	Medium	yes	sp003516765	MGnify
759	MGYG000194548	1947862	231	11727	60.29	84.66	2.91	GUT_GENOME025402	MGYG000004248	d__Bacteria;p__Firmicutes_A;c__Clostridia;o__Oscillospirales;f__Oscillospiraceae;g__CAG-170;s__CAG-170_sp000436735	ERS1444578	ERP019502	Kazakhstan	Asia	Human	gut	NA	Medium	yes	sp000436735	MGnify
760	MGYG000194628	2394456	336	9421	58.34	89.37	1.68	GUT_GENOME117183	MGYG000002993	d__Bacteria;p__Firmicutes_A;c__Clostridia;o__Oscillospirales;f__Oscillospiraceae;g__CAG-170;s__CAG-170_sp000432135	ERS396371	ERP004605	Denmark	Europe	Human	gut	NA	Medium	yes	sp000432135	MGnify
761	MGYG000195320	3229357	268	20132	55.85	89.93	1.36	GUT_GENOME020973	MGYG000000370	d__Bacteria;p__Firmicutes_A;c__Clostridia;o__Oscillospirales;f__Oscillospiraceae;g__CAG-170;s__CAG-170_sp900545925	ERS1444700	ERP019502	Germany	Europe	Human	gut	NA	Medium	yes	sp900545925	MGnify
762	MGYG000195321	1843530	415	5452	57.42	76.65	0	GUT_GENOME024567	MGYG000002710	d__Bacteria;p__Firmicutes_A;c__Clostridia;o__Oscillospirales;f__Oscillospiraceae;g__CAG-170;s__CAG-170_sp900549635	ERS1444550	ERP019502	Kazakhstan	Asia	Human	gut	NA	Medium	yes	sp900549635	MGnify
763	MGYG000195486	2687573	659	4787	55.66	78.79	4.2	GUT_GENOME117751	MGYG000000370	d__Bacteria;p__Firmicutes_A;c__Clostridia;o__Oscillospirales;f__Oscillospiraceae;g__CAG-170;s__CAG-170_sp900545925	ERS396388	ERP004605	Denmark	Europe	Human	gut	NA	Medium	yes	sp900545925	MGnify
764	MGYG000195628	2704834	260	16382	56.17	88.09	2.52	GUT_GENOME260920	MGYG000000370	d__Bacteria;p__Firmicutes_A;c__Clostridia;o__Oscillospirales;f__Oscillospiraceae;g__CAG-170;s__CAG-170_sp900545925	ERS746933	ERP010700	UK	Europe	Human	gut	NA	Medium	yes	sp900545925	MGnify
765	MGYG000195663	1996576	348	7352	57.06	84.76	1.87	GUT_GENOME109806	MGYG000000369	d__Bacteria;p__Firmicutes_A;c__Clostridia;o__Oscillospirales;f__Oscillospiraceae;g__CAG-170;s__CAG-170_sp003516765	ERS328856	ERP003612	Denmark	Europe	Human	gut	NA	Medium	yes	sp003516765	MGnify
766	MGYG000195835	1451364	702	2209	58.57	63.1	2.03	GUT_GENOME220241	MGYG000000369	d__Bacteria;p__Firmicutes_A;c__Clostridia;o__Oscillospirales;f__Oscillospiraceae;g__CAG-170;s__CAG-170_sp003516765	SRS1596786	SRP080787	Mongolia	Asia	Human	gut	NA	Medium	yes	sp003516765	MGnify
767	MGYG000196321	2748467	109	46386	57.99	89.93	2.01	GUT_GENOME116507	MGYG000002993	d__Bacteria;p__Firmicutes_A;c__Clostridia;o__Oscillospirales;f__Oscillospiraceae;g__CAG-170;s__CAG-170_sp000432135	ERS396349	ERP004605	Denmark	Europe	Human	gut	NA	Medium	yes	sp000432135	MGnify
768	MGYG000196622	1687146	328	6470	57.61	65.52	0	GUT_GENOME157989	MGYG000002710	d__Bacteria;p__Firmicutes_A;c__Clostridia;o__Oscillospirales;f__Oscillospiraceae;g__CAG-170;s__CAG-170_sp900549635	ERS634968	ERP009131	Canada	North America	Human	gut	NA	Medium	yes	sp900549635	MGnify
769	MGYG000196696	2233377	227	16317	59.21	84.7	2.18	GUT_GENOME016580	MGYG000002993	d__Bacteria;p__Firmicutes_A;c__Clostridia;o__Oscillospirales;f__Oscillospiraceae;g__CAG-170;s__CAG-170_sp000432135	SRS1997016	SRP100575	China	Asia	Human	gut	NA	Medium	yes	sp000432135	MGnify
770	MGYG000196965	2026753	330	8324	58.79	72.27	2.52	GUT_GENOME011725	MGYG000002993	d__Bacteria;p__Firmicutes_A;c__Clostridia;o__Oscillospirales;f__Oscillospiraceae;g__CAG-170;s__CAG-170_sp000432135	SRS476187	SRP029441	Fiji	Oceania	Human	gut	NA	Medium	yes	sp000432135	MGnify
771	MGYG000197071	2093940	445	6001	58.85	84.15	3.42	GUT_GENOME138869	MGYG000002993	d__Bacteria;p__Firmicutes_A;c__Clostridia;o__Oscillospirales;f__Oscillospiraceae;g__CAG-170;s__CAG-170_sp000432135	ERS199389	ERP002061	Spain	Europe	Human	gut	NA	Medium	yes	sp000432135	MGnify
772	MGYG000198071	1544079	352	5251	57.75	71.25	3.36	GUT_GENOME111720	MGYG000000369	d__Bacteria;p__Firmicutes_A;c__Clostridia;o__Oscillospirales;f__Oscillospiraceae;g__CAG-170;s__CAG-170_sp003516765	ERS328928	ERP003612	Denmark	Europe	Human	gut	NA	Medium	yes	sp003516765	MGnify
773	MGYG000198269	1952304	427	5784	61.61	87.56	4.05	GUT_GENOME284307	MGYG000000651	d__Bacteria;p__Firmicutes_A;c__Clostridia;o__Oscillospirales;f__Oscillospiraceae;g__CAG-170;s__CAG-170_sp002404795	ERS436748	ERP005534	France	Europe	Human	gut	NA	Medium	yes	sp002404795	MGnify
774	MGYG000199097	2461910	338	11577	59.05	93.29	2.35	GUT_GENOME089092	MGYG000002993	d__Bacteria;p__Firmicutes_A;c__Clostridia;o__Oscillospirales;f__Oscillospiraceae;g__CAG-170;s__CAG-170_sp000432135	ERS608564	ERP008729	Austria	Europe	Human	gut	NA	High	yes	sp000432135	MGnify
775	MGYG000200236	2524743	439	7363	58.79	84.87	2.01	GUT_GENOME003024	MGYG000002993	d__Bacteria;p__Firmicutes_A;c__Clostridia;o__Oscillospirales;f__Oscillospiraceae;g__CAG-170;s__CAG-170_sp000432135	ERS473094	ERP005989	Sweden	Europe	Human	gut	NA	Medium	yes	sp000432135	MGnify
776	MGYG000200261	2497224	195	20739	58.63	92.51	1.01	GUT_GENOME259040	MGYG000002993	d__Bacteria;p__Firmicutes_A;c__Clostridia;o__Oscillospirales;f__Oscillospiraceae;g__CAG-170;s__CAG-170_sp000432135	ERS746952	ERP010700	UK	Europe	Human	gut	NA	High	yes	sp000432135	MGnify
777	MGYG000200487	3052651	139	32157	55.97	92.28	1.34	GUT_GENOME179288	MGYG000000370	d__Bacteria;p__Firmicutes_A;c__Clostridia;o__Oscillospirales;f__Oscillospiraceae;g__CAG-170;s__CAG-170_sp900545925	SRS1465256	SRP075633	USA	North America	Human	gut	NA	High	yes	sp900545925	MGnify
778	MGYG000200577	2208055	284	9376	58.99	85.3	2.35	GUT_GENOME227500	MGYG000002993	d__Bacteria;p__Firmicutes_A;c__Clostridia;o__Oscillospirales;f__Oscillospiraceae;g__CAG-170;s__CAG-170_sp000432135	SRS259574	SRP008047	China	Asia	Human	gut	NA	Medium	yes	sp000432135	MGnify
779	MGYG000200628	1512542	86	26244	59.9	75.98	0.67	GUT_GENOME039665	MGYG000000741	d__Bacteria;p__Firmicutes_A;c__Clostridia;o__Oscillospirales;f__Oscillospiraceae;g__CAG-170;s__CAG-170_sp900548625	ERS1066674	ERP013933	USA	North America	Human	gut	NA	Medium	yes	sp900548625	MGnify
780	MGYG000200720	2510099	172	25224	60.79	94.57	2.41	GUT_GENOME165410	MGYG000000651	d__Bacteria;p__Firmicutes_A;c__Clostridia;o__Oscillospirales;f__Oscillospiraceae;g__CAG-170;s__CAG-170_sp002404795	SRS576034	SRP040146	USA	North America	Human	gut	NA	High	yes	sp002404795	MGnify
781	MGYG000201162	1618171	394	4856	57.58	71.95	1.12	GUT_GENOME159481	MGYG000002710	d__Bacteria;p__Firmicutes_A;c__Clostridia;o__Oscillospirales;f__Oscillospiraceae;g__CAG-170;s__CAG-170_sp900549635	ERS634960	ERP009131	Canada	North America	Human	gut	NA	Medium	yes	sp900549635	MGnify
782	MGYG000201325	2258639	245	13004	59.21	93.46	2.68	GUT_GENOME121426	MGYG000002993	d__Bacteria;p__Firmicutes_A;c__Clostridia;o__Oscillospirales;f__Oscillospiraceae;g__CAG-170;s__CAG-170_sp000432135	ERS396508	ERP004605	Spain	Europe	Human	gut	NA	High	yes	sp000432135	MGnify
783	MGYG000201355	2282206	175	17863	59.01	83.36	4.05	GUT_GENOME205161	MGYG000002993	d__Bacteria;p__Firmicutes_A;c__Clostridia;o__Oscillospirales;f__Oscillospiraceae;g__CAG-170;s__CAG-170_sp000432135	SRS1996016	SRP100518	Spain	Europe	Human	gut	NA	Medium	yes	sp000432135	MGnify
784	MGYG000201453	3088623	123	46662	55.8	94.63	3.02	GUT_GENOME260624	MGYG000000370	d__Bacteria;p__Firmicutes_A;c__Clostridia;o__Oscillospirales;f__Oscillospiraceae;g__CAG-170;s__CAG-170_sp900545925	ERS746926	ERP010700	UK	Europe	Human	gut	NA	High	yes	sp900545925	MGnify
785	MGYG000202046	1863960	283	8076	59.45	79.81	1.45	GUT_GENOME189640	MGYG000002993	d__Bacteria;p__Firmicutes_A;c__Clostridia;o__Oscillospirales;f__Oscillospiraceae;g__CAG-170;s__CAG-170_sp000432135	SRS1820284	SRP093965	USA	North America	Human	gut	NA	Medium	yes	sp000432135	MGnify
786	MGYG000202667	1606705	160	13973	57.51	78.84	2.52	GUT_GENOME152047	MGYG000002710	d__Bacteria;p__Firmicutes_A;c__Clostridia;o__Oscillospirales;f__Oscillospiraceae;g__CAG-170;s__CAG-170_sp900549635	-	-	China	Asia	Human	gut	NA	Medium	yes	sp900549635	MGnify
787	MGYG000203243	3111392	125	41278	57.64	94.63	2.07	GUT_GENOME047422	MGYG000002993	d__Bacteria;p__Firmicutes_A;c__Clostridia;o__Oscillospirales;f__Oscillospiraceae;g__CAG-170;s__CAG-170_sp000432135	ERS1647331	ERP019674	Germany	Europe	Human	gut	NA	High	yes	sp000432135	MGnify
788	MGYG000203577	1875333	436	4312	56.28	56.98	0.56	GUT_GENOME067372	MGYG000000370	d__Bacteria;p__Firmicutes_A;c__Clostridia;o__Oscillospirales;f__Oscillospiraceae;g__CAG-170;s__CAG-170_sp900545925	ERS235557	ERP002469	Sweden	Europe	Human	gut	NA	Medium	yes	sp900545925	MGnify
789	MGYG000203779	2594355	168	25480	58.48	89.46	1.51	GUT_GENOME023313	MGYG000002993	d__Bacteria;p__Firmicutes_A;c__Clostridia;o__Oscillospirales;f__Oscillospiraceae;g__CAG-170;s__CAG-170_sp000432135	ERS1444510	ERP019502	Kazakhstan	Asia	Human	gut	NA	Medium	yes	sp000432135	MGnify
790	MGYG000203952	1998132	243	12389	57.33	91.23	1.79	GUT_GENOME220478	MGYG000000369	d__Bacteria;p__Firmicutes_A;c__Clostridia;o__Oscillospirales;f__Oscillospiraceae;g__CAG-170;s__CAG-170_sp003516765	SRS1596796	SRP080787	Mongolia	Asia	Human	gut	NA	High	yes	sp003516765	MGnify
791	MGYG000204934	1933665	290	9253	61.81	66.69	2.59	GUT_GENOME257385	MGYG000000651	d__Bacteria;p__Firmicutes_A;c__Clostridia;o__Oscillospirales;f__Oscillospiraceae;g__CAG-170;s__CAG-170_sp002404795	ERS746865	ERP010700	UK	Europe	Human	gut	NA	Medium	yes	sp002404795	MGnify
792	MGYG000205112	1977777	260	10491	61.99	84.25	1.62	GUT_GENOME159129	MGYG000000651	d__Bacteria;p__Firmicutes_A;c__Clostridia;o__Oscillospirales;f__Oscillospiraceae;g__CAG-170;s__CAG-170_sp002404795	ERS634930	ERP009131	Canada	North America	Human	gut	NA	Medium	yes	sp002404795	MGnify
793	MGYG000205314	2962012	667	5413	55.99	75.18	4.38	GUT_GENOME125980	MGYG000000370	d__Bacteria;p__Firmicutes_A;c__Clostridia;o__Oscillospirales;f__Oscillospiraceae;g__CAG-170;s__CAG-170_sp900545925	ERS1069649	ERP013827	Netherlands	Europe	Human	gut	NA	Medium	yes	sp900545925	MGnify
794	MGYG000205344	2756745	38	135536	57.84	88.93	0.36	GUT_GENOME024984	MGYG000002993	d__Bacteria;p__Firmicutes_A;c__Clostridia;o__Oscillospirales;f__Oscillospiraceae;g__CAG-170;s__CAG-170_sp000432135	ERS1444564	ERP019502	Kazakhstan	Asia	Human	gut	NA	Medium	yes	sp000432135	MGnify
795	MGYG000205704	2413093	67	58024	60.94	87.92	0.67	GUT_GENOME159548	MGYG000000651	d__Bacteria;p__Firmicutes_A;c__Clostridia;o__Oscillospirales;f__Oscillospiraceae;g__CAG-170;s__CAG-170_sp002404795	ERS634937	ERP009131	Canada	North America	Human	gut	NA	Medium	yes	sp002404795	MGnify
796	MGYG000206024	2518482	98	36530	60.61	94.63	0.67	GUT_GENOME252891	MGYG000000651	d__Bacteria;p__Firmicutes_A;c__Clostridia;o__Oscillospirales;f__Oscillospiraceae;g__CAG-170;s__CAG-170_sp002404795	ERS746737	ERP010700	UK	Europe	Human	gut	NA	High	yes	sp002404795	MGnify
797	MGYG000206108	1666257	480	3710	57.15	73.37	2.91	GUT_GENOME277045	MGYG000002710	d__Bacteria;p__Firmicutes_A;c__Clostridia;o__Oscillospirales;f__Oscillospiraceae;g__CAG-170;s__CAG-170_sp900549635	ERS971700	ERP012929	Israel	Asia	Human	gut	NA	Medium	yes	sp900549635	MGnify
798	MGYG000206458	2698017	290	12569	58.25	94.41	2.87	GUT_GENOME177796	MGYG000002993	d__Bacteria;p__Firmicutes_A;c__Clostridia;o__Oscillospirales;f__Oscillospiraceae;g__CAG-170;s__CAG-170_sp000432135	SRS259461	SRP008047	China	Asia	Human	gut	NA	High	yes	sp000432135	MGnify
799	MGYG000207007	2370476	126	33965	58.98	92.83	1.34	GUT_GENOME010262	MGYG000002993	d__Bacteria;p__Firmicutes_A;c__Clostridia;o__Oscillospirales;f__Oscillospiraceae;g__CAG-170;s__CAG-170_sp000432135	ERS554250	ERP007090	Sweden	Europe	Human	gut	NA	High	yes	sp000432135	MGnify
800	MGYG000207077	2889628	573	6229	57.28	79.42	3.86	GUT_GENOME117532	MGYG000002993	d__Bacteria;p__Firmicutes_A;c__Clostridia;o__Oscillospirales;f__Oscillospiraceae;g__CAG-170;s__CAG-170_sp000432135	ERS396381	ERP004605	Denmark	Europe	Human	gut	NA	Medium	yes	sp000432135	MGnify
801	MGYG000207081	2009441	360	6786	59.05	78.93	3.99	GUT_GENOME211808	MGYG000002993	d__Bacteria;p__Firmicutes_A;c__Clostridia;o__Oscillospirales;f__Oscillospiraceae;g__CAG-170;s__CAG-170_sp000432135	SRS1914012	SRP096283	USA	North America	Human	gut	NA	Medium	yes	sp000432135	MGnify
802	MGYG000207285	2662735	163	28822	58.32	94.63	2.01	GUT_GENOME175430	MGYG000002993	d__Bacteria;p__Firmicutes_A;c__Clostridia;o__Oscillospirales;f__Oscillospiraceae;g__CAG-170;s__CAG-170_sp000432135	SRS1158766	SRP066053	USA	North America	Human	gut	NA	High	yes	sp000432135	MGnify
803	MGYG000207460	2232838	51	73081	58.93	93.06	1.36	GUT_GENOME026609	MGYG000000741	d__Bacteria;p__Firmicutes_A;c__Clostridia;o__Oscillospirales;f__Oscillospiraceae;g__CAG-170;s__CAG-170_sp900548625	ERS1444619	ERP019502	Kazakhstan	Asia	Human	gut	NA	High	yes	sp900548625	MGnify
804	MGYG000207638	1934632	367	6175	58.06	78.64	4.36	GUT_GENOME180671	MGYG000000369	d__Bacteria;p__Firmicutes_A;c__Clostridia;o__Oscillospirales;f__Oscillospiraceae;g__CAG-170;s__CAG-170_sp003516765	SRS1596772	SRP080787	Mongolia	Asia	Human	gut	NA	Medium	yes	sp003516765	MGnify
805	MGYG000207835	3343529	822	4821	56.5	88.32	2.82	GUT_GENOME264550	MGYG000002993	d__Bacteria;p__Firmicutes_A;c__Clostridia;o__Oscillospirales;f__Oscillospiraceae;g__CAG-170;s__CAG-170_sp000432135	ERS972452	ERP012929	Israel	Asia	Human	gut	NA	Medium	yes	sp000432135	MGnify
806	MGYG000207980	2612391	278	16111	58.83	92.51	4.05	GUT_GENOME088779	MGYG000002993	d__Bacteria;p__Firmicutes_A;c__Clostridia;o__Oscillospirales;f__Oscillospiraceae;g__CAG-170;s__CAG-170_sp000432135	ERS608551	ERP008729	Austria	Europe	Human	gut	NA	High	yes	sp000432135	MGnify
807	MGYG000208162	3078268	44	143961	55.74	94.63	3.36	GUT_GENOME047640	MGYG000000370	d__Bacteria;p__Firmicutes_A;c__Clostridia;o__Oscillospirales;f__Oscillospiraceae;g__CAG-170;s__CAG-170_sp900545925	ERS1647289	ERP019674	Germany	Europe	Human	gut	NA	High	yes	sp900545925	MGnify
808	MGYG000208304	3041383	204	24685	57.49	92.21	1.68	GUT_GENOME262312	MGYG000002993	d__Bacteria;p__Firmicutes_A;c__Clostridia;o__Oscillospirales;f__Oscillospiraceae;g__CAG-170;s__CAG-170_sp000432135	-	-	China	Asia	Human	gut	NA	High	yes	sp000432135	MGnify
809	MGYG000208953	2219736	327	9338	61.47	91.01	3.98	GUT_GENOME254684	MGYG000000651	d__Bacteria;p__Firmicutes_A;c__Clostridia;o__Oscillospirales;f__Oscillospiraceae;g__CAG-170;s__CAG-170_sp002404795	ERS746849	ERP010700	UK	Europe	Human	gut	NA	High	yes	sp002404795	MGnify
810	MGYG000209057	2283068	120	32370	57.08	93.81	3.02	GUT_GENOME043559	MGYG000000369	d__Bacteria;p__Firmicutes_A;c__Clostridia;o__Oscillospirales;f__Oscillospiraceae;g__CAG-170;s__CAG-170_sp003516765	ERS1076041	ERP014480	Denmark	Europe	Human	gut	NA	High	yes	sp003516765	MGnify
811	MGYG000209190	2663774	99	47221	60.41	94.63	0.67	GUT_GENOME093579	MGYG000000651	d__Bacteria;p__Firmicutes_A;c__Clostridia;o__Oscillospirales;f__Oscillospiraceae;g__CAG-170;s__CAG-170_sp002404795	ERS608491	ERP008729	Austria	Europe	Human	gut	NA	High	yes	sp002404795	MGnify
812	MGYG000209199	2256681	163	21013	61.3	90.99	1.34	GUT_GENOME014930	MGYG000000651	d__Bacteria;p__Firmicutes_A;c__Clostridia;o__Oscillospirales;f__Oscillospiraceae;g__CAG-170;s__CAG-170_sp002404795	SRS476104	SRP029441	Fiji	Oceania	Human	gut	NA	High	yes	sp002404795	MGnify
813	MGYG000209381	1952782	110	25323	60.5	95.3	2.24	GUT_GENOME122644	MGYG000002034	d__Bacteria;p__Firmicutes_A;c__Clostridia;o__Oscillospirales;f__Oscillospiraceae;g__CAG-170;s__CAG-170_sp900553545	ERS1138817	ERP015450	China	Asia	Human	gut	NA	High	yes	sp900553545	MGnify
814	MGYG000209596	3031245	192	24135	57.76	91.43	4.03	GUT_GENOME048564	MGYG000002993	d__Bacteria;p__Firmicutes_A;c__Clostridia;o__Oscillospirales;f__Oscillospiraceae;g__CAG-170;s__CAG-170_sp000432135	ERS1647300	ERP019674	Germany	Europe	Human	gut	NA	High	yes	sp000432135	MGnify
815	MGYG000209614	2726265	88	42154	58.26	93.29	1.68	GUT_GENOME040380	MGYG000002993	d__Bacteria;p__Firmicutes_A;c__Clostridia;o__Oscillospirales;f__Oscillospiraceae;g__CAG-170;s__CAG-170_sp000432135	ERS1066697	ERP013933	USA	North America	Human	gut	NA	High	yes	sp000432135	MGnify
816	MGYG000209633	2733155	95	49399	57.41	87.81	1.68	GUT_GENOME208237	MGYG000002993	d__Bacteria;p__Firmicutes_A;c__Clostridia;o__Oscillospirales;f__Oscillospiraceae;g__CAG-170;s__CAG-170_sp000432135	SRS1914280	SRP096283	USA	North America	Human	gut	NA	Medium	yes	sp000432135	MGnify
817	MGYG000209856	1758190	45	52474	59.51	68.12	2.01	GUT_GENOME221810	MGYG000002993	d__Bacteria;p__Firmicutes_A;c__Clostridia;o__Oscillospirales;f__Oscillospiraceae;g__CAG-170;s__CAG-170_sp000432135	SRS1596850	SRP080787	China	Asia	Human	gut	NA	Medium	yes	sp000432135	MGnify
818	MGYG000209912	2168105	334	8536	61.62	88.87	3.69	GUT_GENOME275991	MGYG000000651	d__Bacteria;p__Firmicutes_A;c__Clostridia;o__Oscillospirales;f__Oscillospiraceae;g__CAG-170;s__CAG-170_sp002404795	ERS971694	ERP012929	Israel	Asia	Human	gut	NA	Medium	yes	sp002404795	MGnify
819	MGYG000210713	2683705	37	167212	58.04	91.28	1.34	GUT_GENOME153572	MGYG000002993	d__Bacteria;p__Firmicutes_A;c__Clostridia;o__Oscillospirales;f__Oscillospiraceae;g__CAG-170;s__CAG-170_sp000432135	ERS475119	ERP005860	China	Asia	Human	gut	NA	High	yes	sp000432135	MGnify
820	MGYG000211147	1371054	404	3942	58.35	61.8	0	GUT_GENOME026558	MGYG000000369	d__Bacteria;p__Firmicutes_A;c__Clostridia;o__Oscillospirales;f__Oscillospiraceae;g__CAG-170;s__CAG-170_sp003516765	ERS1444617	ERP019502	Kazakhstan	Asia	Human	gut	NA	Medium	yes	sp003516765	MGnify
821	MGYG000211282	2624143	170	23491	58.18	91.61	2.01	GUT_GENOME152725	MGYG000002993	d__Bacteria;p__Firmicutes_A;c__Clostridia;o__Oscillospirales;f__Oscillospiraceae;g__CAG-170;s__CAG-170_sp000432135	SRS295021	SRP008047	China	Asia	Human	gut	NA	High	yes	sp000432135	MGnify
822	MGYG000211574	2273614	613	4287	58.68	81.88	2.76	GUT_GENOME243550	MGYG000002993	d__Bacteria;p__Firmicutes_A;c__Clostridia;o__Oscillospirales;f__Oscillospiraceae;g__CAG-170;s__CAG-170_sp000432135	SRS1101481	SRP064400	Canada	North America	Human	gut	NA	Medium	yes	sp000432135	MGnify
823	MGYG000212055	3188901	326	15854	55.7	90.6	1.68	GUT_GENOME116043	MGYG000000370	d__Bacteria;p__Firmicutes_A;c__Clostridia;o__Oscillospirales;f__Oscillospiraceae;g__CAG-170;s__CAG-170_sp900545925	ERS396333	ERP004605	Denmark	Europe	Human	gut	NA	High	yes	sp900545925	MGnify
824	MGYG000212220	2310690	453	6524	56.76	83.93	2.68	GUT_GENOME021811	MGYG000000370	d__Bacteria;p__Firmicutes_A;c__Clostridia;o__Oscillospirales;f__Oscillospiraceae;g__CAG-170;s__CAG-170_sp900545925	ERS1444461	ERP019502	Kazakhstan	Asia	Human	gut	NA	Medium	yes	sp900545925	MGnify
825	MGYG000212818	2107501	385	7099	59.58	89.19	3.8	GUT_GENOME281642	MGYG000002993	d__Bacteria;p__Firmicutes_A;c__Clostridia;o__Oscillospirales;f__Oscillospiraceae;g__CAG-170;s__CAG-170_sp000432135	ERS953896	ERP012929	Israel	Asia	Human	gut	NA	Medium	yes	sp000432135	MGnify
826	MGYG000213170	2434305	644	4244	58.1	77.17	4.31	GUT_GENOME013644	MGYG000002993	d__Bacteria;p__Firmicutes_A;c__Clostridia;o__Oscillospirales;f__Oscillospiraceae;g__CAG-170;s__CAG-170_sp000432135	SRS475598	SRP029441	Fiji	Oceania	Human	gut	NA	Medium	yes	sp000432135	MGnify
827	MGYG000213201	1396003	606	2604	59.78	59.97	1.9	GUT_GENOME084350	MGYG000004248	d__Bacteria;p__Firmicutes_A;c__Clostridia;o__Oscillospirales;f__Oscillospiraceae;g__CAG-170;s__CAG-170_sp000436735	ERS537316	ERP006678	China	Asia	Human	gut	NA	Medium	yes	sp000436735	MGnify
828	MGYG000213247	2724948	574	5801	58.31	84.09	4.41	GUT_GENOME249584	MGYG000002993	d__Bacteria;p__Firmicutes_A;c__Clostridia;o__Oscillospirales;f__Oscillospiraceae;g__CAG-170;s__CAG-170_sp000432135	SRS1846745	SRP094805	China	Asia	Human	gut	NA	Medium	yes	sp000432135	MGnify
829	MGYG000213288	2289733	207	16159	61.52	95.97	2.35	GUT_GENOME158413	MGYG000000651	d__Bacteria;p__Firmicutes_A;c__Clostridia;o__Oscillospirales;f__Oscillospiraceae;g__CAG-170;s__CAG-170_sp002404795	ERS634931	ERP009131	Canada	North America	Human	gut	NA	High	yes	sp002404795	MGnify
830	MGYG000213595	3037324	592	6686	55.77	75.7	2.24	GUT_GENOME107780	MGYG000000370	d__Bacteria;p__Firmicutes_A;c__Clostridia;o__Oscillospirales;f__Oscillospiraceae;g__CAG-170;s__CAG-170_sp900545925	ERS328727	ERP003612	Denmark	Europe	Human	gut	NA	Medium	yes	sp900545925	MGnify
831	MGYG000213666	2291342	359	8231	56.83	90.88	2.68	GUT_GENOME092362	MGYG000000369	d__Bacteria;p__Firmicutes_A;c__Clostridia;o__Oscillospirales;f__Oscillospiraceae;g__CAG-170;s__CAG-170_sp003516765	ERS608503	ERP008729	Austria	Europe	Human	gut	NA	High	yes	sp003516765	MGnify
832	MGYG000213876	2516157	65	62444	56.4	94.63	1.34	GUT_GENOME097334	MGYG000000369	d__Bacteria;p__Firmicutes_A;c__Clostridia;o__Oscillospirales;f__Oscillospiraceae;g__CAG-170;s__CAG-170_sp003516765	SRS584759	SRP040765	USA	North America	Human	gut	NA	High	yes	sp003516765	MGnify
833	MGYG000213990	2274501	246	13420	61.95	91.88	1.68	GUT_GENOME022759	MGYG000000651	d__Bacteria;p__Firmicutes_A;c__Clostridia;o__Oscillospirales;f__Oscillospiraceae;g__CAG-170;s__CAG-170_sp002404795	ERS1444493	ERP019502	Kazakhstan	Asia	Human	gut	NA	High	yes	sp002404795	MGnify
834	MGYG000214715	2830875	303	13968	58	92.62	2.68	GUT_GENOME262289	MGYG000002993	d__Bacteria;p__Firmicutes_A;c__Clostridia;o__Oscillospirales;f__Oscillospiraceae;g__CAG-170;s__CAG-170_sp000432135	-	-	China	Asia	Human	gut	NA	High	yes	sp000432135	MGnify
835	MGYG000215062	3412420	198	26780	55.51	95.3	1.34	GUT_GENOME255987	MGYG000000370	d__Bacteria;p__Firmicutes_A;c__Clostridia;o__Oscillospirales;f__Oscillospiraceae;g__CAG-170;s__CAG-170_sp900545925	ERS746778	ERP010700	UK	Europe	Human	gut	NA	High	yes	sp900545925	MGnify
836	MGYG000215299	2231770	258	12125	61.44	89.12	3.42	GUT_GENOME042433	MGYG000000651	d__Bacteria;p__Firmicutes_A;c__Clostridia;o__Oscillospirales;f__Oscillospiraceae;g__CAG-170;s__CAG-170_sp002404795	ERS1069680	ERP013827	Netherlands	Europe	Human	gut	NA	Medium	yes	sp002404795	MGnify
837	MGYG000215350	2887078	103	50765	58.09	94.63	2.01	GUT_GENOME277240	MGYG000002993	d__Bacteria;p__Firmicutes_A;c__Clostridia;o__Oscillospirales;f__Oscillospiraceae;g__CAG-170;s__CAG-170_sp000432135	ERS971701	ERP012929	Israel	Asia	Human	gut	NA	High	yes	sp000432135	MGnify
838	MGYG000215471	2494826	272	12184	58.38	82.52	3.91	GUT_GENOME189189	MGYG000002993	d__Bacteria;p__Firmicutes_A;c__Clostridia;o__Oscillospirales;f__Oscillospiraceae;g__CAG-170;s__CAG-170_sp000432135	SRS1820246	SRP093965	USA	North America	Human	gut	NA	Medium	yes	sp000432135	MGnify
839	MGYG000215630	1496922	393	4222	57.45	74.14	0.47	GUT_GENOME283772	MGYG000002710	d__Bacteria;p__Firmicutes_A;c__Clostridia;o__Oscillospirales;f__Oscillospiraceae;g__CAG-170;s__CAG-170_sp900549635	ERS436798	ERP005534	France	Europe	Human	gut	NA	Medium	yes	sp900549635	MGnify
840	MGYG000215655	2186024	199	17337	59.16	90.27	2.01	GUT_GENOME117213	MGYG000004248	d__Bacteria;p__Firmicutes_A;c__Clostridia;o__Oscillospirales;f__Oscillospiraceae;g__CAG-170;s__CAG-170_sp000436735	ERS396372	ERP004605	Denmark	Europe	Human	gut	NA	High	yes	sp000436735	MGnify
841	MGYG000215692	2051782	609	3664	58.55	72.42	2.07	GUT_GENOME132455	MGYG000002993	d__Bacteria;p__Firmicutes_A;c__Clostridia;o__Oscillospirales;f__Oscillospiraceae;g__CAG-170;s__CAG-170_sp000432135	ERS199027	ERP002061	Denmark	Europe	Human	gut	NA	Medium	yes	sp000432135	MGnify
842	MGYG000215767	2270547	106	35618	58.96	89.93	2.71	GUT_GENOME281902	MGYG000002993	d__Bacteria;p__Firmicutes_A;c__Clostridia;o__Oscillospirales;f__Oscillospiraceae;g__CAG-170;s__CAG-170_sp000432135	ERS953828	ERP012929	Israel	Asia	Human	gut	NA	Medium	yes	sp000432135	MGnify
843	MGYG000215804	1511938	592	2887	57.43	73.49	3.8	GUT_GENOME071554	MGYG000000369	d__Bacteria;p__Firmicutes_A;c__Clostridia;o__Oscillospirales;f__Oscillospiraceae;g__CAG-170;s__CAG-170_sp003516765	ERS396396	ERP004605	Denmark	Europe	Human	gut	NA	Medium	yes	sp003516765	MGnify
844	MGYG000216580	2244171	381	7330	59.57	52.59	0	GUT_GENOME181199	MGYG000002993	d__Bacteria;p__Firmicutes_A;c__Clostridia;o__Oscillospirales;f__Oscillospiraceae;g__CAG-170;s__CAG-170_sp000432135	SRS1596817	SRP080787	Mongolia	Asia	Human	gut	NA	Medium	yes	sp000432135	MGnify
845	MGYG000216765	2836937	182	20382	57.95	87.25	2.35	GUT_GENOME229664	MGYG000002993	d__Bacteria;p__Firmicutes_A;c__Clostridia;o__Oscillospirales;f__Oscillospiraceae;g__CAG-170;s__CAG-170_sp000432135	SRS294942	SRP008047	China	Asia	Human	gut	NA	Medium	yes	sp000432135	MGnify
846	MGYG000218098	2311763	192	17752	61.37	90.28	4.03	GUT_GENOME022365	MGYG000000651	d__Bacteria;p__Firmicutes_A;c__Clostridia;o__Oscillospirales;f__Oscillospiraceae;g__CAG-170;s__CAG-170_sp002404795	ERS1444479	ERP019502	Kazakhstan	Asia	Human	gut	NA	High	yes	sp002404795	MGnify
847	MGYG000218473	1861165	408	4972	57.87	53.8	0.67	GUT_GENOME053532	MGYG000002993	d__Bacteria;p__Firmicutes_A;c__Clostridia;o__Oscillospirales;f__Oscillospiraceae;g__CAG-170;s__CAG-170_sp000432135	ERS328718	ERP003612	Denmark	Europe	Human	gut	NA	Medium	yes	sp000432135	MGnify
848	MGYG000218997	2299831	296	11797	59.28	91.84	2.41	GUT_GENOME014882	MGYG000002993	d__Bacteria;p__Firmicutes_A;c__Clostridia;o__Oscillospirales;f__Oscillospiraceae;g__CAG-170;s__CAG-170_sp000432135	SRS476185	SRP029441	Fiji	Oceania	Human	gut	NA	High	yes	sp000432135	MGnify
849	MGYG000219241	2905460	118	38335	58.03	93.76	2.18	GUT_GENOME056419	MGYG000002993	d__Bacteria;p__Firmicutes_A;c__Clostridia;o__Oscillospirales;f__Oscillospiraceae;g__CAG-170;s__CAG-170_sp000432135	ERS396373	ERP004605	Denmark	Europe	Human	gut	NA	High	yes	sp000432135	MGnify
850	MGYG000219944	2523064	247	16089	59.78	94.55	2.35	GUT_GENOME217979	MGYG000000741	d__Bacteria;p__Firmicutes_A;c__Clostridia;o__Oscillospirales;f__Oscillospiraceae;g__CAG-170;s__CAG-170_sp900548625	SRS1170693	SRP066479	Peru	South America	Human	gut	NA	High	yes	sp900548625	MGnify
851	MGYG000219990	2812667	281	14726	58.33	95.47	3.58	GUT_GENOME211458	MGYG000002993	d__Bacteria;p__Firmicutes_A;c__Clostridia;o__Oscillospirales;f__Oscillospiraceae;g__CAG-170;s__CAG-170_sp000432135	SRS1914216	SRP096283	USA	North America	Human	gut	NA	High	yes	sp000432135	MGnify
852	MGYG000220049	1991528	623	3897	57.08	86.29	1.7	GUT_GENOME074504	MGYG000000369	d__Bacteria;p__Firmicutes_A;c__Clostridia;o__Oscillospirales;f__Oscillospiraceae;g__CAG-170;s__CAG-170_sp003516765	ERS396507	ERP004605	Spain	Europe	Human	gut	NA	Medium	yes	sp003516765	MGnify
853	MGYG000220845	1700048	287	7530	60.57	76.34	2.98	GUT_GENOME037969	MGYG000002034	d__Bacteria;p__Firmicutes_A;c__Clostridia;o__Oscillospirales;f__Oscillospiraceae;g__CAG-170;s__CAG-170_sp900553545	ERS1016029	ERP013563	China	Asia	Human	gut	NA	Medium	yes	sp900553545	MGnify
854	MGYG000221695	2140053	94	37717	59.8	91.02	2.07	GUT_GENOME123771	MGYG000004248	d__Bacteria;p__Firmicutes_A;c__Clostridia;o__Oscillospirales;f__Oscillospiraceae;g__CAG-170;s__CAG-170_sp000436735	ERS1138846	ERP015450	China	Asia	Human	gut	NA	High	yes	sp000436735	MGnify
855	MGYG000221792	2165583	316	9202	59.29	78.24	1.68	GUT_GENOME253617	MGYG000002993	d__Bacteria;p__Firmicutes_A;c__Clostridia;o__Oscillospirales;f__Oscillospiraceae;g__CAG-170;s__CAG-170_sp000432135	ERS746746	ERP010700	UK	Europe	Human	gut	NA	Medium	yes	sp000432135	MGnify
856	MGYG000222038	2091713	301	8675	61.61	78.9	4.11	GUT_GENOME038271	MGYG000000651	d__Bacteria;p__Firmicutes_A;c__Clostridia;o__Oscillospirales;f__Oscillospiraceae;g__CAG-170;s__CAG-170_sp002404795	ERS1016046	ERP013563	China	Asia	Human	gut	NA	Medium	yes	sp002404795	MGnify
857	MGYG000222461	2983190	492	7891	56.18	88.95	4.03	GUT_GENOME118026	MGYG000000370	d__Bacteria;p__Firmicutes_A;c__Clostridia;o__Oscillospirales;f__Oscillospiraceae;g__CAG-170;s__CAG-170_sp900545925	ERS396396	ERP004605	Denmark	Europe	Human	gut	NA	Medium	yes	sp900545925	MGnify
858	MGYG000222522	1611535	104	24130	58.84	58.89	0.67	GUT_GENOME038120	MGYG000002993	d__Bacteria;p__Firmicutes_A;c__Clostridia;o__Oscillospirales;f__Oscillospiraceae;g__CAG-170;s__CAG-170_sp000432135	ERS1016035	ERP013563	China	Asia	Human	gut	NA	Medium	yes	sp000432135	MGnify
859	MGYG000222564	1865802	617	3269	59.08	58.66	1.51	GUT_GENOME244314	MGYG000002993	d__Bacteria;p__Firmicutes_A;c__Clostridia;o__Oscillospirales;f__Oscillospiraceae;g__CAG-170;s__CAG-170_sp000432135	SRS1101420	SRP064400	Canada	North America	Human	gut	NA	Medium	yes	sp000432135	MGnify
860	MGYG000222599	2185057	386	7567	61.62	86.93	1.74	GUT_GENOME018999	MGYG000000651	d__Bacteria;p__Firmicutes_A;c__Clostridia;o__Oscillospirales;f__Oscillospiraceae;g__CAG-170;s__CAG-170_sp002404795	SRS3638598	SRP156699	Madagascar	Africa	Human	gut	NA	Medium	yes	sp002404795	MGnify
861	MGYG000223142	2063473	309	9155	61.51	77.84	1.34	GUT_GENOME011704	MGYG000000651	d__Bacteria;p__Firmicutes_A;c__Clostridia;o__Oscillospirales;f__Oscillospiraceae;g__CAG-170;s__CAG-170_sp002404795	SRS476187	SRP029441	Fiji	Oceania	Human	gut	NA	Medium	yes	sp002404795	MGnify
862	MGYG000223968	2544528	190	21582	58.65	92.62	2.01	GUT_GENOME209475	MGYG000002993	d__Bacteria;p__Firmicutes_A;c__Clostridia;o__Oscillospirales;f__Oscillospiraceae;g__CAG-170;s__CAG-170_sp000432135	SRS1905639	SRP096283	USA	North America	Human	gut	NA	High	yes	sp000432135	MGnify
863	MGYG000224440	1401495	337	4558	57.88	52.7	0	GUT_GENOME064673	MGYG000000369	d__Bacteria;p__Firmicutes_A;c__Clostridia;o__Oscillospirales;f__Oscillospiraceae;g__CAG-170;s__CAG-170_sp003516765	ERS608558	ERP008729	Austria	Europe	Human	gut	NA	Medium	yes	sp003516765	MGnify
864	MGYG000224482	2222521	86	38720	57.09	91.16	2.01	GUT_GENOME046877	MGYG000002710	d__Bacteria;p__Firmicutes_A;c__Clostridia;o__Oscillospirales;f__Oscillospiraceae;g__CAG-170;s__CAG-170_sp900549635	ERS1343404	ERP017091	China	Asia	Human	gut	NA	High	yes	sp900549635	MGnify
865	MGYG000225450	2169159	175	17879	61.58	86.64	4.36	GUT_GENOME157922	MGYG000000651	d__Bacteria;p__Firmicutes_A;c__Clostridia;o__Oscillospirales;f__Oscillospiraceae;g__CAG-170;s__CAG-170_sp002404795	ERS634944	ERP009131	Canada	North America	Human	gut	NA	Medium	yes	sp002404795	MGnify
866	MGYG000225638	2115653	74	49669	59.21	83.89	1.34	GUT_GENOME024719	MGYG000004248	d__Bacteria;p__Firmicutes_A;c__Clostridia;o__Oscillospirales;f__Oscillospiraceae;g__CAG-170;s__CAG-170_sp000436735	ERS1444555	ERP019502	Kazakhstan	Asia	Human	gut	NA	Medium	yes	sp000436735	MGnify
867	MGYG000225681	2065402	151	21515	57.39	90.1	1.45	GUT_GENOME130824	MGYG000000369	d__Bacteria;p__Firmicutes_A;c__Clostridia;o__Oscillospirales;f__Oscillospiraceae;g__CAG-170;s__CAG-170_sp003516765	SRS1993545	SRP100446	USA	North America	Human	gut	NA	High	yes	sp003516765	MGnify
868	MGYG000225938	1752065	276	8183	60.87	76.1	2.85	GUT_GENOME128994	MGYG000002034	d__Bacteria;p__Firmicutes_A;c__Clostridia;o__Oscillospirales;f__Oscillospiraceae;g__CAG-170;s__CAG-170_sp900553545	SRS1596848	SRP080787	Mongolia	Asia	Human	gut	NA	Medium	yes	sp900553545	MGnify
869	MGYG000226237	2189665	240	12442	61.9	90.06	3.83	GUT_GENOME026372	MGYG000000651	d__Bacteria;p__Firmicutes_A;c__Clostridia;o__Oscillospirales;f__Oscillospiraceae;g__CAG-170;s__CAG-170_sp002404795	ERS1444610	ERP019502	Kazakhstan	Asia	Human	gut	NA	High	yes	sp002404795	MGnify
870	MGYG000226404	2550169	180	21104	58.88	88.83	0.67	GUT_GENOME056145	MGYG000004248	d__Bacteria;p__Firmicutes_A;c__Clostridia;o__Oscillospirales;f__Oscillospiraceae;g__CAG-170;s__CAG-170_sp000436735	ERS396360	ERP004605	Denmark	Europe	Human	gut	NA	Medium	yes	sp000436735	MGnify
871	MGYG000226833	2263882	98	36881	59.17	94.04	1.34	GUT_GENOME115142	MGYG000000741	d__Bacteria;p__Firmicutes_A;c__Clostridia;o__Oscillospirales;f__Oscillospiraceae;g__CAG-170;s__CAG-170_sp900548625	ERS396304	ERP004605	Denmark	Europe	Human	gut	NA	High	yes	sp900548625	MGnify
872	MGYG000227076	2571907	451	6731	57.62	82.2	1.7	GUT_GENOME211262	MGYG000002993	d__Bacteria;p__Firmicutes_A;c__Clostridia;o__Oscillospirales;f__Oscillospiraceae;g__CAG-170;s__CAG-170_sp000432135	SRS1905528	SRP096283	USA	North America	Human	gut	NA	Medium	yes	sp000432135	MGnify
873	MGYG000227089	2814778	145	30873	58.2	92.28	2.35	GUT_GENOME084182	MGYG000002993	d__Bacteria;p__Firmicutes_A;c__Clostridia;o__Oscillospirales;f__Oscillospiraceae;g__CAG-170;s__CAG-170_sp000432135	ERS537311	ERP006678	China	Asia	Human	gut	NA	High	yes	sp000432135	MGnify
874	MGYG000227305	3376921	44	202477	55.5	93.96	1.01	GUT_GENOME254300	MGYG000000370	d__Bacteria;p__Firmicutes_A;c__Clostridia;o__Oscillospirales;f__Oscillospiraceae;g__CAG-170;s__CAG-170_sp900545925	ERS746893	ERP010700	UK	Europe	Human	gut	NA	High	yes	sp900545925	MGnify
875	MGYG000228140	1689282	246	8830	60.56	75.75	1.14	GUT_GENOME037000	MGYG000002034	d__Bacteria;p__Firmicutes_A;c__Clostridia;o__Oscillospirales;f__Oscillospiraceae;g__CAG-170;s__CAG-170_sp900553545	ERS1015988	ERP013563	China	Asia	Human	gut	NA	Medium	yes	sp900553545	MGnify
876	MGYG000228318	2548085	277	14481	60.07	93.71	2.58	GUT_GENOME109766	MGYG000000651	d__Bacteria;p__Firmicutes_A;c__Clostridia;o__Oscillospirales;f__Oscillospiraceae;g__CAG-170;s__CAG-170_sp002404795	ERS328855	ERP003612	Denmark	Europe	Human	gut	NA	High	yes	sp002404795	MGnify
877	MGYG000228330	1371415	498	2819	59.22	59.88	1.01	GUT_GENOME271737	MGYG000002993	d__Bacteria;p__Firmicutes_A;c__Clostridia;o__Oscillospirales;f__Oscillospiraceae;g__CAG-170;s__CAG-170_sp000432135	ERS972009	ERP012929	Israel	Asia	Human	gut	NA	Medium	yes	sp000432135	MGnify
878	MGYG000228381	2348892	259	12003	59.15	90.27	2.18	GUT_GENOME265196	MGYG000002993	d__Bacteria;p__Firmicutes_A;c__Clostridia;o__Oscillospirales;f__Oscillospiraceae;g__CAG-170;s__CAG-170_sp000432135	ERS972446	ERP012929	Israel	Asia	Human	gut	NA	High	yes	sp000432135	MGnify
879	MGYG000228608	3019633	296	18431	56.24	88.47	2.01	GUT_GENOME017517	MGYG000000370	d__Bacteria;p__Firmicutes_A;c__Clostridia;o__Oscillospirales;f__Oscillospiraceae;g__CAG-170;s__CAG-170_sp900545925	SRS1997022	SRP100575	China	Asia	Human	gut	NA	Medium	yes	sp900545925	MGnify
880	MGYG000228727	1918673	510	4346	59.79	74.37	3.91	GUT_GENOME014920	MGYG000004248	d__Bacteria;p__Firmicutes_A;c__Clostridia;o__Oscillospirales;f__Oscillospiraceae;g__CAG-170;s__CAG-170_sp000436735	SRS476104	SRP029441	Fiji	Oceania	Human	gut	NA	Medium	yes	sp000436735	MGnify
881	MGYG000229430	2329756	179	20301	61.14	90.25	4.55	GUT_GENOME165137	MGYG000000651	d__Bacteria;p__Firmicutes_A;c__Clostridia;o__Oscillospirales;f__Oscillospiraceae;g__CAG-170;s__CAG-170_sp002404795	SRS576042	SRP040146	USA	North America	Human	gut	NA	High	yes	sp002404795	MGnify
882	MGYG000229831	2854019	170	28516	58.13	93.72	2.24	GUT_GENOME154409	MGYG000002993	d__Bacteria;p__Firmicutes_A;c__Clostridia;o__Oscillospirales;f__Oscillospiraceae;g__CAG-170;s__CAG-170_sp000432135	ERS475178	ERP005860	China	Asia	Human	gut	NA	High	yes	sp000432135	MGnify
883	MGYG000229863	2530042	204	41916	59.15	94.63	2.33	GUT_GENOME222388	MGYG000000741	d__Bacteria;p__Firmicutes_A;c__Clostridia;o__Oscillospirales;f__Oscillospiraceae;g__CAG-170;s__CAG-170_sp900548625	SRS1596870	SRP080787	China	Asia	Human	gut	NA	High	yes	sp900548625	MGnify
884	MGYG000230571	2271271	107	34187	59.05	91.11	3.1	GUT_GENOME193913	MGYG000002993	d__Bacteria;p__Firmicutes_A;c__Clostridia;o__Oscillospirales;f__Oscillospiraceae;g__CAG-170;s__CAG-170_sp000432135	SRS1820528	SRP093965	USA	North America	Human	gut	NA	High	yes	sp000432135	MGnify
885	MGYG000230740	2050274	190	14894	61.61	87.38	2.01	GUT_GENOME107403	MGYG000000651	d__Bacteria;p__Firmicutes_A;c__Clostridia;o__Oscillospirales;f__Oscillospiraceae;g__CAG-170;s__CAG-170_sp002404795	SRS871062	SRP056054	Finland	Europe	Human	gut	NA	Medium	yes	sp002404795	MGnify
886	MGYG000231119	1778003	548	3425	58.38	62.37	0.67	GUT_GENOME134687	MGYG000002993	d__Bacteria;p__Firmicutes_A;c__Clostridia;o__Oscillospirales;f__Oscillospiraceae;g__CAG-170;s__CAG-170_sp000432135	ERS199186	ERP002061	Spain	Europe	Human	gut	NA	Medium	yes	sp000432135	MGnify
887	MGYG000231212	2030041	223	14013	57.42	86.06	4.36	GUT_GENOME114187	MGYG000000369	d__Bacteria;p__Firmicutes_A;c__Clostridia;o__Oscillospirales;f__Oscillospiraceae;g__CAG-170;s__CAG-170_sp003516765	ERS328995	ERP003612	Denmark	Europe	Human	gut	NA	Medium	yes	sp003516765	MGnify
888	MGYG000232401	2490744	488	6563	58.76	86.76	3.91	GUT_GENOME013939	MGYG000002993	d__Bacteria;p__Firmicutes_A;c__Clostridia;o__Oscillospirales;f__Oscillospiraceae;g__CAG-170;s__CAG-170_sp000432135	SRS476154	SRP029441	Fiji	Oceania	Human	gut	NA	Medium	yes	sp000432135	MGnify
889	MGYG000232841	3042879	114	61009	57.69	94.63	1.34	GUT_GENOME208381	MGYG000002993	d__Bacteria;p__Firmicutes_A;c__Clostridia;o__Oscillospirales;f__Oscillospiraceae;g__CAG-170;s__CAG-170_sp000432135	SRS1905985	SRP096283	USA	North America	Human	gut	NA	High	yes	sp000432135	MGnify
890	MGYG000232881	3276764	85	82193	56.98	92.62	2.01	GUT_GENOME262038	MGYG000002993	d__Bacteria;p__Firmicutes_A;c__Clostridia;o__Oscillospirales;f__Oscillospiraceae;g__CAG-170;s__CAG-170_sp000432135	-	-	China	Asia	Human	gut	NA	High	yes	sp000432135	MGnify
891	MGYG000233760	2972854	210	26630	56.23	92.85	3.79	GUT_GENOME254620	MGYG000000370	d__Bacteria;p__Firmicutes_A;c__Clostridia;o__Oscillospirales;f__Oscillospiraceae;g__CAG-170;s__CAG-170_sp900545925	ERS746848	ERP010700	UK	Europe	Human	gut	NA	High	yes	sp900545925	MGnify
892	MGYG000234016	3148862	220	25241	58.02	90.22	1.01	GUT_GENOME116858	MGYG000004248	d__Bacteria;p__Firmicutes_A;c__Clostridia;o__Oscillospirales;f__Oscillospiraceae;g__CAG-170;s__CAG-170_sp000436735	ERS396360	ERP004605	Denmark	Europe	Human	gut	NA	High	yes	sp000436735	MGnify
893	MGYG000234605	2434666	344	9954	58.03	82.28	0.69	GUT_GENOME118854	MGYG000002993	d__Bacteria;p__Firmicutes_A;c__Clostridia;o__Oscillospirales;f__Oscillospiraceae;g__CAG-170;s__CAG-170_sp000432135	ERS396423	ERP004605	Spain	Europe	Human	gut	NA	Medium	yes	sp000432135	MGnify
894	MGYG000234931	2444588	101	39163	58.9	93.04	1.34	GUT_GENOME258917	MGYG000002993	d__Bacteria;p__Firmicutes_A;c__Clostridia;o__Oscillospirales;f__Oscillospiraceae;g__CAG-170;s__CAG-170_sp000432135	ERS746811	ERP010700	UK	Europe	Human	gut	NA	High	yes	sp000432135	MGnify
895	MGYG000235141	2134816	210	14531	61.68	85.68	0	GUT_GENOME048385	MGYG000000651	d__Bacteria;p__Firmicutes_A;c__Clostridia;o__Oscillospirales;f__Oscillospiraceae;g__CAG-170;s__CAG-170_sp002404795	ERS1647321	ERP019674	Germany	Europe	Human	gut	NA	Medium	yes	sp002404795	MGnify
896	MGYG000235234	1972061	136	22615	59.58	80.29	0	GUT_GENOME085013	MGYG000002993	d__Bacteria;p__Firmicutes_A;c__Clostridia;o__Oscillospirales;f__Oscillospiraceae;g__CAG-170;s__CAG-170_sp000432135	ERS537339	ERP006678	China	Asia	Human	gut	NA	Medium	yes	sp000432135	MGnify
897	MGYG000235235	2568134	80	52741	58.68	91.61	1.34	GUT_GENOME270568	MGYG000004248	d__Bacteria;p__Firmicutes_A;c__Clostridia;o__Oscillospirales;f__Oscillospiraceae;g__CAG-170;s__CAG-170_sp000436735	ERS971955	ERP012929	Israel	Asia	Human	gut	NA	High	yes	sp000436735	MGnify
898	MGYG000235380	2463389	377	9366	59.22	90.21	4.96	GUT_GENOME281707	MGYG000002993	d__Bacteria;p__Firmicutes_A;c__Clostridia;o__Oscillospirales;f__Oscillospiraceae;g__CAG-170;s__CAG-170_sp000432135	ERS953826	ERP012929	Israel	Asia	Human	gut	NA	High	yes	sp000432135	MGnify
899	MGYG000235432	1358052	435	3226	58.01	51.65	0	GUT_GENOME095624	MGYG000000369	d__Bacteria;p__Firmicutes_A;c__Clostridia;o__Oscillospirales;f__Oscillospiraceae;g__CAG-170;s__CAG-170_sp003516765	-	-	Italy	Europe	Human	gut	NA	Medium	yes	sp003516765	MGnify
900	MGYG000235442	2606265	428	7954	58.45	83.41	2.35	GUT_GENOME139598	MGYG000002993	d__Bacteria;p__Firmicutes_A;c__Clostridia;o__Oscillospirales;f__Oscillospiraceae;g__CAG-170;s__CAG-170_sp000432135	SRS820605	SRP052307	USA	North America	Human	gut	NA	Medium	yes	sp000432135	MGnify
901	MGYG000235618	3428992	636	6989	55.43	85.93	3.65	GUT_GENOME263425	MGYG000000370	d__Bacteria;p__Firmicutes_A;c__Clostridia;o__Oscillospirales;f__Oscillospiraceae;g__CAG-170;s__CAG-170_sp900545925	-	-	China	Asia	Human	gut	NA	Medium	yes	sp900545925	MGnify
902	MGYG000236053	1866028	189	12953	61.85	56.9	0	GUT_GENOME048342	MGYG000000651	d__Bacteria;p__Firmicutes_A;c__Clostridia;o__Oscillospirales;f__Oscillospiraceae;g__CAG-170;s__CAG-170_sp002404795	ERS1647321	ERP019674	Germany	Europe	Human	gut	NA	Medium	yes	sp002404795	MGnify
903	MGYG000236264	2066978	332	8184	61.73	84.31	2.15	GUT_GENOME159075	MGYG000000651	d__Bacteria;p__Firmicutes_A;c__Clostridia;o__Oscillospirales;f__Oscillospiraceae;g__CAG-170;s__CAG-170_sp002404795	ERS634956	ERP009131	Canada	North America	Human	gut	NA	Medium	yes	sp002404795	MGnify
904	MGYG000236474	2716781	443	8210	56.18	85.03	4.09	GUT_GENOME137506	MGYG000000370	d__Bacteria;p__Firmicutes_A;c__Clostridia;o__Oscillospirales;f__Oscillospiraceae;g__CAG-170;s__CAG-170_sp900545925	ERS199337	ERP002061	Spain	Europe	Human	gut	NA	Medium	yes	sp900545925	MGnify
905	MGYG000236549	2111658	84	41294	61.47	88.83	0.81	GUT_GENOME253951	MGYG000000651	d__Bacteria;p__Firmicutes_A;c__Clostridia;o__Oscillospirales;f__Oscillospiraceae;g__CAG-170;s__CAG-170_sp002404795	ERS746892	ERP010700	UK	Europe	Human	gut	NA	Medium	yes	sp002404795	MGnify
906	MGYG000237241	2281723	173	21440	61.4	92.43	1.24	GUT_GENOME285400	MGYG000000651	d__Bacteria;p__Firmicutes_A;c__Clostridia;o__Oscillospirales;f__Oscillospiraceae;g__CAG-170;s__CAG-170_sp002404795	ERS436684	ERP005534	France	Europe	Human	gut	NA	High	yes	sp002404795	MGnify
907	MGYG000237337	2318986	278	11849	58.79	78.48	2.01	GUT_GENOME048384	MGYG000002993	d__Bacteria;p__Firmicutes_A;c__Clostridia;o__Oscillospirales;f__Oscillospiraceae;g__CAG-170;s__CAG-170_sp000432135	ERS1647321	ERP019674	Germany	Europe	Human	gut	NA	Medium	yes	sp000432135	MGnify
908	MGYG000237427	2360040	471	5743	55.81	74.6	1.51	GUT_GENOME198647	MGYG000000370	d__Bacteria;p__Firmicutes_A;c__Clostridia;o__Oscillospirales;f__Oscillospiraceae;g__CAG-170;s__CAG-170_sp900545925	SRS1993544	SRP100446	USA	North America	Human	gut	NA	Medium	yes	sp900545925	MGnify
909	MGYG000237696	2646276	487	7252	58.26	74.48	3.45	GUT_GENOME243703	MGYG000002993	d__Bacteria;p__Firmicutes_A;c__Clostridia;o__Oscillospirales;f__Oscillospiraceae;g__CAG-170;s__CAG-170_sp000432135	SRS1101213	SRP064400	Canada	North America	Human	gut	NA	Medium	yes	sp000432135	MGnify
910	MGYG000238214	2114591	569	4363	58.15	67.64	2.01	GUT_GENOME108002	MGYG000002993	d__Bacteria;p__Firmicutes_A;c__Clostridia;o__Oscillospirales;f__Oscillospiraceae;g__CAG-170;s__CAG-170_sp000432135	ERS328747	ERP003612	Denmark	Europe	Human	gut	NA	Medium	yes	sp000432135	MGnify
911	MGYG000238993	2687457	376	11278	58.46	80.8	4.42	GUT_GENOME157875	MGYG000002993	d__Bacteria;p__Firmicutes_A;c__Clostridia;o__Oscillospirales;f__Oscillospiraceae;g__CAG-170;s__CAG-170_sp000432135	ERS634967	ERP009131	Canada	North America	Human	gut	NA	Medium	yes	sp000432135	MGnify
912	MGYG000239219	2993976	217	25839	55.98	92.75	2.51	GUT_GENOME256259	MGYG000000370	d__Bacteria;p__Firmicutes_A;c__Clostridia;o__Oscillospirales;f__Oscillospiraceae;g__CAG-170;s__CAG-170_sp900545925	ERS746782	ERP010700	UK	Europe	Human	gut	NA	High	yes	sp900545925	MGnify
913	MGYG000239319	2876022	50	107618	57.79	91.28	2.68	GUT_GENOME248622	MGYG000002993	d__Bacteria;p__Firmicutes_A;c__Clostridia;o__Oscillospirales;f__Oscillospiraceae;g__CAG-170;s__CAG-170_sp000432135	SRS1846822	SRP094805	China	Asia	Human	gut	NA	High	yes	sp000432135	MGnify
914	MGYG000239750	2915640	257	15496	56.2	79.16	4.26	GUT_GENOME207006	MGYG000000370	d__Bacteria;p__Firmicutes_A;c__Clostridia;o__Oscillospirales;f__Oscillospiraceae;g__CAG-170;s__CAG-170_sp900545925	SRS367799	SRP016067	Sweden	Europe	Human	gut	NA	Medium	yes	sp900545925	MGnify
915	MGYG000240230	2600510	513	6521	56.49	88.39	3.47	GUT_GENOME085014	MGYG000000369	d__Bacteria;p__Firmicutes_A;c__Clostridia;o__Oscillospirales;f__Oscillospiraceae;g__CAG-170;s__CAG-170_sp003516765	ERS537339	ERP006678	China	Asia	Human	gut	NA	Medium	yes	sp003516765	MGnify
916	MGYG000240271	1963490	614	3413	59.11	64.15	1.68	GUT_GENOME106721	MGYG000002993	d__Bacteria;p__Firmicutes_A;c__Clostridia;o__Oscillospirales;f__Oscillospiraceae;g__CAG-170;s__CAG-170_sp000432135	SRS871139	SRP056054	Finland	Europe	Human	gut	NA	Medium	yes	sp000432135	MGnify
917	MGYG000240273	2018262	112	27080	57.34	88.32	2.01	GUT_GENOME104635	MGYG000000369	d__Bacteria;p__Firmicutes_A;c__Clostridia;o__Oscillospirales;f__Oscillospiraceae;g__CAG-170;s__CAG-170_sp003516765	ERS235498	ERP002469	Sweden	Europe	Human	gut	NA	Medium	yes	sp003516765	MGnify
918	MGYG000241727	2006488	324	7183	59.6	77.57	2.29	GUT_GENOME195029	MGYG000002993	d__Bacteria;p__Firmicutes_A;c__Clostridia;o__Oscillospirales;f__Oscillospiraceae;g__CAG-170;s__CAG-170_sp000432135	SRS1858587	SRP095060	China	Asia	Human	gut	NA	Medium	yes	sp000432135	MGnify
919	MGYG000241779	1997810	418	5341	56.94	80.09	2.59	GUT_GENOME119161	MGYG000000369	d__Bacteria;p__Firmicutes_A;c__Clostridia;o__Oscillospirales;f__Oscillospiraceae;g__CAG-170;s__CAG-170_sp003516765	ERS396435	ERP004605	Spain	Europe	Human	gut	NA	Medium	yes	sp003516765	MGnify
920	MGYG000242192	3530921	224	37654	56.87	94.63	4.03	GUT_GENOME153952	MGYG000002993	d__Bacteria;p__Firmicutes_A;c__Clostridia;o__Oscillospirales;f__Oscillospiraceae;g__CAG-170;s__CAG-170_sp000432135	ERS475142	ERP005860	China	Asia	Human	gut	NA	High	yes	sp000432135	MGnify
921	MGYG000242232	2420707	461	6058	56.16	66.1	3.02	GUT_GENOME043737	MGYG000000370	d__Bacteria;p__Firmicutes_A;c__Clostridia;o__Oscillospirales;f__Oscillospiraceae;g__CAG-170;s__CAG-170_sp900545925	ERS1076028	ERP014480	Denmark	Europe	Human	gut	NA	Medium	yes	sp900545925	MGnify
922	MGYG000242280	1717061	383	5189	60.12	69.52	1.34	GUT_GENOME181469	MGYG000002993	d__Bacteria;p__Firmicutes_A;c__Clostridia;o__Oscillospirales;f__Oscillospiraceae;g__CAG-170;s__CAG-170_sp000432135	SRS1596846	SRP080787	Mongolia	Asia	Human	gut	NA	Medium	yes	sp000432135	MGnify
923	MGYG000242371	1471212	218	8301	59.91	58.61	1.54	GUT_GENOME186819	MGYG000002993	d__Bacteria;p__Firmicutes_A;c__Clostridia;o__Oscillospirales;f__Oscillospiraceae;g__CAG-170;s__CAG-170_sp000432135	SRS1771184	SRP091570	USA	North America	Human	gut	NA	Medium	yes	sp000432135	MGnify
924	MGYG000243034	2842613	136	34659	56.16	94.04	1.01	GUT_GENOME265757	MGYG000000370	d__Bacteria;p__Firmicutes_A;c__Clostridia;o__Oscillospirales;f__Oscillospiraceae;g__CAG-170;s__CAG-170_sp900545925	ERS971760	ERP012929	Israel	Asia	Human	gut	NA	High	yes	sp900545925	MGnify
925	MGYG000243113	2872541	382	10365	58.12	92.59	4.7	GUT_GENOME154281	MGYG000002993	d__Bacteria;p__Firmicutes_A;c__Clostridia;o__Oscillospirales;f__Oscillospiraceae;g__CAG-170;s__CAG-170_sp000432135	ERS475168	ERP005860	China	Asia	Human	gut	NA	High	yes	sp000432135	MGnify
926	MGYG000243317	2642883	345	10998	57.84	84.74	2.18	GUT_GENOME120474	MGYG000002993	d__Bacteria;p__Firmicutes_A;c__Clostridia;o__Oscillospirales;f__Oscillospiraceae;g__CAG-170;s__CAG-170_sp000432135	ERS396483	ERP004605	Spain	Europe	Human	gut	NA	Medium	yes	sp000432135	MGnify
927	MGYG000243548	2774432	254	19581	58.27	87.27	1.45	GUT_GENOME024443	MGYG000002993	d__Bacteria;p__Firmicutes_A;c__Clostridia;o__Oscillospirales;f__Oscillospiraceae;g__CAG-170;s__CAG-170_sp000432135	ERS1444546	ERP019502	Kazakhstan	Asia	Human	gut	NA	Medium	yes	sp000432135	MGnify
928	MGYG000243861	2505630	133	29763	58.19	81.91	2.01	GUT_GENOME048306	MGYG000004248	d__Bacteria;p__Firmicutes_A;c__Clostridia;o__Oscillospirales;f__Oscillospiraceae;g__CAG-170;s__CAG-170_sp000436735	ERS1647312	ERP019674	Germany	Europe	Human	gut	NA	Medium	yes	sp000436735	MGnify
929	MGYG000244153	3382905	674	6334	55.91	76.81	4.65	GUT_GENOME118494	MGYG000002993	d__Bacteria;p__Firmicutes_A;c__Clostridia;o__Oscillospirales;f__Oscillospiraceae;g__CAG-170;s__CAG-170_sp000432135	ERS396410	ERP004605	Spain	Europe	Human	gut	NA	Medium	yes	sp000432135	MGnify
930	MGYG000244760	2519497	231	14629	60.57	92.28	1.73	GUT_GENOME047786	MGYG000000651	d__Bacteria;p__Firmicutes_A;c__Clostridia;o__Oscillospirales;f__Oscillospiraceae;g__CAG-170;s__CAG-170_sp002404795	ERS1647284	ERP019674	Germany	Europe	Human	gut	NA	High	yes	sp002404795	MGnify
931	MGYG000245060	2163802	186	17534	57.14	92.95	1.68	GUT_GENOME008051	MGYG000000369	d__Bacteria;p__Firmicutes_A;c__Clostridia;o__Oscillospirales;f__Oscillospiraceae;g__CAG-170;s__CAG-170_sp003516765	ERS554192	ERP007090	Sweden	Europe	Human	gut	NA	High	yes	sp003516765	MGnify
932	MGYG000245140	2098732	155	18502	57.32	86.8	2.3	GUT_GENOME186602	MGYG000000369	d__Bacteria;p__Firmicutes_A;c__Clostridia;o__Oscillospirales;f__Oscillospiraceae;g__CAG-170;s__CAG-170_sp003516765	SRS1771175	SRP091570	USA	North America	Human	gut	NA	Medium	yes	sp003516765	MGnify
933	MGYG000245506	2849256	557	7599	57.61	87.3	2.03	GUT_GENOME228089	MGYG000002993	d__Bacteria;p__Firmicutes_A;c__Clostridia;o__Oscillospirales;f__Oscillospiraceae;g__CAG-170;s__CAG-170_sp000432135	SRS294841	SRP008047	China	Asia	Human	gut	NA	Medium	yes	sp000432135	MGnify
934	MGYG000245526	1990170	519	4715	57.09	86.71	4.6	GUT_GENOME070259	MGYG000000369	d__Bacteria;p__Firmicutes_A;c__Clostridia;o__Oscillospirales;f__Oscillospiraceae;g__CAG-170;s__CAG-170_sp003516765	ERS396348	ERP004605	Denmark	Europe	Human	gut	NA	Medium	yes	sp003516765	MGnify
935	MGYG000245630	2624385	140	36987	58.88	92.62	2.68	GUT_GENOME082764	MGYG000002993	d__Bacteria;p__Firmicutes_A;c__Clostridia;o__Oscillospirales;f__Oscillospiraceae;g__CAG-170;s__CAG-170_sp000432135	ERS537262	ERP006678	China	Asia	Human	gut	NA	High	yes	sp000432135	MGnify
936	MGYG000246552	3136491	159	37402	55.56	92.62	1.01	GUT_GENOME116324	MGYG000000370	d__Bacteria;p__Firmicutes_A;c__Clostridia;o__Oscillospirales;f__Oscillospiraceae;g__CAG-170;s__CAG-170_sp900545925	ERS396342	ERP004605	Denmark	Europe	Human	gut	NA	High	yes	sp900545925	MGnify
937	MGYG000246734	2003624	344	7339	61.64	79.75	3.36	GUT_GENOME043647	MGYG000000651	d__Bacteria;p__Firmicutes_A;c__Clostridia;o__Oscillospirales;f__Oscillospiraceae;g__CAG-170;s__CAG-170_sp002404795	ERS1076040	ERP014480	Denmark	Europe	Human	gut	NA	Medium	yes	sp002404795	MGnify
938	MGYG000247270	2161923	504	5339	58.12	67.4	1.72	GUT_GENOME135974	MGYG000002993	d__Bacteria;p__Firmicutes_A;c__Clostridia;o__Oscillospirales;f__Oscillospiraceae;g__CAG-170;s__CAG-170_sp000432135	ERS199255	ERP002061	Spain	Europe	Human	gut	NA	Medium	yes	sp000432135	MGnify
939	MGYG000247744	2621174	621	4694	57.06	70.3	3.93	GUT_GENOME050218	MGYG000002993	d__Bacteria;p__Firmicutes_A;c__Clostridia;o__Oscillospirales;f__Oscillospiraceae;g__CAG-170;s__CAG-170_sp000432135	ERS199002	ERP002061	Denmark	Europe	Human	gut	NA	Medium	yes	sp000432135	MGnify
940	MGYG000248076	1965544	174	16698	57.43	87.64	4.03	GUT_GENOME025340	MGYG000000369	d__Bacteria;p__Firmicutes_A;c__Clostridia;o__Oscillospirales;f__Oscillospiraceae;g__CAG-170;s__CAG-170_sp003516765	ERS1444576	ERP019502	Kazakhstan	Asia	Human	gut	NA	Medium	yes	sp003516765	MGnify
941	MGYG000248447	2985882	115	45295	57.84	91.28	3.36	GUT_GENOME261555	MGYG000002993	d__Bacteria;p__Firmicutes_A;c__Clostridia;o__Oscillospirales;f__Oscillospiraceae;g__CAG-170;s__CAG-170_sp000432135	-	-	China	Asia	Human	gut	NA	High	yes	sp000432135	MGnify
942	MGYG000248717	1890034	309	7547	59.38	74.76	1.01	GUT_GENOME179808	MGYG000002993	d__Bacteria;p__Firmicutes_A;c__Clostridia;o__Oscillospirales;f__Oscillospiraceae;g__CAG-170;s__CAG-170_sp000432135	SRS1490014	SRP076119	USA	North America	Human	gut	NA	Medium	yes	sp000432135	MGnify
943	MGYG000248864	3176206	144	36838	55.96	93.23	2.68	GUT_GENOME282818	MGYG000000370	d__Bacteria;p__Firmicutes_A;c__Clostridia;o__Oscillospirales;f__Oscillospiraceae;g__CAG-170;s__CAG-170_sp900545925	ERS436667	ERP005534	France	Europe	Human	gut	NA	High	yes	sp900545925	MGnify
944	MGYG000249497	2712531	350	11874	56.46	89.31	3.52	GUT_GENOME258810	MGYG000000370	d__Bacteria;p__Firmicutes_A;c__Clostridia;o__Oscillospirales;f__Oscillospiraceae;g__CAG-170;s__CAG-170_sp900545925	ERS746876	ERP010700	UK	Europe	Human	gut	NA	Medium	yes	sp900545925	MGnify
945	MGYG000249950	2000876	393	6278	61.7	85.45	2.35	GUT_GENOME126645	MGYG000000651	d__Bacteria;p__Firmicutes_A;c__Clostridia;o__Oscillospirales;f__Oscillospiraceae;g__CAG-170;s__CAG-170_sp002404795	ERS1069678	ERP013827	Netherlands	Europe	Human	gut	NA	Medium	yes	sp002404795	MGnify
946	MGYG000250398	3541546	643	7031	55.47	90.41	3.02	GUT_GENOME016605	MGYG000000370	d__Bacteria;p__Firmicutes_A;c__Clostridia;o__Oscillospirales;f__Oscillospiraceae;g__CAG-170;s__CAG-170_sp900545925	SRS1997058	SRP100575	China	Asia	Human	gut	NA	High	yes	sp900545925	MGnify
947	MGYG000250523	2935264	87	55063	57.73	91.95	1.68	GUT_GENOME121948	MGYG000002993	d__Bacteria;p__Firmicutes_A;c__Clostridia;o__Oscillospirales;f__Oscillospiraceae;g__CAG-170;s__CAG-170_sp000432135	ERS396523	ERP004605	Spain	Europe	Human	gut	NA	High	yes	sp000432135	MGnify
948	MGYG000250633	1500378	574	3088	62.63	58.78	1.72	GUT_GENOME067036	MGYG000000651	d__Bacteria;p__Firmicutes_A;c__Clostridia;o__Oscillospirales;f__Oscillospiraceae;g__CAG-170;s__CAG-170_sp002404795	ERS235544	ERP002469	Sweden	Europe	Human	gut	NA	Medium	yes	sp002404795	MGnify
949	MGYG000251575	2877982	326	12717	58.11	88.67	2.35	GUT_GENOME153756	MGYG000002993	d__Bacteria;p__Firmicutes_A;c__Clostridia;o__Oscillospirales;f__Oscillospiraceae;g__CAG-170;s__CAG-170_sp000432135	ERS475133	ERP005860	China	Asia	Human	gut	NA	Medium	yes	sp000432135	MGnify
950	MGYG000251880	2538471	289	12129	58.86	89.1	3.36	GUT_GENOME027039	MGYG000002993	d__Bacteria;p__Firmicutes_A;c__Clostridia;o__Oscillospirales;f__Oscillospiraceae;g__CAG-170;s__CAG-170_sp000432135	ERS1444733	ERP019502	Germany	Europe	Human	gut	NA	Medium	yes	sp000432135	MGnify
951	MGYG000251885	2813227	397	10363	56.26	87.16	2.85	GUT_GENOME258526	MGYG000000370	d__Bacteria;p__Firmicutes_A;c__Clostridia;o__Oscillospirales;f__Oscillospiraceae;g__CAG-170;s__CAG-170_sp900545925	ERS746874	ERP010700	UK	Europe	Human	gut	NA	Medium	yes	sp900545925	MGnify
952	MGYG000251978	2257252	105	33814	61.15	92.21	1.34	GUT_GENOME025265	MGYG000000651	d__Bacteria;p__Firmicutes_A;c__Clostridia;o__Oscillospirales;f__Oscillospiraceae;g__CAG-170;s__CAG-170_sp002404795	ERS1444575	ERP019502	Kazakhstan	Asia	Human	gut	NA	High	yes	sp002404795	MGnify
953	MGYG000251992	1880249	103	25571	57.54	91.28	1.36	GUT_GENOME090830	MGYG000000369	d__Bacteria;p__Firmicutes_A;c__Clostridia;o__Oscillospirales;f__Oscillospiraceae;g__CAG-170;s__CAG-170_sp003516765	ERS631833	ERP008729	Austria	Europe	Human	gut	NA	High	yes	sp003516765	MGnify
954	MGYG000252068	2074657	263	10298	58.79	76.72	1.51	GUT_GENOME192466	MGYG000002993	d__Bacteria;p__Firmicutes_A;c__Clostridia;o__Oscillospirales;f__Oscillospiraceae;g__CAG-170;s__CAG-170_sp000432135	SRS1820436	SRP093965	USA	North America	Human	gut	NA	Medium	yes	sp000432135	MGnify
955	MGYG000252101	3039739	376	12648	56.97	88.69	1.85	GUT_GENOME125004	MGYG000000370	d__Bacteria;p__Firmicutes_A;c__Clostridia;o__Oscillospirales;f__Oscillospiraceae;g__CAG-170;s__CAG-170_sp900545925	ERS1138745	ERP015450	China	Asia	Human	gut	NA	Medium	yes	sp900545925	MGnify
956	MGYG000252131	2344382	244	14001	61.21	90.92	1.44	GUT_GENOME115750	MGYG000000651	d__Bacteria;p__Firmicutes_A;c__Clostridia;o__Oscillospirales;f__Oscillospiraceae;g__CAG-170;s__CAG-170_sp002404795	ERS396323	ERP004605	Denmark	Europe	Human	gut	NA	High	yes	sp002404795	MGnify
957	MGYG000252727	3121325	356	13084	55.56	87.57	1.34	GUT_GENOME112555	MGYG000000370	d__Bacteria;p__Firmicutes_A;c__Clostridia;o__Oscillospirales;f__Oscillospiraceae;g__CAG-170;s__CAG-170_sp900545925	ERS328952	ERP003612	Denmark	Europe	Human	gut	NA	Medium	yes	sp900545925	MGnify
958	MGYG000252958	2202948	260	12357	61.28	85.66	2.18	GUT_GENOME115376	MGYG000000651	d__Bacteria;p__Firmicutes_A;c__Clostridia;o__Oscillospirales;f__Oscillospiraceae;g__CAG-170;s__CAG-170_sp002404795	ERS396311	ERP004605	Denmark	Europe	Human	gut	NA	Medium	yes	sp002404795	MGnify
959	MGYG000253078	3179633	155	43103	55.58	93.29	1.68	GUT_GENOME258187	MGYG000000370	d__Bacteria;p__Firmicutes_A;c__Clostridia;o__Oscillospirales;f__Oscillospiraceae;g__CAG-170;s__CAG-170_sp900545925	ERS746803	ERP010700	UK	Europe	Human	gut	NA	High	yes	sp900545925	MGnify
960	MGYG000253232	2793827	207	19317	60.03	92.97	3.02	GUT_GENOME164747	MGYG000000651	d__Bacteria;p__Firmicutes_A;c__Clostridia;o__Oscillospirales;f__Oscillospiraceae;g__CAG-170;s__CAG-170_sp002404795	SRS576034	SRP040146	USA	North America	Human	gut	NA	High	yes	sp002404795	MGnify
961	MGYG000253403	1814075	131	18896	60.11	85.87	2.01	GUT_GENOME125448	MGYG000004248	d__Bacteria;p__Firmicutes_A;c__Clostridia;o__Oscillospirales;f__Oscillospiraceae;g__CAG-170;s__CAG-170_sp000436735	ERS1138770	ERP015450	China	Asia	Human	gut	NA	Medium	yes	sp000436735	MGnify
962	MGYG000254717	2357515	456	6704	58.12	72.78	2.8	GUT_GENOME222556	MGYG000002993	d__Bacteria;p__Firmicutes_A;c__Clostridia;o__Oscillospirales;f__Oscillospiraceae;g__CAG-170;s__CAG-170_sp000432135	SRS1596874	SRP080787	China	Asia	Human	gut	NA	Medium	yes	sp000432135	MGnify
963	MGYG000254954	2385796	204	20956	58.59	80.51	4.47	GUT_GENOME026805	MGYG000004248	d__Bacteria;p__Firmicutes_A;c__Clostridia;o__Oscillospirales;f__Oscillospiraceae;g__CAG-170;s__CAG-170_sp000436735	ERS1444624	ERP019502	Kazakhstan	Asia	Human	gut	NA	Medium	yes	sp000436735	MGnify
964	MGYG000255211	3263970	130	45614	57.43	95.3	3.08	GUT_GENOME047439	MGYG000002993	d__Bacteria;p__Firmicutes_A;c__Clostridia;o__Oscillospirales;f__Oscillospiraceae;g__CAG-170;s__CAG-170_sp000432135	ERS1647331	ERP019674	Germany	Europe	Human	gut	NA	High	yes	sp000432135	MGnify
965	MGYG000255259	1976418	776	2858	59.72	79.52	4.09	GUT_GENOME215725	MGYG000002993	d__Bacteria;p__Firmicutes_A;c__Clostridia;o__Oscillospirales;f__Oscillospiraceae;g__CAG-170;s__CAG-170_sp000432135	SRS047014	SRP002163	USA	North America	Human	gut	NA	Medium	yes	sp000432135	MGnify
966	MGYG000255833	2005234	406	6316	59.53	81.39	1.51	GUT_GENOME283042	MGYG000002034	d__Bacteria;p__Firmicutes_A;c__Clostridia;o__Oscillospirales;f__Oscillospiraceae;g__CAG-170;s__CAG-170_sp900553545	ERS436657	ERP005534	France	Europe	Human	gut	NA	Medium	yes	sp900553545	MGnify
967	MGYG000256246	2715433	92	59076	58.16	94.63	2.01	GUT_GENOME275889	MGYG000002993	d__Bacteria;p__Firmicutes_A;c__Clostridia;o__Oscillospirales;f__Oscillospiraceae;g__CAG-170;s__CAG-170_sp000432135	ERS972202	ERP012929	Israel	Asia	Human	gut	NA	High	yes	sp000432135	MGnify
968	MGYG000256542	2310321	361	8787	59	86.89	2.35	GUT_GENOME284030	MGYG000002993	d__Bacteria;p__Firmicutes_A;c__Clostridia;o__Oscillospirales;f__Oscillospiraceae;g__CAG-170;s__CAG-170_sp000432135	ERS436761	ERP005534	France	Europe	Human	gut	NA	Medium	yes	sp000432135	MGnify
969	MGYG000256769	2512446	165	24689	60.75	91.28	0.75	GUT_GENOME096908	MGYG000000651	d__Bacteria;p__Firmicutes_A;c__Clostridia;o__Oscillospirales;f__Oscillospiraceae;g__CAG-170;s__CAG-170_sp002404795	SRS584971	SRP040765	USA	North America	Human	gut	NA	High	yes	sp002404795	MGnify
970	MGYG000257101	2417059	73	56080	58.46	91.48	2.01	GUT_GENOME208220	MGYG000002993	d__Bacteria;p__Firmicutes_A;c__Clostridia;o__Oscillospirales;f__Oscillospiraceae;g__CAG-170;s__CAG-170_sp000432135	SRS1914281	SRP096283	USA	North America	Human	gut	NA	High	yes	sp000432135	MGnify
971	MGYG000257109	1812356	68	51249	59.32	82.57	0.67	GUT_GENOME246658	MGYG000000741	d__Bacteria;p__Firmicutes_A;c__Clostridia;o__Oscillospirales;f__Oscillospiraceae;g__CAG-170;s__CAG-170_sp900548625	ERS1066674	ERP013933	USA	North America	Human	gut	NA	Medium	yes	sp900548625	MGnify
972	MGYG000257281	2492410	82	46042	58.56	91.61	1.68	GUT_GENOME039599	MGYG000002993	d__Bacteria;p__Firmicutes_A;c__Clostridia;o__Oscillospirales;f__Oscillospiraceae;g__CAG-170;s__CAG-170_sp000432135	ERS1066672	ERP013933	USA	North America	Human	gut	NA	High	yes	sp000432135	MGnify
973	MGYG000257409	2628217	96	45908	58.43	91.95	1.36	GUT_GENOME125504	MGYG000002993	d__Bacteria;p__Firmicutes_A;c__Clostridia;o__Oscillospirales;f__Oscillospiraceae;g__CAG-170;s__CAG-170_sp000432135	ERS1138742	ERP015450	China	Asia	Human	gut	NA	High	yes	sp000432135	MGnify
974	MGYG000257518	2248645	383	7099	58.34	82.95	3.04	GUT_GENOME073678	MGYG000002993	d__Bacteria;p__Firmicutes_A;c__Clostridia;o__Oscillospirales;f__Oscillospiraceae;g__CAG-170;s__CAG-170_sp000432135	ERS396483	ERP004605	Spain	Europe	Human	gut	NA	Medium	yes	sp000432135	MGnify
975	MGYG000257742	1980943	111	26440	57.14	87.77	0	GUT_GENOME034959	MGYG000002710	d__Bacteria;p__Firmicutes_A;c__Clostridia;o__Oscillospirales;f__Oscillospiraceae;g__CAG-170;s__CAG-170_sp900549635	ERS1015898	ERP013563	China	Asia	Human	gut	NA	Medium	yes	sp900549635	MGnify
976	MGYG000257834	2404245	216	19076	58.54	91.77	2.35	GUT_GENOME119507	MGYG000000741	d__Bacteria;p__Firmicutes_A;c__Clostridia;o__Oscillospirales;f__Oscillospiraceae;g__CAG-170;s__CAG-170_sp900548625	ERS396446	ERP004605	Spain	Europe	Human	gut	NA	High	yes	sp900548625	MGnify
977	MGYG000258047	2778071	426	9573	58.02	88.59	2.91	GUT_GENOME245037	MGYG000002993	d__Bacteria;p__Firmicutes_A;c__Clostridia;o__Oscillospirales;f__Oscillospiraceae;g__CAG-170;s__CAG-170_sp000432135	ERS1066725	ERP013933	USA	North America	Human	gut	NA	Medium	yes	sp000432135	MGnify
978	MGYG000258316	2287051	410	6215	58.7	75.34	4.5	GUT_GENOME220460	MGYG000002993	d__Bacteria;p__Firmicutes_A;c__Clostridia;o__Oscillospirales;f__Oscillospiraceae;g__CAG-170;s__CAG-170_sp000432135	SRS1596795	SRP080787	Mongolia	Asia	Human	gut	NA	Medium	yes	sp000432135	MGnify
979	MGYG000258425	1708436	369	5670	57.59	64.11	0	GUT_GENOME256286	MGYG000000369	d__Bacteria;p__Firmicutes_A;c__Clostridia;o__Oscillospirales;f__Oscillospiraceae;g__CAG-170;s__CAG-170_sp003516765	ERS746782	ERP010700	UK	Europe	Human	gut	NA	Medium	yes	sp003516765	MGnify
980	MGYG000258606	3057342	271	16322	57.5	91.95	3.51	GUT_GENOME157486	MGYG000002993	d__Bacteria;p__Firmicutes_A;c__Clostridia;o__Oscillospirales;f__Oscillospiraceae;g__CAG-170;s__CAG-170_sp000432135	SRS883067	SRP056480	Italy	Europe	Human	gut	NA	High	yes	sp000432135	MGnify
981	MGYG000259164	2801416	592	5845	55.84	61.85	2.35	GUT_GENOME012417	MGYG000000370	d__Bacteria;p__Firmicutes_A;c__Clostridia;o__Oscillospirales;f__Oscillospiraceae;g__CAG-170;s__CAG-170_sp900545925	SRS475984	SRP029441	Fiji	Oceania	Human	gut	NA	Medium	yes	sp900545925	MGnify
982	MGYG000259300	2795518	309	11729	58.19	90.56	1.68	GUT_GENOME236279	MGYG000002993	d__Bacteria;p__Firmicutes_A;c__Clostridia;o__Oscillospirales;f__Oscillospiraceae;g__CAG-170;s__CAG-170_sp000432135	SRS476154	SRP029441	Fiji	Oceania	Human	gut	NA	High	yes	sp000432135	MGnify
983	MGYG000259492	2422979	29	112525	58.44	87.25	1.01	GUT_GENOME021728	MGYG000002993	d__Bacteria;p__Firmicutes_A;c__Clostridia;o__Oscillospirales;f__Oscillospiraceae;g__CAG-170;s__CAG-170_sp000432135	ERS1444459	ERP019502	Kazakhstan	Asia	Human	gut	NA	Medium	yes	sp000432135	MGnify
984	MGYG000260572	2728107	427	8657	57.94	86.21	3.42	GUT_GENOME139008	MGYG000002993	d__Bacteria;p__Firmicutes_A;c__Clostridia;o__Oscillospirales;f__Oscillospiraceae;g__CAG-170;s__CAG-170_sp000432135	ERS199395	ERP002061	Spain	Europe	Human	gut	NA	Medium	yes	sp000432135	MGnify
985	MGYG000260722	2001992	347	6745	58.92	70.48	3.02	GUT_GENOME216646	MGYG000002993	d__Bacteria;p__Firmicutes_A;c__Clostridia;o__Oscillospirales;f__Oscillospiraceae;g__CAG-170;s__CAG-170_sp000432135	SRS063190	SRP002163	USA	North America	Human	gut	NA	Medium	yes	sp000432135	MGnify
986	MGYG000260969	1723085	505	3724	61.41	74.8	1.12	GUT_GENOME101144	MGYG000000651	d__Bacteria;p__Firmicutes_A;c__Clostridia;o__Oscillospirales;f__Oscillospiraceae;g__CAG-170;s__CAG-170_sp002404795	SRS015782	SRP002163	USA	North America	Human	gut	NA	Medium	yes	sp002404795	MGnify
987	MGYG000261275	1630338	660	2780	57.57	70.86	2.35	GUT_GENOME088988	MGYG000000369	d__Bacteria;p__Firmicutes_A;c__Clostridia;o__Oscillospirales;f__Oscillospiraceae;g__CAG-170;s__CAG-170_sp003516765	ERS608558	ERP008729	Austria	Europe	Human	gut	NA	Medium	yes	sp003516765	MGnify
988	MGYG000261881	2121380	294	9369	61.6	88.87	2.01	GUT_GENOME285920	MGYG000000651	d__Bacteria;p__Firmicutes_A;c__Clostridia;o__Oscillospirales;f__Oscillospiraceae;g__CAG-170;s__CAG-170_sp002404795	ERS436817	ERP005534	Germany	Europe	Human	gut	NA	Medium	yes	sp002404795	MGnify
989	MGYG000261971	3395743	146	53674	57.19	92.62	3.26	GUT_GENOME255887	MGYG000002993	d__Bacteria;p__Firmicutes_A;c__Clostridia;o__Oscillospirales;f__Oscillospiraceae;g__CAG-170;s__CAG-170_sp000432135	ERS746946	ERP010700	UK	Europe	Human	gut	NA	High	yes	sp000432135	MGnify
990	MGYG000262436	2423161	589	5276	58.34	83.97	4.42	GUT_GENOME226999	MGYG000002993	d__Bacteria;p__Firmicutes_A;c__Clostridia;o__Oscillospirales;f__Oscillospiraceae;g__CAG-170;s__CAG-170_sp000432135	SRS259537	SRP008047	China	Asia	Human	gut	NA	Medium	yes	sp000432135	MGnify
991	MGYG000262553	2017443	207	13029	61.77	84.64	0	GUT_GENOME044230	MGYG000000651	d__Bacteria;p__Firmicutes_A;c__Clostridia;o__Oscillospirales;f__Oscillospiraceae;g__CAG-170;s__CAG-170_sp002404795	ERS1076059	ERP014480	Denmark	Europe	Human	gut	NA	Medium	yes	sp002404795	MGnify
992	MGYG000262772	1829658	397	5366	57.57	79.03	2.47	GUT_GENOME007471	MGYG000002710	d__Bacteria;p__Firmicutes_A;c__Clostridia;o__Oscillospirales;f__Oscillospiraceae;g__CAG-170;s__CAG-170_sp900549635	ERS554201	ERP007090	Sweden	Europe	Human	gut	NA	Medium	yes	sp900549635	MGnify
993	MGYG000263260	1806355	190	13760	57.94	85.7	0.67	GUT_GENOME127689	MGYG000000369	d__Bacteria;p__Firmicutes_A;c__Clostridia;o__Oscillospirales;f__Oscillospiraceae;g__CAG-170;s__CAG-170_sp003516765	SRS1596796	SRP080787	Mongolia	Asia	Human	gut	NA	Medium	yes	sp003516765	MGnify
994	MGYG000263752	2708315	286	15445	58.48	89.54	3.29	GUT_GENOME274632	MGYG000004248	d__Bacteria;p__Firmicutes_A;c__Clostridia;o__Oscillospirales;f__Oscillospiraceae;g__CAG-170;s__CAG-170_sp000436735	ERS972137	ERP012929	Israel	Asia	Human	gut	NA	Medium	yes	sp000436735	MGnify
995	MGYG000264057	1698828	614	2890	57.9	60.85	0	GUT_GENOME162036	MGYG000002993	d__Bacteria;p__Firmicutes_A;c__Clostridia;o__Oscillospirales;f__Oscillospiraceae;g__CAG-170;s__CAG-170_sp000432135	SRS1876673	SRP095580	Netherlands	Europe	Human	gut	NA	Medium	yes	sp000432135	MGnify
996	MGYG000264144	2734805	57	80070	58.05	92.95	1.34	GUT_GENOME251719	MGYG000002993	d__Bacteria;p__Firmicutes_A;c__Clostridia;o__Oscillospirales;f__Oscillospiraceae;g__CAG-170;s__CAG-170_sp000432135	ERS746720	ERP010700	UK	Europe	Human	gut	NA	High	yes	sp000432135	MGnify
997	MGYG000264508	2761204	618	6286	58.74	91.57	3.61	GUT_GENOME070704	MGYG000002993	d__Bacteria;p__Firmicutes_A;c__Clostridia;o__Oscillospirales;f__Oscillospiraceae;g__CAG-170;s__CAG-170_sp000432135	ERS396366	ERP004605	Denmark	Europe	Human	gut	NA	High	yes	sp000432135	MGnify
998	MGYG000264676	1693735	356	5360	59.34	71.12	2.24	GUT_GENOME211780	MGYG000002993	d__Bacteria;p__Firmicutes_A;c__Clostridia;o__Oscillospirales;f__Oscillospiraceae;g__CAG-170;s__CAG-170_sp000432135	SRS1914009	SRP096283	USA	North America	Human	gut	NA	Medium	yes	sp000432135	MGnify
999	MGYG000265153	2647573	668	4565	55.95	62.38	2.41	GUT_GENOME018528	MGYG000000370	d__Bacteria;p__Firmicutes_A;c__Clostridia;o__Oscillospirales;f__Oscillospiraceae;g__CAG-170;s__CAG-170_sp900545925	SRS3638662	SRP156699	Madagascar	Africa	Human	gut	NA	Medium	yes	sp900545925	MGnify
1000	MGYG000265197	2882009	247	18458	57.86	90.84	2.01	GUT_GENOME262247	MGYG000002993	d__Bacteria;p__Firmicutes_A;c__Clostridia;o__Oscillospirales;f__Oscillospiraceae;g__CAG-170;s__CAG-170_sp000432135	-	-	China	Asia	Human	gut	NA	High	yes	sp000432135	MGnify
1001	MGYG000265303	2502749	141	25398	56.63	93.29	4.94	GUT_GENOME175516	MGYG000002710	d__Bacteria;p__Firmicutes_A;c__Clostridia;o__Oscillospirales;f__Oscillospiraceae;g__CAG-170;s__CAG-170_sp900549635	SRS1158761	SRP066053	USA	North America	Human	gut	NA	High	yes	sp900549635	MGnify
1002	MGYG000265442	2331838	303	11053	58.68	78.09	1.85	GUT_GENOME115391	MGYG000002993	d__Bacteria;p__Firmicutes_A;c__Clostridia;o__Oscillospirales;f__Oscillospiraceae;g__CAG-170;s__CAG-170_sp000432135	ERS396311	ERP004605	Denmark	Europe	Human	gut	NA	Medium	yes	sp000432135	MGnify
1003	MGYG000265618	2533986	186	21478	58.63	92.71	2.01	GUT_GENOME138109	MGYG000002993	d__Bacteria;p__Firmicutes_A;c__Clostridia;o__Oscillospirales;f__Oscillospiraceae;g__CAG-170;s__CAG-170_sp000432135	ERS199364	ERP002061	Spain	Europe	Human	gut	NA	High	yes	sp000432135	MGnify
1004	MGYG000265779	3089720	140	38545	55.97	92.62	1.85	GUT_GENOME277696	MGYG000000370	d__Bacteria;p__Firmicutes_A;c__Clostridia;o__Oscillospirales;f__Oscillospiraceae;g__CAG-170;s__CAG-170_sp900545925	ERS972305	ERP012929	Israel	Asia	Human	gut	NA	High	yes	sp900545925	MGnify
1005	MGYG000266035	3408093	83	78855	55.66	94.63	1.68	GUT_GENOME065883	MGYG000000370	d__Bacteria;p__Firmicutes_A;c__Clostridia;o__Oscillospirales;f__Oscillospiraceae;g__CAG-170;s__CAG-170_sp900545925	ERS746718	ERP010700	UK	Europe	Human	gut	NA	High	yes	sp900545925	MGnify
1006	MGYG000266240	2471532	166	31403	59.13	90.6	1.34	GUT_GENOME074854	MGYG000002993	d__Bacteria;p__Firmicutes_A;c__Clostridia;o__Oscillospirales;f__Oscillospiraceae;g__CAG-170;s__CAG-170_sp000432135	ERS396517	ERP004605	Spain	Europe	Human	gut	NA	High	yes	sp000432135	MGnify
1007	MGYG000266286	2225201	92	34384	56.94	92.74	1.85	GUT_GENOME188812	MGYG000000369	d__Bacteria;p__Firmicutes_A;c__Clostridia;o__Oscillospirales;f__Oscillospiraceae;g__CAG-170;s__CAG-170_sp003516765	SRS1820213	SRP093965	USA	North America	Human	gut	NA	High	yes	sp003516765	MGnify
1008	MGYG000266564	2715757	80	54624	57.85	93.29	1.51	GUT_GENOME152898	MGYG000004248	d__Bacteria;p__Firmicutes_A;c__Clostridia;o__Oscillospirales;f__Oscillospiraceae;g__CAG-170;s__CAG-170_sp000436735	-	-	China	Asia	Human	gut	NA	High	yes	sp000436735	MGnify
1009	MGYG000267278	2960980	321	15038	57.38	89.56	1.9	GUT_GENOME120424	MGYG000002993	d__Bacteria;p__Firmicutes_A;c__Clostridia;o__Oscillospirales;f__Oscillospiraceae;g__CAG-170;s__CAG-170_sp000432135	ERS396481	ERP004605	Spain	Europe	Human	gut	NA	Medium	yes	sp000432135	MGnify
1010	MGYG000267332	2026982	317	8183	61.89	87.75	1.91	GUT_GENOME160891	MGYG000000651	d__Bacteria;p__Firmicutes_A;c__Clostridia;o__Oscillospirales;f__Oscillospiraceae;g__CAG-170;s__CAG-170_sp002404795	SRS1876563	SRP095580	Netherlands	Europe	Human	gut	NA	Medium	yes	sp002404795	MGnify
1011	MGYG000267391	2525994	237	16989	61.05	93.96	2.34	GUT_GENOME215519	MGYG000000651	d__Bacteria;p__Firmicutes_A;c__Clostridia;o__Oscillospirales;f__Oscillospiraceae;g__CAG-170;s__CAG-170_sp002404795	SRS042966	SRP002163	USA	North America	Human	gut	NA	High	yes	sp002404795	MGnify
1012	MGYG000267759	2066578	91	41507	59.84	93.96	1.48	GUT_GENOME276335	MGYG000004248	d__Bacteria;p__Firmicutes_A;c__Clostridia;o__Oscillospirales;f__Oscillospiraceae;g__CAG-170;s__CAG-170_sp000436735	ERS972227	ERP012929	Israel	Asia	Human	gut	NA	High	yes	sp000436735	MGnify
1013	MGYG000267941	3165461	139	43253	55.74	93.79	4.36	GUT_GENOME094269	MGYG000000370	d__Bacteria;p__Firmicutes_A;c__Clostridia;o__Oscillospirales;f__Oscillospiraceae;g__CAG-170;s__CAG-170_sp900545925	ERS608539	ERP008729	Austria	Europe	Human	gut	NA	High	yes	sp900545925	MGnify
1014	MGYG000268050	2915298	299	16023	57.53	92.95	3.3	GUT_GENOME270590	MGYG000002993	d__Bacteria;p__Firmicutes_A;c__Clostridia;o__Oscillospirales;f__Oscillospiraceae;g__CAG-170;s__CAG-170_sp000432135	ERS971956	ERP012929	Israel	Asia	Human	gut	NA	High	yes	sp000432135	MGnify
1015	MGYG000268377	3233896	86	79591	56.02	93.96	1.01	GUT_GENOME282382	MGYG000000370	d__Bacteria;p__Firmicutes_A;c__Clostridia;o__Oscillospirales;f__Oscillospiraceae;g__CAG-170;s__CAG-170_sp900545925	ERS436782	ERP005534	France	Europe	Human	gut	NA	High	yes	sp900545925	MGnify
1016	MGYG000268602	2772636	265	16524	56.31	92.39	2.95	GUT_GENOME116567	MGYG000000370	d__Bacteria;p__Firmicutes_A;c__Clostridia;o__Oscillospirales;f__Oscillospiraceae;g__CAG-170;s__CAG-170_sp900545925	ERS396351	ERP004605	Denmark	Europe	Human	gut	NA	High	yes	sp900545925	MGnify
1017	MGYG000268768	2321441	353	9410	61.4	80.77	2.96	GUT_GENOME257305	MGYG000000651	d__Bacteria;p__Firmicutes_A;c__Clostridia;o__Oscillospirales;f__Oscillospiraceae;g__CAG-170;s__CAG-170_sp002404795	ERS746793	ERP010700	UK	Europe	Human	gut	NA	Medium	yes	sp002404795	MGnify
1018	MGYG000269180	1438008	271	5776	61.5	64.25	2.01	GUT_GENOME075478	MGYG000000651	d__Bacteria;p__Firmicutes_A;c__Clostridia;o__Oscillospirales;f__Oscillospiraceae;g__CAG-170;s__CAG-170_sp002404795	ERS396541	ERP004605	Spain	Europe	Human	gut	NA	Medium	yes	sp002404795	MGnify
1019	MGYG000269626	1830542	557	3614	56.63	65.46	2.01	GUT_GENOME132020	MGYG000000369	d__Bacteria;p__Firmicutes_A;c__Clostridia;o__Oscillospirales;f__Oscillospiraceae;g__CAG-170;s__CAG-170_sp003516765	-	-	Germany	Europe	Human	gut	NA	Medium	yes	sp003516765	MGnify
1020	MGYG000269833	2414279	294	10620	58.62	84.81	2.35	GUT_GENOME060048	MGYG000002993	d__Bacteria;p__Firmicutes_A;c__Clostridia;o__Oscillospirales;f__Oscillospiraceae;g__CAG-170;s__CAG-170_sp000432135	ERS473174	ERP005989	Denmark	Europe	Human	gut	NA	Medium	yes	sp000432135	MGnify
1021	MGYG000270257	3215858	82	73001	55.78	94.63	1.01	GUT_GENOME195741	MGYG000000370	d__Bacteria;p__Firmicutes_A;c__Clostridia;o__Oscillospirales;f__Oscillospiraceae;g__CAG-170;s__CAG-170_sp900545925	SRS1858732	SRP095060	China	Asia	Human	gut	NA	High	yes	sp900545925	MGnify
1022	MGYG000271198	2186583	87	39330	59.12	87.72	2.01	GUT_GENOME048284	MGYG000004248	d__Bacteria;p__Firmicutes_A;c__Clostridia;o__Oscillospirales;f__Oscillospiraceae;g__CAG-170;s__CAG-170_sp000436735	ERS1647312	ERP019674	Germany	Europe	Human	gut	NA	Medium	yes	sp000436735	MGnify
1023	MGYG000271237	1619963	381	4655	61.38	59.07	0.78	GUT_GENOME197279	MGYG000000651	d__Bacteria;p__Firmicutes_A;c__Clostridia;o__Oscillospirales;f__Oscillospiraceae;g__CAG-170;s__CAG-170_sp002404795	SRS1876540	SRP095580	Netherlands	Europe	Human	gut	NA	Medium	yes	sp002404795	MGnify
1024	MGYG000271424	1874571	481	4480	57.27	82.29	2.68	GUT_GENOME270740	MGYG000000369	d__Bacteria;p__Firmicutes_A;c__Clostridia;o__Oscillospirales;f__Oscillospiraceae;g__CAG-170;s__CAG-170_sp003516765	ERS971963	ERP012929	Israel	Asia	Human	gut	NA	Medium	yes	sp003516765	MGnify
1025	MGYG000271990	1886299	173	16497	57.42	84.55	0.67	GUT_GENOME159411	MGYG000002710	d__Bacteria;p__Firmicutes_A;c__Clostridia;o__Oscillospirales;f__Oscillospiraceae;g__CAG-170;s__CAG-170_sp900549635	ERS634936	ERP009131	Canada	North America	Human	gut	NA	Medium	yes	sp900549635	MGnify
1026	MGYG000272237	2576554	290	13698	58.58	87.96	3.92	GUT_GENOME222193	MGYG000002993	d__Bacteria;p__Firmicutes_A;c__Clostridia;o__Oscillospirales;f__Oscillospiraceae;g__CAG-170;s__CAG-170_sp000432135	SRS1596863	SRP080787	China	Asia	Human	gut	NA	Medium	yes	sp000432135	MGnify
1027	MGYG000272422	2858885	80	73874	58	93.29	3.38	GUT_GENOME048159	MGYG000002993	d__Bacteria;p__Firmicutes_A;c__Clostridia;o__Oscillospirales;f__Oscillospiraceae;g__CAG-170;s__CAG-170_sp000432135	ERS1647292	ERP019674	Germany	Europe	Human	gut	NA	High	yes	sp000432135	MGnify
1028	MGYG000273109	2321010	361	8882	58.8	89.11	1.2	GUT_GENOME136714	MGYG000002993	d__Bacteria;p__Firmicutes_A;c__Clostridia;o__Oscillospirales;f__Oscillospiraceae;g__CAG-170;s__CAG-170_sp000432135	ERS199293	ERP002061	Spain	Europe	Human	gut	NA	Medium	yes	sp000432135	MGnify
1029	MGYG000273964	2473446	238	17347	58.89	89.57	3.08	GUT_GENOME253240	MGYG000002993	d__Bacteria;p__Firmicutes_A;c__Clostridia;o__Oscillospirales;f__Oscillospiraceae;g__CAG-170;s__CAG-170_sp000432135	ERS746742	ERP010700	UK	Europe	Human	gut	NA	Medium	yes	sp000432135	MGnify
1030	MGYG000274163	1464245	706	2193	57.47	68.03	2.21	GUT_GENOME067158	MGYG000000369	d__Bacteria;p__Firmicutes_A;c__Clostridia;o__Oscillospirales;f__Oscillospiraceae;g__CAG-170;s__CAG-170_sp003516765	ERS235548	ERP002469	Sweden	Europe	Human	gut	NA	Medium	yes	sp003516765	MGnify
1031	MGYG000274282	2758433	211	18469	56.19	91.21	1.68	GUT_GENOME248497	MGYG000002710	d__Bacteria;p__Firmicutes_A;c__Clostridia;o__Oscillospirales;f__Oscillospiraceae;g__CAG-170;s__CAG-170_sp900549635	SRS1846768	SRP094805	China	Asia	Human	gut	NA	High	yes	sp900549635	MGnify
1032	MGYG000274483	2753851	299	13856	58.18	90.55	1.36	GUT_GENOME017161	MGYG000002993	d__Bacteria;p__Firmicutes_A;c__Clostridia;o__Oscillospirales;f__Oscillospiraceae;g__CAG-170;s__CAG-170_sp000432135	SRS1997008	SRP100575	China	Asia	Human	gut	NA	High	yes	sp000432135	MGnify
1033	MGYG000275383	2111158	221	14187	59.94	90.02	4.03	GUT_GENOME091158	MGYG000002034	d__Bacteria;p__Firmicutes_A;c__Clostridia;o__Oscillospirales;f__Oscillospiraceae;g__CAG-170;s__CAG-170_sp900553545	ERS608602	ERP008729	Austria	Europe	Human	gut	NA	High	yes	sp900553545	MGnify
1034	MGYG000275477	2350028	170	23693	61.43	91.67	1.34	GUT_GENOME251792	MGYG000000651	d__Bacteria;p__Firmicutes_A;c__Clostridia;o__Oscillospirales;f__Oscillospiraceae;g__CAG-170;s__CAG-170_sp002404795	ERS746721	ERP010700	UK	Europe	Human	gut	NA	High	yes	sp002404795	MGnify
1035	MGYG000276446	2630083	234	18551	58.21	93.65	2.39	GUT_GENOME210087	MGYG000000741	d__Bacteria;p__Firmicutes_A;c__Clostridia;o__Oscillospirales;f__Oscillospiraceae;g__CAG-170;s__CAG-170_sp900548625	SRS1905727	SRP096283	USA	North America	Human	gut	NA	High	yes	sp900548625	MGnify
1036	MGYG000276780	2599728	270	14176	58.69	91.41	2.77	GUT_GENOME093255	MGYG000002993	d__Bacteria;p__Firmicutes_A;c__Clostridia;o__Oscillospirales;f__Oscillospiraceae;g__CAG-170;s__CAG-170_sp000432135	ERS608526	ERP008729	Austria	Europe	Human	gut	NA	High	yes	sp000432135	MGnify
1037	MGYG000277379	2076080	132	24600	59.82	91.58	2.68	GUT_GENOME122981	MGYG000004248	d__Bacteria;p__Firmicutes_A;c__Clostridia;o__Oscillospirales;f__Oscillospiraceae;g__CAG-170;s__CAG-170_sp000436735	ERS1138810	ERP015450	China	Asia	Human	gut	NA	High	yes	sp000436735	MGnify
1038	MGYG000277434	1904646	223	12942	57.75	89.83	1.68	GUT_GENOME111085	MGYG000000369	d__Bacteria;p__Firmicutes_A;c__Clostridia;o__Oscillospirales;f__Oscillospiraceae;g__CAG-170;s__CAG-170_sp003516765	ERS328910	ERP003612	Denmark	Europe	Human	gut	NA	Medium	yes	sp003516765	MGnify
1039	MGYG000277599	2372709	623	4429	56.37	79.22	1.31	GUT_GENOME114847	MGYG000000370	d__Bacteria;p__Firmicutes_A;c__Clostridia;o__Oscillospirales;f__Oscillospiraceae;g__CAG-170;s__CAG-170_sp900545925	ERS396295	ERP004605	Denmark	Europe	Human	gut	NA	Medium	yes	sp900545925	MGnify
1040	MGYG000277651	2856690	311	14033	56.06	91.01	3.02	GUT_GENOME111880	MGYG000000370	d__Bacteria;p__Firmicutes_A;c__Clostridia;o__Oscillospirales;f__Oscillospiraceae;g__CAG-170;s__CAG-170_sp900545925	ERS328932	ERP003612	Denmark	Europe	Human	gut	NA	High	yes	sp900545925	MGnify
1041	MGYG000277867	2774561	99	59487	58.32	93.96	3.69	GUT_GENOME246498	MGYG000002993	d__Bacteria;p__Firmicutes_A;c__Clostridia;o__Oscillospirales;f__Oscillospiraceae;g__CAG-170;s__CAG-170_sp000432135	ERS1066661	ERP013933	USA	North America	Human	gut	NA	High	yes	sp000432135	MGnify
1042	MGYG000278586	3386124	115	61279	55.4	94.63	1.4	GUT_GENOME254361	MGYG000000370	d__Bacteria;p__Firmicutes_A;c__Clostridia;o__Oscillospirales;f__Oscillospiraceae;g__CAG-170;s__CAG-170_sp900545925	ERS746894	ERP010700	UK	Europe	Human	gut	NA	High	yes	sp900545925	MGnify
1043	MGYG000278596	2615079	111	39268	60.4	94.63	1.34	GUT_GENOME091511	MGYG000000651	d__Bacteria;p__Firmicutes_A;c__Clostridia;o__Oscillospirales;f__Oscillospiraceae;g__CAG-170;s__CAG-170_sp002404795	ERS608605	ERP008729	Austria	Europe	Human	gut	NA	High	yes	sp002404795	MGnify
1044	MGYG000279091	2162205	65	77682	57.25	89.45	0.67	GUT_GENOME159039	MGYG000000369	d__Bacteria;p__Firmicutes_A;c__Clostridia;o__Oscillospirales;f__Oscillospiraceae;g__CAG-170;s__CAG-170_sp003516765	ERS634908	ERP009131	Canada	North America	Human	gut	NA	Medium	yes	sp003516765	MGnify
1045	MGYG000279216	2216617	185	17886	61.32	87.4	1.9	GUT_GENOME164899	MGYG000000651	d__Bacteria;p__Firmicutes_A;c__Clostridia;o__Oscillospirales;f__Oscillospiraceae;g__CAG-170;s__CAG-170_sp002404795	SRS576042	SRP040146	USA	North America	Human	gut	NA	Medium	yes	sp002404795	MGnify
1046	MGYG000279358	1997396	181	17287	57.3	85.48	3.36	GUT_GENOME194098	MGYG000000369	d__Bacteria;p__Firmicutes_A;c__Clostridia;o__Oscillospirales;f__Oscillospiraceae;g__CAG-170;s__CAG-170_sp003516765	SRS1820460	SRP093965	USA	North America	Human	gut	NA	Medium	yes	sp003516765	MGnify
1047	MGYG000279627	2786375	325	11030	58.14	89.54	3.42	GUT_GENOME208440	MGYG000002993	d__Bacteria;p__Firmicutes_A;c__Clostridia;o__Oscillospirales;f__Oscillospiraceae;g__CAG-170;s__CAG-170_sp000432135	SRS1905680	SRP096283	USA	North America	Human	gut	NA	Medium	yes	sp000432135	MGnify
1048	MGYG000279812	2236601	284	10996	61.88	91.82	0.73	GUT_GENOME158303	MGYG000000651	d__Bacteria;p__Firmicutes_A;c__Clostridia;o__Oscillospirales;f__Oscillospiraceae;g__CAG-170;s__CAG-170_sp002404795	ERS634948	ERP009131	Canada	North America	Human	gut	NA	High	yes	sp002404795	MGnify
1049	MGYG000279859	2014618	137	22086	59.41	87.58	0.89	GUT_GENOME126481	MGYG000002993	d__Bacteria;p__Firmicutes_A;c__Clostridia;o__Oscillospirales;f__Oscillospiraceae;g__CAG-170;s__CAG-170_sp000432135	ERS1069670	ERP013827	Netherlands	Europe	Human	gut	NA	Medium	yes	sp000432135	MGnify
1050	MGYG000279992	2762231	144	28512	57.58	86.02	4.5	GUT_GENOME040609	MGYG000002993	d__Bacteria;p__Firmicutes_A;c__Clostridia;o__Oscillospirales;f__Oscillospiraceae;g__CAG-170;s__CAG-170_sp000432135	ERS1066702	ERP013933	USA	North America	Human	gut	NA	Medium	yes	sp000432135	MGnify
1051	MGYG000280147	2052888	230	12807	61.73	84.92	1.68	GUT_GENOME194111	MGYG000000651	d__Bacteria;p__Firmicutes_A;c__Clostridia;o__Oscillospirales;f__Oscillospiraceae;g__CAG-170;s__CAG-170_sp002404795	SRS1820460	SRP093965	USA	North America	Human	gut	NA	Medium	yes	sp002404795	MGnify
1052	MGYG000280318	1791899	425	5220	57.88	75.9	2.47	GUT_GENOME221644	MGYG000000369	d__Bacteria;p__Firmicutes_A;c__Clostridia;o__Oscillospirales;f__Oscillospiraceae;g__CAG-170;s__CAG-170_sp003516765	SRS1596845	SRP080787	Mongolia	Asia	Human	gut	NA	Medium	yes	sp003516765	MGnify
1053	MGYG000280737	2072783	309	8862	59.32	74.8	4.72	GUT_GENOME199936	MGYG000002993	d__Bacteria;p__Firmicutes_A;c__Clostridia;o__Oscillospirales;f__Oscillospiraceae;g__CAG-170;s__CAG-170_sp000432135	SRS1997023	SRP100575	China	Asia	Human	gut	NA	Medium	yes	sp000432135	MGnify
1054	MGYG000280795	2064221	152	19753	59.63	86.81	1.57	GUT_GENOME048610	MGYG000002993	d__Bacteria;p__Firmicutes_A;c__Clostridia;o__Oscillospirales;f__Oscillospiraceae;g__CAG-170;s__CAG-170_sp000432135	ERS1647297	ERP019674	Germany	Europe	Human	gut	NA	Medium	yes	sp000432135	MGnify
1055	MGYG000281084	3357821	323	16713	55.66	92.76	4.75	GUT_GENOME104605	MGYG000000370	d__Bacteria;p__Firmicutes_A;c__Clostridia;o__Oscillospirales;f__Oscillospiraceae;g__CAG-170;s__CAG-170_sp900545925	ERS235612	ERP002469	Sweden	Europe	Human	gut	NA	High	yes	sp900545925	MGnify
1056	MGYG000282348	2446826	148	25915	60.76	92.48	1.34	GUT_GENOME210473	MGYG000000651	d__Bacteria;p__Firmicutes_A;c__Clostridia;o__Oscillospirales;f__Oscillospiraceae;g__CAG-170;s__CAG-170_sp002404795	SRS1905868	SRP096283	USA	North America	Human	gut	NA	High	yes	sp002404795	MGnify
1057	MGYG000282459	2903704	85	65985	57.87	92.62	1.7	GUT_GENOME255559	MGYG000002993	d__Bacteria;p__Firmicutes_A;c__Clostridia;o__Oscillospirales;f__Oscillospiraceae;g__CAG-170;s__CAG-170_sp000432135	ERS746771	ERP010700	UK	Europe	Human	gut	NA	High	yes	sp000432135	MGnify
1058	MGYG000282610	1834292	346	6463	62.08	56.19	0	GUT_GENOME253474	MGYG000000651	d__Bacteria;p__Firmicutes_A;c__Clostridia;o__Oscillospirales;f__Oscillospiraceae;g__CAG-170;s__CAG-170_sp002404795	ERS746843	ERP010700	UK	Europe	Human	gut	NA	Medium	yes	sp002404795	MGnify
1059	MGYG000282937	1505537	541	2898	62.09	62.66	1.17	GUT_GENOME107496	MGYG000000651	d__Bacteria;p__Firmicutes_A;c__Clostridia;o__Oscillospirales;f__Oscillospiraceae;g__CAG-170;s__CAG-170_sp002404795	SRS871268	SRP056054	Finland	Europe	Human	gut	NA	Medium	yes	sp002404795	MGnify
1060	MGYG000283090	3096909	332	16171	58.11	92.23	2.01	GUT_GENOME122822	MGYG000002993	d__Bacteria;p__Firmicutes_A;c__Clostridia;o__Oscillospirales;f__Oscillospiraceae;g__CAG-170;s__CAG-170_sp000432135	ERS1138788	ERP015450	China	Asia	Human	gut	NA	High	yes	sp000432135	MGnify
1061	MGYG000283260	2144661	937	2520	56.38	74.64	4.63	GUT_GENOME090218	MGYG000000369	d__Bacteria;p__Firmicutes_A;c__Clostridia;o__Oscillospirales;f__Oscillospiraceae;g__CAG-170;s__CAG-170_sp003516765	ERS608603	ERP008729	Austria	Europe	Human	gut	NA	Medium	yes	sp003516765	MGnify
1062	MGYG000283279	2227583	206	15883	61.76	91.05	0.97	GUT_GENOME089427	MGYG000000651	d__Bacteria;p__Firmicutes_A;c__Clostridia;o__Oscillospirales;f__Oscillospiraceae;g__CAG-170;s__CAG-170_sp002404795	ERS608576	ERP008729	Austria	Europe	Human	gut	NA	High	yes	sp002404795	MGnify
1063	MGYG000283291	2342987	190	18835	58.86	85.53	2.48	GUT_GENOME026146	MGYG000002993	d__Bacteria;p__Firmicutes_A;c__Clostridia;o__Oscillospirales;f__Oscillospiraceae;g__CAG-170;s__CAG-170_sp000432135	ERS1444602	ERP019502	Kazakhstan	Asia	Human	gut	NA	Medium	yes	sp000432135	MGnify
1064	MGYG000285009	3002712	162	32864	57.84	94.63	2.68	GUT_GENOME283735	MGYG000002993	d__Bacteria;p__Firmicutes_A;c__Clostridia;o__Oscillospirales;f__Oscillospiraceae;g__CAG-170;s__CAG-170_sp000432135	ERS436733	ERP005534	France	Europe	Human	gut	NA	High	yes	sp000432135	MGnify
1065	MGYG000285255	1997920	251	10749	59.61	92.73	3.69	GUT_GENOME135681	MGYG000000741	d__Bacteria;p__Firmicutes_A;c__Clostridia;o__Oscillospirales;f__Oscillospiraceae;g__CAG-170;s__CAG-170_sp900548625	ERS199242	ERP002061	Spain	Europe	Human	gut	NA	High	yes	sp900548625	MGnify
1066	MGYG000285324	2588996	236	20845	58.89	93.29	2.14	GUT_GENOME070892	MGYG000002993	d__Bacteria;p__Firmicutes_A;c__Clostridia;o__Oscillospirales;f__Oscillospiraceae;g__CAG-170;s__CAG-170_sp000432135	ERS396373	ERP004605	Denmark	Europe	Human	gut	NA	High	yes	sp000432135	MGnify
1067	MGYG000285529	2852366	167	34616	58.04	93.29	1.34	GUT_GENOME277789	MGYG000002993	d__Bacteria;p__Firmicutes_A;c__Clostridia;o__Oscillospirales;f__Oscillospiraceae;g__CAG-170;s__CAG-170_sp000432135	ERS972309	ERP012929	Israel	Asia	Human	gut	NA	High	yes	sp000432135	MGnify
1068	MGYG000285784	2030075	448	5445	57.97	68.18	2.35	GUT_GENOME118467	MGYG000002993	d__Bacteria;p__Firmicutes_A;c__Clostridia;o__Oscillospirales;f__Oscillospiraceae;g__CAG-170;s__CAG-170_sp000432135	ERS396409	ERP004605	Spain	Europe	Human	gut	NA	Medium	yes	sp000432135	MGnify
1069	MGYG000285815	1684594	706	2669	57.23	73.37	3.04	GUT_GENOME069388	MGYG000000369	d__Bacteria;p__Firmicutes_A;c__Clostridia;o__Oscillospirales;f__Oscillospiraceae;g__CAG-170;s__CAG-170_sp003516765	ERS396314	ERP004605	Denmark	Europe	Human	gut	NA	Medium	yes	sp003516765	MGnify
1070	MGYG000285875	1470944	382	4162	57.46	65.28	1.34	GUT_GENOME008482	MGYG000002710	d__Bacteria;p__Firmicutes_A;c__Clostridia;o__Oscillospirales;f__Oscillospiraceae;g__CAG-170;s__CAG-170_sp900549635	ERS554218	ERP007090	Sweden	Europe	Human	gut	NA	Medium	yes	sp900549635	MGnify
1071	MGYG000286245	2733974	229	20292	58.44	89.93	2.68	GUT_GENOME086191	MGYG000002993	d__Bacteria;p__Firmicutes_A;c__Clostridia;o__Oscillospirales;f__Oscillospiraceae;g__CAG-170;s__CAG-170_sp000432135	ERS537381	ERP006678	China	Asia	Human	gut	NA	Medium	yes	sp000432135	MGnify
1072	MGYG000286499	1799630	260	9134	57.58	77.27	4.08	GUT_GENOME191085	MGYG000000369	d__Bacteria;p__Firmicutes_A;c__Clostridia;o__Oscillospirales;f__Oscillospiraceae;g__CAG-170;s__CAG-170_sp003516765	SRS1820368	SRP093965	USA	North America	Human	gut	NA	Medium	yes	sp003516765	MGnify
1073	MGYG000286711	1927347	468	4553	58.86	76.39	3.48	GUT_GENOME211678	MGYG000002993	d__Bacteria;p__Firmicutes_A;c__Clostridia;o__Oscillospirales;f__Oscillospiraceae;g__CAG-170;s__CAG-170_sp000432135	SRS1914227	SRP096283	USA	North America	Human	gut	NA	Medium	yes	sp000432135	MGnify
1074	MGYG000286846	2128727	220	14600	61.67	82.46	2.85	GUT_GENOME022781	MGYG000000651	d__Bacteria;p__Firmicutes_A;c__Clostridia;o__Oscillospirales;f__Oscillospiraceae;g__CAG-170;s__CAG-170_sp002404795	ERS1444494	ERP019502	Kazakhstan	Asia	Human	gut	NA	Medium	yes	sp002404795	MGnify
1075	MGYG000287234	2888801	340	13177	58.11	91.51	1.73	GUT_GENOME254465	MGYG000002993	d__Bacteria;p__Firmicutes_A;c__Clostridia;o__Oscillospirales;f__Oscillospiraceae;g__CAG-170;s__CAG-170_sp000432135	ERS746754	ERP010700	UK	Europe	Human	gut	NA	High	yes	sp000432135	MGnify
1076	MGYG000287375	2843675	477	8060	57.55	87.7	1.86	GUT_GENOME135530	MGYG000002993	d__Bacteria;p__Firmicutes_A;c__Clostridia;o__Oscillospirales;f__Oscillospiraceae;g__CAG-170;s__CAG-170_sp000432135	ERS199235	ERP002061	Spain	Europe	Human	gut	NA	Medium	yes	sp000432135	MGnify
1077	MGYG000287974	2617869	122	49853	56.65	81	1.34	GUT_GENOME256529	MGYG000000370	d__Bacteria;p__Firmicutes_A;c__Clostridia;o__Oscillospirales;f__Oscillospiraceae;g__CAG-170;s__CAG-170_sp900545925	ERS746896	ERP010700	UK	Europe	Human	gut	NA	Medium	yes	sp900545925	MGnify
1078	MGYG000288157	2836682	483	7234	58.01	88.03	1.68	GUT_GENOME107961	MGYG000002993	d__Bacteria;p__Firmicutes_A;c__Clostridia;o__Oscillospirales;f__Oscillospiraceae;g__CAG-170;s__CAG-170_sp000432135	ERS328743	ERP003612	Denmark	Europe	Human	gut	NA	Medium	yes	sp000432135	MGnify
1079	MGYG000288164	2915092	194	25705	56.06	89.38	1.57	GUT_GENOME116584	MGYG000000370	d__Bacteria;p__Firmicutes_A;c__Clostridia;o__Oscillospirales;f__Oscillospiraceae;g__CAG-170;s__CAG-170_sp900545925	ERS396352	ERP004605	Denmark	Europe	Human	gut	NA	Medium	yes	sp900545925	MGnify
1080	MGYG000288319	2784497	223	17840	60.22	93.29	4.04	GUT_GENOME164590	MGYG000000651	d__Bacteria;p__Firmicutes_A;c__Clostridia;o__Oscillospirales;f__Oscillospiraceae;g__CAG-170;s__CAG-170_sp002404795	SRS576042	SRP040146	USA	North America	Human	gut	NA	High	yes	sp002404795	MGnify
1081	MGYG000288460	2101995	293	9060	57.75	89.11	2.18	GUT_GENOME123224	MGYG000002710	d__Bacteria;p__Firmicutes_A;c__Clostridia;o__Oscillospirales;f__Oscillospiraceae;g__CAG-170;s__CAG-170_sp900549635	ERS1138794	ERP015450	China	Asia	Human	gut	NA	Medium	yes	sp900549635	MGnify
1082	MGYG000288516	3159193	84	67551	57.38	93.96	1.68	GUT_GENOME094085	MGYG000002993	d__Bacteria;p__Firmicutes_A;c__Clostridia;o__Oscillospirales;f__Oscillospiraceae;g__CAG-170;s__CAG-170_sp000432135	ERS608510	ERP008729	Austria	Europe	Human	gut	NA	High	yes	sp000432135	MGnify
1083	MGYG000289058	3063647	281	17387	55.81	93	2.85	GUT_GENOME286446	MGYG000000370	d__Bacteria;p__Firmicutes_A;c__Clostridia;o__Oscillospirales;f__Oscillospiraceae;g__CAG-170;s__CAG-170_sp900545925	ERS436807	ERP005534	Germany	Europe	Human	gut	NA	High	yes	sp900545925	MGnify
1084	MGYG000289241	2211497	330	9283	61.77	88.41	1.07	GUT_GENOME018832	MGYG000000651	d__Bacteria;p__Firmicutes_A;c__Clostridia;o__Oscillospirales;f__Oscillospiraceae;g__CAG-170;s__CAG-170_sp002404795	SRS3638589	SRP156699	Madagascar	Africa	Human	gut	NA	Medium	yes	sp002404795	MGnify
1085	MGYG000290119	2325673	265	12102	60.54	92.93	2.35	CADCOJ01	MGYG000290119	d__Bacteria;p__Firmicutes_A;c__Clostridia;o__Oscillospirales;f__Oscillospiraceae;g__CAG-170;s__	ERS3953008	ERP113798	UK	Europe	Cattle	rumen	NA	High	yes	NA	MGnify
1086	MGYG000295088	1982540	256	10115	59.65	80.85	3.13	CADBOK01	MGYG000295088	d__Bacteria;p__Firmicutes_A;c__Clostridia;o__Oscillospirales;f__Oscillospiraceae;g__CAG-170;s__	ERS3952331	ERP113798	UK	Europe	Cattle	rumen	NA	Medium	yes	NA	MGnify
1087	GCA_934645305.1	1808594	275	8605	60.09331005	87.85	2.96	GCA_934645305.1	707003	d__Bacteria;p__Bacillota;c__Clostridia;o__Oscillospirales;f__Oscillospiraceae;g__CAG-170;s__CAG-170_sp902796245	SAMEA13497095	PRJEB49206	Tanzania	Africa	Human	gut	NA	Medium	yes	sp902796245	GTDB
1088	GCA_037242755.1	2191760	375	9270	59.66237179	91.55	2.91	GCA_037242755.1	1869227	d__Bacteria;p__Bacillota;c__Clostridia;o__Oscillospirales;f__Oscillospiraceae;g__CAG-170;s__CAG-170_sp000436735	SAMN37825075	PRJNA947377	Germany	Europe	Human	gut	Essen	High	yes	sp000436735	GTDB
1089	GCA_958404315.1	3551566	99	78183	57.02819545	89.42	1.68	GCA_958404315.1	344338	d__Bacteria;p__Bacillota;c__Clostridia;o__Oscillospirales;f__Oscillospiraceae;g__CAG-170;s__CAG-170_sp000432135	SAMEA114063784	PRJEB62821	NA	NA	Human	gut	NA	Medium	yes	sp000432135	GTDB
1090	GCA_037365485.1	2122039	433	6199	61.27945811	83.7	4.64	GCA_037365485.1	1869227	d__Bacteria;p__Bacillota;c__Clostridia;o__Oscillospirales;f__Oscillospiraceae;g__CAG-170;s__CAG-170_sp002404795	SAMN37828948	PRJNA947377	Germany	Europe	Human	gut	Essen	Medium	yes	sp002404795	GTDB
1091	GCA_958441795.1	2753684	72	73951	60.43496639	94.19	2.68	GCA_958441795.1	172733	d__Bacteria;p__Bacillota;c__Clostridia;o__Oscillospirales;f__Oscillospiraceae;g__CAG-170;s__CAG-170_sp002404795	SAMEA114062110	PRJEB62827	NA	NA	Cattle	gut	NA	High	yes	sp002404795	GTDB
1092	GCA_934883035.1	2610088	210	41753	58.46108515	90.44	1.76	GCA_934883035.1	77133	d__Bacteria;p__Bacillota;c__Clostridia;o__Oscillospirales;f__Oscillospiraceae;g__CAG-170;s__CAG-170_sp000432135	SAMEA13567023	PRJEB50699	NA	NA	Human	gut	NA	High	yes	sp000432135	GTDB
1093	GCA_037373185.1	2247236	283	12936	61.6734513	91.94	1.01	GCA_037373185.1	1869227	d__Bacteria;p__Bacillota;c__Clostridia;o__Oscillospirales;f__Oscillospiraceae;g__CAG-170;s__CAG-170_sp002404795	SAMN37829440	PRJNA947377	Germany	Europe	Human	gut	Essen	High	yes	sp002404795	GTDB
1094	GCA_958437655.1	2041209	77	45429	59.37515463	91.41	1.51	GCA_958437655.1	172733	d__Bacteria;p__Bacillota;c__Clostridia;o__Oscillospirales;f__Oscillospiraceae;g__CAG-170;s__CAG-170_sp900548625	SAMEA114061202	PRJEB62838	NA	NA	Human	gut	NA	High	yes	sp900548625	GTDB
1095	GCA_037318035.1	1862117	193	13729	57.65513123	88.92	1.01	GCA_037318035.1	1869227	d__Bacteria;p__Bacillota;c__Clostridia;o__Oscillospirales;f__Oscillospiraceae;g__CAG-170;s__CAG-170_sp003516765	SAMN37827206	PRJNA947377	Germany	Europe	Human	gut	Essen	Medium	yes	sp003516765	GTDB
1096	GCA_037065725.1	2281448	27	128418	58.61400304	83.6	3.89	GCA_037065725.1	2485925	d__Bacteria;p__Bacillota;c__Clostridia;o__Oscillospirales;f__Oscillospiraceae;g__CAG-170;s__CAG-170_sp000432135	SAMN38172456	PRJNA1033532	Austria	Europe	Human	gut	Vienna	Medium	yes	sp000432135	GTDB
1097	GCA_037252525.1	2874872	68	75487	56.14973467	92.95	1.34	GCA_037252525.1	1869227	d__Bacteria;p__Bacillota;c__Clostridia;o__Oscillospirales;f__Oscillospiraceae;g__CAG-170;s__CAG-170_sp900545925	SAMN37825597	PRJNA947377	Germany	Europe	Human	gut	Essen	High	yes	sp900545925	GTDB
1098	GCA_037278505.1	1820847	478	5020	61.93705457	72.06	2.15	GCA_037278505.1	1869227	d__Bacteria;p__Bacillota;c__Clostridia;o__Oscillospirales;f__Oscillospiraceae;g__CAG-170;s__CAG-170_sp002404795	SAMN37826332	PRJNA947377	Germany	Europe	Human	gut	Essen	Medium	yes	sp002404795	GTDB
1099	GCA_938038515.1	3216720	98	67885	57.09300157	95.3	1.68	GCA_938038515.1	344338	d__Bacteria;p__Bacillota;c__Clostridia;o__Oscillospirales;f__Oscillospiraceae;g__CAG-170;s__CAG-170_sp000432135	SAMEA14084481	PRJEB51075	China	Asia	Human	gut	NA	High	yes	sp000432135	GTDB
1100	GCA_025544195.1	3155843	48	130188	57.6050616	94.63	2.41	GCA_025544195.1	1879010	d__Bacteria;p__Bacillota;c__Clostridia;o__Oscillospirales;f__Oscillospiraceae;g__CAG-170;s__CAG-170_sp000432135	SAMN18871205	PRJNA722408	UK	Europe	Human	gut	Norwich	High	yes	sp000432135	GTDB
1101	GCA_934667485.1	1736435	265	8814	56.29102155	80.44	1.34	GCA_934667485.1	707003	d__Bacteria;p__Bacillota;c__Clostridia;o__Oscillospirales;f__Oscillospiraceae;g__CAG-170;s__CAG-170_sp934621665	SAMEA13519022	PRJEB49206	Nepal	Asia	Human	gut	NA	Medium	yes	sp934621665	GTDB
1102	GCA_905206565.1	2562893	73	64441	60.38387088	93.96	1.34	GCA_905206565.1	172733	d__Bacteria;p__Bacillota;c__Clostridia;o__Oscillospirales;f__Oscillospiraceae;g__CAG-170;s__CAG-170_sp002404795	SAMEA7846976	PRJEB37358	China	Asia	Human	gut	NA	High	yes	sp002404795	GTDB
1103	GCA_934654745.1	1963952	95	32792	60.89492004	94.84	1.34	GCA_934654745.1	707003	d__Bacteria;p__Bacillota;c__Clostridia;o__Oscillospirales;f__Oscillospiraceae;g__CAG-170;s__CAG-170_sp022779365	SAMEA13486111	PRJEB49206	Nepal	Asia	Human	gut	NA	High	yes	sp022779365	GTDB
1104	GCA_030825425.1	2709401	42	94442	58.10537966	94.63	1.34	GCA_030825425.1	2485925	d__Bacteria;p__Bacillota;c__Clostridia;o__Oscillospirales;f__Oscillospiraceae;g__CAG-170;s__CAG-170_sp000432135	SAMN31428358	PRJNA872116	USA	North America	Human	skin	NA	High	yes	sp000432135	GTDB
1105	GCA_036751565.1	2511053	142	29180	58.76545826	93.69	2.68	GCA_036751565.1	2485925	d__Bacteria;p__Bacillota;c__Clostridia;o__Oscillospirales;f__Oscillospiraceae;g__CAG-170;s__CAG-170_sp000432135	SAMN28747119	PRJNA843551	NA	NA	Human	gut	NA	High	yes	sp000432135	GTDB
1106	GCA_934831715.1	3244524	49	128509	55.64347806	93.96	3.69	GCA_934831715.1	77133	d__Bacteria;p__Bacillota;c__Clostridia;o__Oscillospirales;f__Oscillospiraceae;g__CAG-170;s__CAG-170_sp900545925	SAMEA13566058	PRJEB50699	NA	NA	Human	gut	NA	High	yes	sp900545925	GTDB
1107	GCA_934675715.1	1819372	273	9711	60.49307124	87.7	0.67	GCA_934675715.1	707003	d__Bacteria;p__Bacillota;c__Clostridia;o__Oscillospirales;f__Oscillospiraceae;g__CAG-170;s__CAG-170_sp900553545	SAMEA13488863	PRJEB49206	Nepal	Asia	Human	gut	NA	Medium	yes	sp900553545	GTDB
1108	GCA_008668145.1	2043055	320	7607	61.64645592	83.74	1.65	GCA_008668145.1	2044939	d__Bacteria;p__Bacillota;c__Clostridia;o__Oscillospirales;f__Oscillospiraceae;g__CAG-170;s__CAG-170_sp002404795	SAMN10316716	PRJNA492716	Australia	Oceania	Human	gut	Brisbane	Medium	yes	sp002404795	GTDB
1109	GCA_902471355.1	2419268	450	7120	58.82713284	80.39	1.68	GCA_902471355.1	344338	d__Bacteria;p__Bacillota;c__Clostridia;o__Oscillospirales;f__Oscillospiraceae;g__CAG-170;s__CAG-170_sp902796245	SAMEA5851135	PRJEB33885	China	Asia	Human	gut	NA	Medium	yes	sp902796245	GTDB
1110	GCA_958447145.1	3207118	45	131707	55.70530925	94.63	0.67	GCA_958447145.1	172733	d__Bacteria;p__Bacillota;c__Clostridia;o__Oscillospirales;f__Oscillospiraceae;g__CAG-170;s__CAG-170_sp900545925	SAMEA114062232	PRJEB62827	NA	NA	Human	gut	NA	High	yes	sp900545925	GTDB
1111	GCA_037278825.1	2307484	281	12138	56.67683936	86.5	2.01	GCA_037278825.1	1869227	d__Bacteria;p__Bacillota;c__Clostridia;o__Oscillospirales;f__Oscillospiraceae;g__CAG-170;s__CAG-170_sp900545925	SAMN37826309	PRJNA947377	Germany	Europe	Human	gut	Essen	Medium	yes	sp900545925	GTDB
1112	GCA_946409655.1	2283406	291	10564	60.90467486	88.85	1.51	GCA_946409655.1	244328	d__Bacteria;p__Bacillota;c__Clostridia;o__Oscillospirales;f__Oscillospiraceae;g__CAG-170;s__CAG-170_sp002404795	SAMEA110653644	PRJEB54957	NA	NA	Pig	gut	NA	Medium	yes	sp002404795	GTDB
1113	GCA_034087285.1	2076187	178	16973	57.56880281	91.69	2.07	GCA_034087285.1	2485925	d__Bacteria;p__Bacillota;c__Clostridia;o__Oscillospirales;f__Oscillospiraceae;g__CAG-170;s__CAG-170_sp003516765	SAMN37948565	PRJNA779404	Canada	North America	Pig	gut	Lacombe	High	yes	sp003516765	GTDB
1114	GCA_934646005.1	2421099	32	105115	60.3393748	94.63	0.67	GCA_934646005.1	707003	d__Bacteria;p__Bacillota;c__Clostridia;o__Oscillospirales;f__Oscillospiraceae;g__CAG-170;s__CAG-170_sp934646005	SAMEA13483369	PRJEB49206	Tanzania	Africa	Human	gut	NA	High	yes	sp934646005	GTDB
1115	GCA_037299745.1	1707401	343	6498	57.65763286	75.68	1.57	GCA_037299745.1	1869227	d__Bacteria;p__Bacillota;c__Clostridia;o__Oscillospirales;f__Oscillospiraceae;g__CAG-170;s__CAG-170_sp900549635	SAMN37826631	PRJNA947377	Germany	Europe	Human	gut	Essen	Medium	yes	sp900549635	GTDB
1116	GCA_934875185.1	2941692	192	27116	55.87239473	90.54	1.01	GCA_934875185.1	77133	d__Bacteria;p__Bacillota;c__Clostridia;o__Oscillospirales;f__Oscillospiraceae;g__CAG-170;s__CAG-170_sp900545925	SAMEA13567243	PRJEB50699	NA	NA	Human	gut	NA	High	yes	sp900545925	GTDB
1117	GCA_002437575.1	2097815	312	14750	57.79663673	81.13	4.53	GCA_002437575.1	1950913	d__Bacteria;p__Bacillota;c__Clostridia;o__Oscillospirales;f__Oscillospiraceae;g__CAG-170;s__CAG-170_sp002437575	SAMN06456135	PRJNA348753	Kenya	Africa	NA	gut	NA	Medium	yes	sp002437575	GTDB
1118	GCA_036739775.1	1334653	156	11755	60.48857003	67.98	1.81	GCA_036739775.1	2485925	d__Bacteria;p__Bacillota;c__Clostridia;o__Oscillospirales;f__Oscillospiraceae;g__CAG-170;s__CAG-170_sp000436735	SAMN28746549	PRJNA843551	NA	NA	Human	gut	NA	Medium	yes	sp000436735	GTDB
1119	GCA_030844295.1	2848123	95	67410	58.05851784	92.62	1.01	GCA_030844295.1	2485925	d__Bacteria;p__Bacillota;c__Clostridia;o__Oscillospirales;f__Oscillospiraceae;g__CAG-170;s__CAG-170_sp000432135	SAMN36703686	PRJNA970820	USA	North America	Human	gut	NA	High	yes	sp000432135	GTDB
1120	GCA_021618185.1	2326383	509	6407	61.45718179	85.4	2.5	GCA_021618185.1	1898207	d__Bacteria;p__Bacillota;c__Clostridia;o__Oscillospirales;f__Oscillospiraceae;g__CAG-170;s__CAG-170_sp002404795	SAMN23482716	PRJNA678454	South_Africa	Africa	Human	gut	Bushbuckridge_Mpumalanga	Medium	yes	sp002404795	GTDB
1121	GCA_902493785.1	2100411	28	102796	58.8420552	91.61	0.67	GCA_902493785.1	344338	d__Bacteria;p__Bacillota;c__Clostridia;o__Oscillospirales;f__Oscillospiraceae;g__CAG-170;s__CAG-170_sp000436735	SAMEA5853755	PRJEB33885	UK	Europe	Human	gut	NA	High	yes	sp000436735	GTDB
1122	GCA_018265385.1	2265342	145	20873	61.35237227	90.26	1.31	GCA_018265385.1	2485925	d__Bacteria;p__Bacillota;c__Clostridia;o__Oscillospirales;f__Oscillospiraceae;g__CAG-170;s__CAG-170_sp002404795	SAMN14944933	PRJNA593787	Austria	Europe	Human	gut	Vienna	High	yes	sp002404795	GTDB
1123	GCA_037363235.1	2473150	244	14568	56.72098336	92.84	1.01	GCA_037363235.1	1869227	d__Bacteria;p__Bacillota;c__Clostridia;o__Oscillospirales;f__Oscillospiraceae;g__CAG-170;s__CAG-170_sp900549635	SAMN37829059	PRJNA947377	Germany	Europe	Human	gut	Essen	High	yes	sp900549635	GTDB
1124	GCA_959600795.1	2146934	59	57716	59.35603982	93.29	1.01	GCA_959600795.1	172733	d__Bacteria;p__Bacillota;c__Clostridia;o__Oscillospirales;f__Oscillospiraceae;g__CAG-170;s__CAG-170_sp000436735	SAMEA114122237	PRJEB63522	China	Asia	Human	gut	NA	High	yes	sp000436735	GTDB
1125	GCA_958350915.1	2463124	125	32700	56.76421488	93.29	3.64	GCA_958350915.1	172733	d__Bacteria;p__Bacillota;c__Clostridia;o__Oscillospirales;f__Oscillospiraceae;g__CAG-170;s__CAG-170_sp900549635	SAMEA114061856	PRJEB62825	China	Asia	Cattle	gut	NA	High	yes	sp900549635	GTDB
1126	GCA_037248925.1	1983133	135	24344	57.16676592	91.21	1.34	GCA_037248925.1	1869227	d__Bacteria;p__Bacillota;c__Clostridia;o__Oscillospirales;f__Oscillospiraceae;g__CAG-170;s__CAG-170_sp900549635	SAMN37825446	PRJNA947377	Germany	Europe	Human	gut	Essen	High	yes	sp900549635	GTDB
1127	GCA_945827995.1	2401827	248	12657	58.84932595	86.32	4.59	GCA_945827995.1	344338	d__Bacteria;p__Bacillota;c__Clostridia;o__Oscillospirales;f__Oscillospiraceae;g__CAG-170;s__CAG-170_sp000436735	SAMEA110360309	PRJEB52643	Germany	Europe	Pig	gut	NA	Medium	yes	sp000436735	GTDB
1128	GCA_000432135.1	2538905	255	16972	58.40296466	91.61	1.68	GCA_000432135.1	1263002	d__Bacteria;p__Bacillota;c__Clostridia;o__Oscillospirales;f__Oscillospiraceae;g__CAG-170;s__CAG-170_sp000432135	SAMEA3138494	PRJEB704	NA	NA	Human	gut	NA	High	yes	sp000432135	GTDB
1129	GCA_022779365.1	2113722	56	68725	60.17489528	93.96	0.67	GCA_022779365.1	1898207	d__Bacteria;p__Bacillota;c__Clostridia;o__Oscillospirales;f__Oscillospiraceae;g__CAG-170;s__CAG-170_sp022779365	SAMN26526191	PRJNA629856	Canada	North America	Pig	gut	Lacombe	High	yes	sp022779365	GTDB
1130	GCA_934875105.1	1810366	88	31972	61.71437631	74.52	0.73	GCA_934875105.1	77133	d__Bacteria;p__Bacillota;c__Clostridia;o__Oscillospirales;f__Oscillospiraceae;g__CAG-170;s__CAG-170_sp002404795	SAMEA13567256	PRJEB50699	NA	NA	Human	gut	NA	Medium	yes	sp002404795	GTDB
1131	GCA_934882955.1	2925165	56	111939	55.9791162	93.96	1.68	GCA_934882955.1	77133	d__Bacteria;p__Bacillota;c__Clostridia;o__Oscillospirales;f__Oscillospiraceae;g__CAG-170;s__CAG-170_sp900545925	SAMEA13567295	PRJEB50699	NA	NA	Human	gut	NA	High	yes	sp900545925	GTDB
1132	GCA_945911325.1	1872113	230	9676	62.26600638	84.79	2.01	GCA_945911325.1	244328	d__Bacteria;p__Bacillota;c__Clostridia;o__Oscillospirales;f__Oscillospiraceae;g__CAG-170;s__CAG-170_sp002404795	SAMEA110411794	PRJEB53600	China	Asia	Pig	gut	NA	Medium	yes	sp002404795	GTDB
1133	GCA_934661775.1	2281015	251	12034	56.58217942	88.53	2.24	GCA_934661775.1	707003	d__Bacteria;p__Bacillota;c__Clostridia;o__Oscillospirales;f__Oscillospiraceae;g__CAG-170;s__CAG-170_sp934636305	SAMEA13472421	PRJEB49206	Tanzania	Africa	Human	gut	NA	Medium	yes	sp934636305	GTDB
1134	GCA_934873185.1	2952130	114	208869	55.94723611	93.96	1.34	GCA_934873185.1	77133	d__Bacteria;p__Bacillota;c__Clostridia;o__Oscillospirales;f__Oscillospiraceae;g__CAG-170;s__CAG-170_sp900545925	SAMEA13567181	PRJEB50699	NA	NA	Human	gut	NA	High	yes	sp900545925	GTDB
1135	GCA_037328125.1	1927173	487	5837	56.22344232	57.64	0	GCA_037328125.1	1869227	d__Bacteria;p__Bacillota;c__Clostridia;o__Oscillospirales;f__Oscillospiraceae;g__CAG-170;s__CAG-170_sp900545925	SAMN37827970	PRJNA947377	Germany	Europe	Human	gut	Essen	Medium	yes	sp900545925	GTDB
1136	GCA_934630785.1	2745563	26	161283	57.97044176	92.62	0.67	GCA_934630785.1	707003	d__Bacteria;p__Bacillota;c__Clostridia;o__Oscillospirales;f__Oscillospiraceae;g__CAG-170;s__CAG-170_sp000432135	SAMEA13510805	PRJEB49206	Nepal	Asia	Human	gut	NA	High	yes	sp000432135	GTDB
1137	GCA_028725385.1	1945265	176	15286	57.768119	90.11	2.24	GCA_028725385.1	1898207	d__Bacteria;p__Bacillota;c__Clostridia;o__Oscillospirales;f__Oscillospiraceae;g__CAG-170;s__CAG-170_sp003516765	SAMN32799763	PRJNA857725	Canada	North America	Pig	gut	Lacombe	High	yes	sp003516765	GTDB
1138	GCA_963589335.1	2141226	331	8177	62.26205881	86.16	1.54	GCA_963589335.1	1869227	d__Bacteria;p__Bacillota;c__Clostridia;o__Oscillospirales;f__Oscillospiraceae;g__CAG-170;s__CAG-170_sp934631005	SAMEA114587074	PRJEB68160	Cote_d'Ivoire	Africa	Human	gut	NA	Medium	yes	sp934631005	GTDB
1139	GCA_934631005.1	2377112	59	63097	61.7227964	93.96	1.34	GCA_934631005.1	707003	d__Bacteria;p__Bacillota;c__Clostridia;o__Oscillospirales;f__Oscillospiraceae;g__CAG-170;s__CAG-170_sp934631005	SAMEA13494341	PRJEB49206	Tanzania	Africa	Human	gut	NA	High	yes	sp934631005	GTDB
1140	GCA_934636305.1	2126710	151	22140	56.95835351	86.92	2.14	GCA_934636305.1	707003	d__Bacteria;p__Bacillota;c__Clostridia;o__Oscillospirales;f__Oscillospiraceae;g__CAG-170;s__CAG-170_sp934636305	SAMEA13475164	PRJEB49206	Nepal	Asia	Human	gut	NA	Medium	yes	sp934636305	GTDB
1141	GCA_934632465.1	2304058	426	7435	57.51443757	89.77	2.64	GCA_934632465.1	707003	d__Bacteria;p__Bacillota;c__Clostridia;o__Oscillospirales;f__Oscillospiraceae;g__CAG-170;s__CAG-170_sp937967235	SAMEA13505305	PRJEB49206	Tanzania	Africa	Human	gut	NA	Medium	yes	sp937967235	GTDB
1142	GCA_934655875.1	2660215	57	67902	58.67446804	88.78	0.67	GCA_934655875.1	707003	d__Bacteria;p__Bacillota;c__Clostridia;o__Oscillospirales;f__Oscillospiraceae;g__CAG-170;s__CAG-170_sp934655875	SAMEA13499835	PRJEB49206	Tanzania	Africa	Human	gut	NA	Medium	yes	sp934655875	GTDB
1143	GCA_934648025.1	1874801	276	8641	62.22559088	91.3	0.67	GCA_934648025.1	707003	d__Bacteria;p__Bacillota;c__Clostridia;o__Oscillospirales;f__Oscillospiraceae;g__CAG-170;s__CAG-170_sp002404795	SAMEA13491612	PRJEB49206	Tanzania	Africa	Human	gut	NA	High	yes	sp002404795	GTDB
1144	GCA_036756885.1	2765834	387	10830	56.46223023	86.48	1.01	GCA_036756885.1	2485925	d__Bacteria;p__Bacillota;c__Clostridia;o__Oscillospirales;f__Oscillospiraceae;g__CAG-170;s__CAG-170_sp900545925	SAMN28747557	PRJNA843551	NA	NA	Human	gut	NA	Medium	yes	sp900545925	GTDB
1145	GCA_900555665.1	1720775	128	19644	59.89888277	77.3	3.36	GCA_900555665.1	172733	d__Bacteria;p__Bacillota;c__Clostridia;o__Oscillospirales;f__Oscillospiraceae;g__CAG-170;s__CAG-170_sp900555665	SAMEA4892451	PRJEB26432	NA	NA	Human	gut	NA	Medium	yes	sp900555665	GTDB
1146	GCA_016296635.1	2426133	222	17988	52.74822114	87.53	1.51	GCA_016296635.1	2485925	d__Bacteria;p__Bacillota;c__Clostridia;o__Oscillospirales;f__Oscillospiraceae;g__CAG-170;s__CAG-170_sp016296635	SAMN16927322	PRJNA647157	China	Asia	Pig	gut	Xizang	Medium	yes	sp016296635	GTDB
1147	GCA_037324785.1	2466687	154	25832	60.89953853	89.87	1.34	GCA_037324785.1	1869227	d__Bacteria;p__Bacillota;c__Clostridia;o__Oscillospirales;f__Oscillospiraceae;g__CAG-170;s__CAG-170_sp002404795	SAMN37827665	PRJNA947377	Germany	Europe	Human	gut	Essen	Medium	yes	sp002404795	GTDB
1148	GCA_037065625.1	1819075	30	85874	56.65714718	56.04	0	GCA_037065625.1	2485925	d__Bacteria;p__Bacillota;c__Clostridia;o__Oscillospirales;f__Oscillospiraceae;g__CAG-170;s__CAG-170_sp003516765	SAMN38172460	PRJNA1033532	Austria	Europe	Human	gut	Vienna	Medium	yes	sp003516765	GTDB
1149	GCA_934668445.1	1680586	390	5249	57.93050757	78.94	2.54	GCA_934668445.1	707003	d__Bacteria;p__Bacillota;c__Clostridia;o__Oscillospirales;f__Oscillospiraceae;g__CAG-170;s__CAG-170_sp003516765	SAMEA13508049	PRJEB49206	Tanzania	Africa	Human	gut	NA	Medium	yes	sp003516765	GTDB
1150	GCA_025542035.1	2500518	25	151564	56.46204365	94.63	0.67	GCA_025542035.1	1898207	d__Bacteria;p__Bacillota;c__Clostridia;o__Oscillospirales;f__Oscillospiraceae;g__CAG-170;s__CAG-170_sp937967235	SAMN18871312	PRJNA722408	UK	Europe	Human	gut	Norwich	High	yes	sp937967235	GTDB
1151	GCA_958428255.1	1677499	206	10068	57.70471398	74.04	2.24	GCA_958428255.1	172733	d__Bacteria;p__Bacillota;c__Clostridia;o__Oscillospirales;f__Oscillospiraceae;g__CAG-170;s__CAG-170_sp900549635	SAMEA114063351	PRJEB62820	Germany	Europe	Human	gut	NA	Medium	yes	sp900549635	GTDB
1152	GCA_036302825.1	3479719	575	7976	56.79633901	88.72	3.61	GCA_036302825.1	2485925	d__Bacteria;p__Bacillota;c__Clostridia;o__Oscillospirales;f__Oscillospiraceae;g__CAG-170;s__CAG-170_sp000432135	SAMN38021138	PRJNA964705	USA	North America	Human	gut	Marshfield_WI	Medium	yes	sp000432135	GTDB
1153	GCA_025993615.1	3996918	1	3996918	56.29154764	93.96	1.68	GCA_025993615.1	1898207	d__Bacteria;p__Bacillota;c__Clostridia;o__Oscillospirales;f__Oscillospiraceae;g__CAG-170;s__CAG-170_sp000432135	SAMN31100337	PRJNA798244	NA	NA	Human	gut	NA	High	yes	sp000432135	GTDB
1154	GCA_034117885.1	2228797	180	17744	61.5981626	93.14	1.34	GCA_034117885.1	2485925	d__Bacteria;p__Bacillota;c__Clostridia;o__Oscillospirales;f__Oscillospiraceae;g__CAG-170;s__CAG-170_sp002404795	SAMN37948984	PRJNA779404	Canada	North America	Pig	gut	Lacombe	High	yes	sp002404795	GTDB
1155	GCA_900759595.1	1880249	103	25571	57.5399854	91.28	1.36	GCA_900759595.1	707003	d__Bacteria;p__Bacillota;c__Clostridia;o__Oscillospirales;f__Oscillospiraceae;g__CAG-170;s__CAG-170_sp003516765	SAMEA5280170	PRJEB31003	Austria	Europe	Human	gut	NA	High	yes	sp003516765	GTDB
1156	GCA_959024665.1	2013866	56	44224	59.73897965	88.93	4.36	GCA_959024665.1	172733	d__Bacteria;p__Bacillota;c__Clostridia;o__Oscillospirales;f__Oscillospiraceae;g__CAG-170;s__CAG-170_sp900553545	SAMEA114096028	PRJEB63310	South_Korea	Asia	Human	gut	NA	Medium	yes	sp900553545	GTDB
1157	GCA_945941005.1	2182654	103	31866	59.4650366	88.66	2.01	GCA_945941005.1	244328	d__Bacteria;p__Bacillota;c__Clostridia;o__Oscillospirales;f__Oscillospiraceae;g__CAG-170;s__CAG-170_sp000436735	SAMEA110411667	PRJEB53600	China	Asia	Pig	gut	NA	Medium	yes	sp000436735	GTDB
1158	GCA_902796245.1	1982540	256	10115	59.64545482	80.85	3.13	GCA_902796245.1	2485925	d__Bacteria;p__Bacillota;c__Clostridia;o__Oscillospirales;f__Oscillospiraceae;g__CAG-170;s__CAG-170_sp902796245	SAMEA6152296	PRJEB31266	UK	Europe	Cattle	rumen	NA	Medium	yes	sp902796245	GTDB
1159	GCA_022779855.1	2108259	234	13193	57.28764824	90.87	4.43	GCA_022779855.1	1898207	d__Bacteria;p__Bacillota;c__Clostridia;o__Oscillospirales;f__Oscillospiraceae;g__CAG-170;s__CAG-170_sp003516765	SAMN26525672	PRJNA629856	Canada	North America	Pig	gut	Lacombe	High	yes	sp003516765	GTDB
1160	GCA_028722805.1	2276964	138	23713	61.49355018	93.96	0.9	GCA_028722805.1	1898207	d__Bacteria;p__Bacillota;c__Clostridia;o__Oscillospirales;f__Oscillospiraceae;g__CAG-170;s__CAG-170_sp002404795	SAMN32799449	PRJNA857725	Canada	North America	Pig	gut	Lacombe	High	yes	sp002404795	GTDB
1161	GCA_021624805.1	2626535	169	31550	58.84014813	94.36	3.87	GCA_021624805.1	2485925	d__Bacteria;p__Bacillota;c__Clostridia;o__Oscillospirales;f__Oscillospiraceae;g__CAG-170;s__CAG-170_sp000432135	SAMN23483636	PRJNA678454	South_Africa	Africa	Human	gut	Bushbuckridge_Mpumalanga	High	yes	sp000432135	GTDB
1162	GCA_037423665.1	2495594	89	41212	60.48015022	93.29	0.67	GCA_037423665.1	1869227	d__Bacteria;p__Bacillota;c__Clostridia;o__Oscillospirales;f__Oscillospiraceae;g__CAG-170;s__CAG-170_sp002404795	SAMN37830448	PRJNA947377	Germany	Europe	Human	gut	Essen	High	yes	sp002404795	GTDB
1163	GCA_036801505.1	2536934	497	6633	58.47535037	86.58	2.41	GCA_036801505.1	2485925	d__Bacteria;p__Bacillota;c__Clostridia;o__Oscillospirales;f__Oscillospiraceae;g__CAG-170;s__CAG-170_sp000432135	SAMN28749356	PRJNA843551	NA	NA	Human	gut	NA	Medium	yes	sp000432135	GTDB
1164	GCA_036809385.1	2335285	572	5083	60.08274938	76.15	4.87	GCA_036809385.1	2485925	d__Bacteria;p__Bacillota;c__Clostridia;o__Oscillospirales;f__Oscillospiraceae;g__CAG-170;s__CAG-170_sp000436735	SAMN28749724	PRJNA843551	NA	NA	Human	gut	NA	Medium	yes	sp000436735	GTDB
1165	GCA_022771045.1	2207565	196	16400	61.68457101	92.93	1.34	GCA_022771045.1	1898207	d__Bacteria;p__Bacillota;c__Clostridia;o__Oscillospirales;f__Oscillospiraceae;g__CAG-170;s__CAG-170_sp002404795	SAMN26525784	PRJNA629856	Canada	North America	Pig	gut	Lacombe	High	yes	sp002404795	GTDB
1166	GCA_021622395.1	2093533	120	25582	59.61061191	97.21	1.34	GCA_021622395.1	1898207	d__Bacteria;p__Bacillota;c__Clostridia;o__Oscillospirales;f__Oscillospiraceae;g__CAG-170;s__CAG-170_sp900548625	SAMN23482508	PRJNA678454	South_Africa	Africa	Human	gut	Soweto_Gauteng	High	yes	sp900548625	GTDB
1167	GCA_958350855.1	1874817	207	13434	57.62935796	86.79	1.57	GCA_958350855.1	172733	d__Bacteria;p__Bacillota;c__Clostridia;o__Oscillospirales;f__Oscillospiraceae;g__CAG-170;s__CAG-170_sp003516765	SAMEA114062149	PRJEB62827	NA	NA	Cattle	gut	NA	Medium	yes	sp003516765	GTDB
1168	GCA_958442115.1	1988125	176	14517	59.47734675	86.97	0.67	GCA_958442115.1	344338	d__Bacteria;p__Bacillota;c__Clostridia;o__Oscillospirales;f__Oscillospiraceae;g__CAG-170;s__CAG-170_sp000432135	SAMEA114062220	PRJEB62827	NA	NA	Human	gut	NA	Medium	yes	sp000432135	GTDB
1169	GCA_959597965.1	2215809	94	38203	61.31634089	90.06	0.06	GCA_959597965.1	172733	d__Bacteria;p__Bacillota;c__Clostridia;o__Oscillospirales;f__Oscillospiraceae;g__CAG-170;s__CAG-170_sp002404795	SAMEA114122349	PRJEB63522	China	Asia	Human	gut	NA	High	yes	sp002404795	GTDB
1170	GCA_963635105.1	2148865	76	39556	60.96581218	90.6	1.01	GCA_963635105.1	2212467	d__Bacteria;p__Bacillota;c__Clostridia;o__Oscillospirales;f__Oscillospiraceae;g__CAG-170;s__CAG-170_sp002404795	SAMEA114584840	PRJEB68160	Cote_d'Ivoire	Africa	Chimpanzee	gut	NA	High	yes	sp002404795	GTDB
1171	GCA_022774265.1	2358419	143	24536	61.31777263	90.6	2.52	GCA_022774265.1	1898207	d__Bacteria;p__Bacillota;c__Clostridia;o__Oscillospirales;f__Oscillospiraceae;g__CAG-170;s__CAG-170_sp002404795	SAMN26526068	PRJNA629856	Canada	North America	Pig	gut	Lacombe	High	yes	sp002404795	GTDB
1172	GCA_958436235.1	3393008	64	135449	55.6220616	93.29	1.01	GCA_958436235.1	172733	d__Bacteria;p__Bacillota;c__Clostridia;o__Oscillospirales;f__Oscillospiraceae;g__CAG-170;s__CAG-170_sp900545925	SAMEA114065030	PRJEB63158	China	Asia	Human	gut	NA	High	yes	sp900545925	GTDB
1173	GCA_959022975.1	2970963	62	78252	57.96329338	93.96	2.01	GCA_959022975.1	344338	d__Bacteria;p__Bacillota;c__Clostridia;o__Oscillospirales;f__Oscillospiraceae;g__CAG-170;s__CAG-170_sp000432135	SAMEA114096171	PRJEB63310	South_Korea	Asia	Human	gut	NA	High	yes	sp000432135	GTDB
1174	GCA_021638185.1	2921601	322	13991	55.69515681	85.64	2.24	GCA_021638185.1	2485925	d__Bacteria;p__Bacillota;c__Clostridia;o__Oscillospirales;f__Oscillospiraceae;g__CAG-170;s__CAG-170_sp900545925	SAMN23483143	PRJNA678454	South_Africa	Africa	Human	gut	Bushbuckridge_Mpumalanga	Medium	yes	sp900545925	GTDB
1175	GCA_963641305.1	3027850	164	33505	56.29820323	91.74	5.03	GCA_963641305.1	2763670	d__Bacteria;p__Bacillota;c__Clostridia;o__Oscillospirales;f__Oscillospiraceae;g__CAG-170;s__CAG-170_sp900545925	SAMEA114582142	PRJEB68160	Denmark	Europe	Human	gut	NA	Medium	yes	sp900545925	GTDB
1176	GCA_002404795.1	2199938	386	9689	61.32694495	80.69	3.1	GCA_002404795.1	1950886	d__Bacteria;p__Bacillota;c__Clostridia;o__Oscillospirales;f__Oscillospiraceae;g__CAG-170;s__CAG-170_sp002404795	SAMN06454377	PRJNA348753	Kenya	Africa	NA	gut	NA	Medium	yes	sp002404795	GTDB
1177	GCA_900545095.1	2537318	58	62585	58.52415819	95.97	1.01	GCA_900545095.1	172733	d__Bacteria;p__Bacillota;c__Clostridia;o__Oscillospirales;f__Oscillospiraceae;g__CAG-170;s__CAG-170_sp000432135	SAMEA4891393	PRJEB26432	NA	NA	Human	gut	NA	High	yes	sp000432135	GTDB
1178	GCA_934623545.1	1990560	368	6933	59.58082148	82.15	1.12	GCA_934623545.1	707003	d__Bacteria;p__Bacillota;c__Clostridia;o__Oscillospirales;f__Oscillospiraceae;g__CAG-170;s__CAG-170_sp934623545	SAMEA13480635	PRJEB49206	Tanzania	Africa	Human	gut	NA	Medium	yes	sp934623545	GTDB
1179	GCA_959024245.1	2282921	95	38855	56.89535468	92.35	2.01	GCA_959024245.1	172733	d__Bacteria;p__Bacillota;c__Clostridia;o__Oscillospirales;f__Oscillospiraceae;g__CAG-170;s__CAG-170_sp937967235	SAMEA114096316	PRJEB63310	South_Korea	Asia	Human	gut	NA	High	yes	sp937967235	GTDB
1180	GCA_959600035.1	2064670	71	42129	59.35234202	89.26	1.68	GCA_959600035.1	172733	d__Bacteria;p__Bacillota;c__Clostridia;o__Oscillospirales;f__Oscillospiraceae;g__CAG-170;s__CAG-170_sp900553545	SAMEA114122853	PRJEB63522	China	Asia	Human	gut	NA	Medium	yes	sp900553545	GTDB
1181	GCA_902478585.1	2272062	31	128452	56.64827808	94.63	0.67	GCA_902478585.1	172733	d__Bacteria;p__Bacillota;c__Clostridia;o__Oscillospirales;f__Oscillospiraceae;g__CAG-170;s__CAG-170_sp937967235	SAMEA5852215	PRJEB33885	NA	NA	Human	gut	NA	High	yes	sp937967235	GTDB
1182	GCA_934648465.1	2635494	53	100346	56.48060667	94.63	0.67	GCA_934648465.1	707003	d__Bacteria;p__Bacillota;c__Clostridia;o__Oscillospirales;f__Oscillospiraceae;g__CAG-170;s__CAG-170_sp900545925	SAMEA13508067	PRJEB49206	Nepal	Asia	Human	gut	NA	High	yes	sp900545925	GTDB
1183	GCA_934643635.1	2684935	195	24654	58.56283299	94.83	5.64	GCA_934643635.1	707003	d__Bacteria;p__Bacillota;c__Clostridia;o__Oscillospirales;f__Oscillospiraceae;g__CAG-170;s__CAG-170_sp000432135	SAMEA13519033	PRJEB49206	Tanzania	Africa	Human	gut	NA	Medium	yes	sp000432135	GTDB
1184	GCA_003343525.1	1633715	46	46385	59.26117696	63.9	4.03	GCA_003343525.1	2044939	d__Bacteria;p__Bacillota;c__Clostridia;o__Oscillospirales;f__Oscillospiraceae;g__CAG-170;s__CAG-170_sp900553545	SAMN08294993	PRJNA397219	USA	North America	Human	gut	Minnesota_Rochester	Medium	yes	sp900553545	GTDB
1185	GCA_037235015.1	2119599	281	11078	61.65255787	87.37	0.96	GCA_037235015.1	1869227	d__Bacteria;p__Bacillota;c__Clostridia;o__Oscillospirales;f__Oscillospiraceae;g__CAG-170;s__CAG-170_sp002404795	SAMN37824216	PRJNA947377	Germany	Europe	Human	gut	Essen	Medium	yes	sp002404795	GTDB
1186	GCA_037251715.1	1867684	283	9481	57.69450292	88.43	3.64	GCA_037251715.1	1869227	d__Bacteria;p__Bacillota;c__Clostridia;o__Oscillospirales;f__Oscillospiraceae;g__CAG-170;s__CAG-170_sp003516765	SAMN37825638	PRJNA947377	Germany	Europe	Human	gut	Essen	Medium	yes	sp003516765	GTDB
1187	GCA_934615685.1	2005715	122	23834	59.71042745	89.73	1.34	GCA_934615685.1	707003	d__Bacteria;p__Bacillota;c__Clostridia;o__Oscillospirales;f__Oscillospiraceae;g__CAG-170;s__CAG-170_sp000436735	SAMEA13510800	PRJEB49206	Tanzania	Africa	Human	gut	NA	Medium	yes	sp000436735	GTDB
1188	GCA_036793445.1	2241864	238	14056	59.26935582	89.8	2.24	GCA_036793445.1	2485925	d__Bacteria;p__Bacillota;c__Clostridia;o__Oscillospirales;f__Oscillospiraceae;g__CAG-170;s__CAG-170_sp000432135	SAMN28748991	PRJNA843551	NA	NA	Human	gut	NA	Medium	yes	sp000432135	GTDB
1189	GCA_958372765.1	2802430	74	68402	60.02183819	93.29	0.67	GCA_958372765.1	172733	d__Bacteria;p__Bacillota;c__Clostridia;o__Oscillospirales;f__Oscillospiraceae;g__CAG-170;s__CAG-170_sp002404795	SAMEA114065208	PRJEB63158	China	Asia	Human	gut	NA	High	yes	sp002404795	GTDB
1190	GCA_037320965.1	2249850	110	32539	59.24674978	93.88	2.01	GCA_037320965.1	1869227	d__Bacteria;p__Bacillota;c__Clostridia;o__Oscillospirales;f__Oscillospiraceae;g__CAG-170;s__CAG-170_sp000436735	SAMN37827105	PRJNA947377	Germany	Europe	Human	gut	Essen	High	yes	sp000436735	GTDB
1191	GCA_017938825.1	2163061	207	13902	61.6151833	89.58	4.03	GCA_017938825.1	2485925	d__Bacteria;p__Bacillota;c__Clostridia;o__Oscillospirales;f__Oscillospiraceae;g__CAG-170;s__CAG-170_sp002404795	SAMN16349448	PRJNA657473	NA	NA	Waterdeer	rumen	NA	Medium	yes	sp002404795	GTDB
1192	GCA_934827745.1	2881316	58	90810	56.0477114	93.96	2.01	GCA_934827745.1	77133	d__Bacteria;p__Bacillota;c__Clostridia;o__Oscillospirales;f__Oscillospiraceae;g__CAG-170;s__CAG-170_sp900545925	SAMEA13566117	PRJEB50699	NA	NA	Human	gut	NA	High	yes	sp900545925	GTDB
1193	GCA_934796255.1	1996534	56	61874	56.87566553	78.97	0.34	GCA_934796255.1	707003	d__Bacteria;p__Bacillota;c__Clostridia;o__Oscillospirales;f__Oscillospiraceae;g__CAG-170;s__CAG-170_sp937967235	SAMEA13502562	PRJEB49206	Tanzania	Africa	Human	gut	NA	Medium	yes	sp937967235	GTDB
1194	GCA_934623585.1	2463348	47	81037	60.46863862	86.58	0.67	GCA_934623585.1	707003	d__Bacteria;p__Bacillota;c__Clostridia;o__Oscillospirales;f__Oscillospiraceae;g__CAG-170;s__CAG-170_sp002404795	SAMEA13494354	PRJEB49206	USA	North America	Human	gut	NA	Medium	yes	sp002404795	GTDB
1195	GCA_905214155.1	1772587	190	11467	60.86888824	79.5	0.67	GCA_905214155.1	77133	d__Bacteria;p__Bacillota;c__Clostridia;o__Oscillospirales;f__Oscillospiraceae;g__CAG-170;s__CAG-170_sp905214155	SAMEA7852777	PRJEB37358	China	Asia	Human	gut	NA	Medium	yes	sp905214155	GTDB
1196	GCA_945910055.1	1821279	116	23735	57.72734436	93.4	0.84	GCA_945910055.1	244328	d__Bacteria;p__Bacillota;c__Clostridia;o__Oscillospirales;f__Oscillospiraceae;g__CAG-170;s__CAG-170_sp003516765	SAMEA110411880	PRJEB53600	China	Asia	Pig	gut	NA	High	yes	sp003516765	GTDB
1197	GCA_902461805.1	2729121	54	129557	56.16093973	94.63	1.01	GCA_902461805.1	344338	d__Bacteria;p__Bacillota;c__Clostridia;o__Oscillospirales;f__Oscillospiraceae;g__CAG-170;s__CAG-170_sp900545925	SAMEA5849872	PRJEB33885	Sweden	Europe	Human	gut	NA	High	yes	sp900545925	GTDB
1198	GCA_959600755.1	1985416	71	49036	57.19798773	92.89	1.34	GCA_959600755.1	172733	d__Bacteria;p__Bacillota;c__Clostridia;o__Oscillospirales;f__Oscillospiraceae;g__CAG-170;s__CAG-170_sp937967235	SAMEA114122299	PRJEB63522	China	Asia	Human	gut	NA	High	yes	sp937967235	GTDB
1199	GCA_934654535.1	1964052	84	31574	60.56565712	91.7	1.34	GCA_934654535.1	707003	d__Bacteria;p__Bacillota;c__Clostridia;o__Oscillospirales;f__Oscillospiraceae;g__CAG-170;s__CAG-170_sp905214155	SAMEA13521775	PRJEB49206	Tanzania	Africa	Human	gut	NA	High	yes	sp905214155	GTDB
1200	GCA_018375475.1	2063373	206	13078	59.40956011	87.07	0	GCA_018375475.1	1879010	d__Bacteria;p__Bacillota;c__Clostridia;o__Oscillospirales;f__Oscillospiraceae;g__CAG-170;s__CAG-170_sp000432135	SAMN17801407	PRJNA698986	USA	North America	Human	gut	Pittsburgh_Magee-Womens_Hospital_of_UPMC	Medium	yes	sp000432135	GTDB
1201	GCA_905193075.1	2191427	29	118533	56.90388044	93.96	0.67	GCA_905193075.1	172733	d__Bacteria;p__Bacillota;c__Clostridia;o__Oscillospirales;f__Oscillospiraceae;g__CAG-170;s__CAG-170_sp937967235	SAMEA7846948	PRJEB37358	China	Asia	Human	gut	NA	High	yes	sp937967235	GTDB
1202	GCA_028725405.1	2369966	205	15325	61.32379114	92.34	4.02	GCA_028725405.1	1898207	d__Bacteria;p__Bacillota;c__Clostridia;o__Oscillospirales;f__Oscillospiraceae;g__CAG-170;s__CAG-170_sp002404795	SAMN32799761	PRJNA857725	Canada	North America	Pig	gut	Lacombe	High	yes	sp002404795	GTDB
1203	GCA_037318495.1	2142089	53	74378	59.01556845	89.26	0.67	GCA_037318495.1	1869227	d__Bacteria;p__Bacillota;c__Clostridia;o__Oscillospirales;f__Oscillospiraceae;g__CAG-170;s__CAG-170_sp000432135	SAMN37827181	PRJNA947377	Germany	Europe	Human	gut	Essen	Medium	yes	sp000432135	GTDB
1204	GCA_928721945.1	3312008	3	1781832	58.71383765	94.63	1.68	GCA_928721945.1	707003	d__Bacteria;p__Bacillota;c__Clostridia;o__Oscillospirales;f__Oscillospiraceae;g__CAG-170;s__CAG-170_sp002404795	SAMEA12751964	PRJEB50473	France	Europe	Human	gut	NA	High	yes	sp002404795	GTDB
1205	GCA_002432385.1	1794588	384	8164	62.06843024	62.93	0	GCA_002432385.1	1950906	d__Bacteria;p__Bacillota;c__Clostridia;o__Oscillospirales;f__Oscillospiraceae;g__CAG-170;s__CAG-170_sp002404795	SAMN06455760	PRJNA348753	Kenya	Africa	NA	gut	NA	Medium	yes	sp002404795	GTDB
1206	GCA_958426025.1	2091530	184	16747	61.7087491	86.92	0	GCA_958426025.1	172733	d__Bacteria;p__Bacillota;c__Clostridia;o__Oscillospirales;f__Oscillospiraceae;g__CAG-170;s__CAG-170_sp002404795	SAMEA114064252	PRJEB62824	Sweden	Europe	Human	gut	NA	Medium	yes	sp002404795	GTDB
1207	GCA_934623315.1	2100863	232	12395	59.01812731	88.12	3.02	GCA_934623315.1	707003	d__Bacteria;p__Bacillota;c__Clostridia;o__Oscillospirales;f__Oscillospiraceae;g__CAG-170;s__CAG-170_sp934668295	SAMEA13480640	PRJEB49206	Tanzania	Africa	Human	gut	NA	Medium	yes	sp934668295	GTDB
1208	GCA_004552005.1	2124251	226	12928	62.13338254	87.76	4.42	GCA_004552005.1	1898207	d__Bacteria;p__Bacillota;c__Clostridia;o__Oscillospirales;f__Oscillospiraceae;g__CAG-170;s__CAG-170_sp002404795	SAMN10183833	PRJNA494875	Canada	North America	Wild boar	gut	Edmonton	Medium	yes	sp002404795	GTDB
1209	GCA_900548105.1	2311897	115	27311	56.83358731	92.41	1.43	GCA_900548105.1	172733	d__Bacteria;p__Bacillota;c__Clostridia;o__Oscillospirales;f__Oscillospiraceae;g__CAG-170;s__CAG-170_sp003516765	SAMEA4891697	PRJEB26432	NA	NA	Human	gut	NA	High	yes	sp003516765	GTDB
1210	GCA_958439925.1	2386563	52	64870	56.92567093	93.96	1.68	GCA_958439925.1	172733	d__Bacteria;p__Bacillota;c__Clostridia;o__Oscillospirales;f__Oscillospiraceae;g__CAG-170;s__CAG-170_sp937967235	SAMEA114062107	PRJEB62827	NA	NA	Cattle	gut	NA	High	yes	sp937967235	GTDB
1211	GCA_037307545.1	2132752	253	13054	59.27984126	88.31	1.34	GCA_037307545.1	1869227	d__Bacteria;p__Bacillota;c__Clostridia;o__Oscillospirales;f__Oscillospiraceae;g__CAG-170;s__CAG-170_sp000436735	SAMN37827881	PRJNA947377	Germany	Europe	Human	gut	Essen	Medium	yes	sp000436735	GTDB
1212	GCA_022774875.1	2293581	144	21297	61.41261198	92.62	2.82	GCA_022774875.1	1898207	d__Bacteria;p__Bacillota;c__Clostridia;o__Oscillospirales;f__Oscillospiraceae;g__CAG-170;s__CAG-170_sp002404795	SAMN26525954	PRJNA629856	Canada	North America	Pig	gut	Lacombe	High	yes	sp002404795	GTDB
1213	GCA_037243035.1	1617379	378	5035	58.06072664	76.84	0.67	GCA_037243035.1	1869227	d__Bacteria;p__Bacillota;c__Clostridia;o__Oscillospirales;f__Oscillospiraceae;g__CAG-170;s__CAG-170_sp003516765	SAMN37825059	PRJNA947377	Germany	Europe	Human	gut	Essen	Medium	yes	sp003516765	GTDB
1214	GCA_037065665.1	1969591	23	145701	57.22050923	79.82	2.01	GCA_037065665.1	2485925	d__Bacteria;p__Bacillota;c__Clostridia;o__Oscillospirales;f__Oscillospiraceae;g__CAG-170;s__CAG-170_sp900549635	SAMN38172458	PRJNA1033532	Austria	Europe	Human	gut	Vienna	Medium	yes	sp900549635	GTDB
1215	GCA_003516765.1	2020291	613	7055	57.22156385	67.14	2.15	GCA_003516765.1	1898207	d__Bacteria;p__Bacillota;c__Clostridia;o__Oscillospirales;f__Oscillospiraceae;g__CAG-170;s__CAG-170_sp003516765	SAMN08017890	PRJNA417962	NA	NA	Human	gut	NA	Medium	yes	sp003516765	GTDB
1216	GCA_934661715.1	1867745	364	6644	57.93670978	75	0	GCA_934661715.1	707003	d__Bacteria;p__Bacillota;c__Clostridia;o__Oscillospirales;f__Oscillospiraceae;g__CAG-170;s__CAG-170_sp934661715	SAMEA13477882	PRJEB49206	Tanzania	Africa	Human	gut	NA	Medium	yes	sp934661715	GTDB
1217	GCA_934835315.1	3023551	58	87960	55.81540422	93.96	1.17	GCA_934835315.1	77133	d__Bacteria;p__Bacillota;c__Clostridia;o__Oscillospirales;f__Oscillospiraceae;g__CAG-170;s__CAG-170_sp900545925	SAMEA13566509	PRJEB50699	NA	NA	Human	gut	NA	High	yes	sp900545925	GTDB
1218	GCA_004559455.1	2411490	239	14271	61.90894426	91.44	5.59	GCA_004559455.1	1869227	d__Bacteria;p__Bacillota;c__Clostridia;o__Oscillospirales;f__Oscillospiraceae;g__CAG-170;s__CAG-170_sp002404795	SAMN10183534	PRJNA494875	Canada	North America	Wild boar	gut	Edmonton	Medium	yes	sp002404795	GTDB
1219	GCA_002298695.1	2051976	365	9939	59.47853474	70.13	3.36	GCA_002298695.1	1950930	d__Bacteria;p__Bacillota;c__Clostridia;o__Oscillospirales;f__Oscillospiraceae;g__CAG-170;s__CAG-170_sp002298695	SAMN06453419	PRJNA348753	Kenya	Africa	NA	gut	NA	Medium	yes	sp002298695	GTDB
1220	GCA_041328005.1	3594462	5	1219320	54.94738851	94.63	1.34	GCA_041328005.1	2485925	d__Bacteria;p__Bacillota;c__Clostridia;o__Oscillospirales;f__Oscillospiraceae;g__CAG-170;s__CAG-170_sp937967235	SAMN43071558	PRJNA1052403	China	Asia	Human	gut	Beijing	High	yes	sp937967235	GTDB
1221	GCA_905207725.1	2893668	273	14924	56.37578326	91.8	0.13	GCA_905207725.1	344338	d__Bacteria;p__Bacillota;c__Clostridia;o__Oscillospirales;f__Oscillospiraceae;g__CAG-170;s__CAG-170_sp900545925	SAMEA7847471	PRJEB37358	Denmark	Europe	Human	gut	NA	High	yes	sp900545925	GTDB
1222	GCA_037323575.1	1855532	218	11854	57.56397626	86.99	1.74	GCA_037323575.1	1869227	d__Bacteria;p__Bacillota;c__Clostridia;o__Oscillospirales;f__Oscillospiraceae;g__CAG-170;s__CAG-170_sp900549635	SAMN37827696	PRJNA947377	Germany	Europe	Human	gut	Essen	Medium	yes	sp900549635	GTDB
1223	GCA_934654395.1	2044526	337	8586	60.20104415	56.54	0	GCA_934654395.1	707003	d__Bacteria;p__Bacillota;c__Clostridia;o__Oscillospirales;f__Oscillospiraceae;g__CAG-170;s__CAG-170_sp934613505	SAMEA13491607	PRJEB49206	Tanzania	Africa	Human	gut	NA	Medium	yes	sp934613505	GTDB
1224	GCA_037232855.1	2184616	579	5179	59.24725444	81.9	4.03	GCA_037232855.1	1869227	d__Bacteria;p__Bacillota;c__Clostridia;o__Oscillospirales;f__Oscillospiraceae;g__CAG-170;s__CAG-170_sp000432135	SAMN37824298	PRJNA947377	Germany	Europe	Human	gut	Essen	Medium	yes	sp000432135	GTDB
1225	GCA_958428845.1	2846808	151	34162	57.89459633	91.61	0.67	GCA_958428845.1	344338	d__Bacteria;p__Bacillota;c__Clostridia;o__Oscillospirales;f__Oscillospiraceae;g__CAG-170;s__CAG-170_sp000432135	SAMEA114063532	PRJEB62820	Germany	Europe	Human	gut	NA	High	yes	sp000432135	GTDB
1226	GCA_934655935.1	2013914	241	12171	60.1048009	86.5	3.58	GCA_934655935.1	707003	d__Bacteria;p__Bacillota;c__Clostridia;o__Oscillospirales;f__Oscillospiraceae;g__CAG-170;s__CAG-170_sp934655935	SAMEA13494362	PRJEB49206	Tanzania	Africa	Human	gut	NA	Medium	yes	sp934655935	GTDB
1227	GCA_959027135.1	2015067	71	36495	59.81662148	88.64	1.34	GCA_959027135.1	172733	d__Bacteria;p__Bacillota;c__Clostridia;o__Oscillospirales;f__Oscillospiraceae;g__CAG-170;s__CAG-170_sp900553545	SAMEA114096477	PRJEB63337	China	Asia	Human	gut	NA	Medium	yes	sp900553545	GTDB
1228	GCA_963614905.1	2143382	202	15765	56.98750853	88.92	1.36	GCA_963614905.1	1898203	d__Bacteria;p__Bacillota;c__Clostridia;o__Oscillospirales;f__Oscillospiraceae;g__CAG-170;s__CAG-170_sp003516765	SAMEA114584443	PRJEB68160	Cote_d'Ivoire	Africa	Chimpanzee	gut	NA	Medium	yes	sp003516765	GTDB
1229	GCA_937890735.1	2062975	224	13802	60.83747985	89.81	1.34	GCA_937890735.1	344338	d__Bacteria;p__Bacillota;c__Clostridia;o__Oscillospirales;f__Oscillospiraceae;g__CAG-170;s__CAG-170_sp937890735	SAMEA14080943	PRJEB51895	Kenya	Africa	NA	gut	NA	Medium	yes	sp937890735	GTDB
1230	GCA_934646015.1	1813800	341	6986	60.00793913	75.61	5.03	GCA_934646015.1	707003	d__Bacteria;p__Bacillota;c__Clostridia;o__Oscillospirales;f__Oscillospiraceae;g__CAG-170;s__CAG-170_sp900555665	SAMEA13524518	PRJEB49206	Tanzania	Africa	Human	gut	NA	Medium	yes	sp900555665	GTDB
1231	GCA_037433965.1	2136009	316	9588	59.40059241	87.55	4.87	GCA_037433965.1	1869227	d__Bacteria;p__Bacillota;c__Clostridia;o__Oscillospirales;f__Oscillospiraceae;g__CAG-170;s__CAG-170_sp000432135	SAMN37831274	PRJNA947377	Germany	Europe	Human	gut	Essen	Medium	yes	sp000432135	GTDB
1232	GCA_959604945.1	1852073	222	9849	57.61576353	83.99	1.06	GCA_959604945.1	172733	d__Bacteria;p__Bacillota;c__Clostridia;o__Oscillospirales;f__Oscillospiraceae;g__CAG-170;s__CAG-170_sp937967235	SAMEA114122538	PRJEB63522	China	Asia	Human	gut	NA	Medium	yes	sp937967235	GTDB
1233	GCA_945876125.1	1756682	246	8265	59.53502114	84.34	2.68	GCA_945876125.1	244328	d__Bacteria;p__Bacillota;c__Clostridia;o__Oscillospirales;f__Oscillospiraceae;g__CAG-170;s__CAG-170_sp004555655	SAMEA110403291	PRJEB53025	China	Asia	Pig	gut	NA	Medium	yes	sp004555655	GTDB
1234	GCA_945916265.1	2649476	103	45587	58.09016575	97.99	0.67	GCA_945916265.1	244328	d__Bacteria;p__Bacillota;c__Clostridia;o__Oscillospirales;f__Oscillospiraceae;g__CAG-170;s__CAG-170_sp004555655	SAMEA110414541	PRJEB52947	France	Europe	Pig	gut	NA	High	yes	sp004555655	GTDB
1235	GCA_934834755.1	1746180	177	15672	57.60473348	84.43	0.67	GCA_934834755.1	77133	d__Bacteria;p__Bacillota;c__Clostridia;o__Oscillospirales;f__Oscillospiraceae;g__CAG-170;s__CAG-170_sp900549635	SAMEA13566529	PRJEB50699	NA	NA	Human	gut	NA	Medium	yes	sp900549635	GTDB
1236	GCA_958411915.1	2647795	154	25678	56.28600401	90.77	1.01	GCA_958411915.1	172733	d__Bacteria;p__Bacillota;c__Clostridia;o__Oscillospirales;f__Oscillospiraceae;g__CAG-170;s__CAG-170_sp900545925	SAMEA114061258	PRJEB62838	NA	NA	Human	gut	NA	High	yes	sp900545925	GTDB
1237	GCA_902466915.1	1720775	128	19644	59.89888277	77.3	3.36	GCA_902466915.1	172733	d__Bacteria;p__Bacillota;c__Clostridia;o__Oscillospirales;f__Oscillospiraceae;g__CAG-170;s__CAG-170_sp900555665	SAMEA5850385	PRJEB33885	Denmark	Europe	Human	gut	NA	Medium	yes	sp900555665	GTDB
1238	GCA_958452645.1	2829811	110	38567	59.85428002	95.97	1.36	GCA_958452645.1	172733	d__Bacteria;p__Bacillota;c__Clostridia;o__Oscillospirales;f__Oscillospiraceae;g__CAG-170;s__CAG-170_sp002404795	SAMEA114064810	PRJEB63152	NA	NA	Human	gut	NA	High	yes	sp002404795	GTDB
1239	GCA_004554295.1	2379421	282	11275	61.96999186	90.25	3.02	GCA_004554295.1	1898207	d__Bacteria;p__Bacillota;c__Clostridia;o__Oscillospirales;f__Oscillospiraceae;g__CAG-170;s__CAG-170_sp002404795	SAMN10183811	PRJNA494875	Canada	North America	Wild boar	gut	Edmonton	High	yes	sp002404795	GTDB
1240	GCA_963640135.1	2678341	276	14611	56.43538295	88.24	3.13	GCA_963640135.1	1872471	d__Bacteria;p__Bacillota;c__Clostridia;o__Oscillospirales;f__Oscillospiraceae;g__CAG-170;s__CAG-170_sp900545925	SAMEA114584692	PRJEB68160	Cote_d'Ivoire	Africa	Chimpanzee	gut	NA	Medium	yes	sp900545925	GTDB
1241	GCA_021635445.1	2793337	82	59410	57.90609714	88.72	2.35	GCA_021635445.1	2485925	d__Bacteria;p__Bacillota;c__Clostridia;o__Oscillospirales;f__Oscillospiraceae;g__CAG-170;s__CAG-170_sp000432135	SAMN23483055	PRJNA678454	South_Africa	Africa	Human	gut	Bushbuckridge_Mpumalanga	Medium	yes	sp000432135	GTDB
1242	GCA_934856505.1	1933564	161	18787	57.43977231	87.38	1.01	GCA_934856505.1	77133	d__Bacteria;p__Bacillota;c__Clostridia;o__Oscillospirales;f__Oscillospiraceae;g__CAG-170;s__CAG-170_sp003516765	SAMEA13566788	PRJEB50699	NA	NA	Human	gut	NA	Medium	yes	sp003516765	GTDB
1243	GCA_946541795.1	1489011	188	9119	62.16441652	56.58	0	GCA_946541795.1	244328	d__Bacteria;p__Bacillota;c__Clostridia;o__Oscillospirales;f__Oscillospiraceae;g__CAG-170;s__CAG-170_sp902803075	SAMEA110744852	PRJEB22623	New_Zealand	Oceania	Sheep	gut	NA	Medium	yes	sp902803075	GTDB
1244	GCA_937923395.1	2793521	556	6717	57.59419743	88.14	2.35	GCA_937923395.1	244328	d__Bacteria;p__Bacillota;c__Clostridia;o__Oscillospirales;f__Oscillospiraceae;g__CAG-170;s__CAG-170_sp900548625	SAMEA14084438	PRJEB51075	France	Europe	Human	gut	NA	Medium	yes	sp900548625	GTDB
1245	GCA_037327685.1	2140182	121	27791	57.21859169	92.69	0.67	GCA_037327685.1	1869227	d__Bacteria;p__Bacillota;c__Clostridia;o__Oscillospirales;f__Oscillospiraceae;g__CAG-170;s__CAG-170_sp003516765	SAMN37827981	PRJNA947377	Germany	Europe	Human	gut	Essen	High	yes	sp003516765	GTDB
1246	GCA_946007635.1	1947621	262	9506	62.19187409	86.39	0.67	GCA_946007635.1	244328	d__Bacteria;p__Bacillota;c__Clostridia;o__Oscillospirales;f__Oscillospiraceae;g__CAG-170;s__CAG-170_sp002404795	SAMEA110424920	PRJEB53042	Germany	Europe	Pig	gut	NA	Medium	yes	sp002404795	GTDB
1247	GCA_959019115.1	2006387	212	13141	61.73076281	84.58	1.34	GCA_959019115.1	172733	d__Bacteria;p__Bacillota;c__Clostridia;o__Oscillospirales;f__Oscillospiraceae;g__CAG-170;s__CAG-170_sp002404795	SAMEA114096540	PRJEB63401	USA	North America	Human	gut	NA	Medium	yes	sp002404795	GTDB
1248	GCA_023447105.1	2530060	300	10905	56.49360094	83.83	4.64	GCA_023447105.1	1879010	d__Bacteria;p__Bacillota;c__Clostridia;o__Oscillospirales;f__Oscillospiraceae;g__CAG-170;s__CAG-170_sp900545925	SAMN17045235	PRJNA682348	Brazil	South America	Human	gut	Braganca	Medium	yes	sp900545925	GTDB
1249	GCA_900548985.1	2670539	95	46426	58.36117728	93.29	2.01	GCA_900548985.1	172733	d__Bacteria;p__Bacillota;c__Clostridia;o__Oscillospirales;f__Oscillospiraceae;g__CAG-170;s__CAG-170_sp000436735	SAMEA4891785	PRJEB26432	NA	NA	Human	gut	NA	High	yes	sp000436735	GTDB
1250	GCA_037372365.1	1792966	371	6106	57.60215196	83.63	2.03	GCA_037372365.1	1869227	d__Bacteria;p__Bacillota;c__Clostridia;o__Oscillospirales;f__Oscillospiraceae;g__CAG-170;s__CAG-170_sp937967235	SAMN37829468	PRJNA947377	Germany	Europe	Human	gut	Essen	Medium	yes	sp937967235	GTDB
1251	GCA_958423285.1	2331180	80	43238	59.2679673	92.16	2.35	GCA_958423285.1	172733	d__Bacteria;p__Bacillota;c__Clostridia;o__Oscillospirales;f__Oscillospiraceae;g__CAG-170;s__CAG-170_sp000436735	SAMEA114064411	PRJEB62824	Sweden	Europe	Human	gut	NA	High	yes	sp000436735	GTDB
1252	GCA_021629245.1	2622524	365	10126	58.57738367	86.24	4.63	GCA_021629245.1	2485925	d__Bacteria;p__Bacillota;c__Clostridia;o__Oscillospirales;f__Oscillospiraceae;g__CAG-170;s__CAG-170_sp000432135	SAMN23483802	PRJNA678454	South_Africa	Africa	Human	gut	Bushbuckridge_Mpumalanga	Medium	yes	sp000432135	GTDB
1253	GCA_934646355.1	1988409	217	15177	59.90492902	90.97	0.67	GCA_934646355.1	707003	d__Bacteria;p__Bacillota;c__Clostridia;o__Oscillospirales;f__Oscillospiraceae;g__CAG-170;s__CAG-170_sp000436735	SAMEA13508058	PRJEB49206	Tanzania	Africa	Human	gut	NA	High	yes	sp000436735	GTDB
1254	GCA_934655765.1	2384090	243	13522	56.75008074	87.63	2.35	GCA_934655765.1	707003	d__Bacteria;p__Bacillota;c__Clostridia;o__Oscillospirales;f__Oscillospiraceae;g__CAG-170;s__CAG-170_sp900545925	SAMEA13510809	PRJEB49206	Tanzania	Africa	Human	gut	NA	Medium	yes	sp900545925	GTDB
1255	GCA_037294765.1	2360060	260	19501	61.23348559	91.62	1.34	GCA_037294765.1	1869227	d__Bacteria;p__Bacillota;c__Clostridia;o__Oscillospirales;f__Oscillospiraceae;g__CAG-170;s__CAG-170_sp002404795	SAMN37826798	PRJNA947377	Germany	Europe	Human	gut	Essen	High	yes	sp002404795	GTDB
1256	GCA_958365345.1	2632497	71	67693	58.24770171	93.96	0.67	GCA_958365345.1	344338	d__Bacteria;p__Bacillota;c__Clostridia;o__Oscillospirales;f__Oscillospiraceae;g__CAG-170;s__CAG-170_sp000432135	SAMEA114064555	PRJEB62824	Sweden	Europe	Human	gut	NA	High	yes	sp000432135	GTDB
1257	GCA_934645335.1	2198360	151	22742	61.62325552	93.96	0.67	GCA_934645335.1	707003	d__Bacteria;p__Bacillota;c__Clostridia;o__Oscillospirales;f__Oscillospiraceae;g__CAG-170;s__CAG-170_sp002404795	SAMEA13486126	PRJEB49206	Tanzania	Africa	Human	gut	NA	High	yes	sp002404795	GTDB
1258	GCA_934643765.1	1945454	293	8968	57.29845064	79.36	2.01	GCA_934643765.1	707003	d__Bacteria;p__Bacillota;c__Clostridia;o__Oscillospirales;f__Oscillospiraceae;g__CAG-170;s__CAG-170_sp934643765	SAMEA13486110	PRJEB49206	Tanzania	Africa	Human	gut	NA	Medium	yes	sp934643765	GTDB
1259	GCA_900547145.1	2601825	147	28555	60.61053299	93.96	1.34	GCA_900547145.1	172733	d__Bacteria;p__Bacillota;c__Clostridia;o__Oscillospirales;f__Oscillospiraceae;g__CAG-170;s__CAG-170_sp002404795	SAMEA4891592	PRJEB26432	NA	NA	Human	gut	NA	High	yes	sp002404795	GTDB
1260	GCA_934632205.1	2133155	40	82356	57.04189335	92.69	0.67	GCA_934632205.1	707003	d__Bacteria;p__Bacillota;c__Clostridia;o__Oscillospirales;f__Oscillospiraceae;g__CAG-170;s__CAG-170_sp900549635	SAMEA13494334	PRJEB49206	Nepal	Asia	Human	gut	NA	High	yes	sp900549635	GTDB
1261	GCA_958353375.1	2030634	123	26070	59.79891009	92.04	2.01	GCA_958353375.1	172733	d__Bacteria;p__Bacillota;c__Clostridia;o__Oscillospirales;f__Oscillospiraceae;g__CAG-170;s__CAG-170_sp900548625	SAMEA114062744	PRJEB62820	Germany	Europe	Human	gut	NA	High	yes	sp900548625	GTDB
1262	GCA_937950595.1	2842657	85	51701	57.63386156	91.95	1.51	GCA_937950595.1	244328	d__Bacteria;p__Bacillota;c__Clostridia;o__Oscillospirales;f__Oscillospiraceae;g__CAG-170;s__CAG-170_sp000436735	SAMEA14085757	PRJEB51075	NA	NA	Human	gut	NA	High	yes	sp000436735	GTDB
1263	GCA_916988195.3	3213277	81	89982	55.29013245	94.63	1.48	GCA_916988195.3	2485925	d__Bacteria;p__Bacillota;c__Clostridia;o__Oscillospirales;f__Oscillospiraceae;g__CAG-170;s__CAG-170_sp900549635	SAMEA9990741	PRJEB47943	France	Europe	Human	gut	NA	High	yes	sp900549635	GTDB
1264	GCA_947001665.1	2261932	203	16134	59.09611783	90.69	0.81	GCA_947001665.1	244328	d__Bacteria;p__Bacillota;c__Clostridia;o__Oscillospirales;f__Oscillospiraceae;g__CAG-170;s__CAG-170_sp000432135	SAMEA111396807	PRJEB55618	USA	North America	Mouse	gut	NA	High	yes	sp000432135	GTDB
1265	GCA_963626665.1	2564731	472	6907	61.5629432	89.8	2.91	GCA_963626665.1	2847316	d__Bacteria;p__Bacillota;c__Clostridia;o__Oscillospirales;f__Oscillospiraceae;g__CAG-170;s__CAG-170_sp002404795	SAMEA114587249	PRJEB68160	Cote_d'Ivoire	Africa	Chimpanzee	gut	NA	Medium	yes	sp002404795	GTDB
1266	GCA_037343265.1	2501701	112	32776	56.58302091	93.05	3.97	GCA_037343265.1	1869227	d__Bacteria;p__Bacillota;c__Clostridia;o__Oscillospirales;f__Oscillospiraceae;g__CAG-170;s__CAG-170_sp900545925	SAMN37828252	PRJNA947377	Germany	Europe	Human	gut	Essen	High	yes	sp900545925	GTDB
1267	GCA_934630805.1	2481550	29	124623	58.50323387	93.96	0.67	GCA_934630805.1	707003	d__Bacteria;p__Bacillota;c__Clostridia;o__Oscillospirales;f__Oscillospiraceae;g__CAG-170;s__CAG-170_sp000436735	SAMEA13505315	PRJEB49206	Nepal	Asia	Human	gut	NA	High	yes	sp000436735	GTDB
1268	GCA_959600215.1	3147242	84	70277	56.08132454	94.63	0.67	GCA_959600215.1	172733	d__Bacteria;p__Bacillota;c__Clostridia;o__Oscillospirales;f__Oscillospiraceae;g__CAG-170;s__CAG-170_sp900545925	SAMEA114121902	PRJEB63522	China	Asia	Human	gut	NA	High	yes	sp900545925	GTDB
1269	GCA_934643645.1	2752473	82	59982	58.0033301	87.94	0.34	GCA_934643645.1	707003	d__Bacteria;p__Bacillota;c__Clostridia;o__Oscillospirales;f__Oscillospiraceae;g__CAG-170;s__CAG-170_sp900751035	SAMEA13475154	PRJEB49206	Tanzania	Africa	Human	gut	NA	Medium	yes	sp900751035	GTDB
1270	GCA_934668205.1	1636306	363	5573	61.20328349	79.63	3.19	GCA_934668205.1	707003	d__Bacteria;p__Bacillota;c__Clostridia;o__Oscillospirales;f__Oscillospiraceae;g__CAG-170;s__CAG-170_sp022779365	SAMEA13488854	PRJEB49206	Tanzania	Africa	Human	gut	NA	Medium	yes	sp022779365	GTDB
1271	GCA_902481455.1	2537318	58	62585	58.52415819	95.97	1.01	GCA_902481455.1	344338	d__Bacteria;p__Bacillota;c__Clostridia;o__Oscillospirales;f__Oscillospiraceae;g__CAG-170;s__CAG-170_sp000432135	SAMEA5852498	PRJEB33885	USA	North America	Human	gut	NA	High	yes	sp000432135	GTDB
1272	GCA_934670025.1	2159746	88	34920	60.91082007	88.9	1.79	GCA_934670025.1	707003	d__Bacteria;p__Bacillota;c__Clostridia;o__Oscillospirales;f__Oscillospiraceae;g__CAG-170;s__CAG-170_sp934670025	SAMEA13513560	PRJEB49206	Tanzania	Africa	Human	gut	NA	Medium	yes	sp934670025	GTDB
1273	GCA_937983695.1	3398208	165	37867	55.79125822	92.62	0.71	GCA_937983695.1	244328	d__Bacteria;p__Bacillota;c__Clostridia;o__Oscillospirales;f__Oscillospiraceae;g__CAG-170;s__CAG-170_sp900545925	SAMEA14085322	PRJEB51075	UK	Europe	Human	gut	NA	High	yes	sp900545925	GTDB
1274	GCA_963627675.1	2961353	104	55254	58.562898	90.5	5.7	GCA_963627675.1	1869227	d__Bacteria;p__Bacillota;c__Clostridia;o__Oscillospirales;f__Oscillospiraceae;g__CAG-170;s__CAG-170_sp934668295	SAMEA114583946	PRJEB68160	Cote_d'Ivoire	Africa	Chimpanzee	gut	NA	Medium	yes	sp934668295	GTDB
1275	GCA_037232905.1	1826677	259	9774	57.4479232	80.76	1.01	GCA_037232905.1	1869227	d__Bacteria;p__Bacillota;c__Clostridia;o__Oscillospirales;f__Oscillospiraceae;g__CAG-170;s__CAG-170_sp900549635	SAMN37824295	PRJNA947377	Germany	Europe	Human	gut	Essen	Medium	yes	sp900549635	GTDB
1276	GCA_963649035.1	2050308	149	20095	61.75675643	86.15	1.68	GCA_963649035.1	1869227	d__Bacteria;p__Bacillota;c__Clostridia;o__Oscillospirales;f__Oscillospiraceae;g__CAG-170;s__CAG-170_sp002404795	SAMEA114582149	PRJEB68160	Denmark	Europe	Human	gut	NA	Medium	yes	sp002404795	GTDB
1277	GCA_959021515.1	2600836	100	47104	60.75731034	93.23	1.01	GCA_959021515.1	172733	d__Bacteria;p__Bacillota;c__Clostridia;o__Oscillospirales;f__Oscillospiraceae;g__CAG-170;s__CAG-170_sp002404795	SAMEA114096498	PRJEB63337	China	Asia	Human	gut	NA	High	yes	sp002404795	GTDB
1278	GCA_958454015.1	2761455	51	72173	58.17650478	93.96	1.41	GCA_958454015.1	172733	d__Bacteria;p__Bacillota;c__Clostridia;o__Oscillospirales;f__Oscillospiraceae;g__CAG-170;s__CAG-170_sp000436735	SAMEA114065258	PRJEB63158	China	Asia	Human	gut	NA	High	yes	sp000436735	GTDB
1279	GCA_037368505.1	2123386	353	9190	56.65945805	79.29	0.78	GCA_037368505.1	1869227	d__Bacteria;p__Bacillota;c__Clostridia;o__Oscillospirales;f__Oscillospiraceae;g__CAG-170;s__CAG-170_sp900545925	SAMN37829635	PRJNA947377	Germany	Europe	Human	gut	Essen	Medium	yes	sp900545925	GTDB
1280	GCA_037352545.1	1878170	426	5317	62.08932099	89.36	2.68	GCA_037352545.1	1869227	d__Bacteria;p__Bacillota;c__Clostridia;o__Oscillospirales;f__Oscillospiraceae;g__CAG-170;s__CAG-170_sp002404795	SAMN37828785	PRJNA947377	Germany	Europe	Human	gut	Essen	Medium	yes	sp002404795	GTDB
1281	GCA_934836555.1	2422615	273	16401	60.98661317	85.06	3.75	GCA_934836555.1	77133	d__Bacteria;p__Bacillota;c__Clostridia;o__Oscillospirales;f__Oscillospiraceae;g__CAG-170;s__CAG-170_sp002404795	SAMEA13566539	PRJEB50699	NA	NA	Human	gut	NA	Medium	yes	sp002404795	GTDB
1282	GCA_959608265.1	2332886	117	31295	57.02683286	94.68	1.03	GCA_959608265.1	172733	d__Bacteria;p__Bacillota;c__Clostridia;o__Oscillospirales;f__Oscillospiraceae;g__CAG-170;s__CAG-170_sp937967235	SAMEA114122547	PRJEB63522	China	Asia	Human	gut	NA	High	yes	sp937967235	GTDB
1283	GCA_934834505.1	3071091	68	87594	55.97578174	93.62	2.35	GCA_934834505.1	77133	d__Bacteria;p__Bacillota;c__Clostridia;o__Oscillospirales;f__Oscillospiraceae;g__CAG-170;s__CAG-170_sp900545925	SAMEA13566583	PRJEB50699	NA	NA	Human	gut	NA	High	yes	sp900545925	GTDB
1284	GCA_934661735.1	2135773	147	22844	59.42583786	89.52	0.67	GCA_934661735.1	707003	d__Bacteria;p__Bacillota;c__Clostridia;o__Oscillospirales;f__Oscillospiraceae;g__CAG-170;s__CAG-170_sp934661735	SAMEA13497081	PRJEB49206	Tanzania	Africa	Human	gut	NA	Medium	yes	sp934661735	GTDB
1285	GCA_945225965.1	1740879	293	6783	62.37148015	75.44	1.01	GCA_945225965.1	244328	d__Bacteria;p__Bacillota;c__Clostridia;o__Oscillospirales;f__Oscillospiraceae;g__CAG-170;s__CAG-170_sp002404795	SAMEA110271890	PRJEB52514	Italy	Europe	Pig	gut	NA	Medium	yes	sp002404795	GTDB
1286	GCA_963607625.1	2413030	491	7127	56.25007262	80.12	4.15	GCA_963607625.1	2606635	d__Bacteria;p__Bacillota;c__Clostridia;o__Oscillospirales;f__Oscillospiraceae;g__CAG-170;s__CAG-170_sp003516765	SAMEA114581453	PRJEB68160	Denmark	Europe	Human	gut	NA	Medium	yes	sp003516765	GTDB
1287	GCA_900760045.1	2479900	176	37852	58.7799508	93.96	1.68	GCA_900760045.1	707003	d__Bacteria;p__Bacillota;c__Clostridia;o__Oscillospirales;f__Oscillospiraceae;g__CAG-170;s__CAG-170_sp900548625	SAMEA5280169	PRJEB31003	USA	North America	Human	gut	NA	High	yes	sp900548625	GTDB
1288	GCA_959606885.1	1783519	238	8898	62.35947024	83.78	1.85	GCA_959606885.1	172733	d__Bacteria;p__Bacillota;c__Clostridia;o__Oscillospirales;f__Oscillospiraceae;g__CAG-170;s__CAG-170_sp002404795	SAMEA114095837	PRJEB63177	Malaysia	Asia	Human	gut	NA	Medium	yes	sp002404795	GTDB
1289	GCA_902803075.1	2325673	265	12102	60.54217424	92.93	2.35	GCA_902803075.1	2485925	d__Bacteria;p__Bacillota;c__Clostridia;o__Oscillospirales;f__Oscillospiraceae;g__CAG-170;s__CAG-170_sp902803075	SAMEA6152974	PRJEB31266	UK	Europe	Cattle	rumen	NA	High	yes	sp902803075	GTDB
1290	GCA_958348325.1	2355561	82	46200	58.87272713	91.88	0.67	GCA_958348325.1	344338	d__Bacteria;p__Bacillota;c__Clostridia;o__Oscillospirales;f__Oscillospiraceae;g__CAG-170;s__CAG-170_sp000432135	SAMEA114060848	PRJEB62838	NA	NA	Human	gut	NA	High	yes	sp000432135	GTDB
1291	GCA_934880075.1	2308078	601	5065	56.92850368	80.23	2.96	GCA_934880075.1	77133	d__Bacteria;p__Bacillota;c__Clostridia;o__Oscillospirales;f__Oscillospiraceae;g__CAG-170;s__CAG-170_sp900545925	SAMEA13567412	PRJEB50699	NA	NA	Human	gut	NA	Medium	yes	sp900545925	GTDB
1292	GCA_963607255.1	2101872	226	12778	61.81761059	88.65	0.84	GCA_963607255.1	707003	d__Bacteria;p__Bacillota;c__Clostridia;o__Oscillospirales;f__Oscillospiraceae;g__CAG-170;s__CAG-170_sp002404795	SAMEA114581450	PRJEB68160	Denmark	Europe	Human	gut	NA	Medium	yes	sp002404795	GTDB
1293	GCA_963587275.1	2534685	622	5870	60.52367318	84.55	3.02	GCA_963587275.1	2293016	d__Bacteria;p__Bacillota;c__Clostridia;o__Oscillospirales;f__Oscillospiraceae;g__CAG-170;s__CAG-170_sp002404795	SAMEA114581556	PRJEB68160	Denmark	Europe	Human	gut	NA	Medium	yes	sp002404795	GTDB
1294	GCA_959604905.1	2022615	78	35462	59.27475076	91.61	0	GCA_959604905.1	344338	d__Bacteria;p__Bacillota;c__Clostridia;o__Oscillospirales;f__Oscillospiraceae;g__CAG-170;s__CAG-170_sp000432135	SAMEA114122851	PRJEB63522	China	Asia	Human	gut	NA	High	yes	sp000432135	GTDB
1295	GCA_934656025.1	2204398	180	18342	57.24193181	90.85	2.35	GCA_934656025.1	707003	d__Bacteria;p__Bacillota;c__Clostridia;o__Oscillospirales;f__Oscillospiraceae;g__CAG-170;s__CAG-170_sp900549635	SAMEA13499820	PRJEB49206	USA	North America	Human	gut	NA	High	yes	sp900549635	GTDB
1296	GCA_959022315.1	2450496	433	6434	58.1737738	82.53	2.35	GCA_959022315.1	344338	d__Bacteria;p__Bacillota;c__Clostridia;o__Oscillospirales;f__Oscillospiraceae;g__CAG-170;s__CAG-170_sp000432135	SAMEA114096803	PRJEB63401	USA	North America	Human	gut	NA	Medium	yes	sp000432135	GTDB
1297	GCA_958438555.1	2079829	189	14422	61.62958589	83.89	1.68	GCA_958438555.1	172733	d__Bacteria;p__Bacillota;c__Clostridia;o__Oscillospirales;f__Oscillospiraceae;g__CAG-170;s__CAG-170_sp002404795	SAMEA114061075	PRJEB62838	NA	NA	Human	gut	NA	Medium	yes	sp002404795	GTDB
1298	GCA_937930795.1	2828304	245	17073	59.75231093	94.63	1.01	GCA_937930795.1	244328	d__Bacteria;p__Bacillota;c__Clostridia;o__Oscillospirales;f__Oscillospiraceae;g__CAG-170;s__CAG-170_sp002404795	SAMEA14085944	PRJEB51075	USA	North America	Human	gut	NA	High	yes	sp002404795	GTDB
1299	GCA_945864905.1	2387734	247	12657	58.88457424	86.32	4.59	GCA_945864905.1	244328	d__Bacteria;p__Bacillota;c__Clostridia;o__Oscillospirales;f__Oscillospiraceae;g__CAG-170;s__CAG-170_sp000436735	SAMEA110402219	PRJEB52676	Germany	Europe	Pig	gut	NA	Medium	yes	sp000436735	GTDB
1300	GCA_947003295.1	2100094	236	11695	61.56057776	84.43	1.01	GCA_947003295.1	244328	d__Bacteria;p__Bacillota;c__Clostridia;o__Oscillospirales;f__Oscillospiraceae;g__CAG-170;s__CAG-170_sp002404795	SAMEA111396778	PRJEB55618	USA	North America	Mouse	gut	NA	Medium	yes	sp002404795	GTDB
1301	GCA_948468815.1	1961524	235	12003	61.78415355	81.31	1.53	GCA_948468815.1	172733	d__Bacteria;p__Bacillota;c__Clostridia;o__Oscillospirales;f__Oscillospiraceae;g__CAG-170;s__CAG-170_sp002404795	SAMEA112353481	PRJEB58054	Canada	North America	Mouse	gut	NA	Medium	yes	sp002404795	GTDB
1302	GCA_037370845.1	2243029	41	92111	58.69665528	90.6	3.19	GCA_037370845.1	1869227	d__Bacteria;p__Bacillota;c__Clostridia;o__Oscillospirales;f__Oscillospiraceae;g__CAG-170;s__CAG-170_sp000436735	SAMN37829536	PRJNA947377	Germany	Europe	Human	gut	Essen	High	yes	sp000436735	GTDB
1303	GCA_947072225.1	1731095	298	6551	62.26781315	60.58	0	GCA_947072225.1	244328	d__Bacteria;p__Bacillota;c__Clostridia;o__Oscillospirales;f__Oscillospiraceae;g__CAG-170;s__CAG-170_sp002404795	SAMEA111477129	PRJEB56417	France	Europe	Trout	gut	NA	Medium	yes	sp002404795	GTDB
1304	GCA_037372445.1	1806760	363	6472	59.7768381	77.54	1.45	GCA_037372445.1	1869227	d__Bacteria;p__Bacillota;c__Clostridia;o__Oscillospirales;f__Oscillospiraceae;g__CAG-170;s__CAG-170_sp000432135	SAMN37829464	PRJNA947377	Germany	Europe	Human	gut	Essen	Medium	yes	sp000432135	GTDB
1305	GCA_959602525.1	3679702	76	79795	55.28765645	95.3	1.34	GCA_959602525.1	172733	d__Bacteria;p__Bacillota;c__Clostridia;o__Oscillospirales;f__Oscillospiraceae;g__CAG-170;s__CAG-170_sp900545925	SAMEA114122578	PRJEB63522	China	Asia	Human	gut	NA	High	yes	sp900545925	GTDB
1306	GCA_963655675.1	2706697	143	33837	60.19336483	93.29	1.12	GCA_963655675.1	2212467	d__Bacteria;p__Bacillota;c__Clostridia;o__Oscillospirales;f__Oscillospiraceae;g__CAG-170;s__CAG-170_sp002404795	SAMEA114585032	PRJEB68160	Cote_d'Ivoire	Africa	Chimpanzee	gut	NA	High	yes	sp002404795	GTDB
1307	GCA_945876485.1	1691995	188	11324	60.74828826	82.58	1.01	GCA_945876485.1	244328	d__Bacteria;p__Bacillota;c__Clostridia;o__Oscillospirales;f__Oscillospiraceae;g__CAG-170;s__CAG-170_sp900553545	SAMEA110403167	PRJEB53025	China	Asia	Pig	gut	NA	Medium	yes	sp900553545	GTDB
1308	GCA_037336525.1	1956354	459	5050	61.89805117	84.01	1.01	GCA_037336525.1	1869227	d__Bacteria;p__Bacillota;c__Clostridia;o__Oscillospirales;f__Oscillospiraceae;g__CAG-170;s__CAG-170_sp002404795	SAMN37828451	PRJNA947377	Germany	Europe	Human	gut	Essen	Medium	yes	sp002404795	GTDB
1309	GCA_037260815.1	2887558	190	32905	57.69362901	88.65	1.96	GCA_037260815.1	1869227	d__Bacteria;p__Bacillota;c__Clostridia;o__Oscillospirales;f__Oscillospiraceae;g__CAG-170;s__CAG-170_sp000432135	SAMN37825822	PRJNA947377	Germany	Europe	Human	gut	Essen	Medium	yes	sp000432135	GTDB
1310	GCA_037377275.1	1944396	251	11449	59.9528594	87.35	3.36	GCA_037377275.1	1869227	d__Bacteria;p__Bacillota;c__Clostridia;o__Oscillospirales;f__Oscillospiraceae;g__CAG-170;s__CAG-170_sp000436735	SAMN37829338	PRJNA947377	Germany	Europe	Human	gut	Essen	Medium	yes	sp000436735	GTDB
1311	GCA_958433415.1	2965123	89	60121	57.78839529	90.6	1.57	GCA_958433415.1	344338	d__Bacteria;p__Bacillota;c__Clostridia;o__Oscillospirales;f__Oscillospiraceae;g__CAG-170;s__CAG-170_sp000432135	SAMEA114065001	PRJEB63158	China	Asia	Human	gut	NA	High	yes	sp000432135	GTDB
1312	GCA_021622975.1	3136555	107	62780	57.3135185	94.63	2.75	GCA_021622975.1	2485925	d__Bacteria;p__Bacillota;c__Clostridia;o__Oscillospirales;f__Oscillospiraceae;g__CAG-170;s__CAG-170_sp000432135	SAMN23482945	PRJNA678454	South_Africa	Africa	Human	gut	Bushbuckridge_Mpumalanga	High	no	sp000432135	GTDB
1313	GCA_037236495.1	2059690	264	12011	56.88443407	76.9	0	GCA_037236495.1	1869227	d__Bacteria;p__Bacillota;c__Clostridia;o__Oscillospirales;f__Oscillospiraceae;g__CAG-170;s__CAG-170_sp900545925	SAMN37824149	PRJNA947377	Germany	Europe	Human	gut	Essen	Medium	yes	sp900545925	GTDB
1314	GCA_023454735.1	1576320	265	6745	62.25829781	70.85	0.67	GCA_023454735.1	1879010	d__Bacteria;p__Bacillota;c__Clostridia;o__Oscillospirales;f__Oscillospiraceae;g__CAG-170;s__CAG-170_sp002404795	SAMN17045713	PRJNA682348	Brazil	South America	Human	gut	Fortaleza	Medium	yes	sp002404795	GTDB
1315	GCA_934836415.1	2656561	222	19189	56.45902479	90.44	2.01	GCA_934836415.1	77133	d__Bacteria;p__Bacillota;c__Clostridia;o__Oscillospirales;f__Oscillospiraceae;g__CAG-170;s__CAG-170_sp900545925	SAMEA13566607	PRJEB50699	NA	NA	Human	gut	NA	High	yes	sp900545925	GTDB
1316	GCA_963603085.1	3047521	77	79588	55.87908992	92.62	1.01	GCA_963603085.1	2212467	d__Bacteria;p__Bacillota;c__Clostridia;o__Oscillospirales;f__Oscillospiraceae;g__CAG-170;s__CAG-170_sp900545925	SAMEA114584340	PRJEB68160	Cote_d'Ivoire	Africa	Chimpanzee	gut	NA	High	yes	sp900545925	GTDB
1317	GCA_958353095.1	2257669	316	9187	56.35839443	84.84	1.51	GCA_958353095.1	172733	d__Bacteria;p__Bacillota;c__Clostridia;o__Oscillospirales;f__Oscillospiraceae;g__CAG-170;s__CAG-170_sp003516765	SAMEA114062960	PRJEB62820	Germany	Europe	Human	gut	NA	Medium	yes	sp003516765	GTDB
1318	GCA_036551805.1	2416836	97	40691	60.65264668	89.26	0.34	GCA_036551805.1	2485925	d__Bacteria;p__Bacillota;c__Clostridia;o__Oscillospirales;f__Oscillospiraceae;g__CAG-170;s__CAG-170_sp002404795	SAMN38021866	PRJNA964705	USA	North America	Human	gut	Marshfield_WI	Medium	yes	sp002404795	GTDB
1319	GCA_934645325.1	2318128	60	86259	59.33542065	92.95	2.01	GCA_934645325.1	707003	d__Bacteria;p__Bacillota;c__Clostridia;o__Oscillospirales;f__Oscillospiraceae;g__CAG-170;s__CAG-170_sp902796245	SAMEA13494352	PRJEB49206	Nepal	Asia	Human	gut	NA	High	yes	sp902796245	GTDB
1320	GCA_037270405.1	2025501	413	6354	59.46592966	87.13	1.51	GCA_037270405.1	1869227	d__Bacteria;p__Bacillota;c__Clostridia;o__Oscillospirales;f__Oscillospiraceae;g__CAG-170;s__CAG-170_sp000432135	SAMN37826588	PRJNA947377	Germany	Europe	Human	gut	Essen	Medium	yes	sp000432135	GTDB
1321	GCA_958438275.1	2710459	216	18317	58.48566608	91.56	2.01	GCA_958438275.1	172733	d__Bacteria;p__Bacillota;c__Clostridia;o__Oscillospirales;f__Oscillospiraceae;g__CAG-170;s__CAG-170_sp000436735	SAMEA114060852	PRJEB62838	NA	NA	Human	gut	NA	High	yes	sp000436735	GTDB
1322	GCA_958453215.1	2790958	313	12526	57.75482827	88.69	1.34	GCA_958453215.1	344338	d__Bacteria;p__Bacillota;c__Clostridia;o__Oscillospirales;f__Oscillospiraceae;g__CAG-170;s__CAG-170_sp000432135	SAMEA114064946	PRJEB63152	NA	NA	Human	gut	NA	Medium	yes	sp000432135	GTDB
1323	GCA_959609015.1	2228339	74	53238	57.06600297	92	0.67	GCA_959609015.1	172733	d__Bacteria;p__Bacillota;c__Clostridia;o__Oscillospirales;f__Oscillospiraceae;g__CAG-170;s__CAG-170_sp937967235	SAMEA114122064	PRJEB63522	China	Asia	Human	gut	NA	High	yes	sp937967235	GTDB
1324	GCA_958447925.1	3635890	50	153100	55.52976025	93.96	1.68	GCA_958447925.1	172733	d__Bacteria;p__Bacillota;c__Clostridia;o__Oscillospirales;f__Oscillospiraceae;g__CAG-170;s__CAG-170_sp900545925	SAMEA114062677	PRJEB62692	China	Asia	Human	gut	NA	High	yes	sp900545925	GTDB
1325	GCA_036809425.1	1889182	473	5703	57.76069598	80.36	1.01	GCA_036809425.1	2485925	d__Bacteria;p__Bacillota;c__Clostridia;o__Oscillospirales;f__Oscillospiraceae;g__CAG-170;s__CAG-170_sp003516765	SAMN28749841	PRJNA843551	NA	NA	Human	gut	NA	Medium	yes	sp003516765	GTDB
1326	GCA_036832085.1	2148496	55	76746	59.10586809	94.57	1.34	GCA_036832085.1	2485925	d__Bacteria;p__Bacillota;c__Clostridia;o__Oscillospirales;f__Oscillospiraceae;g__CAG-170;s__CAG-170_sp900548625	SAMN28751097	PRJNA843551	NA	NA	Human	gut	NA	High	yes	sp900548625	GTDB
1327	GCA_023407965.1	1982148	196	13897	59.71905226	88.23	4.03	GCA_023407965.1	1879010	d__Bacteria;p__Bacillota;c__Clostridia;o__Oscillospirales;f__Oscillospiraceae;g__CAG-170;s__CAG-170_sp000436735	SAMN17045883	PRJNA682348	Brazil	South America	Human	gut	Fortaleza	Medium	yes	sp000436735	GTDB
1328	GCA_934655825.1	1779479	182	15940	57.91498523	93.46	1.06	GCA_934655825.1	707003	d__Bacteria;p__Bacillota;c__Clostridia;o__Oscillospirales;f__Oscillospiraceae;g__CAG-170;s__CAG-170_sp003516765	SAMEA13502563	PRJEB49206	Nepal	Asia	Human	gut	NA	High	yes	sp003516765	GTDB
1329	GCA_029007455.1	2210922	133	24014	59.51403984	91.97	4.14	GCA_029007455.1	1879010	d__Bacteria;p__Bacillota;c__Clostridia;o__Oscillospirales;f__Oscillospiraceae;g__CAG-170;s__CAG-170_sp000436735	SAMN32798822	PRJNA857725	Canada	North America	Pig	gut	Lacombe	High	yes	sp000436735	GTDB
1330	GCA_934643315.1	2553376	92	59465	58.32818982	95.97	1.34	GCA_934643315.1	707003	d__Bacteria;p__Bacillota;c__Clostridia;o__Oscillospirales;f__Oscillospiraceae;g__CAG-170;s__CAG-170_sp900548625	SAMEA13486114	PRJEB49206	Tanzania	Africa	Human	gut	NA	High	yes	sp900548625	GTDB
1331	GCA_037249425.1	2295164	116	32017	56.58013981	90.5	0.67	GCA_037249425.1	1869227	d__Bacteria;p__Bacillota;c__Clostridia;o__Oscillospirales;f__Oscillospiraceae;g__CAG-170;s__CAG-170_sp900545925	SAMN37825422	PRJNA947377	Germany	Europe	Human	gut	Essen	High	yes	sp900545925	GTDB
1332	GCA_905206385.1	1856784	174	15515	60.40223311	89.58	0.34	GCA_905206385.1	172733	d__Bacteria;p__Bacillota;c__Clostridia;o__Oscillospirales;f__Oscillospiraceae;g__CAG-170;s__CAG-170_sp900553545	SAMEA7846863	PRJEB37358	China	Asia	Human	gut	NA	Medium	yes	sp900553545	GTDB
1333	GCA_934646185.1	2885953	79	71909	59.22428397	94.63	2.75	GCA_934646185.1	707003	d__Bacteria;p__Bacillota;c__Clostridia;o__Oscillospirales;f__Oscillospiraceae;g__CAG-170;s__CAG-170_sp934646185	SAMEA13483382	PRJEB49206	Tanzania	Africa	Human	gut	NA	High	yes	sp934646185	GTDB
1334	GCA_963637245.1	2002533	310	8140	56.86752728	83.18	0.81	GCA_963637245.1	2212467	d__Bacteria;p__Bacillota;c__Clostridia;o__Oscillospirales;f__Oscillospiraceae;g__CAG-170;s__CAG-170_sp900545925	SAMEA114584910	PRJEB68160	Cote_d'Ivoire	Africa	Chimpanzee	gut	NA	Medium	yes	sp900545925	GTDB
1335	GCA_905201695.1	1879916	106	26435	57.67502378	90.46	0	GCA_905201695.1	172733	d__Bacteria;p__Bacillota;c__Clostridia;o__Oscillospirales;f__Oscillospiraceae;g__CAG-170;s__CAG-170_sp003516765	SAMEA7848190	PRJEB37358	Spain	Europe	Human	gut	NA	High	yes	sp003516765	GTDB
1336	GCA_037369225.1	1898059	435	5624	60.03406638	83.04	3.36	GCA_037369225.1	1869227	d__Bacteria;p__Bacillota;c__Clostridia;o__Oscillospirales;f__Oscillospiraceae;g__CAG-170;s__CAG-170_sp900548625	SAMN37829617	PRJNA947377	Germany	Europe	Human	gut	Essen	Medium	yes	sp900548625	GTDB
1337	GCA_037299505.1	1992227	189	13576	59.60937182	88.27	0	GCA_037299505.1	1869227	d__Bacteria;p__Bacillota;c__Clostridia;o__Oscillospirales;f__Oscillospiraceae;g__CAG-170;s__CAG-170_sp000432135	SAMN37826641	PRJNA947377	Germany	Europe	Human	gut	Essen	Medium	yes	sp000432135	GTDB
1338	GCA_958369585.1	1905177	318	6552	57.03601293	74.01	0	GCA_958369585.1	172733	d__Bacteria;p__Bacillota;c__Clostridia;o__Oscillospirales;f__Oscillospiraceae;g__CAG-170;s__CAG-170_sp003516765	SAMEA114066245	PRJEB63166	NA	NA	Human	gut	NA	Medium	yes	sp003516765	GTDB
1339	GCA_037240115.1	2401406	146	24633	61.01375611	94.19	1.91	GCA_037240115.1	1869227	d__Bacteria;p__Bacillota;c__Clostridia;o__Oscillospirales;f__Oscillospiraceae;g__CAG-170;s__CAG-170_sp002404795	SAMN37825166	PRJNA947377	Germany	Europe	Human	gut	Essen	High	yes	sp002404795	GTDB
1340	GCA_900751035.1	2586855	389	7636	58.19023486	76.29	3.71	GCA_900751035.1	707003	d__Bacteria;p__Bacillota;c__Clostridia;o__Oscillospirales;f__Oscillospiraceae;g__CAG-170;s__CAG-170_sp900751035	SAMEA5280172	PRJEB31003	Peru	South America	Human	gut	NA	Medium	yes	sp900751035	GTDB
1341	GCA_037460195.1	2364278	393	9682	58.61857193	82.22	1.51	GCA_037460195.1	1869227	d__Bacteria;p__Bacillota;c__Clostridia;o__Oscillospirales;f__Oscillospiraceae;g__CAG-170;s__CAG-170_sp000432135	SAMN37824881	PRJNA947377	Germany	Europe	Human	gut	Essen	Medium	yes	sp000432135	GTDB
1342	GCA_963626485.1	1558211	289	7891	60.6651525	66.69	0	GCA_963626485.1	2292300	d__Bacteria;p__Bacillota;c__Clostridia;o__Oscillospirales;f__Oscillospiraceae;g__CAG-170;s__CAG-170_sp900553545	SAMEA114581628	PRJEB68160	Denmark	Europe	Human	gut	NA	Medium	yes	sp900553545	GTDB
1343	GCA_036759265.1	1826315	425	6617	61.43653093	78.2	1.51	GCA_036759265.1	2485925	d__Bacteria;p__Bacillota;c__Clostridia;o__Oscillospirales;f__Oscillospiraceae;g__CAG-170;s__CAG-170_sp022779365	SAMN28747627	PRJNA843551	NA	NA	Human	gut	NA	Medium	yes	sp022779365	GTDB
1344	GCA_019423505.1	1417475	161	11527	61.23364024	76.92	2.68	GCA_019423505.1	2044939	d__Bacteria;p__Bacillota;c__Clostridia;o__Oscillospirales;f__Oscillospiraceae;g__CAG-170;s__CAG-170_sp905214155	SAMN19224898	PRJNA678426	South_Korea	Asia	Human	gut	Seoul	Medium	yes	sp905214155	GTDB
1345	GCA_963631305.1	2692733	88	57390	56.13547039	95.3	1.68	GCA_963631305.1	216816	d__Bacteria;p__Bacillota;c__Clostridia;o__Oscillospirales;f__Oscillospiraceae;g__CAG-170;s__CAG-170_sp003516765	SAMEA114581790	PRJEB68160	Denmark	Europe	Human	gut	NA	High	yes	sp003516765	GTDB
1346	GCA_934630675.1	1990039	207	14709	59.75350232	95	2.01	GCA_934630675.1	707003	d__Bacteria;p__Bacillota;c__Clostridia;o__Oscillospirales;f__Oscillospiraceae;g__CAG-170;s__CAG-170_sp900548625	SAMEA13488857	PRJEB49206	Tanzania	Africa	Human	gut	NA	High	yes	sp900548625	GTDB
1347	GCA_037235655.1	2376419	520	8091	58.48038582	83.58	3.36	GCA_037235655.1	1869227	d__Bacteria;p__Bacillota;c__Clostridia;o__Oscillospirales;f__Oscillospiraceae;g__CAG-170;s__CAG-170_sp000432135	SAMN37824191	PRJNA947377	Germany	Europe	Human	gut	Essen	Medium	yes	sp000432135	GTDB
1348	GCA_934630555.1	1930683	282	8777	59.36914553	85.3	2.57	GCA_934630555.1	707003	d__Bacteria;p__Bacillota;c__Clostridia;o__Oscillospirales;f__Oscillospiraceae;g__CAG-170;s__CAG-170_sp934630555	SAMEA13477886	PRJEB49206	Tanzania	Africa	Human	gut	NA	Medium	yes	sp934630555	GTDB
1349	GCA_041329155.1	3003407	11	322940	55.26217392	93.96	1.34	GCA_041329155.1	2485925	d__Bacteria;p__Bacillota;c__Clostridia;o__Oscillospirales;f__Oscillospiraceae;g__CAG-170;s__CAG-170_sp937967235	SAMN43071555	PRJNA1052403	China	Asia	Human	gut	Beijing	High	yes	sp937967235	GTDB
1350	GCA_963641435.1	1880386	352	6017	57.20772224	72.24	1.27	GCA_963641435.1	1869227	d__Bacteria;p__Bacillota;c__Clostridia;o__Oscillospirales;f__Oscillospiraceae;g__CAG-170;s__CAG-170_sp900549635	SAMEA114584909	PRJEB68160	Cote_d'Ivoire	Africa	Chimpanzee	gut	NA	Medium	yes	sp900549635	GTDB
1351	GCA_037297425.1	2250416	145	22192	61.4747229	92.85	0	GCA_037297425.1	1869227	d__Bacteria;p__Bacillota;c__Clostridia;o__Oscillospirales;f__Oscillospiraceae;g__CAG-170;s__CAG-170_sp002404795	SAMN37826705	PRJNA947377	Germany	Europe	Human	gut	Essen	High	yes	sp002404795	GTDB
1352	GCA_018369445.1	2130795	51	55182	57.01665341	94.63	1.34	GCA_018369445.1	1879010	d__Bacteria;p__Bacillota;c__Clostridia;o__Oscillospirales;f__Oscillospiraceae;g__CAG-170;s__CAG-170_sp937967235	SAMN17800706	PRJNA698986	USA	North America	Human	gut	Pittsburgh_Magee-Womens_Hospital_of_UPMC	High	yes	sp937967235	GTDB
1353	GCA_023402285.1	1671030	289	6363	61.3570672	66.55	2.85	GCA_023402285.1	1879010	d__Bacteria;p__Bacillota;c__Clostridia;o__Oscillospirales;f__Oscillospiraceae;g__CAG-170;s__CAG-170_sp002404795	SAMN17044920	PRJNA682348	Brazil	South America	Human	gut	Belem	Medium	no	sp002404795	GTDB
1354	GCA_934842085.1	2947418	110	114035	55.84413646	93.96	2.01	GCA_934842085.1	77133	d__Bacteria;p__Bacillota;c__Clostridia;o__Oscillospirales;f__Oscillospiraceae;g__CAG-170;s__CAG-170_sp900545925	SAMEA13566464	PRJEB50699	NA	NA	Human	gut	NA	High	yes	sp900545925	GTDB
1355	GCA_958405105.1	3077894	136	39724	56.09686363	92.06	2.2	GCA_958405105.1	172733	d__Bacteria;p__Bacillota;c__Clostridia;o__Oscillospirales;f__Oscillospiraceae;g__CAG-170;s__CAG-170_sp900545925	SAMEA114061081	PRJEB62838	NA	NA	Human	gut	NA	High	yes	sp900545925	GTDB
1356	GCA_037374685.1	2198420	252	14854	56.64136061	82.91	0.96	GCA_037374685.1	1869227	d__Bacteria;p__Bacillota;c__Clostridia;o__Oscillospirales;f__Oscillospiraceae;g__CAG-170;s__CAG-170_sp900545925	SAMN37829401	PRJNA947377	Germany	Europe	Human	gut	Essen	Medium	yes	sp900545925	GTDB
1357	GCA_023456715.1	1718543	111	26086	59.61957309	77.81	2.01	GCA_023456715.1	1879010	d__Bacteria;p__Bacillota;c__Clostridia;o__Oscillospirales;f__Oscillospiraceae;g__CAG-170;s__CAG-170_sp900548625	SAMN17045793	PRJNA682348	Brazil	South America	Human	gut	Fortaleza	Medium	yes	sp900548625	GTDB
1358	GCA_958423485.1	1910718	175	14495	57.72793264	88.82	0.67	GCA_958423485.1	172733	d__Bacteria;p__Bacillota;c__Clostridia;o__Oscillospirales;f__Oscillospiraceae;g__CAG-170;s__CAG-170_sp003516765	SAMEA114064510	PRJEB62824	Sweden	Europe	Human	gut	NA	Medium	yes	sp003516765	GTDB
1359	GCA_900753185.1	3191787	383	16251	56.23893449	90.72	1.72	GCA_900753185.1	707003	d__Bacteria;p__Bacillota;c__Clostridia;o__Oscillospirales;f__Oscillospiraceae;g__CAG-170;s__CAG-170_sp900545925	SAMEA5280173	PRJEB31003	Denmark	Europe	Human	gut	NA	High	yes	sp900545925	GTDB
1360	GCA_948468765.1	1638526	199	10927	57.99529577	75.34	0	GCA_948468765.1	172733	d__Bacteria;p__Bacillota;c__Clostridia;o__Oscillospirales;f__Oscillospiraceae;g__CAG-170;s__CAG-170_sp003516765	SAMEA112353513	PRJEB58054	Canada	North America	Mouse	gut	NA	Medium	yes	sp003516765	GTDB
1361	GCA_948442635.1	1629147	69	34412	59.33031212	79.86	2.01	GCA_948442635.1	172733	d__Bacteria;p__Bacillota;c__Clostridia;o__Oscillospirales;f__Oscillospiraceae;g__CAG-170;s__CAG-170_sp900548625	SAMEA112353521	PRJEB58054	Canada	North America	Mouse	gut	NA	Medium	yes	sp900548625	GTDB
1362	GCA_902465505.1	2390173	51	84291	58.68579387	95.97	1.34	GCA_902465505.1	344338	d__Bacteria;p__Bacillota;c__Clostridia;o__Oscillospirales;f__Oscillospiraceae;g__CAG-170;s__CAG-170_sp900548625	SAMEA5850243	PRJEB33885	NA	NA	Human	gut	NA	High	yes	sp900548625	GTDB
1363	GCA_958404015.1	2903945	103	54745	55.9601852	93.96	1.01	GCA_958404015.1	172733	d__Bacteria;p__Bacillota;c__Clostridia;o__Oscillospirales;f__Oscillospiraceae;g__CAG-170;s__CAG-170_sp900545925	SAMEA114064407	PRJEB62824	Sweden	Europe	Human	gut	NA	High	yes	sp900545925	GTDB
1364	GCA_037252245.1	1936190	370	6504	62.15707136	85.89	1.68	GCA_037252245.1	1869227	d__Bacteria;p__Bacillota;c__Clostridia;o__Oscillospirales;f__Oscillospiraceae;g__CAG-170;s__CAG-170_sp002404795	SAMN37825612	PRJNA947377	Germany	Europe	Human	gut	Essen	Medium	yes	sp002404795	GTDB
1365	GCA_958352825.1	3220724	113	66683	57.29072097	92.95	2.01	GCA_958352825.1	172733	d__Bacteria;p__Bacillota;c__Clostridia;o__Oscillospirales;f__Oscillospiraceae;g__CAG-170;s__CAG-170_sp000436735	SAMEA114061973	PRJEB62825	China	Asia	Cattle	gut	NA	High	yes	sp000436735	GTDB
1366	GCA_934621555.1	1857584	288	9173	57.80573045	90.52	1.01	GCA_934621555.1	707003	d__Bacteria;p__Bacillota;c__Clostridia;o__Oscillospirales;f__Oscillospiraceae;g__CAG-170;s__CAG-170_sp003516765	SAMEA13505306	PRJEB49206	Tanzania	Africa	Human	gut	NA	High	yes	sp003516765	GTDB
1367	GCA_037326735.1	2240781	79	43308	58.74634781	93.29	1.34	GCA_037326735.1	1869227	d__Bacteria;p__Bacillota;c__Clostridia;o__Oscillospirales;f__Oscillospiraceae;g__CAG-170;s__CAG-170_sp000436735	SAMN37828008	PRJNA947377	Germany	Europe	Human	gut	Essen	High	yes	sp000436735	GTDB
1368	GCA_934841485.1	3123807	107	115494	55.79334508	93.96	2.68	GCA_934841485.1	77133	d__Bacteria;p__Bacillota;c__Clostridia;o__Oscillospirales;f__Oscillospiraceae;g__CAG-170;s__CAG-170_sp900545925	SAMEA13566248	PRJEB50699	NA	NA	Human	gut	NA	High	yes	sp900545925	GTDB
1369	GCA_900545925.1	3215858	82	73001	55.78162966	94.63	1.01	GCA_900545925.1	172733	d__Bacteria;p__Bacillota;c__Clostridia;o__Oscillospirales;f__Oscillospiraceae;g__CAG-170;s__CAG-170_sp900545925	SAMEA4891479	PRJEB26432	NA	NA	Human	gut	NA	High	yes	sp900545925	GTDB
1370	GCA_037377625.1	3039505	183	36127	55.95467025	92.83	0.67	GCA_037377625.1	1869227	d__Bacteria;p__Bacillota;c__Clostridia;o__Oscillospirales;f__Oscillospiraceae;g__CAG-170;s__CAG-170_sp900545925	SAMN37829327	PRJNA947377	Germany	Europe	Human	gut	Essen	High	yes	sp900545925	GTDB
1371	GCA_934646315.1	2254009	99	40774	61.45876081	93.59	0.67	GCA_934646315.1	707003	d__Bacteria;p__Bacillota;c__Clostridia;o__Oscillospirales;f__Oscillospiraceae;g__CAG-170;s__CAG-170_sp002404795	SAMEA13488869	PRJEB49206	Nepal	Asia	Human	gut	NA	High	yes	sp002404795	GTDB
1372	GCA_937967235.1	2969145	271	16005	55.91677065	94.23	2.01	GCA_937967235.1	244328	d__Bacteria;p__Bacillota;c__Clostridia;o__Oscillospirales;f__Oscillospiraceae;g__CAG-170;s__CAG-170_sp937967235	SAMEA14083695	PRJEB51075	China	Asia	Human	gut	NA	High	yes	sp937967235	GTDB
1373	GCA_037327865.1	2998248	90	60931	57.41319597	86.91	0.67	GCA_037327865.1	1869227	d__Bacteria;p__Bacillota;c__Clostridia;o__Oscillospirales;f__Oscillospiraceae;g__CAG-170;s__CAG-170_sp000432135	SAMN37827978	PRJNA947377	Germany	Europe	Human	gut	Essen	Medium	yes	sp000432135	GTDB
1374	GCA_934852905.1	1839671	352	7130	57.54661002	83.68	1.01	GCA_934852905.1	77133	d__Bacteria;p__Bacillota;c__Clostridia;o__Oscillospirales;f__Oscillospiraceae;g__CAG-170;s__CAG-170_sp003516765	SAMEA13566819	PRJEB50699	NA	NA	Human	gut	NA	Medium	yes	sp003516765	GTDB
1375	GCA_945870135.1	1959585	223	11291	62.16510128	88.81	0.67	GCA_945870135.1	244328	d__Bacteria;p__Bacillota;c__Clostridia;o__Oscillospirales;f__Oscillospiraceae;g__CAG-170;s__CAG-170_sp002404795	SAMEA110403277	PRJEB53025	China	Asia	Pig	gut	NA	Medium	yes	sp002404795	GTDB
1376	GCA_036549755.1	3171767	145	50559	57.72391225	94.63	1.01	GCA_036549755.1	2485925	d__Bacteria;p__Bacillota;c__Clostridia;o__Oscillospirales;f__Oscillospiraceae;g__CAG-170;s__CAG-170_sp000432135	SAMN38021969	PRJNA964705	USA	North America	Human	gut	Marshfield_WI	High	yes	sp000432135	GTDB
1377	GCA_023439525.1	1617308	247	7939	60.03797669	75.97	1.34	GCA_023439525.1	1879010	d__Bacteria;p__Bacillota;c__Clostridia;o__Oscillospirales;f__Oscillospiraceae;g__CAG-170;s__CAG-170_sp000436735	SAMN17045214	PRJNA682348	Brazil	South America	Human	gut	Braganca	Medium	yes	sp000436735	GTDB
1378	GCA_959020315.1	2424471	77	55480	58.74869198	89.6	2.01	GCA_959020315.1	172733	d__Bacteria;p__Bacillota;c__Clostridia;o__Oscillospirales;f__Oscillospiraceae;g__CAG-170;s__CAG-170_sp000436735	SAMEA114096115	PRJEB63310	South_Korea	Asia	Human	gut	NA	Medium	yes	sp000436735	GTDB
1379	GCA_934643625.1	2144160	135	27917	58.7980841	82.8	0	GCA_934643625.1	707003	d__Bacteria;p__Bacillota;c__Clostridia;o__Oscillospirales;f__Oscillospiraceae;g__CAG-170;s__CAG-170_sp000432135	SAMEA13516291	PRJEB49206	Tanzania	Africa	Human	gut	NA	Medium	yes	sp000432135	GTDB
1380	GCA_004556885.1	2396985	110	32437	61.54035173	97.32	1.82	GCA_004556885.1	1898207	d__Bacteria;p__Bacillota;c__Clostridia;o__Oscillospirales;f__Oscillospiraceae;g__CAG-170;s__CAG-170_sp002404795	SAMN10183744	PRJNA494875	Canada	North America	Wild boar	gut	Edmonton	High	yes	sp002404795	GTDB
1381	GCA_029226425.1	2221644	245	11647	61.68873141	92.15	4.65	GCA_029226425.1	1898207	d__Bacteria;p__Bacillota;c__Clostridia;o__Oscillospirales;f__Oscillospiraceae;g__CAG-170;s__CAG-170_sp002404795	SAMN32799241	PRJNA857725	Canada	North America	Pig	gut	Lacombe	High	yes	sp002404795	GTDB
1382	GCA_036831225.1	3040794	94	60855	57.77402174	94.63	4.7	GCA_036831225.1	2485925	d__Bacteria;p__Bacillota;c__Clostridia;o__Oscillospirales;f__Oscillospiraceae;g__CAG-170;s__CAG-170_sp000432135	SAMN28750631	PRJNA843551	NA	NA	Human	gut	NA	High	yes	sp000432135	GTDB
1383	GCA_963621015.1	1666009	156	15180	59.57898566	72.43	0.67	GCA_963621015.1	1680	d__Bacteria;p__Bacillota;c__Clostridia;o__Oscillospirales;f__Oscillospiraceae;g__CAG-170;s__CAG-170_sp000432135	SAMEA114581683	PRJEB68160	Denmark	Europe	Human	gut	NA	Medium	yes	sp000432135	GTDB
1384	GCA_004554725.1	2055966	117	25266	61.83015672	90.6	0.67	GCA_004554725.1	1898207	d__Bacteria;p__Bacillota;c__Clostridia;o__Oscillospirales;f__Oscillospiraceae;g__CAG-170;s__CAG-170_sp002404795	SAMN10183793	PRJNA494875	Canada	North America	Wild boar	gut	Edmonton	High	yes	sp002404795	GTDB
1385	GCA_036775655.1	1848848	213	12547	57.73648937	86.73	1.34	GCA_036775655.1	2485925	d__Bacteria;p__Bacillota;c__Clostridia;o__Oscillospirales;f__Oscillospiraceae;g__CAG-170;s__CAG-170_sp003516765	SAMN28747929	PRJNA843551	NA	NA	Human	gut	NA	Medium	yes	sp003516765	GTDB
1386	GCA_037360295.1	1997842	339	8813	59.67368791	88.72	3.3	GCA_037360295.1	1869227	d__Bacteria;p__Bacillota;c__Clostridia;o__Oscillospirales;f__Oscillospiraceae;g__CAG-170;s__CAG-170_sp000432135	SAMN37829149	PRJNA947377	Germany	Europe	Human	gut	Essen	Medium	yes	sp000432135	GTDB
1387	GCA_958436705.1	3063780	35	200806	57.37647612	95.3	2.01	GCA_958436705.1	344338	d__Bacteria;p__Bacillota;c__Clostridia;o__Oscillospirales;f__Oscillospiraceae;g__CAG-170;s__CAG-170_sp000432135	SAMEA114066053	PRJEB63161	China	Asia	Human	gut	NA	High	yes	sp000432135	GTDB
1388	GCA_037356915.1	2112596	325	9492	61.9388184	88.11	2.68	GCA_037356915.1	1869227	d__Bacteria;p__Bacillota;c__Clostridia;o__Oscillospirales;f__Oscillospiraceae;g__CAG-170;s__CAG-170_sp002404795	SAMN37829273	PRJNA947377	Germany	Europe	Human	gut	Essen	Medium	yes	sp002404795	GTDB
1389	GCA_023451035.1	2274202	116	35085	59.24891456	92.92	5.37	GCA_023451035.1	1879010	d__Bacteria;p__Bacillota;c__Clostridia;o__Oscillospirales;f__Oscillospiraceae;g__CAG-170;s__CAG-170_sp900548625	SAMN17045017	PRJNA682348	Brazil	South America	Human	gut	Belem	Medium	yes	sp900548625	GTDB
1390	GCA_037315605.1	2058142	342	7669	61.89849874	91.66	2.85	GCA_037315605.1	1869227	d__Bacteria;p__Bacillota;c__Clostridia;o__Oscillospirales;f__Oscillospiraceae;g__CAG-170;s__CAG-170_sp002404795	SAMN37827292	PRJNA947377	Germany	Europe	Human	gut	Essen	High	yes	sp002404795	GTDB
1391	GCA_934630615.1	2302016	73	51076	58.82695863	93.29	2.01	GCA_934630615.1	707003	d__Bacteria;p__Bacillota;c__Clostridia;o__Oscillospirales;f__Oscillospiraceae;g__CAG-170;s__CAG-170_sp000432135	SAMEA13513548	PRJEB49206	USA	North America	Human	gut	NA	High	yes	sp000432135	GTDB
1392	GCA_037458875.1	2151015	384	8478	57.0838883	84.42	1.34	GCA_037458875.1	1869227	d__Bacteria;p__Bacillota;c__Clostridia;o__Oscillospirales;f__Oscillospiraceae;g__CAG-170;s__CAG-170_sp900545925	SAMN37824547	PRJNA947377	Germany	Europe	Human	gut	Essen	Medium	yes	sp900545925	GTDB
1393	GCA_958346665.1	2338367	135	24364	59.06232854	93.29	1.01	GCA_958346665.1	344338	d__Bacteria;p__Bacillota;c__Clostridia;o__Oscillospirales;f__Oscillospiraceae;g__CAG-170;s__CAG-170_sp000432135	SAMEA114060530	PRJEB62833	NA	NA	Human	gut	NA	High	yes	sp000432135	GTDB
1394	GCA_963660785.1	3385966	174	35293	55.95768606	92.74	3.02	GCA_963660785.1	460511	d__Bacteria;p__Bacillota;c__Clostridia;o__Oscillospirales;f__Oscillospiraceae;g__CAG-170;s__CAG-170_sp900545925	SAMEA114588843	PRJEB68160	Cote_d'Ivoire	Africa	Human	gut	NA	High	yes	sp900545925	GTDB
1395	GCA_037311785.1	1650268	354	5817	61.15455187	78.7	1.4	GCA_037311785.1	1869227	d__Bacteria;p__Bacillota;c__Clostridia;o__Oscillospirales;f__Oscillospiraceae;g__CAG-170;s__CAG-170_sp022779365	SAMN37827720	PRJNA947377	Germany	Europe	Human	gut	Essen	Medium	yes	sp022779365	GTDB
1396	GCA_900553545.1	1689282	246	8830	60.55874626	75.75	1.14	GCA_900553545.1	172733	d__Bacteria;p__Bacillota;c__Clostridia;o__Oscillospirales;f__Oscillospiraceae;g__CAG-170;s__CAG-170_sp900553545	SAMEA4892234	PRJEB26432	NA	NA	Human	gut	NA	Medium	yes	sp900553545	GTDB
1397	GCA_037370025.1	2125309	257	12547	62.0186994	94.44	1.34	GCA_037370025.1	1869227	d__Bacteria;p__Bacillota;c__Clostridia;o__Oscillospirales;f__Oscillospiraceae;g__CAG-170;s__CAG-170_sp002404795	SAMN37829578	PRJNA947377	Germany	Europe	Human	gut	Essen	High	yes	sp002404795	GTDB
1398	GCA_905187775.1	2395539	91	40641	58.74343937	91.09	0.67	GCA_905187775.1	344338	d__Bacteria;p__Bacillota;c__Clostridia;o__Oscillospirales;f__Oscillospiraceae;g__CAG-170;s__CAG-170_sp000432135	SAMEA7847831	PRJEB37358	Spain	Europe	Human	gut	NA	High	yes	sp000432135	GTDB
1399	GCA_037239175.1	1966446	460	5931	62.06608267	78.29	3.1	GCA_037239175.1	1869227	d__Bacteria;p__Bacillota;c__Clostridia;o__Oscillospirales;f__Oscillospiraceae;g__CAG-170;s__CAG-170_sp002404795	SAMN37824968	PRJNA947377	Germany	Europe	Human	gut	Essen	Medium	yes	sp002404795	GTDB
1400	GCA_959019355.1	1931187	134	18899	59.53530135	86.94	0.22	GCA_959019355.1	344338	d__Bacteria;p__Bacillota;c__Clostridia;o__Oscillospirales;f__Oscillospiraceae;g__CAG-170;s__CAG-170_sp000432135	SAMEA114095723	PRJEB63188	USA	North America	Human	gut	NA	Medium	yes	sp000432135	GTDB
1401	GCA_958348675.1	2309982	269	11368	57.15810773	81.5	1.01	GCA_958348675.1	172733	d__Bacteria;p__Bacillota;c__Clostridia;o__Oscillospirales;f__Oscillospiraceae;g__CAG-170;s__CAG-170_sp900549635	SAMEA114061009	PRJEB62838	NA	NA	Human	gut	NA	Medium	yes	sp900549635	GTDB
1402	GCA_946012855.1	1454821	299	5074	57.56955667	58.22	0.34	GCA_946012855.1	244328	d__Bacteria;p__Bacillota;c__Clostridia;o__Oscillospirales;f__Oscillospiraceae;g__CAG-170;s__CAG-170_sp003516765	SAMEA110424879	PRJEB53042	Germany	Europe	Pig	gut	NA	Medium	yes	sp003516765	GTDB
1403	GCA_937997295.1	2001767	132	26352	57.17823303	92.9	0.73	GCA_937997295.1	244328	d__Bacteria;p__Bacillota;c__Clostridia;o__Oscillospirales;f__Oscillospiraceae;g__CAG-170;s__CAG-170_sp003516765	SAMEA14085912	PRJEB51075	Spain	Europe	Human	gut	NA	High	no	sp003516765	GTDB
1404	GCA_946056715.1	1768932	285	7260	62.21058808	74.86	0.22	GCA_946056715.1	244328	d__Bacteria;p__Bacillota;c__Clostridia;o__Oscillospirales;f__Oscillospiraceae;g__CAG-170;s__CAG-170_sp002404795	SAMEA110446506	PRJEB53634	China	Asia	Pig	gut	NA	Medium	yes	sp002404795	GTDB
1405	GCA_958438215.1	2690566	119	35018	56.33316559	91.95	0.67	GCA_958438215.1	172733	d__Bacteria;p__Bacillota;c__Clostridia;o__Oscillospirales;f__Oscillospiraceae;g__CAG-170;s__CAG-170_sp900545925	SAMEA114060790	PRJEB62833	NA	NA	Human	gut	NA	High	yes	sp900545925	GTDB
1406	GCA_902475165.1	1981843	136	25383	60.36593211	91.38	0.67	GCA_902475165.1	172733	d__Bacteria;p__Bacillota;c__Clostridia;o__Oscillospirales;f__Oscillospiraceae;g__CAG-170;s__CAG-170_sp900553545	SAMEA5851538	PRJEB33885	China	Asia	Human	gut	NA	High	yes	sp900553545	GTDB
1407	GCA_036552245.1	2691107	168	25532	58.76852908	90.55	6.77	GCA_036552245.1	2485925	d__Bacteria;p__Bacillota;c__Clostridia;o__Oscillospirales;f__Oscillospiraceae;g__CAG-170;s__CAG-170_sp000432135	SAMN38021844	PRJNA964705	USA	North America	Human	gut	Marshfield_WI	Medium	yes	sp000432135	GTDB
1408	GCA_934835965.1	2670953	130	52797	56.26745515	92.15	1.01	GCA_934835965.1	77133	d__Bacteria;p__Bacillota;c__Clostridia;o__Oscillospirales;f__Oscillospiraceae;g__CAG-170;s__CAG-170_sp900545925	SAMEA13566413	PRJEB50699	NA	NA	Human	gut	NA	High	yes	sp900545925	GTDB
1409	GCA_900549635.1	2169390	131	23106	57.29435463	91	1.9	GCA_900549635.1	172733	d__Bacteria;p__Bacillota;c__Clostridia;o__Oscillospirales;f__Oscillospiraceae;g__CAG-170;s__CAG-170_sp900549635	SAMEA4891853	PRJEB26432	NA	NA	Human	gut	NA	High	yes	sp900549635	GTDB
1410	GCA_034088525.1	2135190	141	24233	59.2643746	91.28	2.68	GCA_034088525.1	2485925	d__Bacteria;p__Bacillota;c__Clostridia;o__Oscillospirales;f__Oscillospiraceae;g__CAG-170;s__CAG-170_sp000436735	SAMN37948501	PRJNA779404	Canada	North America	Pig	gut	Lacombe	High	yes	sp000436735	GTDB
1411	GCA_037436665.1	2008903	107	30441	57.31765048	91.95	0.67	GCA_037436665.1	1869227	d__Bacteria;p__Bacillota;c__Clostridia;o__Oscillospirales;f__Oscillospiraceae;g__CAG-170;s__CAG-170_sp003516765	SAMN37831194	PRJNA947377	Germany	Europe	Human	gut	Essen	High	yes	sp003516765	GTDB
1412	GCA_036832125.1	2057601	369	7397	62.12826126	85.71	1.01	GCA_036832125.1	2485925	d__Bacteria;p__Bacillota;c__Clostridia;o__Oscillospirales;f__Oscillospiraceae;g__CAG-170;s__CAG-170_sp002404795	SAMN28751101	PRJNA843551	NA	NA	Human	gut	NA	Medium	yes	sp002404795	GTDB
1413	GCA_902488165.1	2586855	389	7636	58.19023486	76.29	3.71	GCA_902488165.1	344338	d__Bacteria;p__Bacillota;c__Clostridia;o__Oscillospirales;f__Oscillospiraceae;g__CAG-170;s__CAG-170_sp900751035	SAMEA5853170	PRJEB33885	Peru	South America	Human	gut	NA	Medium	yes	sp900751035	GTDB
1414	GCA_018265525.1	2203547	190	16444	59.47973644	91.81	2.01	GCA_018265525.1	2485925	d__Bacteria;p__Bacillota;c__Clostridia;o__Oscillospirales;f__Oscillospiraceae;g__CAG-170;s__CAG-170_sp000436735	SAMN14944927	PRJNA593787	Austria	Europe	Human	gut	Vienna	High	yes	sp000436735	GTDB
1415	GCA_037269015.1	2223778	246	15440	61.74181955	91.16	1.34	GCA_037269015.1	1869227	d__Bacteria;p__Bacillota;c__Clostridia;o__Oscillospirales;f__Oscillospiraceae;g__CAG-170;s__CAG-170_sp002404795	SAMN37826009	PRJNA947377	Germany	Europe	Human	gut	Essen	High	yes	sp002404795	GTDB
1416	GCA_958403335.1	2068160	247	9910	57.09185943	81.05	2.13	GCA_958403335.1	172733	d__Bacteria;p__Bacillota;c__Clostridia;o__Oscillospirales;f__Oscillospiraceae;g__CAG-170;s__CAG-170_sp900549635	SAMEA114064435	PRJEB62824	Sweden	Europe	Human	gut	NA	Medium	yes	sp900549635	GTDB
1417	GCA_037315105.1	1994058	445	5670	57.16423494	82.13	2.31	GCA_037315105.1	1869227	d__Bacteria;p__Bacillota;c__Clostridia;o__Oscillospirales;f__Oscillospiraceae;g__CAG-170;s__CAG-170_sp900549635	SAMN37827308	PRJNA947377	Germany	Europe	Human	gut	Essen	Medium	yes	sp900549635	GTDB
1418	GCA_037430705.1	2035822	482	5092	56.88051313	81	1.01	GCA_037430705.1	1869227	d__Bacteria;p__Bacillota;c__Clostridia;o__Oscillospirales;f__Oscillospiraceae;g__CAG-170;s__CAG-170_sp900545925	SAMN37831355	PRJNA947377	Germany	Europe	Human	gut	Essen	Medium	yes	sp900545925	GTDB
1419	GCA_037329535.1	2389502	232	18714	61.01434525	87	1.85	GCA_037329535.1	1869227	d__Bacteria;p__Bacillota;c__Clostridia;o__Oscillospirales;f__Oscillospiraceae;g__CAG-170;s__CAG-170_sp002404795	SAMN37827928	PRJNA947377	Germany	Europe	Human	gut	Essen	Medium	yes	sp002404795	GTDB
1420	GCA_021641925.1	2210055	209	17443	59.13218285	91.23	4	GCA_021641925.1	2485925	d__Bacteria;p__Bacillota;c__Clostridia;o__Oscillospirales;f__Oscillospiraceae;g__CAG-170;s__CAG-170_sp934668295	SAMN23483762	PRJNA678454	South_Africa	Africa	Human	gut	Bushbuckridge_Mpumalanga	High	yes	sp934668295	GTDB
1421	GCA_959607435.1	3094037	72	71914	55.80608765	93.06	1.34	GCA_959607435.1	172733	d__Bacteria;p__Bacillota;c__Clostridia;o__Oscillospirales;f__Oscillospiraceae;g__CAG-170;s__CAG-170_sp900545925	SAMEA114095923	PRJEB63177	Malaysia	Asia	Human	gut	NA	High	yes	sp900545925	GTDB
1422	GCA_037368125.1	2000824	433	6260	62.15469227	83.12	0.67	GCA_037368125.1	1869227	d__Bacteria;p__Bacillota;c__Clostridia;o__Oscillospirales;f__Oscillospiraceae;g__CAG-170;s__CAG-170_sp002404795	SAMN37829651	PRJNA947377	Germany	Europe	Human	gut	Essen	Medium	yes	sp002404795	GTDB
1423	GCA_934668295.1	1859999	210	12971	59.34067706	82.22	2.01	GCA_934668295.1	707003	d__Bacteria;p__Bacillota;c__Clostridia;o__Oscillospirales;f__Oscillospiraceae;g__CAG-170;s__CAG-170_sp934668295	SAMEA13483383	PRJEB49206	Tanzania	Africa	Human	gut	NA	Medium	yes	sp934668295	GTDB
1424	GCA_037232415.1	2071554	133	24280	57.34033484	93.81	4.03	GCA_037232415.1	1869227	d__Bacteria;p__Bacillota;c__Clostridia;o__Oscillospirales;f__Oscillospiraceae;g__CAG-170;s__CAG-170_sp003516765	SAMN37824320	PRJNA947377	Germany	Europe	Human	gut	Essen	High	yes	sp003516765	GTDB
1425	GCA_958351235.1	2821264	71	59574	56.08390424	92.39	0.36	GCA_958351235.1	172733	d__Bacteria;p__Bacillota;c__Clostridia;o__Oscillospirales;f__Oscillospiraceae;g__CAG-170;s__CAG-170_sp900545925	SAMEA114062798	PRJEB62820	Germany	Europe	Human	gut	NA	High	yes	sp900545925	GTDB
1426	GCA_023454775.1	1518406	259	6584	57.87964484	73.85	1.68	GCA_023454775.1	1879010	d__Bacteria;p__Bacillota;c__Clostridia;o__Oscillospirales;f__Oscillospiraceae;g__CAG-170;s__CAG-170_sp003516765	SAMN17045710	PRJNA682348	Brazil	South America	Human	gut	Fortaleza	Medium	yes	sp003516765	GTDB
1427	GCA_948467635.1	1296722	248	5810	57.8214143	58.62	0	GCA_948467635.1	172733	d__Bacteria;p__Bacillota;c__Clostridia;o__Oscillospirales;f__Oscillospiraceae;g__CAG-170;s__CAG-170_sp900549635	SAMEA112353384	PRJEB58054	Canada	North America	Mouse	gut	NA	Medium	yes	sp900549635	GTDB
1428	GCA_037314195.1	2221675	198	18416	61.38242542	89.77	1.34	GCA_037314195.1	1869227	d__Bacteria;p__Bacillota;c__Clostridia;o__Oscillospirales;f__Oscillospiraceae;g__CAG-170;s__CAG-170_sp002404795	SAMN37827337	PRJNA947377	Germany	Europe	Human	gut	Essen	Medium	yes	sp002404795	GTDB
1429	GCA_948440365.1	1633347	295	6386	61.36356818	76.17	0.67	GCA_948440365.1	172733	d__Bacteria;p__Bacillota;c__Clostridia;o__Oscillospirales;f__Oscillospiraceae;g__CAG-170;s__CAG-170_sp022779365	SAMEA112353518	PRJEB58054	Canada	North America	Mouse	gut	NA	Medium	yes	sp022779365	GTDB
1430	GCA_037324505.1	2199634	134	25168	59.16966186	90.37	1.34	GCA_037324505.1	1869227	d__Bacteria;p__Bacillota;c__Clostridia;o__Oscillospirales;f__Oscillospiraceae;g__CAG-170;s__CAG-170_sp000432135	SAMN37827676	PRJNA947377	Germany	Europe	Human	gut	Essen	High	yes	sp000432135	GTDB
1431	GCA_905197215.1	2479057	218	20250	59.15475118	91.44	0.67	GCA_905197215.1	344338	d__Bacteria;p__Bacillota;c__Clostridia;o__Oscillospirales;f__Oscillospiraceae;g__CAG-170;s__CAG-170_sp000436735	SAMEA7847648	PRJEB37358	Denmark	Europe	Human	gut	NA	High	yes	sp000436735	GTDB
1432	GCA_959597825.1	1547009	221	8757	59.34658428	66.79	2.68	GCA_959597825.1	707003	d__Bacteria;p__Bacillota;c__Clostridia;o__Oscillospirales;f__Oscillospiraceae;g__CAG-170;s__CAG-170_sp000432135	SAMEA114122119	PRJEB63522	China	Asia	Human	gut	NA	Medium	yes	sp000432135	GTDB
1433	GCA_004555655.1	1970220	63	49057	59.5169575	95.41	1.34	GCA_004555655.1	1898207	d__Bacteria;p__Bacillota;c__Clostridia;o__Oscillospirales;f__Oscillospiraceae;g__CAG-170;s__CAG-170_sp004555655	SAMN10183766	PRJNA494875	Canada	North America	Wild boar	gut	Edmonton	High	yes	sp004555655	GTDB
1434	GCA_958411485.1	1820878	327	6277	57.01238633	73.88	2.01	GCA_958411485.1	172733	d__Bacteria;p__Bacillota;c__Clostridia;o__Oscillospirales;f__Oscillospiraceae;g__CAG-170;s__CAG-170_sp003516765	SAMEA114061145	PRJEB62838	NA	NA	Human	gut	NA	Medium	yes	sp003516765	GTDB
1435	GCA_958442605.1	2085325	230	11721	59.40412166	87.93	2.46	GCA_958442605.1	344338	d__Bacteria;p__Bacillota;c__Clostridia;o__Oscillospirales;f__Oscillospiraceae;g__CAG-170;s__CAG-170_sp000432135	SAMEA114062462	PRJEB62692	China	Asia	Human	gut	NA	Medium	yes	sp000432135	GTDB
1436	GCA_934621665.1	1776144	266	9409	56.24876136	83.96	1.57	GCA_934621665.1	707003	d__Bacteria;p__Bacillota;c__Clostridia;o__Oscillospirales;f__Oscillospiraceae;g__CAG-170;s__CAG-170_sp934621665	SAMEA13516280	PRJEB49206	Tanzania	Africa	Human	gut	NA	Medium	yes	sp934621665	GTDB
1437	GCA_037318535.1	1951363	146	22447	57.46885638	89.53	0.67	GCA_037318535.1	1869227	d__Bacteria;p__Bacillota;c__Clostridia;o__Oscillospirales;f__Oscillospiraceae;g__CAG-170;s__CAG-170_sp900549635	SAMN37827179	PRJNA947377	Germany	Europe	Human	gut	Essen	Medium	yes	sp900549635	GTDB
1438	GCA_905213545.1	2216807	85	35869	59.02146646	92.28	1.34	GCA_905213545.1	344338	d__Bacteria;p__Bacillota;c__Clostridia;o__Oscillospirales;f__Oscillospiraceae;g__CAG-170;s__CAG-170_sp900548625	SAMEA7848229	PRJEB37358	Spain	Europe	Human	gut	NA	High	yes	sp900548625	GTDB
1439	GCA_959020755.1	3373332	44	169193	55.56091129	93.96	1.68	GCA_959020755.1	172733	d__Bacteria;p__Bacillota;c__Clostridia;o__Oscillospirales;f__Oscillospiraceae;g__CAG-170;s__CAG-170_sp900545925	SAMEA114096453	PRJEB63337	China	Asia	Human	gut	NA	High	yes	sp900545925	GTDB
1440	GCA_902464685.1	2239520	251	13071	61.50693006	93.38	0	GCA_902464685.1	172733	d__Bacteria;p__Bacillota;c__Clostridia;o__Oscillospirales;f__Oscillospiraceae;g__CAG-170;s__CAG-170_sp002404795	SAMEA5850153	PRJEB33885	Germany	Europe	Human	gut	NA	High	yes	sp002404795	GTDB
1441	GCA_934613505.1	1715157	21	124556	59.10181983	58.15	0.67	GCA_934613505.1	707003	d__Bacteria;p__Bacillota;c__Clostridia;o__Oscillospirales;f__Oscillospiraceae;g__CAG-170;s__CAG-170_sp934613505	SAMEA13494349	PRJEB49206	Nepal	Asia	Human	gut	NA	Medium	yes	sp934613505	GTDB
1442	GCA_934661135.1	2293390	202	21015	57.32461553	92.11	4.42	GCA_934661135.1	707003	d__Bacteria;p__Bacillota;c__Clostridia;o__Oscillospirales;f__Oscillospiraceae;g__CAG-170;s__CAG-170_sp934661135	SAMEA13477893	PRJEB49206	Tanzania	Africa	Human	gut	NA	High	yes	sp934661135	GTDB
1443	GCA_023447615.1	2177139	185	15732	58.99595754	91.07	2.75	GCA_023447615.1	1879010	d__Bacteria;p__Bacillota;c__Clostridia;o__Oscillospirales;f__Oscillospiraceae;g__CAG-170;s__CAG-170_sp900548625	SAMN17045199	PRJNA682348	Brazil	South America	Human	gut	Blumenau	High	no	sp900548625	GTDB
1444	GCA_959607995.1	1755284	176	13745	57.87787048	90.46	0.34	GCA_959607995.1	172733	d__Bacteria;p__Bacillota;c__Clostridia;o__Oscillospirales;f__Oscillospiraceae;g__CAG-170;s__CAG-170_sp003516765	SAMEA114122641	PRJEB63522	China	Asia	Human	gut	NA	High	yes	sp003516765	GTDB
1445	GCA_945874875.1	2412592	123	39455	56.79799983	94.63	0.67	GCA_945874875.1	244328	d__Bacteria;p__Bacillota;c__Clostridia;o__Oscillospirales;f__Oscillospiraceae;g__CAG-170;s__CAG-170_sp003516765	SAMEA110403187	PRJEB53025	China	Asia	Pig	gut	NA	High	yes	sp003516765	GTDB
1446	GCA_037302015.1	2330616	592	5047	56.76984111	90.08	2.46	GCA_037302015.1	1869227	d__Bacteria;p__Bacillota;c__Clostridia;o__Oscillospirales;f__Oscillospiraceae;g__CAG-170;s__CAG-170_sp900545925	SAMN37826956	PRJNA947377	Germany	Europe	Human	gut	Essen	High	yes	sp900545925	GTDB
1447	GCA_022781885.1	2282612	91	34625	61.11669438	91.95	1.34	GCA_022781885.1	1898207	d__Bacteria;p__Bacillota;c__Clostridia;o__Oscillospirales;f__Oscillospiraceae;g__CAG-170;s__CAG-170_sp002404795	SAMN26525528	PRJNA629856	Canada	North America	Pig	gut	Lacombe	High	yes	sp002404795	GTDB
1448	GCA_036809455.1	2655023	183	23019	58.71394478	92.26	1.51	GCA_036809455.1	2485925	d__Bacteria;p__Bacillota;c__Clostridia;o__Oscillospirales;f__Oscillospiraceae;g__CAG-170;s__CAG-170_sp000432135	SAMN28749734	PRJNA843551	NA	NA	Human	gut	NA	High	yes	sp000432135	GTDB
1449	GCA_900548625.1	2249943	88	35869	59.05811836	93.96	2.01	GCA_900548625.1	172733	d__Bacteria;p__Bacillota;c__Clostridia;o__Oscillospirales;f__Oscillospiraceae;g__CAG-170;s__CAG-170_sp900548625	SAMEA4891754	PRJEB26432	NA	NA	Human	gut	NA	High	yes	sp900548625	GTDB
1450	GCA_937907715.1	1808581	252	10660	57.71275934	85.19	2.06	GCA_937907715.1	244328	d__Bacteria;p__Bacillota;c__Clostridia;o__Oscillospirales;f__Oscillospiraceae;g__CAG-170;s__CAG-170_sp937907715	SAMEA14080939	PRJEB51895	Kenya	Africa	NA	gut	NA	Medium	yes	sp937907715	GTDB
1451	GCA_963654915.1	2245286	219	15286	58.61444823	76.8	3.69	GCA_963654915.1	1869227	d__Bacteria;p__Bacillota;c__Clostridia;o__Oscillospirales;f__Oscillospiraceae;g__CAG-170;s__CAG-170_sp934668295	SAMEA114584978	PRJEB68160	Cote_d'Ivoire	Africa	Chimpanzee	gut	NA	Medium	yes	sp934668295	GTDB
1452	GCA_963647235.1	2155678	208	17530	61.69961376	87.45	5.15	GCA_963647235.1	2847316	d__Bacteria;p__Bacillota;c__Clostridia;o__Oscillospirales;f__Oscillospiraceae;g__CAG-170;s__CAG-170_sp002404795	SAMEA114584964	PRJEB68160	Cote_d'Ivoire	Africa	Chimpanzee	gut	NA	Medium	yes	sp002404795	GTDB
1453	GCA_958438255.1	1857981	291	7645	62.08093624	79.83	3.36	GCA_958438255.1	172733	d__Bacteria;p__Bacillota;c__Clostridia;o__Oscillospirales;f__Oscillospiraceae;g__CAG-170;s__CAG-170_sp002404795	SAMEA114060813	PRJEB62833	NA	NA	Human	gut	NA	Medium	yes	sp002404795	GTDB
1454	GCA_958448855.1	3122487	128	51239	57.51008731	93.57	1.68	GCA_958448855.1	344338	d__Bacteria;p__Bacillota;c__Clostridia;o__Oscillospirales;f__Oscillospiraceae;g__CAG-170;s__CAG-170_sp000432135	SAMEA114061961	PRJEB62825	China	Asia	Cattle	gut	NA	High	yes	sp000432135	GTDB
1455	GCA_947003195.1	2371961	359	7957	59.02179673	87.91	1.4	GCA_947003195.1	244328	d__Bacteria;p__Bacillota;c__Clostridia;o__Oscillospirales;f__Oscillospiraceae;g__CAG-170;s__CAG-170_sp900553545	SAMEA111396772	PRJEB55618	USA	North America	Mouse	gut	NA	Medium	yes	sp900553545	GTDB
1456	GCA_037318455.1	2017505	345	8361	61.85774013	82.59	1.17	GCA_037318455.1	1869227	d__Bacteria;p__Bacillota;c__Clostridia;o__Oscillospirales;f__Oscillospiraceae;g__CAG-170;s__CAG-170_sp002404795	SAMN37827182	PRJNA947377	Germany	Europe	Human	gut	Essen	Medium	yes	sp002404795	GTDB
1457	GCA_958427435.1	2055230	130	22722	59.6214049	89.08	3.02	GCA_958427435.1	172733	d__Bacteria;p__Bacillota;c__Clostridia;o__Oscillospirales;f__Oscillospiraceae;g__CAG-170;s__CAG-170_sp900548625	SAMEA114064582	PRJEB62824	Sweden	Europe	Human	gut	NA	Medium	yes	sp900548625	GTDB
1458	GCA_000436735.1	2460168	375	10590	58.68613765	92	1.34	GCA_000436735.1	1263006	d__Bacteria;p__Bacillota;c__Clostridia;o__Oscillospirales;f__Oscillospiraceae;g__CAG-170;s__CAG-170_sp000436735	SAMEA3138721	PRJEB739	NA	NA	Human	gut	NA	High	yes	sp000436735	GTDB
1459	GCA_037372285.1	1810313	473	5099	57.90125796	85.57	3.13	GCA_037372285.1	1869227	d__Bacteria;p__Bacillota;c__Clostridia;o__Oscillospirales;f__Oscillospiraceae;g__CAG-170;s__CAG-170_sp003516765	SAMN37829470	PRJNA947377	Germany	Europe	Human	gut	Essen	Medium	yes	sp003516765	GTDB
1460	GCA_037338205.1	2081108	83	38590	57.35454383	94.38	1.63	GCA_037338205.1	1869227	d__Bacteria;p__Bacillota;c__Clostridia;o__Oscillospirales;f__Oscillospiraceae;g__CAG-170;s__CAG-170_sp003516765	SAMN37828409	PRJNA947377	Germany	Europe	Human	gut	Essen	High	yes	sp003516765	GTDB
1461	GCA_902461895.1	1959873	56	55932	57.40019889	88.76	0.06	GCA_902461895.1	172733	d__Bacteria;p__Bacillota;c__Clostridia;o__Oscillospirales;f__Oscillospiraceae;g__CAG-170;s__CAG-170_sp003516765	SAMEA5849871	PRJEB33885	Sweden	Europe	Human	gut	NA	Medium	yes	sp003516765	GTDB
1462	GCA_958440795.1	2475124	98	37985	60.60819579	94.63	1.01	GCA_958440795.1	172733	d__Bacteria;p__Bacillota;c__Clostridia;o__Oscillospirales;f__Oscillospiraceae;g__CAG-170;s__CAG-170_sp002404795	SAMEA114062721	PRJEB62820	Germany	Europe	Human	gut	NA	High	yes	sp002404795	GTDB
1463	GCA_934668605.1	2188736	296	11879	57.50634156	84.49	4.47	GCA_934668605.1	707003	d__Bacteria;p__Bacillota;c__Clostridia;o__Oscillospirales;f__Oscillospiraceae;g__CAG-170;s__CAG-170_sp934668605	SAMEA13491592	PRJEB49206	Tanzania	Africa	Human	gut	NA	Medium	yes	sp934668605	GTDB
1464	GCA_022770025.1	1960737	228	11525	59.2583299	91.29	3.66	GCA_022770025.1	1898207	d__Bacteria;p__Bacillota;c__Clostridia;o__Oscillospirales;f__Oscillospiraceae;g__CAG-170;s__CAG-170_sp004555655	SAMN26525243	PRJNA629856	Canada	North America	Pig	gut	Lacombe	High	yes	sp004555655	GTDB
1465	GCA_029012045.1	1854526	120	23988	57.68261	92.22	1.01	GCA_029012045.1	1898207	d__Bacteria;p__Bacillota;c__Clostridia;o__Oscillospirales;f__Oscillospiraceae;g__CAG-170;s__CAG-170_sp003516765	SAMN32798913	PRJNA857725	Canada	North America	Pig	gut	Lacombe	High	yes	sp003516765	GTDB
1466	GCA_945870995.1	2047050	220	12002	61.9006375	89.69	0.67	GCA_945870995.1	244328	d__Bacteria;p__Bacillota;c__Clostridia;o__Oscillospirales;f__Oscillospiraceae;g__CAG-170;s__CAG-170_sp002404795	SAMEA110402179	PRJEB52676	Germany	Europe	Pig	gut	NA	Medium	yes	sp002404795	GTDB
1467	GCA_037248705.1	2109012	344	8503	61.82842962	90.38	0.67	GCA_037248705.1	1869227	d__Bacteria;p__Bacillota;c__Clostridia;o__Oscillospirales;f__Oscillospiraceae;g__CAG-170;s__CAG-170_sp002404795	SAMN37825459	PRJNA947377	Germany	Europe	Human	gut	Essen	High	yes	sp002404795	GTDB
1468	GCA_945827745.1	2040412	218	12002	61.90671296	89.69	0.67	GCA_945827745.1	244328	d__Bacteria;p__Bacillota;c__Clostridia;o__Oscillospirales;f__Oscillospiraceae;g__CAG-170;s__CAG-170_sp002404795	SAMEA110360354	PRJEB52643	Germany	Europe	Pig	gut	NA	Medium	yes	sp002404795	GTDB
1469	GCA_034087745.1	2276964	138	23713	61.49355018	93.96	0.9	GCA_034087745.1	2485925	d__Bacteria;p__Bacillota;c__Clostridia;o__Oscillospirales;f__Oscillospiraceae;g__CAG-170;s__CAG-170_sp002404795	SAMN37948546	PRJNA779404	Canada	North America	Pig	gut	Lacombe	High	yes	sp002404795	GTDB
1470	GCA_016297855.1	1825811	187	14603	56.98136335	91.43	2.68	GCA_016297855.1	2485925	d__Bacteria;p__Bacillota;c__Clostridia;o__Oscillospirales;f__Oscillospiraceae;g__CAG-170;s__CAG-170_sp016297855	SAMN16927241	PRJNA647157	China	Asia	Pig	gut	Xizang	High	yes	sp016297855	GTDB
1471	BL-unmapped_bin_278	1667906	390	5023	-	77.38	4.47	CNA0008153	-	d__Bacteria.p__Firmicutes.c__Clostridia.o__Clostridiales	CNS0198211	CNP0000824	China	Asia	Pig	gut	NA	Medium	yes	NA	Pig_catalogue
1472	BL-unmapped_bin_348	1365596	363	4255	-	58.12	3.91	CNA0008188	-	d__Bacteria.p__Firmicutes.c__Clostridia.o__Clostridiales	CNS0198211	CNP0000824	China	Asia	Pig	gut	NA	Medium	yes	NA	Pig_catalogue
1473	S127912A_bin_28	1767652	322	6793	-	87.48	0.21	CNA0008802	-	d__Bacteria.p__Firmicutes.c__Clostridia.o__Clostridiales	CNS0178478	CNP0000824	China	Asia	Pig	gut	NA	Medium	yes	sp003516765	Pig_catalogue
1474	S127912B_bin_50	1156161	285	5057	-	51.49	2.87	CNA0008823	-	d__Bacteria.p__Firmicutes.c__Clostridia.o__Clostridiales	CNS0178479	CNP0000824	China	Asia	Pig	gut	NA	Medium	yes	NA	Pig_catalogue
1475	S67912A_bin_35	1190291	468	2609	-	52.12	3.65	CNA0009281	-	d__Bacteria.p__Firmicutes.c__Clostridia.o__Clostridiales	CNS0178612	CNP0000824	China	Asia	Pig	gut	NA	Medium	yes	sp003516765	Pig_catalogue
1476	S72204A_bin_4	1951146	216	12793	-	91.49	1.51	CNA0009305	-	d__Bacteria.p__Firmicutes.c__Clostridia.o__Clostridiales	CNS0178507	CNP0000824	China	Asia	Pig	gut	NA	High	yes	NA	Pig_catalogue
1477	S93310B_bin_18	2303753	262	12419	-	92.41	2.48	CNA0009392	-	d__Bacteria.p__Firmicutes.c__Clostridia.o__Clostridiales	CNS0178513	CNP0000824	China	Asia	Pig	gut	NA	High	yes	NA	Pig_catalogue
1478	S93310B_bin_30	1422408	531	3273	-	63.53	4.66	CNA0009396	-	d__Bacteria.p__Firmicutes.c__Clostridia.o__Clostridiales	CNS0178513	CNP0000824	China	Asia	Pig	gut	NA	Medium	yes	NA	Pig_catalogue
1479	S95008B_bin_31	1514765	275	6778	-	81.35	3.86	CNA0009422	-	d__Bacteria.p__Firmicutes.c__Clostridia.o__Clostridiales	CNS0178515	CNP0000824	China	Asia	Pig	gut	NA	Medium	yes	sp003516765	Pig_catalogue
1480	F5032_bin_38	1518013	197	9990	-	69.88	2.01	CNA0010668	-	d__Bacteria.p__Firmicutes.c__Clostridia.o__Clostridiales	CNS0178738	CNP0000824	China	Asia	Pig	gut	NA	Medium	yes	NA	Pig_catalogue
1481	LW1-s150971_bin_18	1870770	237	10823	-	88.86	1.36	CNA0011004	-	d__Bacteria.p__Firmicutes.c__Clostridia.o__Clostridiales	CNS0178576	CNP0000824	China	Asia	Pig	gut	NA	Medium	yes	NA	Pig_catalogue
1482	LW1-s151250_bin_39	2012773	56	63036	-	83.56	2.01	CNA0011055	-	d__Bacteria.p__Firmicutes.c__Clostridia.o__Clostridiales	CNS0178582	CNP0000824	China	Asia	Pig	gut	NA	Medium	yes	NA	Pig_catalogue
1483	LW1-s151260_bin_10	2561514	61	60206	-	98.66	1.34	CNA0011060	-	d__Bacteria.p__Firmicutes.c__Clostridia.o__Clostridiales	CNS0178583	CNP0000824	China	Asia	Pig	gut	NA	High	yes	NA	Pig_catalogue
1484	LW2-s126572_bin_26	2035065	193	17519	-	96.77	2.48	CNA0011141	-	d__Bacteria.p__Firmicutes.c__Clostridia.o__Clostridiales	CNS0178592	CNP0000824	China	Asia	Pig	gut	NA	High	yes	NA	Pig_catalogue
1485	LW2-s127530_bin_14	2135236	86	48134	-	96.29	1.34	CNA0011250	-	d__Bacteria.p__Firmicutes.c__Clostridia.o__Clostridiales	CNS0178599	CNP0000824	China	Asia	Pig	gut	NA	High	yes	NA	Pig_catalogue
1486	W4930_bin_59	1660866	56	35308	-	87.25	0.67	CNA0012579	-	d__Bacteria.p__Firmicutes.c__Clostridia.o__Clostridiales	CNS0178931	CNP0000824	China	Asia	Pig	gut	NA	Medium	yes	NA	Pig_catalogue
1487	W4950_bin_7	2431166	197	17953	-	94.63	0.73	CNA0012609	-	d__Bacteria.p__Firmicutes.c__Clostridia.o__Clostridiales	CNS0178933	CNP0000824	China	Asia	Pig	gut	NA	High	yes	sp002404795	Pig_catalogue
1488	F5381_bin_58	1155626	384	3183	-	54.85	3.75	CNA0013087	-	d__Bacteria.p__Firmicutes.c__Clostridia.o__Clostridiales	CNS0178846	CNP0000824	China	Asia	Pig	gut	NA	Medium	yes	NA	Pig_catalogue
1489	F5403_bin_42	1117591	390	3809	-	53.76	1.72	CNA0013155	-	d__Bacteria.p__Firmicutes.c__Clostridia.o__Clostridiales	CNS0178854	CNP0000824	China	Asia	Pig	gut	NA	Medium	yes	sp003516765	Pig_catalogue
1490	GCA_916988195.3_POC01_20211130	3213277	78	93582	55.3	94.63	1.48	GCA_916988195.3	-	d__Bacteria;p__Bacillota_A;c__Clostridia;o__Oscillospirales;f__Oscillospiraceae	SAMEA9990741	PRJEB47943	France	Europe	Human	gut	NA	High	yes	sp900549635	Isolate