variant	af	filter-pvalue	lrt-pvalue	beta	beta-std-err	variant_h2	notes
ppnK~~~nadK	9.89E-01	1.22E-02	9.99E-01	5.19E-06	6.19E-03	3.55E-05	bad-chisq
engB_2~~~engB	9.89E-01	4.95E-01	8.28E-01	-1.26E-02	5.81E-02	9.17E-03	bad-chisq
rsmD	9.89E-01	4.95E-01	9.92E-01	-5.33E-04	5.48E-02	4.12E-04	bad-chisq
yidC~~~yidC_2	9.89E-01	3.61E-01	9.79E-01	-3.58E-03	1.39E-01	1.09E-03	bad-chisq
trmL	9.89E-01	4.95E-01	9.49E-01	-3.42E-04	5.35E-03	2.70E-03	bad-chisq
group_12013	9.89E-01	1.22E-02	9.66E-01	-2.65E-04	6.20E-03	1.81E-03	bad-chisq
pcrA_2~~~pcrA~~~pcrA_3~~~pcrA_1~~~rep_2	9.89E-01	3.61E-01	1.61E-01	9.63E-02	6.86E-02	5.92E-02	bad-chisq
uvrB~~~uvrB_2~~~uvrB_1	9.89E-01	3.61E-01	9.97E-01	-1.58E-05	4.39E-03	1.53E-04	bad-chisq
gmk	9.89E-01	4.95E-01	9.72E-01	-2.89E-03	8.25E-02	1.48E-03	bad-chisq
stp~~~stp_2	9.89E-01	4.95E-01	7.40E-01	-2.04E-02	6.13E-02	1.40E-02	bad-chisq
group_11323	9.89E-01	3.61E-01	5.46E-02	-1.39E-01	7.23E-02	8.12E-02	bad-chisq
miaA	9.89E-01	3.61E-01	2.60E-01	-1.05E-01	9.27E-02	4.77E-02	bad-chisq
bioF	9.89E-01	1.22E-02	9.00E-01	1.04E-02	8.29E-02	5.32E-03	bad-chisq
plsX	9.89E-01	3.61E-01	9.00E-01	-8.86E-03	7.05E-02	5.32E-03	bad-chisq
recR	9.89E-01	4.08E-05	9.05E-01	5.49E-04	4.62E-03	5.03E-03	bad-chisq
group_7403	9.89E-01	3.61E-01	3.67E-01	5.72E-02	6.32E-02	3.82E-02	bad-chisq
mrdA_1~~~mrdA~~~mrdA_2~~~penA	9.89E-01	4.95E-01	9.72E-01	-2.49E-03	7.09E-02	1.49E-03	bad-chisq
napF	9.89E-01	4.95E-01	9.91E-01	-4.27E-04	3.69E-02	4.89E-04	bad-chisq
sepF	9.88E-01	2.65E-02	3.21E-01	-5.25E-02	5.29E-02	4.20E-02	bad-chisq
rlmH_2~~~rlmH	9.88E-01	4.59E-01	9.05E-01	-8.96E-03	7.49E-02	5.06E-03	bad-chisq
asnS_2~~~asnS_1~~~asnS	9.88E-01	2.65E-02	9.75E-01	3.12E-03	9.83E-02	1.34E-03	bad-chisq
group_12622	9.88E-01	2.65E-02	1.07E-01	-1.09E-01	6.73E-02	6.81E-02	bad-chisq
walK_2~~~sasA_7~~~sasA_10~~~sasA_4~~~sasA_2~~~srrB~~~sasA_6~~~walK	9.88E-01	2.65E-02	9.41E-01	-4.57E-04	6.19E-03	3.12E-03	bad-chisq
group_12541	9.88E-01	4.59E-01	2.19E-01	-6.04E-02	4.91E-02	5.19E-02	bad-chisq
sigF	9.88E-01	4.59E-01	1.83E-01	8.82E-02	6.61E-02	5.64E-02	bad-chisq
ispG~~~ispG_2~~~ispG_1	9.88E-01	4.61E-01	9.96E-01	-2.82E-05	6.18E-03	1.93E-04	bad-chisq
glpK~~~glpK_3~~~glpK_2~~~glpK_1	9.88E-01	2.65E-02	8.57E-01	1.21E-02	6.71E-02	7.65E-03	bad-chisq
rnpA~~~rnpA_2	9.88E-01	2.65E-02	9.66E-01	5.12E-03	1.20E-01	1.80E-03	bad-chisq
rsmG~~~rsmG_1~~~rsmG_2	9.88E-01	2.65E-02	6.17E-01	3.09E-03	6.18E-03	2.11E-02	bad-chisq
argR_1~~~argR_2~~~argR	9.88E-01	2.19E-04	1.63E-01	8.61E-03	6.16E-03	5.90E-02	bad-chisq
nusB	9.88E-01	2.19E-04	9.99E-01	-7.18E-06	6.20E-03	4.90E-05	bad-chisq
group_11690	9.88E-01	2.19E-04	9.99E-01	-7.18E-06	6.20E-03	4.90E-05	bad-chisq
group_11594	9.88E-01	4.59E-01	6.86E-01	-2.70E-02	6.67E-02	1.71E-02	bad-chisq
group_11427	9.88E-01	4.59E-01	5.98E-01	-2.95E-02	5.60E-02	2.23E-02	bad-chisq
rnc	9.88E-01	4.59E-01	8.80E-01	-1.03E-02	6.82E-02	6.41E-03	bad-chisq
group_10512	9.88E-01	4.59E-01	9.88E-01	-9.43E-05	6.14E-03	6.49E-04	bad-chisq
group_10235	9.88E-01	4.61E-01	9.58E-01	-3.97E-03	7.52E-02	2.23E-03	bad-chisq
bioY	9.88E-01	2.65E-02	9.99E-01	1.10E-05	6.20E-03	7.49E-05	bad-chisq
tdcG~~~sdaB~~~sdaA	9.88E-01	2.28E-07	8.62E-01	1.19E-02	6.83E-02	7.35E-03	bad-chisq
valS~~~valS_1~~~valS_2	9.88E-01	2.65E-02	1.24E-01	1.10E-01	7.16E-02	6.50E-02	bad-chisq
group_8039	9.88E-01	2.65E-02	9.92E-01	1.16E-03	1.10E-01	4.47E-04	bad-chisq
ruvC	9.88E-01	4.61E-01	9.83E-01	-1.43E-03	6.66E-02	9.08E-04	bad-chisq
recA	9.88E-01	2.65E-02	9.83E-01	-1.31E-04	6.19E-03	8.93E-04	bad-chisq
group_7755	9.88E-01	4.59E-01	9.99E-01	-5.17E-06	6.18E-03	3.54E-05	bad-chisq
norV~~~hrb~~~pepD~~~fprA1~~~norV_1~~~hrb_1	9.86E-01	4.79E-02	9.08E-01	-7.85E-03	6.81E-02	4.88E-03	
xylG~~~mglA_5~~~mglA_1~~~xylG_3~~~mglA_4~~~mglA_6~~~mglA_3~~~xylG_2~~~btuD_1	9.86E-01	5.52E-01	9.84E-01	-7.97E-05	4.06E-03	8.31E-04	bad-chisq
group_12654	9.86E-01	4.79E-02	9.87E-01	9.69E-05	6.17E-03	6.64E-04	
ettA_1~~~yheS~~~btuD_7~~~ybiT_1~~~yheS_1~~~yheS_2~~~btuD_4~~~btuD_5~~~ettA_2~~~btuD_9~~~btuD_3~~~btuD_2	9.86E-01	5.52E-01	9.94E-01	-4.60E-05	6.18E-03	3.15E-04	bad-chisq
group_12299	9.86E-01	4.79E-02	9.94E-01	-7.05E-04	9.96E-02	2.99E-04	
asrB~~~pyrK_2~~~pyrK	9.86E-01	5.52E-01	9.02E-01	5.36E-03	4.37E-02	5.19E-03	bad-chisq
ligA_1~~~ligA~~~ligA_2	9.86E-01	5.52E-01	9.02E-01	7.61E-04	6.18E-03	5.21E-03	bad-chisq
ymdB_2~~~ymdB_1~~~ymdB	9.86E-01	4.79E-02	9.95E-01	3.28E-05	5.37E-03	2.58E-04	
xseB	9.86E-01	2.07E-06	9.99E-01	-4.79E-06	6.19E-03	3.27E-05	bad-chisq
xseA~~~xseA_2~~~xseA_1	9.86E-01	7.73E-04	9.99E-01	-5.76E-06	6.19E-03	3.93E-05	bad-chisq
clpE~~~clpE_2~~~clpB_2~~~clpE_1~~~clpC_2~~~clpB_1~~~hslU	9.86E-01	4.79E-02	9.93E-01	-4.42E-04	4.92E-02	3.80E-04	
group_11691	9.86E-01	7.73E-04	9.99E-01	-8.71E-06	6.19E-03	5.95E-05	bad-chisq
udk_1~~~udk_2	9.86E-01	4.79E-02	9.95E-01	-2.26E-05	3.80E-03	2.51E-04	
group_11552	9.86E-01	5.52E-01	6.54E-01	-2.73E-02	6.10E-02	1.89E-02	bad-chisq
walR_2~~~walR_3~~~srrA_3~~~walR_4~~~srrA_2~~~sphR~~~phoP	9.86E-01	5.52E-01	9.83E-01	-1.31E-04	6.19E-03	8.93E-04	bad-chisq
sasA_8~~~sasA_4~~~phoR_2~~~sasA_7~~~sasA_9~~~sasA_1~~~phoR~~~sasA_6~~~sasA_5~~~walK~~~walK_3~~~sasA_3	9.86E-01	4.79E-02	9.94E-01	4.49E-05	6.16E-03	3.09E-04	
group_11221	9.86E-01	5.52E-01	9.91E-01	-6.81E-05	6.18E-03	4.66E-04	bad-chisq
murT~~~murT_1~~~murT_2	9.86E-01	4.79E-02	9.99E-01	-4.93E-06	6.20E-03	3.37E-05	
group_10997	9.86E-01	5.52E-01	9.98E-01	-1.35E-05	6.19E-03	9.21E-05	bad-chisq
tsaE~~~tsaB~~~OSGEPL1	9.86E-01	5.52E-01	7.11E-01	1.79E-02	4.82E-02	1.57E-02	bad-chisq
group_10919	9.86E-01	4.79E-02	9.92E-01	-6.52E-05	6.16E-03	4.47E-04	
nudF~~~act	9.86E-01	4.79E-02	9.74E-01	2.13E-03	6.64E-02	1.36E-03	
group_10570	9.86E-01	4.30E-01	1.00E+00	-1.44E-06	3.70E-03	1.65E-05	bad-chisq
dnaN~~~dnaN_3~~~dnaN_1	9.86E-01	4.30E-01	9.62E-01	-3.26E-03	6.82E-02	2.02E-03	bad-chisq
murAA~~~murA~~~murAA_2~~~murA_1~~~murAB_2~~~murA1	9.86E-01	4.30E-01	9.90E-01	-8.01E-05	6.19E-03	5.47E-04	bad-chisq
group_8033	9.86E-01	5.52E-01	9.96E-01	-2.87E-05	6.17E-03	1.97E-04	bad-chisq
ecsA_1~~~ecsA~~~opuCA~~~yxlF	9.84E-01	7.61E-02	9.99E-01	3.41E-06	5.37E-03	2.69E-05	
gltX_2~~~gltX_1~~~gltX	9.84E-01	6.40E-01	6.96E-01	-2.22E-02	5.68E-02	1.65E-02	bad-chisq
polC_2~~~polC_3~~~polC_1~~~polC	9.84E-01	7.61E-02	1.00E+00	2.92E-06	5.36E-03	2.30E-05	
uppS~~~uppS_2~~~uppS_1~~~ispU	9.84E-01	6.40E-01	9.10E-01	4.93E-04	4.38E-03	4.76E-03	bad-chisq
srrA_1~~~srrA~~~srrA_2	9.84E-01	6.40E-01	9.38E-01	-4.18E-04	5.37E-03	3.29E-03	bad-chisq
yidD	9.84E-01	6.40E-01	3.69E-01	-7.55E-02	8.39E-02	3.80E-02	bad-chisq
group_12003	9.84E-01	1.26E-08	7.64E-01	2.28E-02	7.61E-02	1.27E-02	bad-chisq
spoIIAA	9.84E-01	7.61E-02	2.37E-01	6.89E-02	5.82E-02	5.00E-02	
ytfJ	9.84E-01	6.40E-01	9.88E-01	-9.40E-05	6.18E-03	6.43E-04	bad-chisq
recN~~~recN_2~~~recN_1	9.84E-01	7.61E-02	9.98E-01	-8.43E-06	3.70E-03	9.63E-05	
tlyA	9.84E-01	2.07E-03	9.96E-01	-2.44E-05	4.38E-03	2.35E-04	
ispA	9.84E-01	1.16E-05	9.79E-01	-1.64E-04	6.19E-03	1.12E-03	bad-chisq
tsaD_1~~~tsaD_2~~~OSGEPL1~~~tsaD	9.84E-01	1.16E-05	9.99E-01	7.69E-06	6.19E-03	5.26E-05	bad-chisq
secG	9.84E-01	6.40E-01	6.04E-01	-2.80E-02	5.40E-02	2.19E-02	bad-chisq
dacF_2~~~dacF_1	9.84E-01	6.40E-01	9.97E-01	-1.60E-05	3.71E-03	1.83E-04	bad-chisq
glgB	9.84E-01	4.02E-01	9.92E-01	-5.90E-05	6.13E-03	4.07E-04	bad-chisq
glgA_2~~~glgA~~~glgA_1	9.84E-01	4.02E-01	9.92E-01	-5.94E-05	6.13E-03	4.10E-04	bad-chisq
hcaB~~~acr1~~~sadH	9.84E-01	7.61E-02	9.27E-01	4.58E-03	5.00E-02	3.87E-03	
exuR~~~exuR_1~~~degA~~~purR_2	9.84E-01	6.40E-01	3.36E-01	-4.57E-02	4.74E-02	4.07E-02	bad-chisq
group_11033	9.84E-01	7.61E-02	9.98E-01	1.61E-05	5.35E-03	1.27E-04	
group_11001	9.84E-01	1.16E-05	7.92E-01	1.87E-02	7.12E-02	1.11E-02	bad-chisq
rsmA	9.84E-01	6.40E-01	9.28E-01	-5.57E-04	6.17E-03	3.81E-03	bad-chisq
group_10445	9.84E-01	6.40E-01	9.93E-01	-3.91E-05	4.37E-03	3.78E-04	bad-chisq
ldh~~~ldh1	9.84E-01	7.61E-02	2.19E-01	5.24E-02	4.26E-02	5.19E-02	
group_10393	9.84E-01	2.07E-03	9.82E-01	2.00E-03	9.04E-02	9.34E-04	
hdfR_2~~~hdfR_4	9.84E-01	6.40E-01	9.96E-01	-2.09E-04	4.22E-02	2.10E-04	bad-chisq
alaS_2~~~alaS_1~~~alaS~~~alaS_3	9.84E-01	7.61E-02	8.77E-01	-8.24E-04	5.34E-03	6.53E-03	
mltG~~~mltG_1~~~mltG_2	9.84E-01	7.61E-02	7.39E-01	3.26E-02	9.80E-02	1.41E-02	
sdhA~~~frdA~~~nadB	9.84E-01	6.40E-01	4.68E-01	-4.57E-02	6.30E-02	3.07E-02	bad-chisq
ruvA	9.84E-01	4.02E-01	9.92E-01	-7.45E-04	7.35E-02	4.29E-04	bad-chisq
lepA~~~lepA_1~~~lepA_2	9.84E-01	6.40E-01	9.97E-01	2.93E-04	6.75E-02	1.84E-04	bad-chisq
spoIVA_2~~~spoIVA_1~~~spoIVA	9.82E-01	4.57E-03	9.73E-01	-1.53E-04	4.60E-03	1.41E-03	
csoR_3	9.82E-01	7.22E-01	9.92E-01	-4.03E-05	4.05E-03	4.21E-04	bad-chisq
tagU_2~~~tagU_1~~~tagU~~~tagU_3	9.82E-01	1.11E-01	9.43E-01	-4.38E-04	6.18E-03	3.00E-03	
alr2~~~alr1_2~~~alr1_3~~~alr1~~~alr1_1	9.82E-01	3.77E-01	9.93E-01	-3.62E-05	3.92E-03	3.91E-04	bad-chisq
group_12347	9.82E-01	7.22E-01	9.93E-01	-3.37E-05	4.05E-03	3.52E-04	bad-chisq
rpoZ	9.82E-01	3.77E-01	9.82E-01	-1.48E-03	6.42E-02	9.72E-04	bad-chisq
prfB~~~prfB_1~~~prfB_2	9.82E-01	7.22E-01	4.38E-01	-3.58E-02	4.61E-02	3.28E-02	bad-chisq
asd	9.82E-01	1.11E-01	9.96E-01	-3.03E-05	6.17E-03	2.08E-04	
malQ~~~malQ_2	9.82E-01	7.22E-01	3.87E-01	-4.63E-02	5.34E-02	3.66E-02	bad-chisq
mutY	9.82E-01	7.22E-01	8.92E-01	-7.61E-03	5.59E-02	5.75E-03	bad-chisq
rluD~~~rluD_1~~~rluD_2	9.82E-01	7.22E-01	9.29E-01	-4.74E-04	5.35E-03	3.75E-03	bad-chisq
nagZ_1~~~nagZ~~~nagZ_2	9.82E-01	7.22E-01	9.97E-01	-2.55E-05	6.18E-03	1.74E-04	bad-chisq
tsaD_1~~~tsaD_2	9.82E-01	4.57E-03	8.51E-01	1.31E-02	6.94E-02	7.97E-03	
inlA	9.82E-01	3.77E-01	9.36E-01	-4.94E-04	6.18E-03	3.38E-03	bad-chisq
rny~~~rny_1~~~rny_2	9.82E-01	7.22E-01	9.98E-01	-1.36E-05	6.19E-03	9.27E-05	bad-chisq
dagK_1~~~dagK	9.82E-01	1.11E-01	9.10E-01	6.06E-04	5.35E-03	4.79E-03	
queH	9.82E-01	7.22E-01	9.86E-01	-7.84E-05	4.37E-03	7.59E-04	bad-chisq
ruvB_2~~~dnaX~~~ruvB_1~~~dnaX_1	9.82E-01	5.53E-11	3.62E-02	1.49E-01	7.08E-02	8.84E-02	
der~~~der_2~~~der_1~~~der_3	9.82E-01	7.22E-01	9.91E-01	-6.58E-05	6.18E-03	4.51E-04	bad-chisq
ffh_1~~~ffh~~~ffh_2~~~srp54	9.82E-01	3.77E-01	8.10E-01	-1.10E-02	4.56E-02	1.02E-02	bad-chisq
ndoA_1~~~ndoA_2~~~ndoA_3~~~ndoA	9.80E-01	3.53E-01	9.92E-01	-4.01E-05	3.92E-03	4.32E-04	bad-chisq
ispE~~~ispE_2	9.80E-01	1.50E-01	9.34E-01	-2.81E-04	3.39E-03	3.50E-03	
pheS~~~pheS_1	9.80E-01	7.99E-01	9.09E-01	5.28E-04	4.61E-03	4.84E-03	bad-chisq
group_12334	9.80E-01	7.99E-01	9.46E-01	-2.97E-04	4.37E-03	2.88E-03	bad-chisq
crh	9.80E-01	7.99E-01	1.00E+00	-2.10E-06	4.38E-03	2.03E-05	bad-chisq
secA~~~secA1~~~secA1_2~~~secA1_1	9.80E-01	8.74E-03	8.83E-01	8.17E-03	5.55E-02	6.22E-03	
ecfA1_2~~~ecfA1~~~ecfA2_1~~~ecfA2_2	9.80E-01	7.99E-01	1.47E-01	-7.25E-02	5.00E-02	6.12E-02	bad-chisq
ppaX_2~~~ppaX~~~gph_4	9.80E-01	8.74E-03	4.94E-01	3.48E-02	5.09E-02	2.89E-02	
aes~~~aes_2~~~aes_1	9.80E-01	1.50E-01	9.02E-01	-7.76E-03	6.33E-02	5.18E-03	
gatD~~~gatD_1	9.80E-01	1.50E-01	9.46E-01	-4.17E-04	6.18E-03	2.85E-03	
group_10937	9.80E-01	1.50E-01	9.96E-01	-2.28E-05	4.60E-03	2.10E-04	
glgD~~~glgC_1	9.80E-01	3.53E-01	9.90E-01	-7.52E-05	6.13E-03	5.19E-04	bad-chisq
group_10722	9.80E-01	1.50E-01	9.50E-01	1.79E-04	2.83E-03	2.67E-03	
group_10672	9.80E-01	8.74E-03	1.93E-01	1.13E-01	8.67E-02	5.50E-02	
araQ_1~~~araQ~~~ngcG~~~araQ_2~~~araQ_7~~~araQ_3~~~araQ_4	9.80E-01	1.50E-01	9.21E-01	-6.13E-04	6.16E-03	4.21E-03	
lspA	9.80E-01	1.50E-01	9.94E-01	-4.12E-05	5.35E-03	3.25E-04	
gpsB	9.80E-01	1.42E-04	9.66E-01	-2.61E-04	6.18E-03	1.79E-03	
prs~~~prs_2~~~prs_1	9.80E-01	8.74E-03	9.52E-01	-3.69E-04	6.16E-03	2.53E-03	
gyrA_1~~~gyrA_2	9.80E-01	7.99E-01	9.22E-01	5.97E-03	6.07E-02	4.16E-03	bad-chisq
dnaK_2~~~dnaK_3~~~dnaK_1~~~dnaK	9.80E-01	1.50E-01	9.38E-01	-4.82E-04	6.15E-03	3.31E-03	
yrrK	9.80E-01	7.99E-01	9.82E-01	-9.86E-05	4.38E-03	9.53E-04	bad-chisq
group_7203	9.80E-01	1.50E-01	9.97E-01	-1.42E-05	4.06E-03	1.48E-04	
cooS1~~~cooS	9.82E-01	7.22E-01	9.98E-01	-7.90E-06	3.41E-03	9.79E-05	bad-chisq
metK_3~~~metK_2~~~metK_1~~~metK	9.79E-01	1.94E-01	9.98E-01	-8.72E-06	3.40E-03	1.09E-04	
group_12662	9.79E-01	8.70E-01	9.99E-01	-3.52E-06	4.05E-03	3.68E-05	bad-chisq
group_12656	9.79E-01	1.94E-01	2.33E-01	6.37E-03	5.34E-03	5.04E-02	
group_12311	9.79E-01	1.94E-01	9.50E-01	-3.87E-04	6.16E-03	2.66E-03	
group_12007	9.79E-01	1.50E-02	9.90E-01	6.77E-05	5.34E-03	5.36E-04	
pgk	9.79E-01	1.94E-01	9.64E-01	-1.82E-04	4.05E-03	1.91E-03	
group_11497	9.79E-01	8.70E-01	9.92E-01	-6.08E-05	6.18E-03	4.16E-04	bad-chisq
glgC~~~glgC_1~~~glgC_2	9.79E-01	3.32E-01	9.92E-01	-5.90E-05	6.13E-03	4.07E-04	bad-chisq
phoU_2	9.79E-01	1.94E-01	9.79E-18	2.80E-01	3.16E-02	3.51E-01	
group_10938	9.79E-01	1.94E-01	9.86E-01	-9.37E-05	5.35E-03	7.41E-04	
rluD_2~~~rluA_2~~~rluA_1~~~rluA	9.79E-01	1.94E-01	9.98E-01	-8.80E-06	3.80E-03	9.80E-05	
psuK~~~psuK_2~~~psuK_1~~~iolC	9.79E-01	8.70E-01	1.67E-01	-8.44E-03	6.10E-03	5.85E-02	bad-chisq
group_10761	9.79E-01	8.70E-01	9.47E-01	2.02E-04	3.05E-03	2.79E-03	bad-chisq
nrdR	9.79E-01	8.70E-01	9.82E-01	-9.39E-05	4.06E-03	9.79E-04	bad-chisq
era	9.79E-01	3.32E-01	9.99E-01	-3.99E-06	3.70E-03	4.56E-05	bad-chisq
group_10485	9.79E-01	1.94E-01	9.40E-01	-3.45E-04	4.61E-03	3.16E-03	
cshA~~~dbpA~~~rhlB~~~deaD	9.79E-01	3.32E-01	8.49E-01	-1.17E-03	6.15E-03	8.03E-03	bad-chisq
uppP	9.79E-01	1.50E-02	9.70E-01	2.29E-04	6.15E-03	1.58E-03	
pth	9.79E-01	1.50E-02	9.39E-01	-4.73E-04	6.15E-03	3.25E-03	
prmC~~~prmB~~~prmC_2	9.79E-01	8.70E-01	9.84E-01	-1.25E-04	6.19E-03	8.55E-04	bad-chisq
group_12679	9.77E-01	2.38E-02	9.94E-01	-4.01E-05	5.35E-03	3.17E-04	
group_12677	9.77E-01	2.38E-02	9.41E-01	3.23E-04	4.37E-03	3.13E-03	
group_12643	9.77E-01	8.04E-04	3.71E-01	4.97E-02	5.56E-02	3.78E-02	
group_12616	9.77E-01	2.42E-01	9.70E-01	-1.40E-04	3.70E-03	1.60E-03	
gpmI_2~~~gpmI~~~gpmI_1	9.77E-01	9.36E-01	9.42E-01	-4.48E-04	6.15E-03	3.08E-03	bad-chisq
htrA~~~htrB	9.77E-01	2.42E-01	9.57E-01	-2.36E-04	4.37E-03	2.29E-03	
ndhI_2~~~rsxB_4~~~rsxB_6~~~rsxB_1~~~rsxB_5~~~rsxB_2~~~ndhI~~~rsxB_3~~~ndhI_1	9.77E-01	2.42E-01	8.97E-01	-7.96E-04	6.14E-03	5.48E-03	
umpB~~~umpA	9.77E-01	2.38E-02	9.41E-01	3.23E-04	4.37E-03	3.12E-03	
rpsR_2~~~rpsR	9.77E-01	9.36E-01	9.93E-01	3.70E-05	4.06E-03	3.86E-04	bad-chisq
sufB	9.77E-01	1.23E-14	9.71E-01	5.35E-03	1.47E-01	1.53E-03	
ispD~~~ispD_2~~~ispD_1	9.77E-01	3.12E-01	8.08E-01	-9.65E-03	3.96E-02	1.03E-02	bad-chisq
priA~~~priA_2~~~priA_1	9.77E-01	9.36E-01	9.99E-01	-3.80E-06	3.39E-03	4.74E-05	bad-chisq
rsgA~~~rsgA_1	9.77E-01	2.42E-01	7.03E-01	1.72E-02	4.51E-02	1.61E-02	
group_11341	9.77E-01	2.42E-01	5.91E-01	2.43E-02	4.51E-02	2.27E-02	
ftsW_1~~~ftsW_2~~~mrdB_1~~~mrdB_2	9.77E-01	9.36E-01	7.62E-01	1.20E-02	3.96E-02	1.28E-02	bad-chisq
gyrB_1~~~gyrB~~~gyrB_3~~~gyrB_2	9.77E-01	9.36E-01	6.83E-01	-2.09E-02	5.11E-02	1.73E-02	bad-chisq
group_10673	9.77E-01	2.42E-01	9.38E-01	4.82E-04	6.16E-03	3.31E-03	
gyrB_2~~~gyrB_1~~~gyrB_3	9.77E-01	9.36E-01	7.67E-01	-1.48E-02	4.99E-02	1.26E-02	bad-chisq
fieF	9.77E-01	2.42E-01	9.00E-01	-5.52E-04	4.38E-03	5.34E-03	
dnaA~~~dnaA_2~~~dnaA_1	9.77E-01	9.36E-01	9.05E-01	6.69E-03	5.59E-02	5.06E-03	bad-chisq
guaD~~~guaD_1~~~guaD_2	9.77E-01	2.38E-02	9.10E-01	6.03E-04	5.34E-03	4.77E-03	
fusA_2~~~fusA_1~~~fusA~~~GFM1_1~~~fusB	9.77E-01	9.36E-01	9.53E-01	-2.74E-04	4.61E-03	2.51E-03	bad-chisq
group_12686	9.75E-01	2.92E-01	5.06E-01	1.98E-03	2.98E-03	2.81E-02	
group_12486	9.75E-01	1.78E-13	9.92E-01	-5.92E-05	6.19E-03	4.05E-04	
thrH	9.75E-01	1.78E-13	1.62E-01	-6.48E-02	4.63E-02	5.91E-02	
opuBA~~~ecfA2_2~~~phnT~~~cysA~~~btuD_6	9.75E-01	1.78E-13	9.94E-01	7.13E-04	9.31E-02	3.24E-04	
group_11987	9.75E-01	2.92E-01	9.93E-01	-3.48E-05	4.05E-03	3.63E-04	
group_11293	9.75E-01	9.99E-01	9.99E-01	-3.11E-06	3.70E-03	3.55E-05	bad-chisq
miaB~~~miaB_2	9.75E-01	2.92E-01	9.91E-01	-3.65E-05	3.31E-03	4.66E-04	
group_10790	9.75E-01	9.99E-01	9.60E-01	1.59E-04	3.18E-03	2.11E-03	bad-chisq
mrdB~~~ftsW_3~~~mrdB_2~~~rodA~~~ftsW_2~~~mrdB_1	9.75E-01	9.99E-01	9.93E-01	-3.99E-05	4.37E-03	3.86E-04	bad-chisq
melD_1~~~melD~~~melD_2~~~melD_8	9.75E-01	2.92E-01	9.40E-01	-3.44E-04	4.61E-03	3.16E-03	
znuC~~~ecfA3	9.75E-01	2.92E-01	9.08E-01	-7.11E-04	6.14E-03	4.90E-03	
ddlA~~~vanB~~~ddl	9.75E-01	9.99E-01	9.91E-01	-5.76E-05	5.35E-03	4.55E-04	bad-chisq
hyuA	9.75E-01	2.92E-01	9.80E-01	-9.91E-05	4.05E-03	1.04E-03	
htrB~~~htrA	9.75E-01	1.78E-13	9.79E-01	1.85E-03	7.01E-02	1.12E-03	
hisS~~~hisS_2	9.75E-01	3.52E-02	6.84E-01	-2.19E-02	5.39E-02	1.72E-02	
hrcA	9.75E-01	2.92E-01	9.57E-01	-2.64E-03	4.93E-02	2.27E-03	
ypdF~~~ypdF_2	9.75E-01	2.94E-01	9.47E-01	-2.93E-04	4.38E-03	2.83E-03	bad-chisq
potA~~~potA_2~~~potA_1	9.75E-01	2.94E-01	9.72E-01	-1.60E-03	4.53E-02	1.49E-03	bad-chisq
group_6646	9.77E-01	9.36E-01	9.49E-01	-2.34E-04	3.68E-03	2.69E-03	bad-chisq
grpE~~~grpE_2~~~grpE_1	9.75E-01	9.99E-01	8.07E-01	-1.08E-02	4.44E-02	1.03E-02	bad-chisq
rluB_1~~~rsuA_2~~~rsuA~~~rsuA_1~~~rluB_2	9.75E-01	2.94E-01	9.95E-01	-3.85E-05	6.16E-03	2.64E-04	bad-chisq
rpmI	9.73E-01	3.44E-01	9.56E-01	1.55E-04	2.83E-03	2.31E-03	
group_12689	9.73E-01	2.88E-03	9.52E-01	2.36E-04	3.92E-03	2.54E-03	
uvrA~~~uvrA_3~~~uvrA_1~~~uvrA_2	9.73E-01	9.44E-01	9.96E-01	-1.65E-05	3.39E-03	2.06E-04	bad-chisq
group_12645	9.73E-01	4.96E-02	1.00E+00	-1.64E-06	6.17E-03	1.13E-05	
group_12644	9.73E-01	4.96E-02	9.82E-01	-1.20E-04	5.34E-03	9.52E-04	
group_12633	9.73E-01	4.96E-02	4.08E-01	3.14E-03	3.78E-03	3.50E-02	
mgsA_1~~~mgsA~~~mgsA_2	9.73E-01	9.44E-01	9.98E-01	-1.44E-05	6.17E-03	9.87E-05	bad-chisq
group_12467	9.73E-01	9.44E-01	9.99E-01	-4.50E-06	3.79E-03	5.02E-05	bad-chisq
nqrF	9.73E-01	2.88E-03	9.74E-01	-1.73E-04	5.34E-03	1.37E-03	
tpiA~~~tpiA_3~~~tpiA_1	9.73E-01	3.44E-01	9.29E-01	-5.48E-04	6.13E-03	3.78E-03	
sufS~~~csd_2~~~egtE~~~csd~~~csdA~~~sufS_1~~~csd_1~~~sufS_2~~~iscS_1~~~iscS_2~~~iscS_3	9.73E-01	3.44E-01	9.34E-01	-4.44E-04	5.35E-03	3.51E-03	
rsxB_5~~~rsxB_3~~~rsxB_1~~~rsxB_2~~~ydhY	9.73E-01	3.44E-01	9.84E-01	-8.94E-05	4.38E-03	8.64E-04	
lacG~~~araQ_1~~~lacG_1	9.73E-01	2.88E-03	9.88E-01	5.74E-05	3.79E-03	6.40E-04	
group_10909	9.73E-01	3.44E-01	8.40E-01	-1.08E-03	5.35E-03	8.54E-03	
walR_3~~~walR_1~~~walR_2~~~walR_4~~~uvrC_2	9.73E-01	1.80E-12	9.11E-01	-6.90E-04	6.17E-03	4.73E-03	
ybeY	9.73E-01	2.77E-01	9.95E-01	-2.22E-05	3.70E-03	2.54E-04	bad-chisq
rnj1~~~rnjA~~~rnj1_1~~~rnjB~~~rnj1_2	9.73E-01	9.44E-01	9.96E-01	2.97E-05	5.33E-03	2.36E-04	bad-chisq
group_9729	9.73E-01	3.44E-01	9.81E-01	-7.13E-05	3.05E-03	9.90E-04	
glmU	9.73E-01	2.88E-03	9.21E-01	-6.06E-04	6.14E-03	4.17E-03	
group_9505	9.73E-01	3.44E-01	9.36E-01	-2.11E-04	2.65E-03	3.37E-03	
folD	9.75E-01	2.92E-01	9.60E-01	-1.83E-04	3.68E-03	2.10E-03	
rpsP	9.73E-01	2.77E-01	7.88E-01	-1.12E-02	4.18E-02	1.14E-02	bad-chisq
napF~~~napF_2~~~napF_1	9.73E-01	2.77E-01	9.75E-01	-1.11E-03	3.49E-02	1.34E-03	bad-chisq
rpsB_1~~~rpsB	9.73E-01	3.44E-01	7.57E-01	-1.12E-02	3.60E-02	1.31E-02	
feoB_4~~~feoB~~~feoB_2~~~feoB_1	9.71E-01	8.90E-01	9.94E-01	-4.94E-05	6.16E-03	3.39E-04	bad-chisq
ftsL~~~ftsL_2~~~ftsL_1	9.71E-01	6.69E-02	9.89E-01	-8.78E-05	6.14E-03	6.05E-04	
group_11758	9.71E-01	4.83E-03	9.70E-01	-1.20E-04	3.18E-03	1.59E-03	
iscU	9.71E-01	8.90E-01	9.93E-01	-3.08E-05	3.39E-03	3.85E-04	bad-chisq
upp	9.71E-01	6.69E-02	3.93E-01	3.39E-02	3.97E-02	3.62E-02	
walK~~~rcsC~~~walK_1~~~phoR~~~phoR_2	9.71E-01	1.37E-11	9.05E-01	-7.32E-04	6.16E-03	5.03E-03	
rsmF~~~rsmF_1	9.71E-01	1.37E-11	9.12E-01	-6.81E-04	6.17E-03	4.67E-03	
group_10546	9.71E-01	8.90E-01	9.96E-01	-2.91E-05	5.36E-03	2.30E-04	bad-chisq
znuB	9.71E-01	4.83E-03	9.09E-01	-7.03E-04	6.13E-03	4.85E-03	
recF_2~~~recF	9.71E-01	3.97E-01	9.20E-01	3.83E-04	3.79E-03	4.27E-03	
artM~~~artM_1~~~glnQ_1~~~glnQ_3~~~yxeO~~~glnQ_2	9.71E-01	3.97E-01	9.98E-01	-7.75E-06	3.91E-03	8.38E-05	
ade~~~ade_2~~~ade_3~~~ade_1~~~adeC	9.71E-01	3.97E-01	8.58E-01	-1.13E-02	6.27E-02	7.59E-03	
pepT_1~~~pepT_2~~~pepT	9.71E-01	6.69E-02	6.90E-01	-1.58E-02	3.98E-02	1.69E-02	
rnhA	9.71E-01	6.69E-02	9.16E-01	4.86E-03	4.62E-02	4.45E-03	
ispH~~~rps1~~~rpsA~~~pnp_2~~~ypfD~~~pnp_1	9.71E-01	3.97E-01	9.98E-01	9.56E-06	3.58E-03	1.13E-04	
hpt_1~~~hpt_2	9.71E-01	6.69E-02	8.26E-01	9.65E-03	4.38E-02	9.31E-03	
dnaJ_3~~~dnaJ_2~~~dnaJ_1	9.71E-01	1.42E-04	8.82E-01	6.35E-03	4.26E-02	6.31E-03	
rplI	9.71E-01	3.97E-01	9.94E-01	4.20E-05	5.34E-03	3.32E-04	
nrdD_2~~~nrdD~~~nrdD_1	9.71E-01	8.90E-01	9.98E-01	-7.27E-06	2.98E-03	1.03E-04	bad-chisq
infC	9.71E-01	6.69E-02	9.56E-01	1.56E-04	2.83E-03	2.33E-03	
dpaB~~~dpaB_2	9.70E-01	8.39E-01	9.80E-01	-8.92E-05	3.57E-03	1.06E-03	bad-chisq
senX3~~~resE_2~~~phoR~~~resE~~~sasA_6~~~sasA_3~~~sasA_4~~~sasA_2	9.70E-01	8.70E-02	2.26E-17	2.74E-01	3.13E-02	3.48E-01	
typA_2~~~typA~~~uvrC_2~~~typA_1	9.70E-01	2.46E-01	9.72E-01	-1.32E-04	3.79E-03	1.47E-03	bad-chisq
phoB~~~sphR~~~phoB_2~~~regX3~~~regX3_1	9.70E-01	8.70E-02	1.26E-16	2.63E-01	3.07E-02	3.40E-01	
tgt~~~tgt_2~~~tgt_1	9.70E-01	8.39E-01	9.62E-01	-1.69E-04	3.57E-03	2.00E-03	bad-chisq
iscS_2~~~iscS_1~~~iscS_3	9.70E-01	8.39E-01	9.46E-01	-2.28E-04	3.39E-03	2.85E-03	bad-chisq
group_10379	9.70E-01	9.05E-14	8.64E-01	-1.11E-02	6.46E-02	7.27E-03	
group_10071	9.70E-01	4.51E-01	1.97E-01	-5.20E-02	4.02E-02	5.46E-02	
ackA_1~~~ackA_2~~~ackA_3~~~ackA	9.70E-01	7.62E-03	9.72E-01	-2.17E-04	6.14E-03	1.49E-03	
mobA~~~pucB	9.70E-01	8.39E-01	2.31E-01	-5.50E-03	4.58E-03	5.07E-02	bad-chisq
tmcAL	9.70E-01	7.62E-03	4.17E-01	4.45E-02	5.47E-02	3.44E-02	
group_12682	9.68E-01	6.76E-13	9.26E-01	4.87E-03	5.27E-02	3.91E-03	
group_12307	9.68E-01	1.14E-02	9.17E-01	-3.93E-04	3.79E-03	4.39E-03	
group_11382	9.68E-01	7.92E-01	9.94E-01	2.98E-05	4.03E-03	3.13E-04	bad-chisq
group_10989	9.68E-01	1.14E-02	9.77E-01	-8.60E-05	3.05E-03	1.19E-03	
psuG	9.68E-01	1.14E-02	1.93E-01	-7.94E-03	6.09E-03	5.51E-02	
rlmB_2~~~rlmB_3~~~trmH	9.68E-01	5.05E-01	7.54E-01	1.56E-02	4.98E-02	1.33E-02	
yheI~~~yheH~~~btuD_3~~~yheI_2~~~btuD_7~~~btuD_6~~~yheI_1~~~mdlB	9.68E-01	6.76E-13	9.15E-01	4.56E-03	4.27E-02	4.52E-03	
ung	9.68E-01	2.32E-01	9.66E-01	-1.36E-04	3.23E-03	1.78E-03	bad-chisq
rlhA	9.68E-01	5.05E-01	9.64E-01	-1.55E-04	3.40E-03	1.93E-03	
murR~~~hexR~~~murR_2	9.68E-01	1.14E-02	9.87E-01	-7.08E-05	4.36E-03	6.87E-04	
sigA_3~~~sigA_2~~~sigA~~~sigA_1~~~dnaG_3~~~dnaG_1~~~dnaG_4~~~dnaG~~~dnaG_2~~~rpoD	9.68E-01	5.05E-01	1.00E+00	-1.58E-06	5.33E-03	1.26E-05	
dnaC~~~dnaC_2~~~dnaC_1	9.68E-01	5.05E-01	9.94E-01	4.33E-05	5.33E-03	3.43E-04	
gdpP~~~gdpP_1~~~gdpP_2	9.68E-01	5.05E-01	9.96E-01	1.86E-05	4.04E-03	1.95E-04	
group_7867	9.68E-01	7.92E-01	7.82E-01	-1.11E-02	3.99E-02	1.17E-02	bad-chisq
rpmG	9.68E-01	7.92E-01	9.89E-01	-5.77E-05	4.36E-03	5.59E-04	bad-chisq
group_12574	9.66E-01	2.19E-01	9.63E-01	-2.04E-04	4.36E-03	1.98E-03	bad-chisq
gltT~~~gltP~~~gltP_2~~~gltP_1~~~dctA_2~~~dctA_1	9.66E-01	1.36E-01	9.69E-01	1.72E-04	4.37E-03	1.67E-03	
group_11648	9.66E-01	1.36E-01	9.91E-01	3.25E-05	2.97E-03	4.63E-04	
dnaK_2~~~dnaK_1~~~dnaK_3	9.66E-01	5.58E-01	9.62E-01	2.06E-04	4.37E-03	1.99E-03	
malP~~~glgP_2~~~malP_3~~~glgP~~~malP_1~~~malP_2	9.66E-01	1.36E-01	7.24E-01	-1.38E-02	3.91E-02	1.50E-02	
dprA	9.66E-01	7.48E-01	3.38E-01	4.17E-03	4.36E-03	4.05E-02	bad-chisq
group_10204	9.66E-01	3.05E-07	9.72E-01	-2.16E-04	6.14E-03	1.49E-03	
group_10201	9.66E-01	7.48E-01	9.96E-01	-3.19E-05	6.13E-03	2.20E-04	bad-chisq
mepA_5~~~mdtK~~~mepA_2~~~mdtK_1~~~mdtK_2	9.66E-01	9.45E-04	9.53E-01	-2.56E-04	4.37E-03	2.47E-03	
rsfS~~~rsfS_2	9.66E-01	1.36E-01	9.40E-01	3.39E-03	4.48E-02	3.20E-03	
group_7081	9.66E-01	2.19E-01	9.57E-01	-1.94E-04	3.58E-03	2.30E-03	bad-chisq
secE	9.66E-01	7.48E-01	9.86E-01	-6.39E-05	3.57E-03	7.58E-04	bad-chisq
mgtE~~~IMPDH	9.64E-01	1.64E-01	8.33E-01	-7.19E-03	3.42E-02	8.91E-03	
deoD_3~~~deoD_2~~~deoD_1~~~deoD	9.64E-01	6.12E-01	9.83E-01	-8.62E-05	4.05E-03	9.01E-04	
group_12413	9.64E-01	1.64E-01	9.93E-01	-3.50E-05	3.89E-03	3.80E-04	
group_12089	9.64E-01	1.64E-01	9.50E-01	-2.54E-04	4.05E-03	2.66E-03	
group_9902	9.64E-01	2.06E-11	9.96E-01	-2.57E-05	5.36E-03	2.03E-04	
xdhA~~~xdhA_2~~~xdhA_1	9.64E-01	1.64E-01	4.21E-01	-2.81E-03	3.49E-03	3.40E-02	
efp~~~efp_1	9.64E-01	2.07E-01	9.56E-01	-1.96E-04	3.57E-03	2.32E-03	bad-chisq
yhgF~~~yhgF_1~~~yhgF_2~~~yhgF_3	9.63E-01	1.94E-01	9.94E-01	-3.17E-05	4.36E-03	3.07E-04	
group_12648	9.63E-01	6.67E-01	9.77E-01	-9.62E-05	3.38E-03	1.20E-03	bad-chisq
rbfA	9.63E-01	1.96E-01	9.93E-01	-3.00E-05	3.56E-03	3.56E-04	bad-chisq
acsD	9.63E-01	1.94E-01	9.98E-01	-9.82E-06	3.89E-03	1.07E-04	
group_11632	9.63E-01	1.94E-01	5.08E-01	1.97E-02	2.97E-02	2.80E-02	
srrA_2~~~srrA_1~~~regX3_1~~~regX3_2~~~phoP_2~~~phoP_1	9.63E-01	6.64E-01	1.61E-01	-8.60E-03	6.13E-03	5.92E-02	
yajC	9.63E-01	6.67E-01	9.59E-01	-1.84E-04	3.56E-03	2.19E-03	bad-chisq
rluD_1~~~rluD_2~~~rluD_3~~~rluD~~~rluC_2~~~rluA~~~rluC_1	9.63E-01	6.67E-01	9.64E-01	1.42E-04	3.18E-03	1.89E-03	bad-chisq
dtd3~~~ycfH	9.63E-01	6.67E-01	9.95E-01	-4.05E-05	6.12E-03	2.79E-04	bad-chisq
ftsH~~~ftsH_1~~~ftsH_2	9.63E-01	6.64E-01	9.58E-01	-1.78E-03	3.36E-02	2.24E-03	
aspS~~~aspS1~~~aspS_2~~~aspS_1	9.63E-01	1.94E-01	9.43E-01	-4.38E-04	6.12E-03	3.03E-03	
leuS_1~~~leuS~~~leuS_2	9.63E-01	6.64E-01	3.20E-01	-4.15E-02	4.17E-02	4.20E-02	
yfbR_2~~~yfbR~~~yfbR_1	9.61E-01	2.26E-01	9.85E-01	-6.15E-05	3.23E-03	8.05E-04	
group_12536	9.61E-01	3.99E-02	9.98E-01	-1.38E-05	5.36E-03	1.09E-04	
deoB	9.61E-01	7.15E-01	9.81E-01	-9.41E-05	4.04E-03	9.84E-04	
ywlF~~~rpiB	9.63E-01	1.94E-01	9.69E-01	-1.31E-04	3.39E-03	1.63E-03	
glgP~~~malP_2~~~malP_1~~~malP	9.61E-01	1.85E-01	9.87E-01	-1.02E-04	6.12E-03	7.03E-04	bad-chisq
mepA_4~~~mepA_6~~~mepA_1~~~mdtK~~~dinG	9.61E-01	3.35E-10	7.88E-01	-1.65E-03	6.13E-03	1.14E-02	
birA~~~birA_2~~~birA_1	9.61E-01	7.15E-01	9.80E-01	-1.57E-04	6.14E-03	1.08E-03	
cutM~~~ndhF	9.61E-01	6.31E-01	2.04E-01	-5.82E-03	4.57E-03	5.37E-02	bad-chisq
cutS~~~cdhC	9.61E-01	6.31E-01	2.04E-01	-5.82E-03	4.57E-03	5.37E-02	bad-chisq
nusG~~~nusG_2	9.61E-01	7.15E-01	9.86E-01	-6.31E-05	3.57E-03	7.48E-04	
fchA_1~~~fchA_2~~~fchA	9.63E-01	3.05E-02	9.94E-01	2.73E-05	3.67E-03	3.14E-04	
rplT	9.61E-01	3.99E-02	9.70E-01	9.37E-05	2.46E-03	1.61E-03	
pstS~~~pstS1~~~pstS2	9.59E-01	2.60E-01	9.96E-01	2.10E-04	3.96E-02	2.25E-04	
group_12345	9.61E-01	6.31E-01	8.89E-01	-6.11E-04	4.36E-03	5.92E-03	bad-chisq
metQ	9.59E-01	1.42E-07	8.78E-01	-1.06E-02	6.88E-02	6.50E-03	
exoA~~~exoA_2	9.59E-01	3.09E-04	8.69E-01	7.19E-04	4.36E-03	6.97E-03	
thrS~~~thrZ~~~thrZ_1	9.59E-01	5.96E-01	7.81E-01	-1.71E-03	6.13E-03	1.18E-02	bad-chisq
acpP~~~acpP_1	9.59E-01	7.66E-01	9.96E-01	-2.00E-05	4.04E-03	2.09E-04	
prfC~~~prfC_2	9.59E-01	7.66E-01	9.01E-01	-6.64E-04	5.31E-03	5.28E-03	
hpr~~~hpr_1	9.57E-01	6.35E-02	9.28E-01	2.50E-04	2.76E-03	3.84E-03	
group_11350	9.57E-01	2.96E-01	8.85E-01	-4.90E-04	3.40E-03	6.10E-03	
xerD_1~~~xerD_2~~~xerD	9.57E-01	6.35E-02	9.78E-01	-8.41E-05	3.09E-03	1.15E-03	
group_10420	9.59E-01	7.66E-01	3.83E-01	-3.17E-02	3.63E-02	3.69E-02	
sigA_2~~~rpoD~~~sigA_1	9.57E-01	8.15E-01	9.99E-01	-6.42E-06	4.04E-03	6.72E-05	
pyrK_2	9.57E-01	2.96E-01	2.69E-01	4.44E-03	4.02E-03	4.67E-02	
group_4085	9.57E-01	8.15E-01	9.62E-01	2.55E-04	5.32E-03	2.03E-03	
trpB~~~thrC_1~~~thrC_2~~~thrC_3~~~thrC	9.55E-01	8.63E-01	9.77E-01	-1.74E-04	6.11E-03	1.20E-03	
cdd	9.55E-01	8.63E-01	9.78E-01	-1.12E-04	4.04E-03	1.18E-03	
ribU~~~fmnP	9.55E-01	7.79E-02	8.52E-01	8.17E-04	4.37E-03	7.91E-03	
cymR_1~~~cymR~~~iscR~~~cymR_2~~~iscR_2	9.55E-01	7.79E-02	9.78E-01	-1.06E-04	3.78E-03	1.18E-03	
group_10169	9.55E-01	3.34E-05	9.95E-01	-3.93E-05	6.12E-03	2.71E-04	
group_9252	9.55E-01	9.53E-09	9.51E-01	-1.89E-04	3.10E-03	2.58E-03	
thrC_1~~~thrC_2~~~thrC~~~thrC_3~~~thrC_4	9.55E-01	1.56E-01	9.88E-01	-2.34E-03	1.58E-01	6.27E-04	bad-chisq
group_7529	9.57E-01	2.96E-01	9.97E-01	-1.26E-05	3.41E-03	1.56E-04	
rplS	9.55E-01	1.56E-01	9.72E-01	-1.19E-04	3.39E-03	1.48E-03	bad-chisq
dctA~~~sstT~~~dctA_2	9.54E-01	9.39E-02	9.92E-01	-2.85E-05	2.77E-03	4.35E-04	
rpmH	9.54E-01	9.39E-02	9.81E-01	-9.64E-05	4.04E-03	1.01E-03	
group_11612	9.54E-01	3.71E-01	9.87E-01	3.87E-05	2.43E-03	6.73E-04	
mntP	9.54E-01	2.41E-15	9.79E-01	-1.32E-03	5.02E-02	1.11E-03	
rpe~~~rpe_1	9.54E-01	9.09E-01	7.85E-01	-1.66E-03	6.09E-03	1.15E-02	
group_11108	9.54E-01	5.05E-01	9.51E-01	-2.48E-04	4.05E-03	2.59E-03	bad-chisq
pgiB~~~pgiB_2~~~pgi~~~pgi_2~~~pgiB_1~~~pgi_1	9.54E-01	3.71E-01	9.95E-01	-2.16E-05	3.23E-03	2.83E-04	
group_10453	9.54E-01	3.71E-01	8.74E-01	-9.70E-04	6.09E-03	6.73E-03	
livF_3~~~livF_2~~~livF_1~~~livF~~~livF_4	9.54E-01	2.05E-10	9.60E-01	-1.55E-04	3.10E-03	2.12E-03	
group_9139	9.54E-01	2.05E-10	9.86E-01	-6.08E-05	3.57E-03	7.20E-04	
cysE_2~~~cysE	9.54E-01	1.48E-01	1.00E+00	-3.71E-06	6.20E-03	2.53E-05	bad-chisq
group_8914	9.54E-01	2.45E-08	9.80E-01	-7.81E-05	3.10E-03	1.07E-03	
epd~~~gap~~~gapA1	9.54E-01	1.48E-01	9.83E-01	-8.49E-05	4.03E-03	8.91E-04	bad-chisq
group_3507	9.54E-01	9.39E-02	9.19E-01	-3.62E-04	3.58E-03	4.29E-03	
group_12569	9.52E-01	1.12E-01	9.92E-01	4.14E-05	4.03E-03	4.34E-04	
dauR~~~dauR_2~~~dauR_1	9.52E-01	4.10E-01	9.81E-01	-1.23E-04	5.28E-03	9.81E-04	
group_12439	9.52E-01	4.78E-01	9.24E-01	-5.81E-04	6.12E-03	4.01E-03	bad-chisq
btuD_4~~~btuD_1~~~btuD_3~~~btuD_2~~~ytrB_2~~~btuD_5~~~btuD_6~~~btuD_7~~~rbbA	9.52E-01	1.79E-03	9.98E-01	-6.00E-06	2.97E-03	8.54E-05	
group_12026	9.52E-01	1.79E-03	9.98E-01	-5.12E-06	2.68E-03	8.08E-05	
group_11034	9.52E-01	1.12E-01	8.65E-01	4.89E-04	2.86E-03	7.22E-03	
yitJ_1~~~yitJ_2	9.52E-01	9.54E-01	9.38E-01	-4.13E-04	5.35E-03	3.27E-03	
livH_2~~~livH_3~~~livH~~~livH_1~~~livH_4	9.52E-01	6.02E-10	9.51E-01	-2.20E-04	3.57E-03	2.61E-03	
fumC~~~fumC_1	9.52E-01	1.40E-01	9.96E-01	-2.33E-04	4.86E-02	2.03E-04	bad-chisq
group_7729	9.52E-01	1.84E-02	9.39E-01	-2.38E-04	3.09E-03	3.26E-03	
spoIIID	9.52E-01	1.00E-04	9.68E-01	2.42E-04	6.11E-03	1.67E-03	
gluQ~~~gltX_2~~~gltX1	9.52E-01	4.10E-01	3.43E-01	3.81E-03	4.02E-03	4.01E-02	
group_12539	9.50E-01	1.31E-01	9.92E-01	4.14E-05	4.03E-03	4.34E-04	
group_11698	9.50E-01	2.36E-02	9.44E-01	1.95E-04	2.77E-03	2.97E-03	
group_11278	9.50E-01	1.64E-09	9.95E-01	2.01E-05	3.09E-03	2.76E-04	
pdp~~~pdp_1~~~pdp_2~~~deoA	9.50E-01	4.53E-01	1.00E+00	5.43E-05	1.58E-01	1.46E-05	bad-chisq
lptB_2~~~lptB_1~~~lptB_3	9.50E-01	1.64E-09	9.60E-01	-1.55E-04	3.09E-03	2.12E-03	
serC_2~~~serC_1~~~serC	9.48E-01	2.57E-04	9.88E-01	4.68E-05	3.23E-03	6.12E-04	
group_11562	9.48E-01	4.29E-01	9.39E-01	-5.85E-03	7.61E-02	3.25E-03	bad-chisq
yheI_2	9.48E-01	4.29E-01	9.96E-01	-2.09E-05	4.61E-03	1.92E-04	bad-chisq
group_11023	9.48E-01	1.52E-01	9.95E-01	-2.05E-05	3.23E-03	2.69E-04	
htpG~~~htpG_1~~~htpG_2	9.48E-01	4.90E-01	9.96E-01	-1.30E-05	2.87E-03	1.92E-04	
btuD_2~~~msmX_1~~~btuD_5~~~msmX~~~btuD_1~~~msmX_2	9.47E-01	5.30E-01	9.93E-01	-2.51E-05	2.74E-03	3.88E-04	
group_11735	9.47E-01	3.69E-02	9.53E-01	1.45E-04	2.46E-03	2.49E-03	
purB~~~argH_1~~~purB_2~~~argH_2	9.47E-01	9.19E-01	9.89E-01	-4.74E-05	3.38E-03	5.94E-04	
group_10796	9.47E-01	1.75E-01	9.45E-01	-2.78E-04	4.04E-03	2.91E-03	
adh_1~~~adh~~~adh_3~~~adh_2	9.47E-01	9.88E-09	9.97E-01	1.43E-05	3.56E-03	1.70E-04	
sigW~~~sigW_3	9.47E-01	9.88E-09	8.78E-01	-8.21E-04	5.34E-03	6.50E-03	
sfrB_1~~~gltD~~~sfrB_2~~~sfrB	9.47E-01	4.87E-03	3.62E-01	3.07E-03	3.37E-03	3.85E-02	
glnS~~~glnS_2~~~glnS_1	9.45E-01	1.12E-01	9.65E-01	-1.77E-04	4.04E-03	1.85E-03	bad-chisq
group_10027	9.45E-01	1.99E-01	9.57E-01	1.72E-04	3.23E-03	2.26E-03	
group_7432	9.45E-01	6.50E-03	9.88E-01	4.77E-05	3.30E-03	6.12E-04	
norM~~~yeeO_2~~~yeeO~~~yeeO_3~~~mdtK_2~~~yeeO_4~~~yeeO_1~~~mdtK_4~~~mdtK_3	9.45E-01	8.80E-01	2.14E-01	-7.56E-03	6.08E-03	5.25E-02	
asnA~~~asnA_2~~~asnA_1	9.43E-01	3.65E-01	8.98E-01	-9.61E-03	7.48E-02	5.43E-03	bad-chisq
proS~~~proS_1~~~proS_2	9.43E-01	8.53E-03	8.76E-01	-6.29E-04	4.02E-03	6.62E-03	
hrp1~~~IMPDH	9.43E-01	2.24E-01	4.57E-01	2.29E-03	3.08E-03	3.14E-02	
group_8770	9.43E-01	3.65E-01	9.63E-01	-1.55E-04	3.38E-03	1.94E-03	bad-chisq
icd~~~icd_2~~~icd_1	9.41E-01	2.51E-01	9.19E-01	6.28E-04	6.18E-03	4.29E-03	
group_12062	9.41E-01	1.10E-02	9.97E-01	-9.82E-06	2.97E-03	1.40E-04	
lacZ~~~lacZ_3~~~lacZ_1~~~lacZ_2	9.41E-01	6.52E-01	9.96E-01	2.06E-05	4.60E-03	1.90E-04	
xylB_1~~~xylB_4~~~xylB_3~~~xylB_2~~~xylB~~~lyx~~~xylB_5	9.41E-01	3.57E-06	9.96E-01	1.83E-05	3.57E-03	2.17E-04	
pnp~~~pnp_2~~~pnp_1	9.41E-01	2.51E-01	9.39E-01	-2.71E-04	3.56E-03	3.22E-03	
group_12700	9.39E-01	9.55E-02	9.15E-27	-4.14E-01	3.66E-02	4.31E-01	bad-chisq
group_12537	9.39E-01	3.70E-09	9.94E-01	3.90E-05	5.32E-03	3.10E-04	
group_7579	9.39E-01	1.39E-02	7.33E-01	2.08E-03	6.08E-03	1.44E-02	
ctpA	9.39E-01	6.92E-01	4.82E-01	2.32E-03	3.30E-03	2.98E-02	
smpB	9.39E-01	2.79E-01	7.96E-01	-1.58E-03	6.10E-03	1.10E-02	
yfcA	9.38E-01	7.32E-01	8.86E-01	-7.03E-03	4.92E-02	6.04E-03	
group_12542	9.38E-01	7.37E-01	5.35E-01	1.81E-03	2.91E-03	2.63E-02	
rplJ	9.38E-01	7.37E-01	9.83E-01	-6.21E-05	2.97E-03	8.84E-04	
group_12502	9.38E-01	1.74E-02	9.49E-01	-1.75E-04	2.72E-03	2.72E-03	
deoC~~~deoC_2	9.38E-01	7.32E-01	9.76E-01	-7.75E-05	2.60E-03	1.26E-03	
rpsO	9.38E-01	7.32E-01	9.48E-01	-1.84E-04	2.82E-03	2.75E-03	
pta~~~pta_3	9.38E-01	3.07E-01	1.57E-01	-8.59E-03	6.07E-03	5.98E-02	
rlmB~~~rlmB_2~~~rlmB_1	9.38E-01	3.07E-01	8.47E-01	-1.18E-03	6.10E-03	8.17E-03	
group_10762	9.38E-01	7.32E-01	9.76E-01	-1.15E-04	3.77E-03	1.29E-03	
group_10230	9.38E-01	8.93E-02	4.29E-01	5.11E-02	6.46E-02	3.34E-02	
kdpE_1~~~kdpE_3~~~kdpE_2~~~sasA_7~~~kdpD_1~~~kdpE~~~sasA_1~~~sasA_5~~~kdpD_2~~~sasA_4~~~sasA_3~~~rcsC~~~sasA_8~~~sasA_2	9.36E-01	1.03E-01	9.88E-01	-6.29E-05	4.03E-03	6.59E-04	
rpmE~~~rpmE_2	9.36E-01	8.57E-02	9.33E-01	-3.37E-04	4.02E-03	3.55E-03	bad-chisq
rplU	9.36E-01	1.03E-01	2.85E-01	4.88E-03	4.56E-03	4.53E-02	
group_11678	9.36E-01	2.69E-10	6.50E-01	2.78E-03	6.12E-03	1.92E-02	
rsmE	9.36E-01	3.37E-01	9.67E-01	1.09E-04	2.65E-03	1.74E-03	
tcyB~~~artQ_2~~~occM~~~glnP	9.36E-01	2.94E-01	9.97E-01	-1.79E-05	4.38E-03	1.73E-04	bad-chisq
rpmF	9.34E-01	3.68E-01	9.16E-01	-4.56E-04	4.32E-03	4.46E-03	
tdk	9.34E-01	8.11E-01	9.78E-01	-7.77E-05	2.87E-03	1.15E-03	
hpf	9.34E-01	6.73E-01	9.36E-01	-2.87E-04	3.55E-03	3.42E-03	
nth	9.34E-01	2.63E-02	9.80E-01	5.90E-05	2.34E-03	1.07E-03	
rplK	9.34E-01	8.11E-01	9.85E-01	4.41E-05	2.37E-03	7.85E-04	
rpsU	9.32E-01	6.43E-01	8.98E-01	-5.16E-04	4.03E-03	5.42E-03	
metG~~~metG_1~~~metG_2	9.32E-01	6.43E-01	1.00E+00	-1.28E-06	2.86E-03	1.89E-05	
group_12543	9.32E-01	6.43E-01	9.92E-01	-3.21E-05	3.09E-03	4.40E-04	
spo0A_3~~~spo0A_2~~~spo0A~~~spo0A_1~~~spo0A_4~~~cheB_1~~~cheB_2	9.32E-01	5.09E-03	8.64E-01	6.88E-04	4.03E-03	7.22E-03	
group_12377	9.32E-01	3.17E-02	9.60E-01	-1.37E-04	2.72E-03	2.13E-03	
noc~~~noc_1~~~noc_2~~~noc_3	9.32E-01	6.43E-01	9.79E-01	-6.49E-05	2.52E-03	1.09E-03	
trkA~~~trkA_1~~~trkA_2	9.32E-01	2.64E-01	9.77E-01	-6.50E-05	2.29E-03	1.20E-03	bad-chisq
rpoB_2~~~rpoB~~~rpoB_1	9.32E-01	3.99E-01	9.79E-01	-7.80E-05	2.97E-03	1.11E-03	
group_7899	9.32E-01	6.43E-01	9.80E-01	8.46E-05	3.38E-03	1.06E-03	
galT_1~~~galT_3~~~galT_2~~~galT	9.30E-01	7.60E-04	1.65E-01	-8.53E-03	6.13E-03	5.87E-02	
pepA_2	9.30E-01	6.02E-05	8.28E-01	-1.32E-03	6.08E-03	9.22E-03	
pbuG~~~adeQ~~~adeP~~~pbuO	9.30E-01	7.60E-04	9.04E-01	-4.39E-03	3.62E-02	5.13E-03	
bdhA~~~bdhA_1~~~adh2	9.30E-01	8.88E-01	9.77E-01	-1.05E-04	3.70E-03	1.20E-03	
ltaE	9.30E-01	8.88E-01	9.79E-01	-8.51E-05	3.23E-03	1.12E-03	
ctpC~~~actP~~~ctpC_1~~~ctpC_2	9.30E-01	6.02E-05	7.24E-26	-4.48E-01	4.05E-02	4.24E-01	
trkH~~~trkG	9.30E-01	2.51E-01	9.77E-01	-6.46E-05	2.29E-03	1.19E-03	bad-chisq
gltA_2~~~gltA	9.29E-01	1.71E-01	9.64E-01	-1.96E-04	4.37E-03	1.89E-03	
hom	9.29E-01	5.87E-01	9.69E-01	-1.25E-04	3.18E-03	1.66E-03	
glmS~~~glmS_1~~~glmS_2	9.29E-01	5.87E-01	1.36E-02	-1.12E-01	4.51E-02	1.04E-01	
ydbD~~~ydbD_2	9.29E-01	1.71E-01	7.61E-01	8.17E-04	2.68E-03	1.29E-02	
proA~~~proA_1	9.29E-01	1.71E-01	4.64E-01	4.86E-02	6.63E-02	3.10E-02	
group_6860	9.30E-01	4.32E-01	8.88E-01	-4.04E-04	2.87E-03	5.95E-03	
group_7661	9.27E-01	1.02E-02	1.66E-01	6.42E-02	4.63E-02	5.86E-02	
feoB_2~~~feoB_1~~~feoB~~~feoB_3~~~der_3	9.25E-01	2.14E-01	9.85E-01	-6.77E-05	3.57E-03	8.03E-04	bad-chisq
xerC_1~~~xerD_2~~~xerD_1~~~xerC_3~~~xerC_8~~~xerC~~~xerC_5~~~xerC_2	9.25E-01	1.81E-03	9.46E-01	-1.70E-04	2.52E-03	2.85E-03	
group_10461	9.25E-01	1.97E-08	1.04E-21	-3.92E-01	3.93E-02	3.89E-01	
rpmA	9.25E-01	1.81E-03	1.68E-09	1.48E-01	2.42E-02	2.51E-01	
ppiB	9.25E-01	2.11E-01	7.62E-01	-1.84E-03	6.06E-03	1.28E-02	
arcC1_2~~~arcC1~~~arcC2	9.25E-01	2.14E-01	9.73E-01	2.02E-04	6.04E-03	1.42E-03	bad-chisq
graR~~~graR_2~~~graR_1	9.23E-01	2.33E-01	9.29E-01	4.56E-03	5.14E-02	3.75E-03	
group_9268	9.23E-01	2.52E-04	8.28E-01	-1.37E-02	6.27E-02	9.21E-03	
group_10493	9.20E-01	6.33E-01	9.14E-01	-2.58E-04	2.40E-03	4.56E-03	
sapB	9.20E-01	4.68E-04	9.87E-01	7.13E-04	4.41E-02	6.85E-04	
group_9861	9.20E-01	1.09E-07	8.65E-01	-5.40E-03	3.17E-02	7.20E-03	
group_10818	9.16E-01	1.64E-01	8.10E-01	-1.04E-03	4.32E-03	1.02E-02	bad-chisq
tcyC~~~btuD_3	9.16E-01	5.90E-03	9.91E-01	-3.94E-05	3.57E-03	4.67E-04	
rarA~~~ruvB_2~~~ruvB_3	9.16E-01	1.17E-01	9.97E-01	9.28E-06	2.37E-03	1.66E-04	
glyQS~~~glyQS_1	9.16E-01	1.64E-01	8.53E-01	-6.79E-04	3.67E-03	7.82E-03	bad-chisq
xpt	9.14E-01	8.04E-01	9.93E-01	3.31E-05	3.54E-03	3.96E-04	
group_9783	9.14E-01	1.66E-15	9.48E-01	4.02E-04	6.14E-03	2.77E-03	
abrB	9.13E-01	7.69E-01	9.94E-01	-3.60E-05	4.60E-03	3.32E-04	
lacF~~~lacF_2~~~araP	9.14E-01	7.35E-01	9.97E-01	1.28E-05	3.02E-03	1.79E-04	
mltF_1~~~artP_2~~~fliY~~~mltF~~~artP_1	9.11E-01	3.67E-01	7.82E-01	9.87E-04	3.57E-03	1.17E-02	
group_9769	9.11E-01	7.45E-01	9.93E-01	-2.76E-05	2.94E-03	3.97E-04	
group_7765	9.11E-01	7.45E-01	9.85E-01	-8.47E-05	4.39E-03	8.16E-04	
rpmB	9.09E-01	8.36E-01	9.56E-01	1.92E-03	3.51E-02	2.31E-03	
rpsL	9.09E-01	7.16E-01	9.59E-01	-1.52E-04	2.97E-03	2.16E-03	
metF	9.07E-01	1.52E-02	9.76E-01	-1.83E-04	6.16E-03	1.25E-03	
group_12346	9.07E-01	1.95E-01	9.66E-01	-1.15E-04	2.68E-03	1.82E-03	
group_9755	9.07E-01	8.69E-01	9.75E-01	-1.89E-04	6.16E-03	1.30E-03	
ygeW~~~ygeW_1	9.07E-01	8.69E-01	9.90E-01	6.57E-05	5.23E-03	5.31E-04	
murD~~~murD_1~~~murD_2	9.06E-01	6.62E-01	8.05E-01	-9.81E-03	3.98E-02	1.04E-02	
ytrB~~~ytrB_2~~~ytrB_1	9.06E-01	4.93E-01	9.99E-01	-2.88E-06	3.79E-03	3.22E-05	
proX_1~~~proX~~~proX_2	9.04E-01	5.22E-01	9.61E-01	-1.96E-04	4.06E-03	2.05E-03	
patA_3~~~patA_1~~~patA_2~~~patA_4	9.04E-01	4.17E-03	9.98E-01	-8.82E-06	3.17E-03	1.18E-04	
group_9565	9.04E-01	5.80E-06	9.28E-01	3.95E-04	4.37E-03	3.82E-03	
group_6664	9.04E-01	9.34E-01	9.06E-01	-3.06E-04	2.60E-03	4.98E-03	
groL~~~groL_2	9.04E-01	3.03E-01	5.85E-01	-1.15E-03	2.11E-03	2.31E-02	
tyrS~~~tyrS_2~~~tyrS_1	9.02E-01	8.94E-02	9.88E-01	-6.22E-05	4.04E-03	6.51E-04	
livF_3~~~livF_2~~~livF_1~~~btuD_6	9.00E-01	1.25E-04	9.15E-01	1.03E-02	9.66E-02	4.49E-03	
yitJ~~~yitJ_1~~~yitJ_2~~~metH_4	9.00E-01	5.81E-01	9.24E-01	5.87E-04	6.12E-03	4.06E-03	
mgs~~~mshA_2~~~mshA_1	9.00E-01	6.13E-03	9.96E-01	-1.63E-05	3.15E-03	2.19E-04	
dapE_1~~~argE_2~~~dapE~~~dapE_2	9.00E-01	9.97E-01	9.74E-01	-8.91E-05	2.69E-03	1.40E-03	
rnfC~~~rsxC_1~~~rsxC_2~~~rnfC_2~~~rnfC_1	8.98E-01	1.64E-05	9.98E-01	1.18E-05	6.20E-03	8.01E-05	
potH~~~ydcV~~~cysW~~~potB	8.98E-01	5.63E-01	9.34E-01	-5.11E-04	6.15E-03	3.51E-03	
scrK~~~RBKS_2~~~RBKS~~~rbsK_2~~~pfkB~~~rbsK~~~iolC~~~rbsK_1	8.97E-01	9.42E-01	9.74E-01	-2.18E-03	6.60E-02	1.40E-03	
rpsG	8.97E-01	5.41E-01	9.29E-01	-2.37E-04	2.68E-03	3.75E-03	
potD	8.95E-01	5.19E-01	9.97E-01	-2.05E-05	6.15E-03	1.41E-04	
group_7270	8.95E-01	6.71E-01	9.95E-01	3.34E-05	5.34E-03	2.64E-04	
group_10971	8.93E-01	3.59E-04	9.90E-01	-3.89E-04	3.24E-02	5.07E-04	
pyrP~~~rutG~~~pyrP_1	8.93E-01	7.02E-01	9.72E-01	-1.43E-04	4.04E-03	1.49E-03	
rsxG~~~rnfG	8.93E-01	4.14E-05	9.99E-01	7.64E-06	6.19E-03	5.22E-05	
ppdK_1~~~ppdK~~~ppdK_2	8.93E-01	3.61E-01	9.88E-01	-4.78E-05	3.21E-03	6.30E-04	
rnfE~~~rsxE	8.93E-01	4.14E-05	1.00E+00	2.42E-07	4.07E-03	2.51E-06	
group_5615	8.91E-01	4.77E-01	9.63E-01	-1.37E-04	2.98E-03	1.95E-03	
rplM_2~~~rplM~~~rplM_1	8.89E-01	1.66E-02	9.86E-01	4.52E-05	2.59E-03	7.39E-04	
aspC_1~~~aspC_2~~~aspC	8.89E-01	7.62E-01	9.95E-01	-3.52E-05	5.36E-03	2.78E-04	
group_7799	8.89E-01	3.09E-08	9.24E-01	2.82E-04	2.96E-03	4.03E-03	
ftsX~~~ftsX_2~~~ftsX_1	8.89E-01	4.57E-01	9.94E-01	-3.11E-05	4.37E-03	3.01E-04	
group_6304	8.89E-01	7.30E-05	9.64E-01	1.13E-04	2.49E-03	1.92E-03	
rnfA~~~rsxA	8.89E-01	7.30E-05	9.93E-01	-5.65E-05	6.19E-03	3.86E-04	
group_9682	8.88E-01	4.33E-01	9.91E-01	-6.04E-05	5.30E-03	4.82E-04	
rnfD~~~rnfD_1~~~rsxD~~~rnfD_2	8.88E-01	7.78E-07	1.70E-01	8.43E-03	6.14E-03	5.80E-02	
fusA_2~~~fusA_1~~~fus~~~fusA	8.88E-01	7.98E-01	9.62E-01	-1.27E-04	2.67E-03	2.00E-03	
group_12699	8.86E-01	8.94E-04	9.75E-01	1.27E-04	4.01E-03	1.34E-03	
rnfB_2~~~rnfB_1~~~rnfB	8.84E-01	1.60E-04	9.85E-01	-1.13E-04	6.18E-03	7.74E-04	
group_10680	8.82E-01	2.04E-04	9.99E-01	6.51E-06	3.57E-03	7.71E-05	
gcdB_2~~~gcdB~~~oadB~~~gcdB_1	8.82E-01	2.43E-01	9.69E-01	-8.79E-05	2.23E-03	1.66E-03	
acsC~~~acsE~~~acsE_2	8.82E-01	7.19E-01	9.35E-01	-3.18E-04	3.89E-03	3.46E-03	
murC~~~murC_2~~~murC_1	8.81E-01	3.69E-01	9.45E-01	-2.34E-04	3.37E-03	2.93E-03	
smc_1~~~mepM~~~envC	8.81E-01	3.69E-01	9.76E-01	-1.06E-04	3.56E-03	1.26E-03	
ychF	8.82E-01	9.34E-02	8.82E-01	-3.26E-04	2.19E-03	6.29E-03	
group_11295	8.79E-01	2.79E-01	9.32E-01	-2.52E-04	2.98E-03	3.59E-03	
oadA_2~~~oadA_1~~~oadA~~~cfiA	8.77E-01	1.24E-01	9.94E-01	-1.52E-05	2.10E-03	3.07E-04	
yxdL_2~~~yxdL~~~bceA~~~yxdM~~~btuD_4	8.77E-01	9.68E-01	6.21E-01	-2.94E-02	5.95E-02	2.09E-02	
group_7438	8.77E-01	4.15E-02	9.93E-01	4.47E-04	4.84E-02	3.91E-04	
group_11762	8.75E-01	6.23E-01	9.13E-01	-6.60E-04	6.06E-03	4.61E-03	
prs_2~~~prs_1~~~prs_3	8.75E-01	4.66E-02	9.85E-01	2.13E-03	1.14E-01	7.89E-04	
group_12328	8.73E-01	1.48E-02	9.90E-02	-1.14E-01	6.91E-02	6.97E-02	
metN~~~btuD_5~~~metN2	8.73E-01	9.39E-07	6.25E-22	-3.77E-01	3.76E-02	3.91E-01	
yutF~~~hdpA_2~~~hdpA~~~nagD	8.73E-01	1.48E-02	9.64E-01	6.91E-03	1.53E-01	1.91E-03	
mtaD~~~dadD~~~triA	8.73E-01	6.00E-01	9.97E-01	-4.75E-04	1.29E-01	1.56E-04	
COQ5~~~COQ5_1~~~COQ5_3~~~COQ5_2~~~COQ5_4~~~cmoM~~~bsmA	8.73E-01	6.00E-01	9.73E-01	-5.36E-03	1.60E-01	1.42E-03	
group_10527	8.73E-01	6.00E-01	9.73E-01	-5.36E-03	1.60E-01	1.42E-03	
group_9834	8.73E-01	5.20E-02	8.76E-01	-1.39E-02	8.94E-02	6.59E-03	
comM~~~comM_1~~~comM_2	8.73E-01	3.09E-01	9.93E-01	-3.51E-04	4.04E-02	3.67E-04	
rpoC~~~rpoC_1	8.73E-01	6.00E-01	9.78E-01	-8.70E-05	3.15E-03	1.17E-03	
cysK1~~~cysK	8.72E-01	5.79E-02	8.92E-01	-8.49E-03	6.27E-02	5.73E-03	
coaX~~~coaX_2	8.72E-01	1.70E-02	9.65E-01	3.91E-03	8.83E-02	1.88E-03	
opuBA~~~btuD_4~~~btuD_1~~~ssuB~~~yxdL~~~cmpC~~~btuD_3~~~btuD_2~~~metN2	8.72E-01	4.01E-03	9.78E-01	-7.52E-05	2.76E-03	1.15E-03	
aroF~~~tyrC~~~aroF_2~~~aroF_1~~~kdsA	8.72E-01	1.70E-02	9.03E-01	1.30E-02	1.07E-01	5.15E-03	
group_10862	8.72E-01	9.48E-01	7.24E-01	4.09E-02	1.16E-01	1.50E-02	
mazG	8.72E-01	9.48E-01	7.24E-01	4.09E-02	1.16E-01	1.50E-02	
group_10683	8.72E-01	7.57E-04	9.29E-01	2.70E-04	3.02E-03	3.77E-03	
cmk_2~~~cmk_1~~~gdh_1~~~gdh_2~~~gdh~~~cmk_3	8.72E-01	5.78E-01	8.30E-01	-1.33E-02	6.21E-02	9.08E-03	
group_5402	8.72E-01	3.60E-01	1.91E-11	1.81E-01	2.64E-02	2.78E-01	
group_12544	8.70E-01	9.20E-01	9.88E-01	8.21E-05	5.34E-03	6.50E-04	
group_11750	8.70E-01	9.20E-01	9.34E-01	1.08E-02	1.31E-01	3.48E-03	
group_11685	8.70E-01	6.42E-02	3.98E-01	-6.41E-02	7.59E-02	3.57E-02	
group_11227	8.70E-01	5.57E-01	9.97E-01	-2.12E-05	6.20E-03	1.44E-04	
algU~~~sigW~~~sigE_1~~~sigW_2~~~rpoE~~~sigW_1	8.70E-01	1.44E-04	8.85E-01	4.15E-04	2.87E-03	6.12E-03	
group_12319	8.68E-01	5.52E-03	5.73E-01	-1.61E-03	2.85E-03	2.38E-02	
aptA_5~~~aptA~~~aptA_2~~~aptA_1	8.68E-01	4.03E-01	6.06E-01	-2.15E-02	4.16E-02	2.18E-02	
group_11726	8.68E-01	2.20E-02	9.62E-01	-2.06E-03	4.37E-02	2.00E-03	
group_10599	8.68E-01	1.80E-04	9.96E-01	-3.25E-05	6.16E-03	2.23E-04	
murAB~~~murA_1~~~murA1~~~murAA~~~murA2	8.68E-01	1.11E-03	9.98E-01	-6.86E-06	3.57E-03	8.13E-05	
spo0J	8.68E-01	1.87E-01	9.93E-01	-2.43E-05	2.61E-03	3.94E-04	
thiI~~~thiI_2~~~thiI_1	8.68E-01	5.36E-01	9.47E-01	-2.55E-03	3.84E-02	2.80E-03	
tagO~~~wecA	8.68E-01	2.20E-02	9.92E-01	6.92E-04	7.03E-02	4.17E-04	
group_12635	8.66E-01	3.26E-06	9.63E-01	-1.15E-04	2.49E-03	1.96E-03	
fba_1~~~fba~~~fbaA_1~~~fda	8.66E-01	8.67E-01	9.23E-01	-2.97E-04	3.08E-03	4.07E-03	
gdh~~~gdh_1~~~gdh_2	8.66E-01	7.83E-02	9.70E-01	1.35E-04	3.53E-03	1.61E-03	
group_11262	8.66E-01	7.53E-01	9.94E-01	-2.00E-05	2.50E-03	3.39E-04	
punA	8.66E-01	7.53E-01	9.80E-01	2.28E-03	9.10E-02	1.06E-03	
group_11131	8.66E-01	8.67E-01	9.33E-01	6.81E-03	8.11E-02	3.55E-03	
rpsF	8.66E-01	2.58E-01	9.70E-01	-2.03E-04	5.37E-03	1.60E-03	
ssbA~~~ssb	8.66E-01	2.58E-01	9.70E-01	-2.03E-04	5.37E-03	1.60E-03	
group_12029	8.65E-01	4.96E-01	8.23E-01	-7.01E-04	3.14E-03	9.45E-03	
aptB_4~~~aptB_2~~~aptB~~~aptB_3~~~aptB_1	8.65E-01	4.48E-01	6.04E-01	-2.15E-02	4.15E-02	2.20E-02	
cpdA~~~yhaO	8.65E-01	8.60E-02	9.97E-01	2.18E-05	5.37E-03	1.72E-04	
mtnA~~~drdI~~~MRI1	8.65E-01	7.81E-01	9.60E-01	-3.59E-03	7.25E-02	2.10E-03	
group_10429	8.65E-01	1.60E-03	9.16E-01	3.21E-04	3.04E-03	4.47E-03	
group_10139	8.65E-01	2.46E-01	5.52E-01	2.37E-02	3.97E-02	2.52E-02	
group_10076	8.65E-01	2.46E-01	5.48E-01	2.41E-02	4.01E-02	2.54E-02	
ftsQ~~~divIB	8.65E-01	4.96E-01	8.71E-01	-1.09E-02	6.73E-02	6.86E-03	
group_8108	8.65E-01	4.96E-01	9.44E-01	-7.97E-03	1.13E-01	2.97E-03	
group_8065	8.65E-01	4.96E-01	9.68E-01	-3.95E-03	9.76E-02	1.71E-03	
group_7571	8.65E-01	4.96E-01	9.98E-01	-9.90E-06	4.62E-03	9.06E-05	
pncB2~~~pncB~~~pncB2_1	8.63E-01	9.42E-02	9.74E-01	-1.40E-04	4.38E-03	1.35E-03	
group_11995	8.63E-01	5.78E-06	9.09E-01	3.11E-04	2.73E-03	4.81E-03	
bmrA	8.63E-01	5.78E-06	7.74E-01	-2.65E-02	9.23E-02	1.22E-02	
sleL~~~sleL_1~~~sleL_2	8.63E-01	8.08E-01	9.38E-01	-4.10E-04	5.29E-03	3.28E-03	
gcdC	8.63E-01	8.08E-01	9.38E-01	-2.07E-04	2.66E-03	3.28E-03	
hprK	8.63E-01	8.15E-01	9.27E-01	5.56E-03	6.08E-02	3.86E-03	
bmrU~~~dagK_2~~~yegS~~~yegS_1	8.63E-01	2.31E-01	9.94E-01	-4.49E-05	6.18E-03	3.07E-04	
groS~~~groS2	8.63E-01	2.31E-01	9.98E-01	-8.16E-06	3.70E-03	9.32E-05	
rplQ~~~rplQ_1	8.61E-01	1.03E-01	9.72E-01	5.95E-05	1.70E-03	1.48E-03	
rhaS_3~~~rhaS~~~rhaS_2~~~mtrA	8.61E-01	4.95E-01	9.57E-01	-2.04E-04	3.77E-03	2.29E-03	
relA	8.61E-01	4.59E-01	9.73E-01	-3.36E-03	9.99E-02	1.43E-03	
group_10817	8.61E-01	4.59E-01	9.91E-01	-6.97E-05	6.14E-03	4.81E-04	
deoD_2~~~deoD~~~udp~~~deoD_1	8.61E-01	2.24E-01	9.34E-01	-1.56E-02	1.89E-01	3.50E-03	
group_9999	8.61E-01	2.24E-01	9.38E-01	4.79E-04	6.14E-03	3.30E-03	
soj~~~soj_1~~~soj_3	8.61E-01	1.03E-01	9.93E-01	-2.08E-05	2.35E-03	3.74E-04	
group_8055	8.61E-01	4.59E-01	9.34E-01	-2.65E-03	3.20E-02	3.50E-03	
radA~~~radA_2	8.59E-01	5.19E-01	9.95E-01	-2.84E-05	4.63E-03	2.59E-04	
aroQ~~~aroQ_2	8.59E-01	3.94E-02	9.74E-01	-1.33E-03	4.03E-02	1.39E-03	
mglA_1~~~mglA_2~~~mglA_5~~~mglA_4~~~btuD_9~~~xylG~~~mglA_3~~~rbsA_6~~~xylG_1~~~mglA_6	8.59E-01	2.14E-01	9.36E-01	-4.97E-04	6.20E-03	3.39E-03	
apeA~~~coaE~~~apeA_1	8.59E-01	7.65E-01	9.66E-01	4.04E-03	9.45E-02	1.81E-03	
group_10266	8.59E-01	3.94E-02	8.93E-01	-1.08E-02	7.99E-02	5.72E-03	
group_9726	8.59E-01	1.12E-01	9.45E-01	-2.25E-04	3.24E-03	2.94E-03	
group_9410	8.59E-01	1.01E-06	9.96E-01	-2.55E-05	5.37E-03	2.01E-04	
group_8074	8.59E-01	4.41E-01	7.57E-01	-1.02E-02	3.30E-02	1.31E-02	
mnaA~~~mnaA_1~~~mnaA_2	8.59E-01	1.14E-02	9.58E-01	-3.27E-04	6.19E-03	2.23E-03	
lptB_3~~~lptB_1~~~cysA~~~lptB_2	8.57E-01	3.14E-03	6.92E-01	4.97E-02	1.25E-01	1.68E-02	
rihA_1~~~rihA_2	8.57E-01	2.05E-01	9.36E-01	-5.00E-04	6.20E-03	3.41E-03	
rihA_2~~~rihA_1~~~rihA	8.57E-01	2.05E-01	9.36E-01	-4.97E-04	6.20E-03	3.39E-03	
azoR2~~~azoR1~~~azoR	8.57E-01	2.05E-01	9.97E-01	-2.54E-05	6.20E-03	1.74E-04	
group_9722	8.57E-01	1.16E-07	4.83E-08	3.55E-01	6.41E-02	2.28E-01	
group_9628	8.57E-01	1.36E-06	6.70E-01	-5.72E-02	1.34E-01	1.81E-02	
group_12673	8.56E-01	4.86E-02	9.81E-01	-4.96E-03	2.07E-01	1.02E-03	
csoR_2~~~csoR	8.56E-01	9.17E-01	3.45E-01	-3.82E-03	4.04E-03	4.00E-02	
copA~~~kdpB	8.56E-01	9.17E-01	1.53E-01	-8.78E-03	6.14E-03	6.04E-02	
tcdA_1~~~tcdA	8.56E-01	5.68E-01	3.73E-42	7.37E-01	4.97E-02	5.31E-01	
group_11435	8.56E-01	4.07E-01	9.77E-01	-1.79E-04	6.19E-03	1.22E-03	
group_11395	8.56E-01	7.17E-01	9.38E-01	-5.13E-03	6.61E-02	3.28E-03	
group_11309	8.56E-01	9.17E-01	1.44E-01	7.95E-02	5.44E-02	6.17E-02	
group_10726	8.56E-01	4.07E-01	8.98E-01	-9.26E-03	7.20E-02	5.44E-03	
group_10511	8.56E-01	4.07E-01	9.79E-01	-1.21E-04	4.62E-03	1.11E-03	
pstC	8.56E-01	7.17E-01	8.40E-01	-9.34E-03	4.63E-02	8.54E-03	
ygfK~~~ygfK_1~~~ygfK_2	8.56E-01	5.68E-01	7.97E-01	-1.04E-02	4.05E-02	1.09E-02	
group_9986	8.56E-01	9.17E-01	9.90E-01	-6.65E-05	5.36E-03	5.25E-04	
udk_1~~~udk_2~~~udk_3	8.56E-01	1.61E-07	9.59E-01	6.87E-03	1.35E-01	2.15E-03	
rpsJ	8.56E-01	1.32E-01	9.90E-01	-2.42E-05	1.90E-03	5.39E-04	
argH~~~argH_1~~~argH_2	8.54E-01	5.92E-01	3.83E-23	-4.07E-01	3.92E-02	4.01E-01	
group_10351	8.54E-01	6.94E-01	9.95E-01	3.11E-05	5.35E-03	2.46E-04	
group_9528	8.54E-01	6.94E-01	9.89E-01	-4.73E-05	3.58E-03	5.59E-04	
dapA_1~~~dapA_2~~~dapA_4~~~dapA	8.54E-01	5.37E-02	9.78E-01	-1.70E-04	6.16E-03	1.17E-03	
group_8130	8.54E-01	3.91E-01	6.90E-01	-2.87E-02	7.19E-02	1.69E-02	
tagU_1~~~tagU_2~~~tagU_3	8.54E-01	9.43E-01	9.80E-01	-1.33E-03	5.24E-02	1.07E-03	
group_12417	8.52E-01	3.04E-07	9.72E-01	3.23E-03	9.32E-02	1.47E-03	
livH_2~~~livH_3~~~livH_4~~~livH_1~~~livH	8.52E-01	4.95E-03	7.73E-01	2.62E-02	9.10E-02	1.22E-02	
group_11277	8.52E-01	1.78E-01	9.33E-01	-5.25E-04	6.19E-03	3.58E-03	
group_11245	8.52E-01	5.93E-02	9.89E-01	-8.47E-05	6.16E-03	5.82E-04	
pstB3~~~pstB3_2	8.52E-01	3.75E-01	9.78E-01	-1.71E-04	6.19E-03	1.17E-03	
group_11097	8.52E-01	1.78E-01	9.33E-01	-5.25E-04	6.19E-03	3.58E-03	
group_10980	8.52E-01	6.71E-01	9.90E-01	-5.15E-05	4.04E-03	5.39E-04	
group_10203	8.52E-01	1.89E-02	9.23E-01	4.48E-04	4.61E-03	4.11E-03	
metAA~~~metAA_1~~~metAA_2	8.52E-01	6.71E-01	9.88E-01	-5.21E-05	3.57E-03	6.18E-04	
group_9052	8.52E-01	1.54E-01	9.92E-01	-6.06E-05	6.13E-03	4.18E-04	
yidE~~~ybjL	8.52E-01	3.18E-06	9.88E-01	-8.10E-04	5.57E-02	6.15E-04	
group_12448	8.50E-01	5.71E-03	7.84E-01	2.46E-02	8.97E-02	1.16E-02	
group_11409	8.50E-01	3.42E-05	7.44E-01	1.98E-03	6.08E-03	1.38E-02	
spoVAD_2~~~spoVAD~~~spoVAD_1	8.50E-01	2.12E-02	9.90E-01	-7.85E-05	6.16E-03	5.40E-04	
group_11231	8.50E-01	9.96E-01	9.66E-01	3.30E-03	7.72E-02	1.81E-03	
hdpA~~~hdpA_1~~~hdpA_2	8.50E-01	6.49E-01	1.66E-01	8.54E-03	6.15E-03	5.86E-02	
trxB	8.50E-01	1.27E-03	8.71E-01	-7.89E-03	4.85E-02	6.89E-03	
ileS~~~ileS_1	8.50E-01	3.60E-01	9.67E-01	1.57E-04	3.78E-03	1.76E-03	
group_9466	8.50E-01	4.13E-07	7.56E-01	-1.72E-02	5.54E-02	1.32E-02	
group_9383	8.50E-01	3.34E-08	9.42E-01	3.92E-04	5.36E-03	3.09E-03	
group_11994	8.48E-01	3.75E-01	9.73E-01	1.69E-04	5.04E-03	1.41E-03	
group_11394	8.48E-01	7.14E-02	8.10E-01	-2.00E-02	8.35E-02	1.01E-02	
group_11190	8.48E-01	6.57E-03	9.78E-01	8.23E-05	2.98E-03	1.17E-03	
pyrE~~~pyrE_1~~~pyrE_2	8.48E-01	1.79E-01	9.75E-01	-9.13E-05	2.87E-03	1.35E-03	
pgi~~~pgiB~~~pgi_2~~~pgi_1	8.48E-01	2.80E-04	5.87E-01	-2.24E-02	4.12E-02	2.30E-02	
group_10568	8.48E-01	7.14E-02	9.99E-01	-9.45E-06	6.17E-03	6.48E-05	
group_10449	8.50E-01	1.69E-01	9.98E-01	-1.54E-05	6.15E-03	1.06E-04	
group_9983	8.48E-01	3.75E-01	8.53E-01	-7.10E-03	3.83E-02	7.85E-03	
group_9654	8.48E-01	5.56E-07	9.61E-01	-3.14E-03	6.47E-02	2.05E-03	
group_9118	8.48E-01	6.27E-01	9.97E-01	-2.16E-05	6.15E-03	1.49E-04	
group_8140	8.48E-01	6.27E-01	4.99E-01	3.86E-02	5.71E-02	2.86E-02	
ssnA_1~~~ssnA~~~dadD	8.48E-01	9.78E-01	9.72E-01	-1.89E-04	5.31E-03	1.51E-03	
clpB~~~clpB_2~~~clpB_1	8.47E-01	3.32E-01	1.00E+00	2.35E-07	2.61E-03	3.81E-06	
group_10863	8.47E-01	3.32E-01	9.65E-01	-2.26E-03	5.11E-02	1.87E-03	
mscL~~~mscL_2~~~mscL_1	8.47E-01	3.95E-01	9.62E-01	1.13E-04	2.37E-03	2.02E-03	
group_10035	8.47E-01	7.44E-07	9.93E-01	-5.62E-05	6.14E-03	3.87E-04	
group_9467	8.47E-01	6.06E-01	3.68E-01	-3.01E-02	3.35E-02	3.80E-02	
lpdG~~~lpd~~~lpdV~~~lpdG_2~~~sthA	8.45E-01	5.86E-01	7.97E-01	-1.58E-03	6.13E-03	1.09E-02	
group_12641	8.45E-01	9.89E-07	9.80E-01	-1.16E-04	4.61E-03	1.06E-03	
metP~~~metI	8.45E-01	8.98E-06	8.68E-01	-1.26E-02	7.57E-02	7.04E-03	
nahK_1~~~nahK~~~cmk_3~~~cmk_2~~~nahK_3~~~nahK_2~~~nahK_4	8.45E-01	8.53E-02	9.98E-01	8.95E-06	3.39E-03	1.12E-04	
cobT~~~cobT_1~~~cobT_2	8.45E-01	2.97E-02	9.19E-01	-7.22E-03	7.12E-02	4.29E-03	
group_11139	8.45E-01	1.47E-01	8.99E-01	-5.54E-04	4.38E-03	5.35E-03	
argG~~~argG_2~~~argG_1	8.45E-01	9.27E-01	1.15E-20	-3.44E-01	3.54E-02	3.80E-01	
der_1~~~feoB_3~~~feoB~~~der_2~~~feoB_2	8.45E-01	9.27E-01	9.70E-01	-1.07E-04	2.85E-03	1.59E-03	
group_10481	8.45E-01	3.18E-01	8.78E-01	-7.06E-04	4.58E-03	6.52E-03	
group_9852	8.45E-01	8.98E-06	9.61E-01	-2.71E-03	5.61E-02	2.04E-03	
group_12553	8.43E-01	9.79E-03	8.58E-01	1.13E-02	6.30E-02	7.58E-03	
group_11232	8.43E-01	9.40E-09	6.72E-02	7.32E-02	3.99E-02	7.73E-02	
group_10039	8.43E-01	1.31E-06	9.72E-01	9.96E-05	2.85E-03	1.48E-03	
group_12333	8.41E-01	4.58E-01	9.56E-01	2.18E-04	3.92E-03	2.35E-03	
hutI_1~~~hutI~~~ade_3~~~ade_2~~~hutI_2	8.41E-01	1.11E-02	8.03E-01	2.16E-02	8.68E-02	1.05E-02	
group_10293	8.41E-01	1.11E-02	9.99E-01	-1.17E-04	7.45E-02	6.64E-05	
htrA	8.41E-01	1.71E-06	9.53E-01	-2.41E-04	4.05E-03	2.52E-03	
pncA	8.41E-01	5.46E-01	9.80E-01	-9.22E-05	3.70E-03	1.05E-03	
rhaB_2~~~rhaB~~~rhaB_1	8.40E-01	4.05E-02	9.81E-01	-8.56E-04	3.54E-02	1.02E-03	
group_12583	8.40E-01	4.05E-02	9.97E-01	-1.59E-05	5.05E-03	1.33E-04	
rpoA_1~~~rpoA~~~rpoA_2	8.40E-01	2.48E-01	9.95E-01	9.35E-06	1.64E-03	2.41E-04	
group_10998	8.40E-01	8.52E-01	9.23E-01	3.19E-04	3.30E-03	4.10E-03	
group_10961	8.40E-01	1.25E-04	1.83E-02	1.08E-01	4.56E-02	9.96E-02	
nadE~~~nadE_2~~~nadE_1	8.40E-01	2.23E-06	9.99E-01	-2.53E-06	3.40E-03	3.15E-05	
trpB~~~trpB_2~~~trpB_1	8.38E-01	8.28E-01	9.84E-01	8.54E-05	4.36E-03	8.28E-04	
group_11152	8.38E-01	8.20E-01	9.59E-01	1.64E-04	3.17E-03	2.18E-03	
group_10747	8.38E-01	4.46E-02	9.98E-01	-1.68E-05	6.15E-03	1.15E-04	
group_10574	8.38E-01	8.20E-01	4.23E-01	3.00E-02	3.74E-02	3.39E-02	
group_9835	8.38E-01	1.18E-01	9.99E-01	-3.79E-06	2.74E-03	5.85E-05	
rbsC_10~~~rbsC_3~~~rbsC_2~~~rbsC_4~~~rbsC_1	8.36E-01	2.88E-05	9.33E-01	-5.22E-04	6.18E-03	3.57E-03	
group_11695	8.36E-01	3.54E-08	5.47E-01	3.70E-03	6.14E-03	2.55E-02	
group_11432	8.36E-01	1.27E-01	9.90E-01	-6.87E-05	5.35E-03	5.43E-04	
group_11150	8.36E-01	8.45E-01	9.52E-01	2.38E-04	3.92E-03	2.57E-03	
argI~~~argF~~~argF_1~~~argF_2	8.36E-01	8.45E-01	9.89E-01	-7.31E-05	5.33E-03	5.80E-04	
group_10531	8.36E-01	4.89E-01	8.20E-01	6.92E-04	3.04E-03	9.63E-03	
smc_1~~~smc_2~~~smc_6~~~smc_3	8.34E-01	1.78E-02	9.48E-01	3.79E-03	5.80E-02	2.76E-03	
group_9841	8.34E-01	5.39E-02	9.62E-01	-1.60E-04	3.39E-03	2.00E-03	
rlmB_2	8.34E-01	3.57E-05	9.78E-01	-1.27E-04	4.62E-03	1.17E-03	
group_11801	8.34E-01	7.81E-01	8.56E-01	7.09E-04	3.91E-03	7.67E-03	
yknY~~~ftsE_1~~~macB~~~btuD_6	8.32E-01	1.99E-02	9.49E-01	3.65E-03	5.66E-02	2.73E-03	
group_11252	8.32E-01	5.16E-09	1.06E-01	5.75E-02	3.55E-02	6.84E-02	
mepA_5~~~mepA_9~~~mepA_2~~~mepA_3~~~mepA_6~~~mepA_1~~~mepA_4~~~mepA_7	8.32E-01	6.07E-06	9.11E-01	5.95E-04	5.34E-03	4.72E-03	
rsxB_1~~~rsxB_2~~~rsxB_7	8.32E-01	7.58E-01	9.93E-01	-3.30E-05	3.76E-03	3.71E-04	
group_9472	8.32E-01	5.69E-01	9.65E-01	-1.92E-04	4.36E-03	1.86E-03	
rplC	8.32E-01	1.99E-02	9.63E-01	-9.22E-05	1.99E-03	1.96E-03	
add~~~add2	8.31E-01	9.21E-01	9.53E-01	3.15E-04	5.35E-03	2.49E-03	
group_11984	8.31E-01	9.06E-07	7.86E-01	-9.64E-03	3.55E-02	1.15E-02	
group_11809	8.31E-01	6.45E-03	9.21E-01	-6.12E-04	6.13E-03	4.22E-03	
ydjF~~~ydjF_2~~~ydjF_1~~~glcR	8.31E-01	7.69E-06	9.89E-01	-5.18E-05	3.91E-03	5.60E-04	
ssuB~~~cmpD~~~btuD_4~~~cmpC~~~nrtC~~~btuD_8~~~btuD_2	8.31E-01	6.45E-03	9.64E-01	-2.78E-04	6.18E-03	1.91E-03	
fpgS~~~murE_2	8.31E-01	7.69E-06	9.38E-01	-4.13E-04	5.33E-03	3.28E-03	
btuD_1~~~btuD_4~~~btuD_2~~~btuD_6~~~btuD_5	8.31E-01	6.45E-02	3.06E-01	-5.35E-03	5.22E-03	4.33E-02	
group_11286	8.31E-01	4.38E-01	9.40E-01	-2.69E-03	3.58E-02	3.18E-03	
group_10983	8.29E-01	7.03E-02	9.33E-01	-5.17E-04	6.11E-03	3.58E-03	
pfkA~~~pfkA_2~~~pfkA_1	8.29E-01	2.47E-02	9.87E-01	-4.35E-05	2.57E-03	7.16E-04	
murJ_1~~~mdtK_1~~~murJ_2~~~murJ_3~~~mdtK_2	8.27E-01	1.52E-06	9.12E-01	-5.91E-04	5.32E-03	4.70E-03	
group_10528	8.27E-01	8.30E-03	9.86E-01	-5.32E-05	3.10E-03	7.26E-04	
group_9955	8.27E-01	2.74E-02	7.19E-01	-1.58E-02	4.38E-02	1.52E-02	
ypbG	8.27E-01	2.06E-01	9.94E-01	-3.20E-05	4.37E-03	3.09E-04	
group_9781	8.27E-01	1.58E-07	9.87E-01	-9.68E-05	6.11E-03	6.71E-04	
tuf_2~~~tufA~~~tuf	8.25E-01	8.29E-02	9.46E-01	-1.55E-04	2.28E-03	2.89E-03	
rpsI_2~~~rpsI~~~rpsI_1	8.24E-01	2.06E-01	9.50E-01	-1.47E-04	2.33E-03	2.66E-03	
thyX~~~thyX_2~~~thyX_1	8.24E-01	2.81E-03	9.41E-01	2.28E-04	3.10E-03	3.11E-03	
group_9731	8.24E-01	2.49E-06	9.90E-01	-3.78E-05	2.98E-03	5.37E-04	
rplL	8.24E-01	2.06E-01	9.85E-01	-6.40E-05	3.38E-03	8.00E-04	
group_12006	8.22E-01	4.23E-01	9.30E-01	-2.63E-04	2.97E-03	3.74E-03	
group_11947	8.22E-01	3.23E-03	4.42E-01	-3.57E-02	4.64E-02	3.26E-02	
purA	8.22E-01	2.19E-01	9.89E-01	-5.82E-05	4.35E-03	5.66E-04	
group_11368	8.22E-01	4.23E-01	9.79E-01	-1.65E-04	6.18E-03	1.13E-03	
sgcG	8.22E-01	9.56E-01	4.77E-01	-2.29E-03	3.22E-03	3.01E-02	
rplD_2~~~rplD~~~rplD_1	8.22E-01	3.23E-03	9.81E-01	-4.32E-05	1.83E-03	9.99E-04	
tsf	8.22E-01	9.71E-02	8.51E-01	-9.96E-04	5.30E-03	7.95E-03	
group_10735	8.20E-01	1.05E-01	9.42E-01	-2.30E-04	3.15E-03	3.08E-03	
group_8094	8.20E-01	4.05E-02	9.87E-01	-6.73E-04	4.26E-02	6.69E-04	
rpsD_1~~~rpsD~~~rpsD_2	8.18E-01	1.13E-01	9.95E-01	9.36E-06	1.64E-03	2.41E-04	
dusB~~~dusB_1~~~dusB_2~~~dus	8.18E-01	6.08E-07	8.62E-01	4.99E-04	2.87E-03	7.36E-03	
trxA_1~~~trxA	8.18E-01	1.13E-01	9.53E-01	-1.55E-04	2.60E-03	2.52E-03	
iscS_2~~~iscS_1~~~iscS_3~~~iscS_4~~~iscS	8.18E-01	9.08E-01	9.66E-01	-1.71E-04	4.03E-03	1.79E-03	
group_10189	8.18E-01	1.64E-01	9.78E-01	-9.53E-05	3.39E-03	1.19E-03	
ftsH4_2~~~ftsH_2~~~ftsH_3~~~ftsH_1	8.18E-01	2.46E-01	9.82E-01	-6.69E-05	2.99E-03	9.46E-04	
group_7822	8.18E-01	1.01E-03	8.55E-01	7.98E-04	4.35E-03	7.75E-03	
dan_1~~~dan	8.18E-01	4.43E-02	9.66E-01	-2.30E-04	5.35E-03	1.82E-03	
kdgR~~~xynR~~~kipR~~~xynR_2~~~xynR_1	8.16E-01	1.65E-02	1.56E-01	5.70E-02	4.01E-02	6.00E-02	
rplW~~~rplW_1	8.16E-01	4.79E-03	9.81E-01	-4.32E-05	1.83E-03	9.99E-04	
odhB~~~acoC	8.15E-01	1.30E-01	4.96E-02	2.51E-01	1.28E-01	8.29E-02	
group_10141	8.15E-01	7.86E-06	9.93E-01	3.81E-05	4.37E-03	3.69E-04	
glyA~~~glyA_1	8.13E-01	1.39E-01	9.78E-01	-1.23E-04	4.37E-03	1.19E-03	
group_9930	8.13E-01	1.58E-03	1.84E-01	4.80E-02	3.61E-02	5.62E-02	
group_7434	8.13E-01	6.15E-03	9.66E-01	-1.73E-04	4.04E-03	1.81E-03	
lipA~~~lipA_2~~~lipA_1	8.11E-01	6.26E-02	1.79E-01	1.05E-01	7.80E-02	5.69E-02	
group_10643	8.11E-01	8.15E-01	9.78E-01	-1.22E-04	4.34E-03	1.19E-03	
group_12009	8.09E-01	1.59E-01	9.97E-01	-1.67E-05	4.06E-03	1.74E-04	
salA~~~apbC	8.09E-01	4.96E-01	1.70E-01	-6.84E-02	4.98E-02	5.80E-02	
lplJ~~~lplJ_1~~~lplJ_2~~~lplJ_3	8.09E-01	6.80E-02	1.27E-01	1.22E-01	7.98E-02	6.46E-02	
perR_1~~~perR~~~perR_2	8.09E-01	2.49E-02	8.40E-01	6.85E-04	3.38E-03	8.57E-03	
group_11334	8.07E-01	1.70E-01	9.90E-01	-4.97E-05	4.05E-03	5.19E-04	
rpsK_2~~~rpsK~~~rpsK_1	8.06E-01	1.81E-01	9.98E-01	-4.67E-06	1.64E-03	1.21E-04	
rbsA_1~~~rbsA_3~~~rbsA~~~mglA_5~~~rbsA_2~~~mglA_4~~~rbsA_4~~~mglA_3	8.06E-01	3.55E-01	9.81E-01	-1.28E-04	5.36E-03	1.01E-03	
group_7641	8.06E-01	6.11E-01	9.13E-01	-2.83E-04	2.58E-03	4.63E-03	
araA_2~~~araA_4~~~araA_5~~~araA_1~~~araA~~~araA_3	8.04E-01	1.54E-04	9.24E-01	-4.80E-04	5.01E-03	4.05E-03	
lplJ_2~~~lplJ~~~lplJ_1	8.04E-01	8.58E-02	9.38E-01	3.93E-04	5.08E-03	3.27E-03	
rplB	8.04E-01	7.49E-04	9.93E-01	-1.70E-05	1.83E-03	3.93E-04	
group_11336	8.02E-01	9.25E-02	9.50E-01	-2.54E-04	4.05E-03	2.64E-03	
group_11061	8.02E-01	7.08E-08	9.55E-01	1.50E-04	2.68E-03	2.37E-03	
lytB	8.02E-01	9.25E-02	9.55E-01	-3.01E-04	5.33E-03	2.39E-03	
dnaX~~~dnaX_2	8.02E-01	9.25E-02	9.05E-01	-3.19E-04	2.68E-03	5.04E-03	
pckA~~~pckA_1	8.02E-01	3.62E-02	8.65E-01	3.57E-04	2.10E-03	7.21E-03	
group_6591	8.02E-01	1.22E-02	5.83E-01	-1.38E-03	2.51E-03	2.32E-02	
dnaJ_1~~~dnaJ_3~~~dnaJ_2	8.00E-01	4.08E-01	9.86E-01	-7.47E-05	4.37E-03	7.24E-04	
ytrB_1~~~yxlF~~~nosF~~~ecsA_2	8.02E-01	2.30E-01	9.72E-01	1.07E-04	3.09E-03	1.46E-03	
group_9727	8.00E-01	1.00E-03	4.61E-01	-1.49E-02	2.02E-02	3.12E-02	
fucI_6~~~fucI~~~fucI_1~~~fucI_3~~~fucI_5~~~fucI_2~~~fucI_7	7.99E-01	4.27E-01	9.81E-01	-7.64E-05	3.15E-03	1.02E-03	
group_10307	7.99E-01	4.51E-03	8.43E-01	8.00E-04	4.03E-03	8.38E-03	
btuD_1~~~btuD_4~~~btuD_2~~~ecfA1_2~~~btuD_5~~~btuD_3~~~ykoD_1~~~ykoD~~~btuD_7~~~btuD_6~~~btuD_9~~~ecfA1_1	7.97E-01	5.69E-05	8.71E-01	-9.71E-04	5.96E-03	6.89E-03	
group_10708	7.97E-01	5.69E-05	9.28E-01	-6.87E-03	7.58E-02	3.83E-03	
group_10265	7.97E-01	1.55E-08	9.29E-01	2.19E-04	2.46E-03	3.77E-03	
group_11125	7.95E-01	4.64E-01	9.74E-01	1.18E-04	3.67E-03	1.36E-03	
ytrA~~~ytrA_1~~~ytrA_2	7.97E-01	2.02E-01	9.70E-01	1.15E-04	3.08E-03	1.57E-03	
adk_1~~~adk_3~~~adk	7.93E-01	2.03E-02	9.74E-01	-5.24E-05	1.61E-03	1.38E-03	
group_10237	7.93E-01	7.68E-01	9.94E-01	-2.40E-05	3.17E-03	3.21E-04	
group_7457	7.93E-01	2.02E-06	9.83E-01	5.07E-05	2.31E-03	9.28E-04	
group_9413	7.91E-01	4.72E-04	9.85E-01	1.05E-03	5.73E-02	7.78E-04	
cdaR~~~cdaR_2~~~pucR	7.91E-01	7.91E-01	9.95E-01	-1.85E-05	3.05E-03	2.56E-04	
galE~~~lnpD~~~lnpD_2	7.90E-01	2.45E-02	9.19E-01	-2.64E-04	2.59E-03	4.31E-03	
fmt	7.90E-01	8.01E-03	9.84E-01	-1.71E-03	8.58E-02	8.41E-04	
group_11086	7.90E-01	4.04E-07	9.90E-01	3.26E-05	2.67E-03	5.17E-04	
rpsS_1	7.90E-01	2.26E-03	9.86E-01	-3.18E-05	1.83E-03	7.36E-04	
def~~~def1~~~def_1	7.88E-01	8.93E-03	9.84E-01	-1.71E-03	8.33E-02	8.70E-04	
ackA_1~~~ackA_2~~~ackA_3	7.88E-01	5.43E-01	9.69E-01	-1.54E-04	3.91E-03	1.67E-03	
selD~~~selD_1~~~selD_2	7.88E-01	3.13E-01	9.49E-01	-2.09E-04	3.24E-03	2.73E-03	
artM_3~~~glnQ_1~~~glnQ_2	7.88E-01	2.56E-03	8.38E-01	-1.09E-03	5.30E-03	8.67E-03	
ywpJ~~~ycsE_2~~~ywpJ_1~~~ycsE~~~ycsE_1~~~cof~~~yidA_2~~~yidA_1	7.88E-01	2.69E-02	9.68E-01	-2.50E-04	6.19E-03	1.71E-03	
group_10108	7.88E-01	5.82E-08	9.54E-01	1.54E-04	2.68E-03	2.43E-03	
group_9625	7.88E-01	8.93E-03	9.99E-01	7.93E-05	7.92E-02	4.23E-05	
pcrA~~~pcrA_2~~~pcrA_1~~~pcrA_3	7.86E-01	2.93E-05	9.35E-01	4.58E-03	5.60E-02	3.46E-03	
group_12301	7.86E-01	1.68E-01	8.95E-01	-3.05E-04	2.31E-03	5.59E-03	
mepA_5~~~mepA_6~~~mepA_7~~~mepA_2~~~mepA_4~~~mepA_3	7.86E-01	2.94E-02	7.58E-01	1.18E-02	3.82E-02	1.30E-02	
group_10861	7.86E-01	2.90E-03	9.97E-01	-1.95E-05	6.19E-03	1.33E-04	
group_8203	7.86E-01	3.28E-01	9.38E-01	-1.75E-04	2.24E-03	3.31E-03	
mntR~~~mntR_1~~~mntR_2	7.84E-01	5.72E-06	8.88E-01	7.45E-04	5.28E-03	5.97E-03	
dxr~~~dxr_2	7.84E-01	3.27E-03	9.69E-01	3.60E-03	9.37E-02	1.62E-03	
asrA~~~asrA_1	7.84E-01	1.10E-02	9.73E-01	-1.37E-03	4.00E-02	1.45E-03	
group_7833	7.84E-01	8.38E-04	8.06E-01	1.26E-02	5.13E-02	1.04E-02	
rpsM_3~~~rpsM_2~~~rpsM~~~rpsM_1	7.83E-01	8.71E-02	9.74E-01	-5.10E-05	1.54E-03	1.40E-03	
ecfT_2~~~ecfT_3~~~ecfT_4~~~ecfT_1	7.83E-01	8.71E-02	9.77E-01	-8.13E-05	2.85E-03	1.21E-03	
group_11272	7.83E-01	8.71E-02	9.99E-01	-3.61E-06	3.23E-03	4.72E-05	
glgE~~~malL_2~~~amyB	7.83E-01	3.50E-02	8.77E-01	9.58E-04	6.18E-03	6.56E-03	
group_6075	7.83E-01	3.69E-03	9.23E-01	-1.21E-02	1.25E-01	4.08E-03	
dlaT~~~pdhC~~~aceF	7.83E-01	6.05E-01	9.83E-01	5.38E-05	2.46E-03	9.25E-04	
rpmJ	7.81E-01	9.35E-02	9.74E-01	-5.24E-05	1.58E-03	1.40E-03	
pknD_2~~~pknD	7.81E-01	1.35E-02	9.66E-01	-2.24E-04	5.32E-03	1.78E-03	
rplV	7.81E-01	4.14E-03	9.83E-01	-3.93E-05	1.83E-03	9.10E-04	
infA~~~infA_1	7.79E-01	1.00E-01	9.73E-01	-5.40E-05	1.58E-03	1.44E-03	
metG_1~~~epmA~~~aspS_1~~~lysS~~~metG_2~~~aspS~~~aspS_2	7.81E-01	3.77E-01	9.56E-01	1.31E-04	2.36E-03	2.34E-03	
yfiH~~~rl5	7.77E-01	1.43E-03	8.91E-01	6.91E-03	5.05E-02	5.79E-03	
group_6930	7.77E-01	5.20E-03	9.35E-01	-4.39E-04	5.35E-03	3.47E-03	
rplP	7.77E-01	5.20E-03	9.86E-01	3.24E-05	1.91E-03	7.16E-04	
group_11342	7.75E-01	2.36E-01	9.98E-01	-8.00E-06	4.06E-03	8.34E-05	
group_7861	7.75E-01	1.62E-03	9.99E-01	3.52E-06	4.37E-03	3.41E-05	
gph_2~~~gph_1~~~gph	7.75E-01	3.93E-04	9.72E-01	1.64E-03	4.75E-02	1.46E-03	
group_12613	7.74E-01	2.83E-06	9.32E-01	-2.45E-04	2.85E-03	3.63E-03	
rluB_2~~~rluB~~~rluB_1	7.74E-01	1.84E-03	9.60E-01	-3.38E-03	6.81E-02	2.10E-03	
group_9842	7.74E-01	6.47E-03	9.72E-01	-1.91E-04	5.35E-03	1.51E-03	
group_9392	7.74E-01	1.78E-05	8.57E-01	1.11E-03	6.16E-03	7.64E-03	
minD~~~minD_1	7.74E-01	6.47E-03	1.00E+00	-2.66E-06	4.38E-03	2.57E-05	
group_11683	7.72E-01	5.67E-02	7.17E-01	1.57E-02	4.33E-02	1.53E-02	
cadA_2~~~cadA~~~cadA_1	7.72E-01	2.17E-02	1.00E+00	-2.31E-06	4.05E-03	2.41E-05	
pepD	7.72E-01	2.08E-03	7.99E-01	-1.71E-02	6.72E-02	1.08E-02	
group_11049	7.72E-01	2.08E-03	7.82E-01	-1.14E-02	4.12E-02	1.17E-02	
GFM1~~~GFM1_2~~~yacP	7.72E-01	2.08E-03	9.33E-01	-4.47E-04	5.35E-03	3.53E-03	
group_10705	7.72E-01	2.08E-03	9.54E-01	-2.71E-03	4.66E-02	2.46E-03	
metR~~~oxyR	7.72E-01	3.45E-06	9.84E-01	-1.03E-04	5.27E-03	8.25E-04	
group_8204	7.72E-01	2.08E-03	9.38E-01	-1.74E-04	2.24E-03	3.28E-03	
group_6681	7.74E-01	4.20E-01	7.35E-01	-1.47E-03	4.34E-03	1.43E-02	
arlR~~~mprA	7.70E-01	5.99E-04	9.96E-01	-2.94E-05	6.15E-03	2.03E-04	
group_10206	7.70E-01	1.32E-04	9.87E-01	7.13E-05	4.36E-03	6.91E-04	
rpmD_1~~~rpmD	7.68E-01	6.58E-02	9.59E-01	-8.37E-05	1.61E-03	2.20E-03	
group_11067	7.68E-01	2.65E-03	9.90E-01	5.39E-05	4.37E-03	5.22E-04	
group_10400	7.68E-01	1.54E-04	9.80E-01	-1.59E-04	6.19E-03	1.09E-03	
mglA_5~~~mglA_4~~~mglA_1~~~rbsA_1~~~rbsA_3~~~xylG	7.68E-01	3.01E-05	1.00E+00	3.92E-07	5.02E-03	3.30E-06	
group_8885	7.68E-01	3.01E-05	9.89E-01	-8.39E-05	6.18E-03	5.74E-04	
rpsC	7.68E-01	8.86E-03	9.88E-01	2.65E-05	1.80E-03	6.24E-04	
rps1~~~rpsA	7.66E-01	2.97E-03	9.14E-01	3.33E-04	3.09E-03	4.56E-03	
cmk_2~~~cmk_1~~~cmk_3	7.66E-01	3.83E-02	8.11E-01	-1.05E-03	4.37E-03	1.01E-02	
group_10972	7.65E-01	3.33E-03	9.96E-01	-2.96E-05	6.16E-03	2.03E-04	
drdA~~~drdA_2~~~fucA	7.65E-01	1.65E-01	9.83E-01	-7.42E-05	3.57E-03	8.80E-04	
whiA~~~whiA_1~~~whiA_2	7.65E-01	3.33E-03	6.23E-01	3.02E-03	6.15E-03	2.08E-02	
rlmI~~~rlmI_2	7.63E-01	1.19E-02	9.72E-01	-1.55E-04	4.37E-03	1.50E-03	
nnr~~~CARKD	7.63E-01	1.02E-03	9.98E-01	-1.20E-05	3.91E-03	1.30E-04	
group_11218	7.63E-01	1.87E-10	9.39E-01	4.10E-04	5.37E-03	3.23E-03	
nrnA~~~nrnA_2	7.61E-01	3.61E-02	9.92E-01	-4.62E-05	4.36E-03	4.48E-04	
tig_1~~~tig_2~~~tig_3	7.61E-01	3.61E-02	9.13E-01	-4.40E-04	4.04E-03	4.61E-03	
group_9854	7.61E-01	1.15E-03	9.90E-01	-6.41E-05	5.35E-03	5.06E-04	
group_9486	7.61E-01	2.29E-07	4.25E-01	-7.31E-02	9.17E-02	3.37E-02	
group_11214	7.59E-01	6.84E-05	2.17E-14	1.96E-01	2.49E-02	3.15E-01	
group_11122	7.59E-01	1.95E-01	9.74E-01	1.50E-03	4.61E-02	1.37E-03	
capA	7.59E-01	3.45E-08	6.11E-01	-4.48E-02	8.82E-02	2.15E-02	
rpsZ	7.58E-01	1.58E-02	9.85E-01	3.23E-05	1.73E-03	7.90E-04	
group_11489	7.58E-01	4.35E-08	9.70E-01	-2.30E-04	6.14E-03	1.58E-03	
spoIIQ	7.58E-01	3.52E-07	7.85E-01	-1.12E-02	4.09E-02	1.16E-02	
pchR~~~rhaS~~~rhaS_5~~~rhaR_3~~~rhaR_4~~~rhaR_1~~~rhaR_2~~~rhaR_10~~~rhaR_5	7.58E-01	3.52E-07	9.97E-01	-1.96E-05	5.35E-03	1.55E-04	
group_9211	7.58E-01	5.17E-03	2.99E-01	-4.01E-03	3.86E-03	4.39E-02	
group_7103	7.58E-01	8.00E-05	5.49E-01	-3.81E-02	6.36E-02	2.53E-02	
rpsE_1~~~rpsE	7.56E-01	1.73E-02	9.60E-01	-7.84E-05	1.56E-03	2.13E-03	
group_9976	7.56E-01	4.68E-11	9.99E-01	-3.71E-06	4.37E-03	3.59E-05	
rplE	7.56E-01	1.73E-02	9.69E-01	7.18E-05	1.83E-03	1.66E-03	
rpmC	7.56E-01	1.73E-02	9.91E-01	-2.04E-05	1.75E-03	4.93E-04	
rplN	7.56E-01	1.73E-02	9.98E-01	4.85E-06	1.83E-03	1.12E-04	
group_12335	7.54E-01	1.44E-01	8.94E-01	3.24E-04	2.43E-03	5.62E-03	
nfo	7.54E-01	1.89E-02	9.18E-01	-4.12E-03	3.99E-02	4.37E-03	
prsW~~~prsW_1~~~prsW_2	7.54E-01	6.87E-08	8.51E-01	-1.15E-03	6.15E-03	7.94E-03	
infB	7.52E-01	4.27E-01	9.97E-01	-1.23E-05	2.92E-03	1.78E-04	
aroC~~~aroA~~~aroA_1~~~aroA1~~~aroA_2	7.52E-01	4.27E-01	9.86E-01	-1.95E-03	1.08E-01	7.66E-04	
spoVB~~~murJ_3~~~murJ~~~murJ_5~~~murJ_1	7.52E-01	4.27E-01	9.76E-01	-4.73E-03	1.59E-01	1.26E-03	
group_9877	7.52E-01	5.52E-04	9.86E-01	-7.73E-05	4.38E-03	7.46E-04	
sfrB_2~~~sfrB~~~gltD_2~~~sfrB_1	7.50E-01	3.21E-14	9.50E-01	1.30E-04	2.06E-03	2.68E-03	
tcyB~~~artQ~~~artQ_2~~~yecS	7.50E-01	7.80E-03	9.95E-01	-2.24E-05	3.31E-03	2.86E-04	
rplX	7.50E-01	5.71E-02	9.92E-01	-1.86E-05	1.75E-03	4.49E-04	
group_12489	7.49E-01	4.62E-01	8.67E-01	-1.17E-02	7.00E-02	7.08E-03	
rpsH	7.49E-01	2.65E-03	9.98E-01	-3.25E-06	1.66E-03	8.27E-05	
oppF_3~~~oppD_4~~~btuD_4~~~oppF_2~~~btuD_3	7.49E-01	6.23E-06	8.63E-01	9.24E-04	5.36E-03	7.29E-03	
group_12615	7.45E-01	8.83E-06	9.47E-01	2.89E-04	4.35E-03	2.80E-03	
group_11027	7.45E-01	9.18E-04	7.78E-01	2.86E-01	1.01E+00	1.20E-02	
blaI_1~~~mecI~~~copY	7.45E-01	7.05E-02	8.11E-01	9.27E-04	3.87E-03	1.01E-02	
group_9665	7.45E-01	3.30E-03	8.95E-01	-6.70E-03	5.06E-02	5.60E-03	
group_9576	7.45E-01	2.50E-08	9.98E-01	1.21E-05	6.19E-03	8.23E-05	
dacF_1~~~dacF_2~~~dacF	7.45E-01	1.52E-01	9.89E-01	-7.27E-05	5.30E-03	5.80E-04	
yggP~~~yggP_2~~~yggP_1	7.45E-01	9.41E-01	1.00E+00	2.69E-07	2.91E-03	3.91E-06	
ndhM~~~mop~~~pucD_1~~~mop_2~~~pucD	7.43E-01	5.15E-01	8.02E-01	-9.01E-03	3.58E-02	1.06E-02	
sasA_1~~~sasA_2~~~sasA_4~~~sasA_6~~~sasA_3~~~sasA_11~~~sasA_8~~~sasA_5	7.43E-01	3.05E-01	9.88E-01	-1.42E-03	9.09E-02	6.61E-04	
group_11258	7.43E-01	3.13E-02	9.91E-01	-3.05E-05	2.72E-03	4.74E-04	
tycC~~~ppsC~~~dltA~~~srfAB~~~dltA_2	7.43E-01	1.04E-03	9.47E-01	1.68E-02	2.50E-01	2.84E-03	
acoB~~~dxs_3~~~dxs_2~~~dxs_1	7.43E-01	3.05E-01	9.08E-01	2.65E-04	2.29E-03	4.91E-03	
gltB_1~~~gltB_2~~~gltB~~~gltA_1~~~gltB_3~~~gltA_2	7.42E-01	3.19E-01	9.92E-01	-3.08E-05	2.98E-03	4.38E-04	
group_11463	7.42E-01	5.34E-01	9.77E-01	-1.47E-03	5.07E-02	1.23E-03	
lhgD~~~lhgD_2	7.42E-01	8.07E-02	9.31E-01	6.44E-03	7.48E-02	3.65E-03	
dltC	7.42E-01	1.17E-03	9.93E-01	-1.35E-03	1.60E-01	3.56E-04	
group_10080	7.42E-01	1.17E-03	9.67E-01	1.03E-02	2.47E-01	1.76E-03	
mtaB~~~mtaB_2~~~mtaB_1~~~miaB_2	7.42E-01	1.70E-01	9.64E-01	-2.70E-04	6.03E-03	1.89E-03	
rplF	7.42E-01	1.25E-02	9.87E-01	-2.66E-05	1.61E-03	6.99E-04	
queA_2~~~queA~~~queA_1	7.42E-01	6.45E-05	9.67E-01	1.79E-04	4.36E-03	1.73E-03	
sigG~~~sigG_1~~~sigG_2	7.42E-01	1.17E-03	9.90E-01	5.92E-04	4.75E-02	5.27E-04	
rluC~~~rluC_1~~~rluC_2	7.42E-01	5.34E-01	3.71E-01	-4.38E-02	4.90E-02	3.78E-02	
group_6444	7.43E-01	1.05E-05	9.04E-01	4.59E-04	3.80E-03	5.11E-03	
oppD_1~~~oppD~~~dppD	7.43E-01	1.05E-05	8.66E-01	9.04E-04	5.34E-03	7.15E-03	
group_12557	7.40E-01	3.36E-04	8.46E-01	-1.16E-03	5.99E-03	8.22E-03	
pgaB	7.40E-01	1.32E-03	9.55E-01	-2.63E-03	4.70E-02	2.37E-03	
group_9694	7.40E-01	3.36E-04	9.50E-01	1.98E-04	3.17E-03	2.64E-03	
baiN_1~~~baiN_2~~~baiN	7.40E-01	8.61E-02	9.22E-01	-3.33E-04	3.40E-03	4.15E-03	
trpS	7.40E-01	1.37E-02	8.92E-01	6.23E-04	4.56E-03	5.77E-03	
gcdB~~~gcdB_1~~~gcdB_2~~~oadB	7.38E-01	3.83E-04	3.31E-01	3.29E-02	3.38E-02	4.11E-02	
aroE_1~~~aroE~~~aroE_2~~~aroK	7.38E-01	8.47E-01	9.54E-01	-5.69E-03	9.80E-02	2.46E-03	
group_11047	7.38E-01	5.71E-01	9.71E-01	-1.63E-03	4.45E-02	1.55E-03	
group_8131	7.38E-01	1.48E-03	9.92E-01	-1.76E-03	1.66E-01	4.48E-04	
murF~~~murF_1~~~murF_2	7.38E-01	1.48E-03	9.92E-01	-1.76E-03	1.66E-01	4.48E-04	
ftsW_1~~~ftsW_2	7.38E-01	1.48E-03	9.86E-01	6.49E-03	3.73E-01	7.36E-04	
ttcA~~~ttcA_2~~~ttcA_1	7.38E-01	1.73E-05	9.73E-01	1.14E-04	3.38E-03	1.43E-03	
mepH~~~mepS	7.36E-01	1.99E-01	9.70E-01	-8.39E-03	2.21E-01	1.61E-03	
rplR	7.36E-01	1.64E-02	9.47E-01	-1.07E-04	1.61E-03	2.82E-03	
ftsL_1	7.36E-01	1.66E-03	9.80E-01	-3.99E-03	1.59E-01	1.06E-03	
group_12416	7.34E-01	4.95E-04	9.73E-01	-1.27E-04	3.70E-03	1.46E-03	
group_11775	7.34E-01	3.77E-01	7.31E-01	-1.77E-02	5.14E-02	1.46E-02	
group_11571	7.34E-01	6.09E-01	1.45E-01	-7.27E-02	4.98E-02	6.16E-02	
cbh	7.34E-01	1.16E-04	9.94E-01	2.49E-05	3.24E-03	3.25E-04	
group_10870	7.34E-01	1.86E-03	9.93E-01	2.40E-05	2.82E-03	3.60E-04	
group_10258	7.34E-01	1.86E-03	9.91E-01	-7.68E-04	6.51E-02	4.99E-04	
group_9774	7.34E-01	4.95E-04	9.24E-01	-4.43E-03	4.67E-02	4.02E-03	
group_8115	7.34E-01	1.86E-03	9.84E-01	-2.58E-03	1.27E-01	8.62E-04	
group_11988	7.33E-01	2.78E-05	9.98E-01	1.59E-05	6.14E-03	1.09E-04	
group_11602	7.33E-01	2.78E-05	9.91E-01	-6.99E-05	6.14E-03	4.82E-04	
citF~~~citF_1~~~citF_2	7.33E-01	2.78E-05	9.99E-01	-5.37E-06	6.14E-03	3.70E-05	
ydfK~~~ydfK_2~~~ydfK_1	7.33E-01	2.21E-01	9.99E-01	-3.71E-06	4.64E-03	3.38E-05	
group_11170	7.33E-01	2.78E-05	9.99E-01	-5.37E-06	6.14E-03	3.70E-05	
group_10939	7.33E-01	6.29E-01	6.62E-01	-4.80E-02	1.10E-01	1.85E-02	
mdtK_4~~~norM~~~mdtK~~~yeeO_1~~~yeeO~~~mdtK_1~~~yeeO_2~~~mdtK_3	7.33E-01	1.11E-01	1.65E-01	8.90E-02	6.40E-02	5.87E-02	
hslO~~~hslO_2	7.33E-01	2.08E-03	9.94E-01	-4.03E-04	5.50E-02	3.10E-04	
group_10595	7.33E-01	6.29E-01	9.96E-01	-2.48E-05	5.37E-03	1.96E-04	
group_10010	7.33E-01	5.62E-04	9.80E-01	1.12E-03	4.46E-02	1.06E-03	
oppC_2~~~oppC~~~gsiD	7.34E-01	2.38E-05	8.68E-01	8.85E-04	5.34E-03	7.01E-03	
glmE	7.31E-01	3.24E-05	9.98E-01	1.40E-05	6.14E-03	9.64E-05	
fumA	7.31E-01	3.24E-05	9.98E-01	1.58E-05	6.14E-03	1.09E-04	
ttdA~~~ttdA_2	7.31E-01	3.24E-05	9.98E-01	1.57E-05	6.14E-03	1.08E-04	
group_10860	7.31E-01	4.09E-01	2.16E-02	-2.03E-01	8.83E-02	9.70E-02	
group_10839	7.31E-01	1.17E-01	9.89E-01	-6.61E-04	4.93E-02	5.68E-04	
group_10229	7.31E-01	2.32E-03	9.97E-01	-2.41E-05	6.18E-03	1.64E-04	
group_9938	7.31E-01	6.48E-01	9.93E-01	-4.52E-05	5.36E-03	3.56E-04	
group_8725	7.31E-01	6.36E-04	9.97E-01	2.52E-04	6.16E-02	1.73E-04	
group_11751	7.29E-01	1.24E-01	9.61E-01	-2.37E-03	4.88E-02	2.06E-03	
group_11173	7.29E-01	4.25E-01	9.44E-01	-4.33E-04	6.17E-03	2.97E-03	
group_11043	7.29E-01	3.78E-05	9.78E-01	-1.72E-04	6.14E-03	1.18E-03	
group_9613	7.29E-01	2.59E-03	9.88E-01	3.81E-03	2.45E-01	6.57E-04	
dppB~~~dppB_3~~~dppB_1~~~gsiC	7.31E-01	6.03E-06	8.04E-01	1.32E-03	5.33E-03	1.05E-02	
arnE	7.27E-01	6.07E-02	8.84E-01	8.82E-04	6.07E-03	6.15E-03	
group_11431	7.27E-01	2.55E-01	9.98E-01	1.10E-05	5.35E-03	8.69E-05	
group_11208	7.27E-01	4.41E-01	9.91E-01	5.88E-05	5.34E-03	4.65E-04	
nadD_1~~~coaD_2~~~nadD_2	7.27E-01	4.41E-01	9.71E-01	2.19E-03	5.99E-02	1.55E-03	
group_10369	7.27E-01	2.01E-04	9.92E-01	-9.17E-04	9.46E-02	4.10E-04	
group_10096	7.27E-01	6.88E-01	9.92E-01	-2.96E-05	2.82E-03	4.44E-04	
pbpA~~~mrdA_1~~~pbpI~~~mrdA_2	7.27E-01	2.88E-03	9.81E-01	1.03E-04	4.38E-03	9.96E-04	
group_5894	7.27E-01	2.88E-03	9.91E-01	-3.22E-05	2.98E-03	4.57E-04	
putP~~~putP_3~~~putP_1~~~putP_2	7.25E-01	3.19E-03	9.97E-01	-1.78E-05	4.07E-03	1.85E-04	
rbr1_2~~~rbr1~~~rbr1_1~~~rbr	7.25E-01	1.39E-01	9.75E-01	-1.69E-04	5.30E-03	1.35E-03	
group_11379	7.25E-01	4.58E-01	9.75E-01	-1.45E-03	4.54E-02	1.35E-03	
paaK	7.25E-01	4.58E-01	9.75E-01	-1.45E-03	4.54E-02	1.35E-03	
pyrG	7.25E-01	7.08E-01	9.56E-01	-2.94E-04	5.35E-03	2.33E-03	
group_10856	7.25E-01	4.58E-01	9.75E-01	-1.45E-03	4.54E-02	1.35E-03	
group_10423	7.25E-01	4.58E-01	3.10E-01	-6.56E-02	6.45E-02	4.30E-02	
sasA_6~~~sasA_2~~~tcrY~~~srrB~~~sasA_8~~~sasA_7~~~sasA_4~~~sasA_3	7.25E-01	9.13E-04	2.23E-01	-5.19E-02	4.25E-02	5.16E-02	
agaA~~~agaA_2~~~agaA_3~~~agaA_1	7.25E-01	1.39E-01	9.97E-01	2.61E-05	6.17E-03	1.79E-04	
serS	7.25E-01	7.08E-01	9.85E-01	-5.45E-05	2.98E-03	7.74E-04	
group_9308	7.25E-01	2.30E-04	9.97E-10	3.05E-01	4.91E-02	2.54E-01	
murB	7.25E-01	2.69E-02	9.84E-01	7.03E-05	3.56E-03	8.34E-04	
recG	7.25E-01	9.13E-04	8.21E-01	-7.10E-03	3.14E-02	9.56E-03	
lcfB_2~~~lcfB_1~~~caiC~~~lcfB_3~~~menE~~~lcfB	7.24E-01	4.75E-01	9.76E-01	-1.32E-03	4.32E-02	1.29E-03	
group_11465	7.24E-01	1.47E-01	7.76E-01	-1.39E-02	4.88E-02	1.20E-02	
alr1_2~~~alr1_1~~~alr	7.25E-01	4.58E-01	9.37E-01	-3.64E-03	4.56E-02	3.37E-03	
recJ	7.24E-01	3.54E-03	9.56E-01	-4.43E-03	8.02E-02	2.34E-03	
group_9503	7.24E-01	2.79E-01	9.97E-01	1.59E-05	4.62E-03	1.46E-04	
group_9175	7.24E-01	1.03E-03	9.33E-01	-4.77E-03	5.64E-02	3.58E-03	
mraY~~~mraY_1~~~mraY_2	7.24E-01	3.54E-03	9.50E-01	-2.36E-02	3.79E-01	2.64E-03	
ettA_1~~~btuD_1~~~btuD_3~~~ettA_2~~~btuD_10~~~btuD_8~~~btuD_2	7.24E-01	1.03E-03	6.78E-01	-3.74E-02	9.00E-02	1.76E-02	
group_12337	7.22E-01	1.15E-03	1.00E+00	-1.10E-06	4.75E-02	9.79E-07	
group_12296	7.22E-01	1.15E-03	8.50E-01	-3.35E-02	1.78E-01	7.98E-03	
group_11713	7.22E-01	3.92E-03	9.85E-01	-8.52E-04	4.68E-02	7.71E-04	
group_11525	7.22E-01	4.92E-01	9.18E-01	3.07E-04	2.98E-03	4.35E-03	
group_11250	7.22E-01	4.92E-01	9.92E-01	-5.84E-05	6.14E-03	4.02E-04	
cutD~~~hpdA~~~fucK~~~araB_2~~~glpK_1~~~xylB_4~~~lsrK~~~cutD_1~~~csdA	7.22E-01	6.80E-05	8.84E-01	9.08E-04	6.20E-03	6.20E-03	
group_9780	7.22E-01	6.80E-05	9.51E-01	-2.08E-04	3.38E-03	2.60E-03	
group_7860	7.24E-01	1.17E-05	8.10E-01	1.28E-03	5.31E-03	1.02E-02	
ptsI_2~~~ptsI~~~ptsI_1	7.22E-01	2.98E-04	3.24E-01	8.69E-01	8.81E-01	4.17E-02	
ntpJ~~~ktrB	7.22E-01	1.15E-03	8.34E-01	-2.02E-02	9.63E-02	8.86E-03	
group_7631	7.22E-01	1.15E-03	8.22E-01	-4.72E-02	2.10E-01	9.51E-03	
dhaL	7.22E-01	2.98E-04	3.24E-01	8.69E-01	8.81E-01	4.17E-02	
group_6459	7.22E-01	1.15E-03	1.00E+00	5.01E-07	5.03E-02	4.21E-07	
dhaM	7.22E-01	2.98E-04	3.24E-01	8.69E-01	8.81E-01	4.17E-02	
mraZ	7.22E-01	1.15E-03	9.85E-01	-3.09E-03	1.67E-01	7.82E-04	
group_2725	7.22E-01	2.98E-04	9.69E-01	7.63E-03	1.97E-01	1.64E-03	
ntpA_1~~~ntpA~~~ntpA_2~~~atpA_2~~~atpA	7.20E-01	3.39E-04	4.56E-02	1.76E-01	8.77E-02	8.44E-02	
group_11178	7.20E-01	3.05E-01	9.14E-01	5.77E-04	5.34E-03	4.57E-03	
cutC_2~~~pflD~~~cutC_1	7.20E-01	7.84E-05	8.84E-01	9.09E-04	6.20E-03	6.20E-03	
dinB~~~dinB_2~~~dinB_3~~~dinB_1	7.20E-01	4.33E-03	3.08E-01	-4.10E-02	4.02E-02	4.31E-02	
xanQ~~~xanQ_2	7.22E-01	1.56E-01	6.80E-01	-1.10E-02	2.66E-02	1.75E-02	
group_9093	7.20E-01	1.29E-03	9.53E-01	3.72E-03	6.35E-02	2.48E-03	
group_8126	7.20E-01	1.29E-03	9.98E-01	-1.64E-05	5.38E-03	1.29E-04	
group_7531	7.20E-01	1.29E-03	9.82E-01	-2.59E-03	1.15E-01	9.57E-04	
clpB_2~~~clpC~~~clpC_2~~~clpC_3~~~clpC_1~~~clpC1~~~clpB_1~~~clpE_2~~~clpE_1~~~clpB~~~clpB_3	7.20E-01	1.29E-03	9.40E-01	-8.75E-03	1.16E-01	3.18E-03	
fldZ_1~~~fldZ_3~~~fldZ~~~fldZ_2	7.20E-01	1.29E-03	4.31E-02	-3.29E-01	1.62E-01	8.54E-02	
dhaK~~~dhaK2	7.20E-01	3.39E-04	9.95E-01	4.18E-05	6.21E-03	2.85E-04	
rssB~~~rhaR_3~~~rhaR_4~~~rhaR_1~~~rhaR_11~~~rhaR_9~~~rhaR_5~~~rhaR_6~~~rhaR_10~~~rhaR_8~~~rhaR_2	7.20E-01	1.29E-03	9.82E-01	-2.59E-03	1.15E-01	9.57E-04	
ntpK	7.20E-01	3.39E-04	6.57E-04	5.08E-01	1.48E-01	1.43E-01	
group_11405	7.18E-01	1.44E-03	2.84E-01	4.50E-02	4.19E-02	4.53E-02	
ctpE~~~ctpE_2~~~kdpB~~~ctpE_1	7.18E-01	1.44E-03	9.34E-01	-6.54E-03	7.90E-02	3.50E-03	
pyk	7.18E-01	3.84E-04	4.83E-01	-3.24E-02	4.62E-02	2.96E-02	
group_10144	7.18E-01	1.44E-03	8.75E-01	-9.32E-03	5.91E-02	6.68E-03	
group_9779	7.18E-01	3.84E-04	9.35E-01	7.08E-03	8.74E-02	3.43E-03	
blaI_1~~~blaI_2	7.18E-01	1.87E-05	3.76E-01	2.68E-02	3.03E-02	3.74E-02	
mecI_2	7.20E-01	1.29E-03	1.96E-01	-1.10E-01	8.51E-02	5.46E-02	
group_8868	7.20E-01	1.29E-03	1.48E-01	-1.37E-01	9.43E-02	6.12E-02	
rimI	7.18E-01	1.44E-03	6.25E-01	-5.40E-02	1.11E-01	2.07E-02	
ntpD	7.18E-01	3.84E-04	3.00E-03	3.97E-01	1.33E-01	1.25E-01	
group_7141	7.18E-01	1.44E-03	9.11E-01	-6.95E-04	6.20E-03	4.74E-03	
group_6931	7.18E-01	1.44E-03	1.58E-01	-1.64E-01	1.16E-01	5.97E-02	
group_6893	7.18E-01	3.84E-04	5.63E-01	4.67E-02	8.07E-02	2.45E-02	
group_6883	7.18E-01	1.44E-03	9.45E-01	-1.05E-02	1.51E-01	2.95E-03	
group_6834	7.18E-01	1.44E-03	6.27E-01	-3.83E-02	7.87E-02	2.06E-02	
rimP	7.18E-01	1.44E-03	9.96E-01	-4.23E-04	8.21E-02	2.18E-04	
atpE	7.18E-01	3.84E-04	1.91E-02	2.41E-01	1.03E-01	9.89E-02	
group_6204	7.18E-01	9.02E-05	6.80E-03	3.11E-01	1.15E-01	1.14E-01	
mupP~~~gph_1~~~gph	7.18E-01	3.84E-04	9.24E-01	-1.18E-02	1.24E-01	4.03E-03	
nusA	7.18E-01	1.44E-03	9.97E-01	-3.17E-04	8.02E-02	1.67E-04	
group_4179	7.18E-01	1.44E-03	9.95E-01	-2.76E-05	4.62E-03	2.53E-04	
araD~~~sgbE	7.18E-01	9.02E-05	1.18E-03	4.44E-01	1.36E-01	1.37E-01	
group_11828	7.17E-01	1.61E-03	4.42E-01	6.01E-02	7.82E-02	3.25E-02	
group_10470	7.17E-01	3.32E-01	9.00E-01	4.17E-04	3.31E-03	5.34E-03	
mnmE	7.17E-01	5.45E-01	8.49E-01	-1.17E-03	6.13E-03	8.06E-03	
melB~~~lacS~~~lacS_1	7.17E-01	1.82E-01	9.96E-01	3.08E-05	6.16E-03	2.12E-04	
polC_1~~~dinG_2~~~dinG_1~~~polC_3~~~dinG	7.17E-01	1.61E-03	9.49E-01	-4.02E-03	6.31E-02	2.69E-03	
group_9788	7.17E-01	4.35E-04	5.32E-01	3.49E-02	5.58E-02	2.64E-02	
mshD~~~mshD_2	7.17E-01	4.35E-04	9.74E-01	4.19E-03	1.29E-01	1.38E-03	
srlD~~~srlD_1	7.17E-01	8.96E-02	9.20E-01	4.08E-04	4.04E-03	4.26E-03	
group_7589	7.17E-01	4.35E-04	9.40E-01	5.18E-03	6.91E-02	3.17E-03	
dacF_1~~~dacF_2~~~dacF~~~dacB_2	7.17E-01	1.61E-03	1.00E+00	-1.16E-08	4.62E-03	1.07E-07	
group_7149	7.17E-01	4.02E-06	1.91E-02	1.88E-01	7.98E-02	9.89E-02	
group_7076	7.17E-01	1.61E-03	9.99E-01	-3.92E-06	6.18E-03	2.68E-05	
yclP~~~btuD_7~~~fepC	7.17E-01	1.61E-03	3.01E-01	-5.96E-02	5.75E-02	4.38E-02	
rsmH_1~~~rsmH~~~rsmH_2	7.17E-01	4.35E-04	9.94E-01	7.57E-04	1.01E-01	3.18E-04	
group_6088	7.17E-01	1.61E-03	9.22E-01	-6.79E-03	6.95E-02	4.13E-03	
hmuU_2~~~hmuU_1	7.17E-01	1.61E-03	2.92E-01	-6.18E-02	5.86E-02	4.46E-02	
mglC~~~rbsC_2~~~xylH_2~~~mglC_2~~~mglC_1	7.17E-01	1.04E-04	2.01E-02	2.29E-01	9.84E-02	9.82E-02	
gltC~~~gltR~~~nth_2	7.15E-01	1.80E-03	9.77E-01	-2.15E-03	7.40E-02	1.23E-03	
ywpJ~~~yidA~~~yitU	7.15E-01	1.80E-03	7.53E-01	-1.52E-02	4.83E-02	1.33E-02	
group_11996	7.15E-01	1.80E-03	9.87E-01	-1.02E-04	6.19E-03	6.97E-04	
group_11696	7.15E-01	5.63E-01	9.61E-01	-2.64E-04	5.35E-03	2.09E-03	
group_10494	7.15E-01	5.63E-01	9.17E-01	3.46E-04	3.30E-03	4.43E-03	
group_8834	7.15E-01	1.80E-03	9.98E-01	-7.54E-06	3.32E-03	9.61E-05	
group_8780	7.15E-01	1.80E-03	9.86E-01	-9.17E-04	5.11E-02	7.60E-04	
group_8611	7.15E-01	2.53E-05	9.17E-01	-3.75E-04	3.58E-03	4.43E-03	
ftsZ~~~ftsZ_1	7.15E-01	4.91E-04	7.76E-01	-1.36E-02	4.78E-02	1.20E-02	
group_7911	7.15E-01	4.91E-04	9.42E-01	4.88E-03	6.74E-02	3.07E-03	
spoIIE	7.15E-01	1.80E-03	9.78E-01	-1.27E-04	4.58E-03	1.17E-03	
group_7255	7.15E-01	1.19E-04	9.94E-01	-4.15E-04	5.39E-02	3.26E-04	
ntpB_1~~~ntpB	7.15E-01	4.91E-04	2.26E-01	8.01E-02	6.61E-02	5.12E-02	
ktrA	7.15E-01	4.91E-04	4.39E-01	5.56E-02	7.19E-02	3.27E-02	
sasA_6~~~walK_1~~~hprS~~~sasA_10~~~sasA_9~~~sasA_5~~~sasA_1~~~sasA_3~~~sasA_2~~~sasA_8~~~sasA_7~~~divL	7.15E-01	1.80E-03	9.88E-01	-9.59E-05	6.19E-03	6.55E-04	
RBKS~~~ydjH~~~ydjH_1	7.15E-01	4.91E-04	9.82E-01	-1.40E-04	6.19E-03	9.54E-04	
mglA_2~~~mglA_6~~~mglA_3~~~mglA_4~~~mglA_5~~~mglA_1	7.15E-01	1.19E-04	4.68E-02	1.71E-01	8.59E-02	8.40E-02	
group_12637	7.13E-01	2.93E-05	1.20E-01	1.04E-01	6.65E-02	6.57E-02	
glnA~~~glnA_2~~~glnA_1~~~htpG_2	7.13E-01	5.81E-01	9.94E-01	-2.49E-05	3.40E-03	3.10E-04	
group_10977	7.13E-01	2.00E-03	9.07E-01	-5.11E-04	4.39E-03	4.92E-03	
group_10532	7.13E-01	2.02E-01	5.98E-01	1.61E-02	3.05E-02	2.23E-02	
group_10143	7.13E-01	5.54E-04	9.28E-01	-5.12E-03	5.66E-02	3.83E-03	
group_9606	7.13E-01	2.00E-03	9.65E-01	-2.73E-04	6.16E-03	1.87E-03	
group_9187	7.13E-01	5.81E-01	9.95E-01	-4.03E-05	6.10E-03	2.79E-04	
nudC~~~nudC_1~~~nudC_2	7.13E-01	1.80E-02	6.53E-01	2.76E-03	6.13E-03	1.90E-02	
rhaS_1~~~rhaS_7~~~rhaS_6~~~rhaR_3~~~rhaR_2~~~rhaS~~~rhaS_3	7.13E-01	5.54E-04	9.82E-01	-1.39E-04	6.18E-03	9.53E-04	
ntpC~~~atpC	7.13E-01	5.54E-04	8.22E-02	1.40E-01	8.04E-02	7.34E-02	
fdxA	7.13E-01	2.00E-03	8.24E-01	-2.12E-02	9.56E-02	9.40E-03	
group_7383	7.13E-01	5.54E-04	9.13E-01	5.08E-04	4.62E-03	4.65E-03	
group_7253	7.13E-01	2.00E-03	1.00E+00	-2.64E-06	6.18E-03	1.81E-05	
ntpG_2~~~ntpG	7.13E-01	1.36E-04	2.31E-02	2.27E-01	9.96E-02	9.59E-02	
group_7038	7.13E-01	5.54E-04	9.05E-01	6.41E-04	5.35E-03	5.06E-03	
group_6948	7.13E-01	1.36E-04	9.50E-01	2.88E-04	4.62E-03	2.64E-03	
group_6941	7.13E-01	5.54E-04	9.32E-01	-4.55E-04	5.36E-03	3.59E-03	
group_6866	7.13E-01	1.36E-04	1.48E-02	2.05E-01	8.39E-02	1.03E-01	
rsxB_1~~~rsxB_5~~~rsxB_3~~~rsxB_4	7.13E-01	5.54E-04	9.13E-01	1.09E-02	9.97E-02	4.61E-03	
group_6071	7.13E-01	1.36E-04	9.94E-01	-4.08E-04	5.34E-02	3.23E-04	
dadD~~~atzB	7.13E-01	2.00E-03	9.95E-01	-3.88E-05	6.18E-03	2.66E-04	
dauR_1	7.13E-01	2.00E-03	9.30E-01	-6.57E-03	7.47E-02	3.72E-03	
group_12004	7.11E-01	6.24E-04	3.22E-01	-7.85E-02	7.92E-02	4.19E-02	
group_11572	7.11E-01	7.00E-03	9.27E-02	-9.71E-02	5.77E-02	7.11E-02	
group_11477	7.11E-01	2.22E-03	9.73E-01	-2.08E-04	6.17E-03	1.43E-03	
group_11422	7.11E-01	1.55E-04	9.71E-01	9.69E-05	2.65E-03	1.55E-03	
group_11313	7.11E-01	6.00E-01	9.91E-01	-7.27E-05	6.14E-03	5.01E-04	
group_11282	7.11E-01	2.22E-03	9.06E-01	-5.17E-04	4.39E-03	4.98E-03	
group_11128	7.11E-01	3.75E-01	6.88E-01	-2.09E-02	5.22E-02	1.70E-02	
group_11087	7.11E-01	8.71E-01	9.86E-01	-8.66E-05	5.03E-03	7.28E-04	
group_10549	7.11E-01	6.00E-01	9.85E-01	-6.19E-05	3.38E-03	7.75E-04	
group_9879	7.11E-01	2.22E-03	9.76E-01	-1.38E-04	4.63E-03	1.26E-03	
group_8141	7.11E-01	2.22E-03	9.98E-01	-7.72E-06	3.70E-03	8.82E-05	
graS~~~rcsC~~~sasA_6	7.11E-01	2.22E-03	6.81E-01	-2.11E-02	5.12E-02	1.74E-02	
group_7865	7.11E-01	7.00E-03	8.93E-01	-8.36E-03	6.20E-02	5.70E-03	
group_7309	7.11E-01	8.71E-01	9.52E-01	-2.45E-04	4.04E-03	2.56E-03	
group_7254	7.11E-01	1.55E-04	9.42E-01	-3.66E-03	5.02E-02	3.09E-03	
group_6788	7.11E-01	6.24E-04	7.83E-01	-1.83E-02	6.62E-02	1.17E-02	
group_6089	7.11E-01	6.24E-04	9.99E-01	5.79E-05	4.20E-02	5.83E-05	
group_5499	7.11E-01	2.22E-03	9.95E-01	-2.35E-05	3.58E-03	2.78E-04	
group_5048	7.11E-01	6.24E-04	1.00E+00	1.80E-06	3.18E-03	2.40E-05	
group_3864	7.11E-01	2.22E-03	9.27E-01	-6.14E-03	6.72E-02	3.87E-03	
tepA	7.11E-01	1.55E-04	1.42E-03	1.38E-01	4.31E-02	1.34E-01	
group_11565	7.09E-01	7.02E-04	8.51E-01	-9.00E-03	4.78E-02	7.97E-03	
group_11517	7.09E-01	2.47E-03	9.77E-01	-1.57E-04	5.36E-03	1.24E-03	
group_11285	7.09E-01	2.47E-03	9.37E-01	-5.80E-03	7.30E-02	3.36E-03	
group_10650	7.09E-01	1.34E-06	9.14E-01	7.52E-03	6.92E-02	4.60E-03	
gltB_2~~~gltB_1~~~gltB_3~~~gltB	7.09E-01	3.90E-01	9.97E-01	9.92E-06	2.97E-03	1.41E-04	
group_10149	7.09E-01	1.77E-04	4.09E-01	4.83E-02	5.85E-02	3.49E-02	
blaI_3~~~blaI_2	7.09E-01	2.47E-03	9.83E-01	-8.87E-04	4.17E-02	9.00E-04	
group_9882	7.09E-01	8.91E-01	9.92E-01	-2.91E-05	2.82E-03	4.37E-04	
gatY~~~gatY_2~~~kbaY	7.09E-01	7.02E-04	9.96E-01	2.44E-05	4.37E-03	2.36E-04	
group_8493	7.09E-01	1.77E-04	9.49E-01	-3.91E-04	6.11E-03	2.71E-03	
group_8124	7.09E-01	2.47E-03	9.98E-01	-7.70E-06	3.70E-03	8.81E-05	
group_7715	7.09E-01	2.47E-03	9.82E-01	-1.17E-03	5.25E-02	9.45E-04	
group_7646	7.09E-01	7.02E-04	9.85E-01	-8.94E-05	4.63E-03	8.17E-04	
group_7411	7.11E-01	2.22E-03	9.50E-01	-3.20E-04	5.06E-03	2.67E-03	
gpr~~~gpr_1~~~gpr_2	7.09E-01	7.02E-04	9.73E-01	-1.36E-03	4.04E-02	1.43E-03	
group_7241	7.09E-01	2.47E-03	9.81E-01	-1.45E-04	6.18E-03	9.90E-04	
smc_3~~~smc_2~~~smc_1~~~smc	7.09E-01	2.47E-03	8.28E-01	-1.55E-02	7.14E-02	9.20E-03	
vldH~~~gph_1	7.09E-01	5.20E-02	9.23E-01	4.44E-04	4.61E-03	4.07E-03	
glpF~~~glpF_1~~~glpF_2	7.09E-01	7.02E-04	9.64E-01	2.42E-03	5.35E-02	1.92E-03	
group_10495	7.08E-01	1.59E-06	9.94E-01	3.33E-05	4.61E-03	3.06E-04	
yeeO_1~~~murJ~~~murJ_3~~~murJ_1	7.08E-01	2.73E-03	7.12E-01	-1.75E-02	4.73E-02	1.56E-02	
group_9806	7.08E-01	2.01E-04	4.89E-01	4.18E-02	6.03E-02	2.93E-02	
group_9186	7.08E-01	6.37E-01	9.77E-01	-1.76E-04	6.14E-03	1.22E-03	
group_9164	7.08E-01	7.88E-04	9.98E-01	-9.63E-06	3.58E-03	1.14E-04	
group_8145	7.08E-01	2.73E-03	9.98E-01	-7.72E-06	3.70E-03	8.82E-05	
group_7927	7.08E-01	7.88E-04	9.89E-01	-5.94E-05	4.36E-03	5.76E-04	
group_7871	7.08E-01	2.73E-03	8.97E-01	-7.89E-04	6.10E-03	5.48E-03	
group_7293	7.08E-01	2.73E-03	9.86E-01	-1.08E-04	6.16E-03	7.43E-04	
group_6751	7.08E-01	2.01E-04	1.91E-01	7.98E-02	6.10E-02	5.53E-02	
group_6103	7.08E-01	7.88E-04	8.43E-01	9.91E-04	4.99E-03	8.41E-03	
rhaR_3~~~rhaR_2~~~rhaR_1~~~soxS~~~rhaR_7~~~rhaR_5	7.08E-01	4.53E-05	1.65E-02	1.32E-01	5.48E-02	1.01E-01	
group_11723	7.06E-01	3.02E-03	9.68E-01	-2.30E-03	5.79E-02	1.68E-03	
group_11563	7.06E-01	1.27E-01	7.14E-01	1.60E-03	4.36E-03	1.55E-02	
gcvPB~~~gcvPB_2~~~gcvPB_1	7.06E-01	5.22E-05	9.95E-01	-4.15E-05	6.18E-03	2.84E-04	
mnmA~~~mnmA_2~~~mnmA_1	7.06E-01	1.05E-05	9.89E-01	7.43E-05	5.37E-03	5.86E-04	
gcvPA~~~gcvPA_2	7.06E-01	5.22E-05	9.95E-01	-3.96E-05	6.18E-03	2.71E-04	
ugtP_2~~~ugtP	7.06E-01	6.56E-01	9.96E-01	-2.83E-05	5.04E-03	2.37E-04	
dapC	7.06E-01	3.02E-03	7.74E-01	-1.19E-02	4.16E-02	1.21E-02	
malL_1~~~malL~~~malL_2~~~ycdG	7.06E-01	2.44E-01	9.79E-01	8.81E-05	3.39E-03	1.10E-03	
group_9871	7.06E-01	3.02E-03	9.96E-01	-3.24E-05	6.17E-03	2.22E-04	
group_9657	7.06E-01	2.28E-04	5.59E-01	3.60E-03	6.17E-03	2.47E-02	
group_9480	7.06E-01	8.83E-04	8.93E-01	-6.21E-04	4.61E-03	5.70E-03	
group_9446	7.06E-01	2.28E-04	6.17E-01	-2.32E-02	4.64E-02	2.11E-02	
alaS_1~~~alaS_2	7.06E-01	2.48E-02	6.72E-01	2.59E-03	6.12E-03	1.79E-02	
group_8268	7.06E-01	8.83E-04	9.92E-01	-4.07E-05	3.92E-03	4.39E-04	
hisK_1~~~hisK	7.06E-01	8.83E-04	9.68E-01	-1.74E-04	4.36E-03	1.69E-03	
group_7854	7.06E-01	2.28E-04	9.49E-01	3.92E-04	6.15E-03	2.69E-03	
group_7269	7.06E-01	8.83E-04	8.14E-01	1.19E-02	5.07E-02	9.94E-03	
CARKD	7.06E-01	8.83E-04	9.88E-01	-6.03E-05	3.92E-03	6.51E-04	
map~~~map_1	7.06E-01	3.02E-03	9.79E-01	-4.32E-05	1.61E-03	1.14E-03	
group_5974	7.06E-01	8.83E-04	9.11E-01	-4.66E-03	4.14E-02	4.75E-03	
pepF1~~~pepF1_2~~~pepF1_1	7.06E-01	8.83E-04	9.73E-01	-2.11E-04	6.15E-03	1.45E-03	
lacG~~~gghA~~~bglA~~~bglB~~~bglA_2	7.06E-01	8.83E-04	1.00E+00	-1.67E-06	3.70E-03	1.91E-05	
ogt_1~~~ogt~~~ogt_2	7.04E-01	5.02E-08	9.57E-01	3.32E-04	6.17E-03	2.27E-03	
group_12011	7.04E-01	3.34E-03	9.42E-01	-3.17E-04	4.37E-03	3.06E-03	
ridA	7.04E-01	2.55E-01	9.75E-01	-1.44E-04	4.59E-03	1.33E-03	
hisJ~~~tcyA	7.04E-01	6.00E-05	9.22E-01	-6.03E-04	6.13E-03	4.16E-03	
group_9114	7.04E-01	3.34E-03	8.94E-01	-5.61E-03	4.19E-02	5.66E-03	
group_8280	7.04E-01	2.59E-04	8.44E-01	1.05E-03	5.34E-03	8.32E-03	
group_8038	7.04E-01	1.00E-02	9.06E-01	-4.81E-04	4.06E-03	5.02E-03	
group_7802	7.04E-01	3.34E-03	7.86E-02	-9.65E-02	5.48E-02	7.43E-02	
group_7774	7.04E-01	3.34E-03	7.45E-01	-2.00E-02	6.15E-02	1.37E-02	
ftsE	7.04E-01	1.00E-02	9.94E-01	-3.41E-05	4.36E-03	3.31E-04	
group_6069	7.04E-01	3.34E-03	8.56E-01	-1.12E-03	6.16E-03	7.70E-03	
nhaC	7.02E-01	1.10E-03	9.52E-01	2.42E-04	4.05E-03	2.53E-03	
group_10370	7.02E-01	3.69E-03	9.40E-01	-3.59E-03	4.73E-02	3.21E-03	
group_8729	7.02E-01	1.42E-01	9.49E-01	2.44E-04	3.79E-03	2.72E-03	
group_7530	7.02E-01	1.10E-03	8.95E-01	7.06E-04	5.34E-03	5.59E-03	
group_6518	7.02E-01	1.10E-03	8.30E-01	-1.32E-03	6.15E-03	9.10E-03	
group_6497	7.02E-01	3.69E-03	6.96E-01	-1.59E-02	4.07E-02	1.65E-02	
argC	7.02E-01	3.69E-03	9.85E-01	-5.56E-05	2.99E-03	7.86E-04	
group_9880	7.01E-01	4.06E-03	9.79E-01	-9.05E-05	3.40E-03	1.13E-03	
group_9821	7.01E-01	1.66E-05	5.64E-01	-2.57E-02	4.45E-02	2.44E-02	
group_9451	7.01E-01	7.88E-05	9.88E-01	-5.38E-05	3.71E-03	6.14E-04	
group_9419	7.01E-01	4.06E-03	7.46E-01	1.33E-02	4.10E-02	1.37E-02	
group_5891	7.01E-01	1.23E-03	9.70E-01	-1.21E-04	3.18E-03	1.60E-03	
group_13073	6.99E-01	1.29E-02	9.77E-01	-1.05E-04	3.57E-03	1.24E-03	
afr_1~~~afr_2~~~afr_4~~~iolG~~~iolG_5~~~afr	6.99E-01	2.91E-01	8.82E-01	-4.79E-04	3.22E-03	6.29E-03	
group_12511	6.99E-01	1.37E-03	9.94E-01	-3.25E-05	4.04E-03	3.40E-04	
sasA_6~~~tmoS~~~sasA_5~~~sasA_7~~~sasA_8~~~sasA_3	6.99E-01	4.47E-03	8.51E-01	-8.20E-04	4.36E-03	7.96E-03	
yhaM	6.99E-01	6.08E-07	1.01E-01	7.12E-02	4.34E-02	6.93E-02	
group_7611	6.99E-01	1.37E-03	9.98E-01	1.39E-05	6.11E-03	9.61E-05	
yfiC	6.99E-01	4.47E-03	8.46E-01	-1.03E-02	5.33E-02	8.20E-03	
blaI_4~~~mecI	6.99E-01	3.73E-04	2.66E-01	-4.78E-02	4.30E-02	4.70E-02	
group_7373	6.99E-01	3.73E-04	9.76E-01	1.60E-04	5.36E-03	1.26E-03	
argB	6.99E-01	4.47E-03	9.84E-01	-6.00E-05	2.99E-03	8.48E-04	
group_6446	6.99E-01	4.47E-03	9.80E-01	-8.64E-05	3.50E-03	1.04E-03	
group_6010	6.99E-01	1.37E-03	8.32E-01	-1.30E-03	6.12E-03	8.98E-03	
argJ	6.99E-01	1.37E-03	9.86E-01	-5.31E-05	2.99E-03	7.50E-04	
group_4172	6.99E-01	4.47E-03	9.92E-01	-6.17E-05	6.13E-03	4.26E-04	
group_11993	6.97E-01	4.21E-04	9.56E-01	2.14E-04	3.91E-03	2.32E-03	
group_10652	6.97E-01	1.53E-03	8.85E-01	-8.88E-04	6.12E-03	6.14E-03	
group_10197	6.97E-01	1.53E-03	9.03E-01	7.50E-04	6.17E-03	5.14E-03	
argD~~~argD_1	6.97E-01	4.91E-03	9.69E-01	-1.51E-04	3.91E-03	1.64E-03	
group_7285	6.97E-01	4.91E-03	9.92E-01	-2.71E-05	2.82E-03	4.07E-04	
rsmI~~~fosB	6.97E-01	4.91E-03	7.85E-01	-1.19E-02	4.34E-02	1.16E-02	
group_4449	6.97E-01	4.21E-04	9.25E-01	-3.36E-04	3.57E-03	3.98E-03	
rluD_2~~~rluD_1	6.95E-01	1.69E-03	9.37E-01	-3.44E-04	4.37E-03	3.34E-03	
group_9549	6.95E-01	5.39E-03	6.83E-01	1.49E-02	3.64E-02	1.73E-02	
group_8498	6.95E-01	4.73E-04	9.65E-01	-2.35E-04	5.33E-03	1.87E-03	
group_6947	6.95E-01	4.73E-04	9.62E-01	-2.94E-04	6.15E-03	2.02E-03	
expZ~~~yheS	6.95E-01	1.69E-03	9.97E-01	-1.09E-05	3.16E-03	1.46E-04	
group_6480	6.95E-01	4.73E-04	4.45E-01	2.80E-02	3.66E-02	3.23E-02	
group_6445	6.95E-01	4.73E-04	9.87E-01	4.91E-05	3.05E-03	6.82E-04	
group_10330	6.93E-01	1.33E-04	9.39E-01	2.84E-04	3.69E-03	3.26E-03	
gph_3~~~gph	6.93E-01	5.31E-04	9.53E-01	2.38E-04	4.04E-03	2.49E-03	
group_10018	6.93E-01	4.12E-02	9.94E-01	3.11E-05	4.04E-03	3.26E-04	
group_9917	6.93E-01	5.31E-04	9.32E-01	3.70E-04	4.36E-03	3.59E-03	
group_9702	6.93E-01	1.88E-03	9.60E-01	-2.68E-04	5.30E-03	2.14E-03	
group_9123	6.93E-01	5.31E-04	9.88E-01	-6.34E-05	4.05E-03	6.62E-04	
group_7931	6.93E-01	5.31E-04	9.77E-01	-9.00E-05	3.10E-03	1.23E-03	
group_7374	6.93E-01	5.31E-04	4.74E-01	2.53E-02	3.54E-02	3.03E-02	
group_7358	6.93E-01	5.31E-04	9.88E-01	4.74E-05	3.05E-03	6.59E-04	
group_7049	6.93E-01	5.91E-03	7.31E-01	-1.11E-02	3.24E-02	1.46E-02	
group_9747	6.92E-01	4.42E-02	6.94E-01	-1.04E-02	2.66E-02	1.66E-02	
group_6092	6.92E-01	6.47E-03	9.83E-01	6.84E-05	3.30E-03	8.75E-04	
truB~~~truB_2	6.90E-01	4.72E-02	9.65E-01	-2.73E-04	6.17E-03	1.87E-03	
group_10556	6.92E-01	3.44E-01	7.99E-01	2.10E-02	8.22E-02	1.08E-02	
ydfG	6.90E-01	2.02E-01	8.50E-01	-1.15E-03	6.10E-03	8.00E-03	
group_8881	6.90E-01	7.07E-03	8.88E-01	-6.48E-04	4.60E-03	5.96E-03	
group_8564	6.90E-01	1.72E-04	9.85E-01	-6.62E-05	3.57E-03	7.85E-04	
group_8504	6.90E-01	6.67E-04	9.44E-01	2.16E-04	3.05E-03	2.99E-03	
group_11319	6.88E-01	7.72E-03	8.48E-01	-1.17E-03	6.12E-03	8.09E-03	
nth_2	6.88E-01	7.72E-03	9.90E-01	-7.75E-05	6.10E-03	5.37E-04	
group_8041	6.88E-01	7.72E-03	9.65E-01	-1.55E-04	3.49E-03	1.87E-03	
group_7987	6.88E-01	7.72E-03	9.76E-01	-1.04E-04	3.49E-03	1.26E-03	
group_7359	6.88E-01	7.72E-03	9.66E-01	-1.48E-04	3.49E-03	1.79E-03	
group_11985	6.86E-01	8.42E-03	9.77E-01	8.09E-05	2.77E-03	1.24E-03	
group_6128	6.86E-01	2.81E-03	6.54E-01	-1.60E-02	3.57E-02	1.90E-02	
ytrB_1~~~ytrB_2~~~natA	6.84E-01	3.09E-03	9.68E-01	1.22E-04	3.09E-03	1.68E-03	
spoVT~~~spoVT_2	6.86E-01	2.22E-01	9.05E-01	2.18E-04	1.83E-03	5.03E-03	
group_10403	6.86E-01	1.16E-01	9.78E-01	-1.44E-04	5.33E-03	1.14E-03	
group_7304	6.84E-01	9.28E-04	9.93E-01	-4.40E-05	5.31E-03	3.51E-04	
group_7261	6.84E-01	3.09E-03	9.68E-01	-1.42E-04	3.49E-03	1.72E-03	
yigZ	6.84E-01	9.18E-03	9.98E-01	1.32E-05	5.34E-03	1.04E-04	
group_5638	6.84E-01	9.18E-03	7.87E-01	-1.18E-03	4.37E-03	1.14E-02	
group_5254	6.84E-01	9.18E-03	9.78E-01	-7.32E-05	2.70E-03	1.15E-03	
glnP	6.83E-01	6.71E-05	8.61E-01	-7.05E-04	4.03E-03	7.39E-03	
group_8005	6.83E-01	6.71E-05	8.03E-01	1.52E-03	6.10E-03	1.06E-02	
group_7786	6.83E-01	9.98E-03	9.68E-01	-1.22E-04	3.04E-03	1.69E-03	
group_15540	6.81E-01	7.64E-05	9.96E-01	-1.42E-05	2.93E-03	2.04E-04	
group_8772	6.81E-01	1.15E-03	7.05E-01	1.25E-02	3.30E-02	1.60E-02	
group_7930	6.81E-01	3.14E-04	9.74E-01	-1.00E-04	3.09E-03	1.37E-03	
group_7837	6.81E-01	3.14E-04	9.00E-01	3.62E-04	2.87E-03	5.34E-03	
group_5862	6.81E-01	3.74E-03	8.88E-01	-4.56E-04	3.23E-03	5.96E-03	
dinB_2~~~dinB_3~~~dinB1~~~dinB~~~dinB_1	6.79E-01	1.90E-05	4.11E-01	2.52E-03	3.07E-03	3.48E-02	
group_10974	6.79E-01	4.47E-01	9.93E-01	2.37E-05	2.68E-03	3.74E-04	
ldhA~~~ghrB~~~ldhA_1~~~ldhA_2	6.79E-01	6.94E-02	9.73E-01	-8.08E-05	2.37E-03	1.44E-03	
group_8876	6.79E-01	4.10E-03	9.99E-01	5.43E-06	3.49E-03	6.58E-05	
group_8635	6.79E-01	8.69E-05	9.53E-01	3.11E-04	5.31E-03	2.48E-03	
group_7260	6.79E-01	1.18E-02	8.14E-01	-1.42E-03	6.07E-03	9.94E-03	
group_7249	6.79E-01	4.10E-03	9.79E-01	-1.13E-04	4.36E-03	1.09E-03	
group_3883	6.79E-01	1.27E-03	9.89E-01	-3.68E-05	2.68E-03	5.81E-04	
mdtK_1~~~mdtK_2~~~mdtK_3~~~mepA_3~~~mepA_4~~~mepA_2~~~mepA_7~~~mepA_5	6.77E-01	3.96E-04	7.47E-01	-9.37E-03	2.90E-02	1.37E-02	
group_8744	6.77E-01	3.96E-04	9.34E-01	2.95E-04	3.57E-03	3.49E-03	
group_8307	6.77E-01	3.96E-04	9.72E-01	-2.12E-04	6.13E-03	1.46E-03	
aldH1~~~aldH1_2~~~aldH1_1	6.76E-01	3.48E-02	9.84E-01	-5.29E-05	2.56E-03	8.72E-04	
group_7574	6.76E-01	1.38E-02	8.47E-01	-1.18E-03	6.11E-03	8.16E-03	
rplO	6.76E-01	1.59E-01	9.62E-01	-8.42E-05	1.75E-03	2.03E-03	
prmA	6.72E-01	4.59E-01	1.07E-01	-8.08E-02	5.01E-02	6.81E-02	
cueR~~~mdoB	6.72E-01	1.91E-03	9.83E-01	5.93E-05	2.82E-03	8.92E-04	
tnaA1~~~tnaA1_2~~~tnaA	6.72E-01	1.43E-04	8.73E-01	-4.79E-03	2.99E-02	6.77E-03	
ytrA_2	6.70E-01	2.11E-03	9.75E-01	8.36E-05	2.67E-03	1.32E-03	
nagB~~~nagB_2~~~nagB_3~~~nagB_1~~~gamA~~~gamA_2~~~nagB_4~~~gamA_3~~~gamA_1	6.68E-01	1.69E-06	9.63E-01	1.51E-04	3.22E-03	1.98E-03	
group_7959	6.68E-01	2.32E-03	9.66E-01	1.32E-04	3.08E-03	1.81E-03	
group_8339	6.68E-01	7.97E-01	8.41E-01	-8.78E-04	4.37E-03	8.50E-03	
group_7032	6.67E-01	2.56E-03	9.74E-01	9.94E-05	3.08E-03	1.36E-03	
rplGB	6.67E-01	7.62E-03	9.72E-01	-1.05E-04	2.97E-03	1.50E-03	
mepA_1~~~mepA_6~~~mepA_5~~~mepA_7~~~mepA_2~~~mepA_4	6.65E-01	8.29E-03	9.16E-01	4.55E-04	4.33E-03	4.44E-03	
spoVB_2~~~spoVB_1	6.65E-01	2.81E-03	9.57E-01	-2.86E-04	5.31E-03	2.27E-03	
group_8685	6.65E-01	5.94E-08	8.44E-01	7.04E-04	3.57E-03	8.35E-03	
group_7563	6.65E-01	8.52E-04	9.95E-01	1.50E-05	2.32E-03	2.74E-04	
group_7408	6.65E-01	8.52E-04	9.62E-01	1.11E-04	2.32E-03	2.03E-03	
group_6767	6.65E-01	2.81E-03	9.44E-01	1.92E-04	2.73E-03	2.97E-03	
rbr3A_1~~~rbr3A~~~rbr3B	6.65E-01	8.29E-03	9.01E-01	3.02E-04	2.43E-03	5.24E-03	
group_12378	6.65E-01	5.79E-01	7.14E-01	1.94E-03	5.29E-03	1.55E-02	
group_11041	6.65E-01	5.18E-02	9.93E-01	4.40E-05	5.27E-03	3.53E-04	
group_6405	6.61E-01	2.90E-04	9.85E-01	1.03E-04	5.29E-03	8.19E-04	
group_11711	6.60E-01	3.25E-04	9.91E-01	-7.22E-05	6.17E-03	4.94E-04	
ald~~~ald_1~~~ald_2	6.60E-01	1.96E-10	9.92E-01	-1.87E-05	1.78E-03	4.44E-04	
secY~~~secY_1	6.60E-01	1.06E-02	9.62E-01	-8.31E-05	1.75E-03	2.01E-03	
group_11776	6.58E-01	6.63E-02	9.74E-01	-1.49E-04	4.63E-03	1.36E-03	
glcK_1~~~glcK~~~glkA~~~nanK_2~~~nanK~~~glkA_1	6.58E-01	7.48E-07	9.78E-01	1.74E-04	6.17E-03	1.19E-03	
dapF~~~dapF_1~~~dapF_2	6.58E-01	2.91E-02	9.94E-01	-4.56E-05	6.20E-03	3.11E-04	
guaA~~~nadE_2~~~guaA_2	6.58E-01	1.36E-01	9.82E-01	7.01E-05	3.07E-03	9.65E-04	
futA1	6.56E-01	2.04E-08	2.33E-01	-6.31E-03	5.28E-03	5.05E-02	
group_6249	6.56E-01	1.24E-02	9.94E-01	-2.94E-05	3.69E-03	3.36E-04	
group_12092	6.52E-01	5.04E-04	8.11E-01	8.51E-04	3.56E-03	1.01E-02	
group_9812	6.52E-01	3.85E-09	9.53E-01	-1.92E-04	3.23E-03	2.51E-03	
nahK_1~~~nahK_2~~~nahK~~~nahK_3	6.51E-01	1.48E-04	9.48E-01	-2.62E-04	4.03E-03	2.75E-03	
xynA1~~~xynA1_1	6.51E-01	1.90E-03	1.78E-01	-3.98E-02	2.95E-02	5.69E-02	
group_8098	6.51E-01	1.90E-03	9.94E-01	-1.77E-05	2.52E-03	2.96E-04	
group_8052	6.51E-01	5.75E-03	9.92E-01	-2.80E-05	2.76E-03	4.29E-04	
nrdD_2~~~nrdD_1	6.51E-01	2.33E-07	5.38E-01	-1.20E-03	1.95E-03	2.60E-02	
hdfR~~~cmpR	6.51E-01	1.56E-02	9.68E-01	-1.24E-04	3.08E-03	1.71E-03	
group_10973	6.47E-01	8.28E-10	9.89E-01	-2.58E-05	1.84E-03	5.92E-04	
group_10170	6.47E-01	6.92E-04	9.78E-01	-7.35E-05	2.72E-03	1.14E-03	
rsxB_3~~~rsxB_1~~~rsxB_4	6.47E-01	4.34E-02	9.47E-01	-2.42E-03	3.65E-02	2.81E-03	
group_7581	6.47E-01	1.81E-02	9.57E-01	3.30E-04	6.06E-03	2.30E-03	
group_6019	6.47E-01	6.92E-04	9.90E-01	-3.53E-05	2.68E-03	5.57E-04	
group_14381	6.45E-01	7.67E-04	9.83E-01	-4.21E-05	1.94E-03	9.17E-04	
btuD_5~~~btuD_2~~~btuD_8~~~btuD_6~~~macB~~~btuD_1	6.45E-01	5.89E-08	9.92E-01	-6.11E-05	6.19E-03	4.17E-04	
group_11326	6.43E-01	1.23E-09	9.97E-01	-2.26E-05	5.36E-03	1.78E-04	
yjjG~~~gph_2~~~gph	6.45E-01	1.12E-05	9.97E-01	9.77E-06	2.33E-03	1.77E-04	
group_9470	6.43E-01	2.34E-04	1.00E+00	-3.11E-06	5.37E-03	2.45E-05	
group_12465	6.42E-01	1.46E-05	9.50E-01	-1.16E-04	1.83E-03	2.67E-03	
group_11500	6.40E-01	5.57E-02	9.83E-01	-8.52E-05	4.06E-03	8.87E-04	
group_11496	6.40E-01	5.57E-02	9.82E-01	-9.31E-05	4.06E-03	9.70E-04	
fhuC~~~fepC~~~btuD_7~~~fpuC~~~fecE	6.40E-01	7.37E-05	8.88E-01	-3.13E-02	2.22E-01	5.97E-03	
putP_3~~~putP_1~~~putP_2	6.40E-01	5.57E-02	9.66E-01	-1.25E-03	2.94E-02	1.80E-03	
group_10350	6.40E-01	2.41E-02	2.69E-01	-7.60E-02	6.87E-02	4.67E-02	
pfp_1~~~pfp~~~pfp_2	6.40E-01	3.75E-01	9.53E-01	-1.64E-04	2.81E-03	2.47E-03	
fabG_2~~~fabG~~~phaB~~~fabG_1~~~fabG_3	6.38E-01	3.60E-03	7.96E-02	1.67E-01	9.53E-02	7.41E-02	
group_11301	6.40E-01	8.90E-01	9.47E-01	2.89E-04	4.36E-03	2.80E-03	
group_11158	6.38E-01	1.02E-02	1.00E+00	5.11E-07	3.00E-03	7.21E-06	
brnQ_2~~~brnQ~~~brnQ_1	6.38E-01	1.90E-05	9.65E-01	-2.02E-03	4.62E-02	1.85E-03	
group_9043	6.38E-01	1.68E-08	9.86E-01	-1.11E-04	6.19E-03	7.56E-04	
btuC_2~~~btuC	6.36E-01	9.35E-05	8.86E-01	-1.03E-02	7.21E-02	6.05E-03	
cls~~~ywiE~~~clsA	6.36E-01	2.63E-09	9.36E-01	-3.51E-04	4.39E-03	3.38E-03	
group_7780	6.36E-01	6.28E-02	9.05E-01	-4.03E-04	3.38E-03	5.05E-03	
group_5533	6.36E-01	3.93E-03	9.86E-01	3.16E-05	1.83E-03	7.31E-04	
group_10221	6.35E-01	2.45E-05	6.31E-01	-3.30E-01	6.87E-01	2.04E-02	
group_4104	6.35E-01	2.96E-02	9.92E-01	-4.47E-05	4.58E-03	4.13E-04	
COQ5_3~~~COQ3~~~COQ5_6	6.35E-01	2.49E-01	9.01E-01	-2.97E-04	2.40E-03	5.25E-03	
yugI~~~pnp_1~~~pnp_2	6.33E-01	3.17E-02	1.84E-01	-5.49E-02	4.13E-02	5.61E-02	
group_10952	6.33E-01	1.11E-06	9.69E-01	-2.43E-04	6.19E-03	1.66E-03	
group_10539	6.35E-01	5.82E-01	9.10E-01	-5.46E-03	4.85E-02	4.76E-03	
group_7764	6.33E-01	2.82E-08	9.83E-01	-1.31E-04	6.18E-03	8.94E-04	
group_11545	6.31E-01	6.73E-01	2.54E-01	6.79E-03	5.95E-03	4.82E-02	
queE	6.31E-01	1.28E-06	5.18E-01	-1.26E-03	1.95E-03	2.73E-02	
kdgK_4~~~iolC~~~kdgK_2~~~kdgK_5~~~iolC_1~~~kdgK_3~~~kdgK	6.29E-01	1.48E-04	9.43E-01	-1.51E-04	2.10E-03	3.04E-03	
xerC_6~~~xerC_12~~~intQ~~~xerC_2~~~intQ_1~~~xerC_9~~~xerC_18~~~xerC_7~~~xerC_4~~~xerC_1~~~xerC_5~~~xerC_3	6.29E-01	3.96E-08	9.92E-01	1.49E-05	1.57E-03	4.01E-04	
moaA_2~~~moaA_4~~~moaA_1~~~moaA	6.29E-01	1.48E-04	9.06E-01	-4.77E-04	4.05E-03	4.98E-03	
mntA~~~mtsA	6.29E-01	1.48E-04	9.52E-01	-3.29E-03	5.43E-02	2.56E-03	
group_10081	6.31E-01	6.73E-01	9.59E-01	3.11E-04	6.08E-03	2.16E-03	
group_12032	6.29E-01	2.82E-01	8.85E-01	-3.23E-04	2.24E-03	6.11E-03	
group_12507	6.26E-01	4.10E-02	9.69E-01	-7.44E-05	1.91E-03	1.65E-03	
group_11079	6.26E-01	1.85E-04	9.72E-01	-2.15E-04	6.18E-03	1.47E-03	
mltF~~~artP_1~~~artP~~~artP_2	6.26E-01	6.76E-04	9.87E-01	-5.27E-05	3.31E-03	6.73E-04	
group_10714	6.26E-01	7.81E-09	9.78E-01	-1.73E-04	6.14E-03	1.19E-03	
group_10611	6.26E-01	1.00E-05	9.86E-01	8.25E-04	4.70E-02	7.43E-04	
group_5538	6.26E-01	6.50E-03	9.98E-01	-1.08E-05	4.02E-03	1.13E-04	
group_14777	6.22E-01	7.63E-03	9.72E-01	-1.84E-04	5.29E-03	1.47E-03	
msbA_2~~~msbA~~~ndvA~~~yheH_1~~~irtB~~~btuD_11	6.22E-01	1.64E-01	8.96E-01	-7.86E-04	6.03E-03	5.51E-03	
group_11480	6.22E-01	2.62E-06	8.59E-01	-9.15E-03	5.15E-02	7.52E-03	
hutU~~~hutU_2~~~hutU_1	6.22E-01	1.66E-10	9.96E-01	2.39E-05	4.62E-03	2.19E-04	
group_10375	6.22E-01	9.69E-01	9.80E-01	-1.01E-04	4.05E-03	1.06E-03	
rlmCD~~~rlmCD_1~~~rlmCD_2	6.22E-01	8.24E-04	5.50E-01	-1.68E-03	2.81E-03	2.53E-02	
dapE_2~~~argE~~~argE_1~~~dapE_1	6.22E-01	5.78E-05	9.68E-01	-1.94E-03	4.79E-02	1.72E-03	
xynA1_2~~~xynA1	6.20E-01	1.72E-09	6.12E-01	-3.72E-02	7.34E-02	2.14E-02	
group_10859	6.20E-01	1.72E-09	9.64E-01	-2.52E-03	5.52E-02	1.93E-03	
cbpA_2~~~cbpA~~~cbpA_1~~~cbpA_3	6.20E-01	1.32E-08	4.92E-01	2.02E-03	2.94E-03	2.91E-02	
COQ3~~~COQ5_3~~~COQ5_2~~~yrrT~~~COQ5_4	6.17E-01	1.90E-05	9.98E-01	1.63E-05	5.34E-03	1.29E-04	
cinA~~~cinA_2	6.17E-01	6.54E-01	7.02E-01	8.51E-03	2.22E-02	1.62E-02	
group_10245	6.17E-01	9.64E-03	9.80E-01	-9.03E-05	3.55E-03	1.07E-03	
ypwA	6.15E-01	3.58E-10	9.84E-01	1.25E-04	6.16E-03	8.60E-04	
group_9013	6.15E-01	3.52E-04	9.53E-01	-2.39E-04	4.06E-03	2.50E-03	
group_9012	6.15E-01	1.21E-01	8.76E-01	-4.62E-04	2.97E-03	6.58E-03	
group_7543	6.15E-01	2.96E-09	9.48E-01	-4.02E-04	6.16E-03	2.76E-03	
group_10694	6.13E-01	4.33E-10	9.97E-01	1.83E-05	4.60E-03	1.69E-04	
group_7973	6.13E-01	3.53E-09	9.84E-01	-8.93E-05	4.36E-03	8.66E-04	
exuR_1~~~purR_2~~~exuR_2~~~purR~~~purR_3	6.13E-01	1.69E-07	9.74E-01	-8.70E-05	2.66E-03	1.38E-03	
group_11674	6.11E-01	4.32E-04	9.64E-01	-2.76E-04	6.16E-03	1.89E-03	
group_8877	6.11E-01	4.21E-09	9.95E-01	1.07E-05	1.78E-03	2.53E-04	
mshA_2~~~bshA~~~mshA	6.11E-01	4.21E-09	9.48E-01	-4.03E-04	6.15E-03	2.77E-03	
group_8700	6.10E-01	3.57E-08	9.95E-01	-3.48E-05	5.31E-03	2.77E-04	
group_7544	6.10E-01	5.00E-09	9.41E-01	-4.52E-04	6.14E-03	3.12E-03	
group_6148	6.10E-01	2.29E-07	9.77E-01	-7.00E-05	2.39E-03	1.24E-03	
group_9026	6.08E-01	4.20E-08	9.95E-01	-3.47E-05	5.31E-03	2.76E-04	
hutI~~~hutI_3~~~hutI_1~~~hutI_2	6.06E-01	9.04E-10	9.98E-01	1.22E-05	4.60E-03	1.13E-04	
group_9820	6.06E-01	3.94E-05	8.94E-01	-7.01E-04	5.26E-03	5.64E-03	
nagB_1~~~nagB_4~~~gamA_2	6.06E-01	1.91E-03	9.97E-01	-1.27E-05	3.36E-03	1.60E-04	
group_8162	6.04E-01	2.87E-01	9.71E-01	-8.11E-05	2.23E-03	1.54E-03	
group_7851	6.04E-01	8.35E-09	7.09E-01	-5.95E-04	1.59E-03	1.58E-02	
trxB_1~~~trxB_2~~~trxB	6.04E-01	3.58E-07	5.67E-01	-1.12E-03	1.95E-03	2.42E-02	
kbl~~~kbl_1~~~kbl_2	6.01E-01	1.17E-08	7.19E-01	1.01E-03	2.82E-03	1.52E-02	
trxA~~~trxA_2	6.01E-01	1.17E-08	7.09E-01	-5.95E-04	1.59E-03	1.58E-02	
group_12446	6.02E-01	1.69E-01	3.98E-01	2.04E-02	2.42E-02	3.57E-02	
acsA~~~acs_1~~~acs~~~acs_2~~~acsA_1~~~acsA_2	5.99E-01	7.27E-01	9.73E-01	-2.07E-04	6.08E-03	1.44E-03	
group_5963	5.99E-01	1.99E-02	2.55E-01	3.91E-02	3.43E-02	4.81E-02	
group_6233	5.97E-01	7.09E-01	9.74E-01	-1.75E-04	5.28E-03	1.40E-03	
sigK~~~sigK_1~~~sigK_2~~~rpoS~~~rpoD	5.94E-01	5.50E-02	5.29E-01	2.11E-03	3.36E-03	2.66E-02	
fchA_2~~~fchA_1	5.94E-01	3.08E-09	8.97E-01	-5.95E-04	4.59E-03	5.48E-03	
group_10392	5.94E-01	1.55E-01	8.56E-15	-2.48E-01	3.11E-02	3.20E-01	
tdh~~~tdh_2~~~tdh_1	5.92E-01	3.65E-09	7.23E-01	9.99E-04	2.82E-03	1.50E-02	
menE~~~lcfB_2~~~lcfB_1~~~lcfB_3	5.94E-01	9.32E-01	8.48E-01	-6.11E-03	3.19E-02	8.11E-03	
group_11075	5.90E-01	6.21E-11	9.50E-01	2.55E-04	4.07E-03	2.65E-03	
gcvH~~~gcvH_2	5.88E-01	6.47E-06	9.86E-01	-7.59E-05	4.38E-03	7.33E-04	
gcvT~~~gcvT_2~~~glyA_1~~~glyA_2	5.88E-01	6.47E-06	9.89E-01	-5.33E-05	3.70E-03	6.09E-04	
leuA~~~leuA_1~~~leuA_2	5.90E-01	8.41E-01	8.88E-01	-3.54E-03	2.50E-02	5.99E-03	
leuC	5.88E-01	2.25E-07	8.47E-01	-1.19E-03	6.19E-03	8.14E-03	
rhaR_2~~~rhaR_5~~~rhaR_4~~~rhaR_11~~~rhaR_9~~~rhaR_7~~~rhaR_3	5.85E-01	4.87E-08	8.73E-01	1.32E-02	8.24E-02	6.76E-03	
group_11534	5.83E-01	5.67E-08	9.73E-01	1.05E-04	3.10E-03	1.44E-03	
group_10847	5.83E-01	5.67E-08	9.31E-02	7.88E-02	4.69E-02	7.10E-02	
group_12660	5.81E-01	6.58E-04	9.84E-01	-8.53E-05	4.37E-03	8.27E-04	
yclM_1~~~yclM_2~~~yclM	5.81E-01	2.17E-06	8.62E-01	-4.90E-04	2.82E-03	7.35E-03	
group_4753	5.81E-01	9.78E-09	9.44E-01	-2.68E-03	3.81E-02	2.97E-03	
group_11141	5.79E-01	1.65E-01	2.04E-06	1.06E-01	2.20E-02	1.99E-01	
group_10567	5.81E-01	3.59E-01	7.76E-01	-9.52E-03	3.34E-02	1.20E-02	
putP_2~~~putP_3~~~putP_1~~~panF	5.79E-01	4.02E-02	7.30E-01	3.54E-02	1.03E-01	1.46E-02	
group_7313	5.78E-01	4.27E-02	9.95E-01	-1.64E-05	2.67E-03	2.60E-04	
group_6261	5.79E-01	8.56E-02	6.67E-01	2.07E-01	4.82E-01	1.82E-02	
group_11981	5.76E-01	6.50E-05	9.71E-02	4.71E-02	2.83E-02	7.01E-02	
group_10627	5.76E-01	7.68E-03	9.87E-01	4.32E-05	2.59E-03	7.04E-04	
auaH~~~fcl~~~gerKI	5.76E-01	6.50E-05	5.91E-01	-8.77E-04	1.63E-03	2.27E-02	
group_12060	5.74E-01	2.77E-04	7.96E-01	6.87E-04	2.66E-03	1.09E-02	
group_11980	5.74E-01	7.25E-05	1.32E-01	4.22E-02	2.80E-02	6.37E-02	
group_3747	5.74E-01	1.83E-08	9.15E-01	-4.72E-04	4.40E-03	4.54E-03	
group_10348	5.72E-01	1.37E-07	9.94E-01	-3.84E-05	5.33E-03	3.05E-04	
srpC~~~chrA1~~~srpC_2~~~hcaB	5.72E-01	7.12E-01	9.34E-01	4.26E-04	5.17E-03	3.49E-03	
group_9599	5.70E-01	1.59E-07	9.94E-01	-3.03E-05	3.92E-03	3.27E-04	
xynA1_1~~~xynA1_3~~~xynA1	5.70E-01	2.49E-08	8.54E-01	8.04E-04	4.37E-03	7.78E-03	
rhaR_3~~~cheB_3~~~cheB_2~~~cheB_5~~~rhaR_8~~~rhaR_11~~~btr~~~cheB~~~rhaR_4	5.70E-01	2.06E-01	9.72E-01	-2.15E-04	6.04E-03	1.51E-03	
group_11692	5.69E-01	2.90E-08	9.48E-01	-5.30E-03	8.10E-02	2.77E-03	
yrpC~~~murI~~~yrpC_1~~~yrpC_2	5.69E-01	2.42E-05	9.39E-01	4.75E-04	6.18E-03	3.25E-03	
hutH~~~hutH_1~~~hutH_2	5.67E-01	3.37E-08	9.98E-01	1.41E-05	4.61E-03	1.29E-04	
group_9994	5.67E-01	1.18E-06	9.45E-01	-2.27E-04	3.29E-03	2.92E-03	
lacG_2~~~bglA~~~bglA_2~~~bglA_3~~~bglA_1	5.67E-01	1.18E-06	8.90E-01	3.13E-04	2.27E-03	5.83E-03	
group_7429	5.69E-01	1.16E-01	9.47E-01	3.51E-04	5.32E-03	2.79E-03	
xylB_3~~~xylB_5~~~xylB_2~~~xylB_1~~~xylB_4	5.65E-01	5.69E-09	5.23E-01	3.51E-02	5.49E-02	2.70E-02	
cbiM_2~~~cbiM~~~larMN	5.67E-01	6.61E-01	9.96E-01	-2.42E-05	5.33E-03	1.92E-04	
spoIVB	5.65E-01	3.03E-05	4.37E-01	4.01E-02	5.16E-02	3.29E-02	
group_12659	5.63E-01	4.77E-03	5.27E-01	-1.61E-03	2.54E-03	2.68E-02	
group_10068	5.65E-01	2.89E-02	9.70E-01	1.14E-03	3.02E-02	1.59E-03	
thrC_2~~~thrC_1~~~thrC~~~thrC_3~~~thrC_4	5.61E-01	3.38E-05	9.88E-01	-8.23E-05	5.34E-03	6.52E-04	
group_11561	5.58E-01	6.53E-04	9.83E-01	-1.32E-04	6.16E-03	9.05E-04	
zupT~~~zupT_2	5.58E-01	1.54E-01	4.84E-01	1.72E-02	2.46E-02	2.96E-02	
group_12456	5.56E-01	1.22E-05	8.84E-01	-6.36E-04	4.36E-03	6.17E-03	
group_11456	5.58E-01	1.54E-01	4.35E-01	1.86E-02	2.38E-02	3.30E-02	
group_10126	5.56E-01	1.22E-05	4.45E-01	4.16E-02	5.45E-02	3.23E-02	
rlmA~~~rlmA_1~~~rlmA_2	5.54E-01	9.33E-08	1.45E-01	-1.30E-01	8.92E-02	6.16E-02	
group_3983	5.54E-01	2.88E-06	9.96E-01	-8.79E-06	1.86E-03	1.99E-04	
ppa	5.53E-01	6.24E-07	6.63E-01	-8.02E-04	1.84E-03	1.84E-02	
group_11031	5.49E-01	1.02E-03	8.74E-01	-8.49E-04	5.34E-03	6.72E-03	
group_10460	5.47E-01	7.14E-01	3.76E-01	-2.02E-02	2.28E-02	3.75E-02	
cat3	5.47E-01	5.22E-02	9.98E-01	-5.53E-06	2.64E-03	8.86E-05	
group_10029	5.47E-01	2.15E-05	8.55E-01	-2.99E-04	1.63E-03	7.73E-03	
group_10624	5.45E-01	4.17E-02	2.25E-02	1.01E-01	4.44E-02	9.63E-02	
ldh_2~~~mdh~~~ldh_1~~~ldh	5.47E-01	4.87E-01	9.89E-01	-5.71E-05	4.02E-03	6.01E-04	
fruF~~~ytfT	5.45E-01	1.12E-01	9.24E-01	5.70E-04	5.98E-03	4.03E-03	
group_11660	5.44E-01	4.00E-04	8.73E-01	-8.61E-04	5.37E-03	6.78E-03	
group_10357	5.44E-01	6.80E-01	7.67E-01	-4.89E-03	1.65E-02	1.25E-02	
group_9648	5.44E-01	1.32E-03	6.76E-02	2.36E-01	1.29E-01	7.72E-02	
group_9519	5.44E-01	5.04E-09	7.91E-01	-1.63E-03	6.14E-03	1.12E-02	
group_9300	5.44E-01	2.63E-02	3.16E-02	-1.48E-01	6.88E-02	9.08E-02	
group_12375	5.40E-01	3.33E-05	9.95E-01	9.64E-06	1.62E-03	2.51E-04	
group_11048	5.40E-01	9.09E-10	9.28E-01	7.93E-03	8.82E-02	3.80E-03	
group_10428	5.40E-01	4.60E-08	9.79E-01	-1.61E-04	6.16E-03	1.11E-03	
group_12523	5.38E-01	1.70E-03	6.31E-01	-1.01E-03	2.11E-03	2.03E-02	
xerC_6~~~xerC_4~~~IntTn_5~~~xerC_5~~~xerC_8~~~xerC_14~~~xerC_2~~~xerC~~~xerC_7~~~xerC_1	5.40E-01	1.57E-03	5.56E-01	-1.09E-03	1.84E-03	2.49E-02	
group_11526	5.40E-01	4.81E-04	8.06E-01	8.52E-03	3.47E-02	1.04E-02	
araQ_5~~~araQ_2~~~araQ_1~~~lacF_4~~~araQ_4~~~lacF_1~~~lacF	5.37E-01	4.13E-05	9.05E-01	-2.49E-04	2.07E-03	5.07E-03	
yqeN	5.35E-01	4.14E-07	7.82E-05	-5.03E-01	1.26E-01	1.66E-01	
group_10553	5.35E-01	1.06E-08	9.95E-01	-2.77E-05	4.38E-03	2.67E-04	
group_8946	5.35E-01	6.31E-04	5.69E-02	-1.40E-01	7.34E-02	8.04E-02	
group_8745	5.35E-01	6.31E-04	9.49E-01	1.56E-04	2.45E-03	2.69E-03	
pyrB~~~pyrB_1~~~pyrB_2	5.35E-01	1.49E-01	8.87E-01	4.63E-04	3.27E-03	6.00E-03	
group_4432	5.35E-01	2.65E-01	9.62E-01	-2.18E-03	4.62E-02	2.00E-03	
group_10900	5.31E-01	5.35E-07	4.72E-03	-2.59E-01	9.12E-02	1.19E-01	
group_9273	5.33E-01	1.56E-01	9.47E-01	-4.02E-04	6.07E-03	2.80E-03	
fruE~~~ytfQ_1	5.31E-01	2.86E-01	7.85E-01	6.08E-03	2.22E-02	1.16E-02	
group_11042	5.31E-01	5.35E-07	1.89E-01	-1.10E-01	8.39E-02	5.55E-02	
group_8022	5.29E-01	2.96E-01	7.88E-01	5.89E-03	2.19E-02	1.14E-02	
btuD_2~~~fruK	5.29E-01	2.96E-01	7.85E-01	6.06E-03	2.22E-02	1.15E-02	
mepA_3~~~mepA_7	5.28E-01	2.77E-03	4.88E-01	-4.79E-01	6.90E-01	2.93E-02	
group_10764	5.28E-01	6.94E-05	9.62E-01	-1.40E-04	2.96E-03	2.00E-03	
zupT_1~~~zupT_2~~~zupT	5.28E-01	1.89E-08	9.57E-01	1.74E-04	3.22E-03	2.29E-03	
group_9697	5.28E-01	8.97E-04	9.99E-01	6.65E-06	4.62E-03	6.09E-05	
agaA_1~~~agaA_2~~~nagA_2~~~agaA_4~~~nagA~~~nagA_1	5.28E-01	1.20E-07	9.16E-01	-4.28E-04	4.05E-03	4.47E-03	
csdA~~~csd_1~~~csd~~~sufS~~~sufS_1	5.26E-01	2.99E-03	4.19E-06	-6.66E-01	1.43E-01	1.93E-01	
group_9709	5.26E-01	2.18E-08	9.79E-01	1.19E-03	4.45E-02	1.13E-03	
group_12310	5.24E-01	1.06E-03	9.59E-01	-1.02E-04	1.95E-03	2.20E-03	
group_12085	5.24E-01	8.90E-03	6.55E-01	-8.78E-04	1.96E-03	1.89E-02	
group_10608	5.24E-01	1.06E-03	7.15E-01	-1.85E-02	5.05E-02	1.55E-02	
group_7624	5.24E-01	3.30E-01	7.90E-01	5.80E-03	2.18E-02	1.13E-02	
blaI_2~~~blaI_3~~~blaI_1~~~blaI~~~blaI_5~~~blaI_4	5.24E-01	7.52E-01	4.69E-01	-1.96E-03	2.70E-03	3.06E-02	
group_12005	5.22E-01	1.16E-03	9.97E-01	4.92E-04	1.15E-01	1.81E-04	
group_11474	5.20E-01	1.26E-03	9.97E-01	-9.54E-06	3.00E-03	1.35E-04	
mrnC~~~mrnC_1~~~mrnC_2	5.20E-01	1.26E-03	9.97E-01	-9.54E-06	3.00E-03	1.35E-04	
group_11046	5.20E-01	3.77E-03	9.12E-01	-9.13E-03	8.28E-02	4.66E-03	
group_9664	5.20E-01	1.13E-06	8.92E-01	-2.59E-02	1.91E-01	5.74E-03	
betI	5.20E-01	2.04E-07	9.78E-01	-1.51E-04	5.38E-03	1.19E-03	
xylB_2~~~xylB_6~~~xylB_5~~~xylB_3~~~xylB_1	5.20E-01	2.04E-07	9.97E-01	-1.78E-05	5.38E-03	1.40E-04	
fucA	5.20E-01	2.04E-07	9.97E-01	-1.78E-05	5.38E-03	1.40E-04	
gabR	5.20E-01	2.04E-07	9.01E-01	9.27E-03	7.46E-02	5.26E-03	
group_6861	5.20E-01	2.04E-07	9.97E-01	-1.80E-05	5.38E-03	1.41E-04	
group_12661	5.19E-01	1.14E-04	5.98E-01	-1.13E-03	2.15E-03	2.23E-02	
group_12466	5.19E-01	2.32E-07	7.71E-01	-4.70E-04	1.61E-03	1.23E-02	
nqrC	5.20E-01	3.77E-03	9.12E-02	5.39E-02	3.18E-02	7.14E-02	
rqcH~~~rqcH_2~~~rqcH_1	5.19E-01	1.37E-03	9.97E-01	-9.53E-06	3.00E-03	1.35E-04	
group_10956	5.19E-01	1.28E-06	5.93E-04	-3.79E-01	1.10E-01	1.45E-01	
group_7238	5.19E-01	4.07E-03	4.42E-01	1.54E-02	2.00E-02	3.25E-02	
group_6235	5.19E-01	6.34E-06	9.99E-01	-2.85E-06	1.72E-03	7.03E-05	
group_12389	5.17E-01	7.10E-06	7.57E-01	4.30E-04	1.39E-03	1.31E-02	
group_12001	5.17E-01	1.26E-04	9.21E-01	-1.72E-04	1.74E-03	4.19E-03	
group_11625	5.19E-01	4.07E-03	9.13E-02	5.38E-02	3.18E-02	7.14E-02	
group_10725	5.17E-01	2.64E-07	9.55E-01	-4.29E-03	7.66E-02	2.37E-03	
mepM	5.17E-01	1.26E-04	8.11E-01	7.89E-04	3.30E-03	1.01E-02	
group_7286	5.17E-01	2.64E-07	9.97E-01	-2.68E-05	6.21E-03	1.83E-04	
aatB~~~aspC_3~~~aspC_2~~~aruH~~~aspC	5.15E-01	1.39E-04	9.68E-01	-6.25E-05	1.58E-03	1.67E-03	
group_11596	5.15E-01	1.63E-06	9.47E-01	-3.65E-03	5.47E-02	2.82E-03	
pcrA_3~~~rep~~~yjcD~~~psuG	5.15E-01	7.47E-09	8.62E-01	7.60E-04	4.37E-03	7.35E-03	
gloC~~~baeB	5.15E-01	1.63E-06	9.52E-01	-6.00E-03	9.88E-02	2.57E-03	
group_8045	5.15E-01	3.50E-05	1.00E+00	-8.08E-07	1.59E-03	2.15E-05	
group_7250	5.15E-01	3.00E-07	5.99E-01	-3.94E-01	7.49E-01	2.22E-02	
thyX~~~thyX_3~~~thyX_2	5.15E-01	1.63E-06	6.13E-01	-9.31E-04	1.84E-03	2.14E-02	
group_6817	5.15E-01	3.00E-07	5.19E-08	-9.35E-01	1.69E-01	2.27E-01	
lgt~~~lgt_1	5.15E-01	3.00E-07	5.19E-08	-9.35E-01	1.69E-01	2.27E-01	
group_6018	5.15E-01	3.00E-07	9.83E-01	-3.97E-05	1.84E-03	9.11E-04	
group_12500	5.13E-01	1.43E-01	8.59E-01	-3.38E-04	1.90E-03	7.51E-03	
group_9384	5.13E-01	3.41E-07	9.88E-01	-1.24E-03	8.16E-02	6.42E-04	
sdaA~~~tdcG~~~sdaB~~~sdaA_2~~~sdaA_1	5.13E-01	5.71E-08	9.20E-01	-5.40E-04	5.34E-03	4.27E-03	
group_8133	5.13E-01	3.41E-07	9.47E-01	-6.21E-03	9.41E-02	2.79E-03	
group_7668	5.13E-01	3.41E-07	8.81E-01	-2.87E-02	1.92E-01	6.33E-03	
group_7329	5.13E-01	3.41E-07	9.04E-01	-1.81E-02	1.50E-01	5.11E-03	
group_6818	5.13E-01	5.71E-08	9.97E-01	2.21E-05	6.18E-03	1.51E-04	
addA~~~addA_2~~~addA_3	5.13E-01	5.71E-08	9.95E-01	3.16E-05	4.62E-03	2.89E-04	
group_5921	5.13E-01	1.83E-06	9.68E-01	-1.61E-03	4.05E-02	1.68E-03	
group_4162	5.13E-01	3.41E-07	3.47E-03	-2.75E-01	9.36E-02	1.23E-01	
group_4033	5.13E-01	5.71E-08	7.36E-01	2.72E-01	8.08E-01	1.42E-02	
group_2091	5.13E-01	5.71E-08	7.36E-01	2.72E-01	8.08E-01	1.42E-02	
group_14614	5.12E-01	3.86E-07	1.06E-04	-4.80E-01	1.23E-01	1.63E-01	
group_12306	5.12E-01	3.86E-07	9.85E-01	-1.85E-03	1.01E-01	7.69E-04	
rhaM_1~~~rhaM	5.12E-01	2.06E-06	4.34E-02	-1.31E-01	6.46E-02	8.53E-02	
cbiK	5.13E-01	1.75E-03	1.11E-01	4.62E-02	2.89E-02	6.74E-02	
galK_2~~~galK	5.12E-01	6.52E-08	5.59E-01	2.38E-02	4.07E-02	2.48E-02	
btuF~~~btuF_1	5.12E-01	3.86E-07	3.69E-01	-4.85E-02	5.39E-02	3.80E-02	
hepA	5.12E-01	6.52E-08	6.38E-01	-2.56E-02	5.44E-02	1.99E-02	
group_4397	5.12E-01	6.52E-08	9.22E-01	2.29E-02	2.35E-01	4.13E-03	
pdaA	5.12E-01	6.52E-08	9.21E-01	2.37E-02	2.40E-01	4.18E-03	
group_12625	5.10E-01	7.45E-08	4.06E-01	3.72E-02	4.48E-02	3.51E-02	
rhaA_1~~~rhaA~~~rhaA_2	5.10E-01	2.32E-06	9.02E-01	-4.83E-04	3.92E-03	5.21E-03	
group_10383	5.10E-01	4.38E-07	9.98E-01	-7.99E-06	3.00E-03	1.13E-04	
group_10347	5.10E-01	4.38E-07	9.54E-01	-4.66E-03	8.15E-02	2.42E-03	
fdx	5.10E-01	4.38E-07	9.65E-01	-2.93E-03	6.73E-02	1.84E-03	
group_10210	5.12E-01	9.91E-06	9.11E-01	4.07E-04	3.65E-03	4.72E-03	
group_8028	5.10E-01	7.45E-08	8.79E-01	-9.43E-04	6.18E-03	6.45E-03	
group_7518	5.10E-01	4.38E-07	9.88E-01	-1.16E-03	7.68E-02	6.38E-04	
group_7281	5.10E-01	4.38E-07	8.47E-01	-1.20E-03	6.19E-03	8.17E-03	
group_6078	5.10E-01	7.45E-08	9.64E-01	4.93E-03	1.10E-01	1.90E-03	
murJ_2~~~yeeO_2~~~murJ_3	5.10E-01	7.45E-08	9.42E-01	-4.50E-04	6.20E-03	3.07E-03	
group_3502	5.10E-01	7.45E-08	9.43E-01	-2.48E-04	3.49E-03	3.00E-03	
group_11185	5.08E-01	4.95E-07	8.19E-01	-2.50E-02	1.09E-01	9.68E-03	
recQ~~~recQ_2~~~recQ_1	5.08E-01	8.50E-08	9.23E-01	-4.25E-04	4.40E-03	4.09E-03	
ilvK~~~ldh~~~ldh_2	5.08E-01	4.95E-07	9.84E-01	-1.25E-04	6.16E-03	8.61E-04	
group_7424	5.08E-01	8.50E-08	9.93E-01	-1.10E-03	1.21E-01	3.84E-04	
group_6478	5.08E-01	8.50E-08	9.84E-01	2.17E-03	1.10E-01	8.38E-04	
group_6373	5.08E-01	8.50E-08	3.54E-01	5.33E-02	5.74E-02	3.92E-02	
group_6244	5.08E-01	1.63E-02	8.56E-01	-1.11E-03	6.13E-03	7.67E-03	
malT~~~pknK	5.08E-01	4.95E-07	8.74E-01	-8.53E-04	5.37E-03	6.72E-03	
group_14698	5.06E-01	9.68E-08	9.97E-01	-2.50E-05	6.19E-03	1.71E-04	
group_12044	5.06E-01	2.86E-01	9.16E-01	2.01E-04	1.91E-03	4.46E-03	
group_7113	5.06E-01	9.68E-08	9.72E-01	2.81E-03	7.97E-02	1.49E-03	
group_6867	5.06E-01	5.60E-07	9.90E-01	-7.45E-05	6.20E-03	5.08E-04	
adaA~~~rhaS_1~~~rhaR_1~~~rhaR_9~~~rhaR_8~~~rhaR_4~~~rhaR_7	5.06E-01	5.60E-07	8.47E-01	-1.19E-03	6.19E-03	8.16E-03	
group_6058	5.06E-01	9.68E-08	9.81E-01	-1.45E-04	6.20E-03	9.86E-04	
group_4857	5.06E-01	9.68E-08	9.75E-01	-1.96E-04	6.19E-03	1.34E-03	
rhaR_9~~~rhaR_13~~~rhaR_3~~~rhaR_7~~~rhaR_5~~~araC_2~~~rhaR_4	5.06E-01	9.68E-08	9.97E-01	1.34E-05	3.93E-03	1.44E-04	
mtnB	5.06E-01	9.68E-08	6.38E-01	-2.56E-02	5.43E-02	1.99E-02	
group_10361	5.04E-01	6.33E-07	9.99E-01	3.87E-06	6.16E-03	2.66E-05	
group_7876	5.04E-01	1.10E-07	7.10E-02	-1.14E-01	6.33E-02	7.63E-02	
prsW_2	5.04E-01	1.10E-07	9.85E-01	1.79E-03	9.38E-02	8.05E-04	
group_7333	5.04E-01	6.33E-07	9.97E-01	-2.10E-05	5.38E-03	1.65E-04	
cymR_1~~~iscR_1	5.04E-01	1.10E-07	9.76E-01	-1.59E-04	5.37E-03	1.25E-03	
tdh_1~~~ydjJ_2~~~rspB~~~tdh_2	5.04E-01	1.10E-07	9.97E-01	1.33E-05	3.93E-03	1.43E-04	
aroB_2~~~aroB~~~aroB_1	5.04E-01	1.10E-07	9.99E-01	1.04E-05	6.19E-03	7.08E-05	
group_6463	5.04E-01	1.10E-07	9.35E-01	-4.94E-04	6.10E-03	3.43E-03	
group_4239	5.04E-01	1.10E-07	9.96E-01	2.96E-05	6.19E-03	2.02E-04	
aptB_1	5.04E-01	1.10E-07	9.96E-01	2.96E-05	6.19E-03	2.02E-04	
group_12214	5.03E-01	1.25E-07	9.98E-01	1.39E-05	4.61E-03	1.28E-04	
group_12152	5.03E-01	7.15E-07	7.41E-01	-5.05E-04	1.52E-03	1.40E-02	
group_7609	5.03E-01	1.25E-07	9.99E-01	-4.36E-06	3.93E-03	4.70E-05	
group_4127	5.03E-01	1.25E-07	9.99E-01	6.21E-06	6.19E-03	4.24E-05	
group_12329	5.01E-01	1.43E-07	9.00E-01	4.49E-04	3.57E-03	5.31E-03	
group_9840	5.01E-01	8.06E-07	9.99E-01	8.64E-06	6.17E-03	5.92E-05	
group_9662	5.01E-01	1.89E-05	7.39E-01	-2.04E-03	6.12E-03	1.41E-02	
group_8110	5.01E-01	4.11E-06	9.97E-01	-1.91E-05	4.61E-03	1.75E-04	
group_6884	5.01E-01	1.43E-07	8.51E-01	-1.16E-03	6.16E-03	7.93E-03	
group_6584	5.01E-01	1.43E-07	9.85E-01	1.30E-03	6.81E-02	8.10E-04	
yfnB~~~yjjG	5.01E-01	4.11E-06	8.97E-01	-5.67E-04	4.37E-03	5.48E-03	
group_5350	5.01E-01	1.43E-07	9.73E-01	1.06E-04	3.10E-03	1.45E-03	
group_5241	5.01E-01	1.43E-07	1.00E+00	-3.02E-06	5.37E-03	2.38E-05	
group_3209	5.01E-01	1.43E-07	9.85E-01	1.30E-03	6.81E-02	8.10E-04	
glmS_2~~~glmS_1	5.01E-01	2.27E-08	9.21E-01	1.07E-02	1.08E-01	4.21E-03	
group_12478	4.99E-01	3.21E-04	6.96E-01	-6.70E-04	1.71E-03	1.65E-02	
group_11673	4.99E-01	3.27E-03	9.66E-01	-2.66E-04	6.17E-03	1.82E-03	
group_10339	4.99E-01	2.60E-08	9.46E-01	2.39E-04	3.55E-03	2.85E-03	
group_10100	4.99E-01	9.09E-07	9.44E-01	-2.60E-04	3.70E-03	2.97E-03	
group_7657	4.99E-01	1.62E-07	7.05E-01	1.52E-02	4.01E-02	1.60E-02	
group_6899	4.99E-01	2.60E-08	9.98E-01	9.16E-06	3.51E-03	1.10E-04	
lsrK~~~xylB_6~~~xylB_3	4.99E-01	1.62E-07	9.98E-01	1.52E-05	6.17E-03	1.05E-04	
group_6413	4.99E-01	1.62E-07	1.00E+00	-3.11E-06	5.37E-03	2.45E-05	
group_3257	4.99E-01	1.62E-07	9.89E-01	8.41E-05	6.17E-03	5.76E-04	
intQ_3~~~xerC_12~~~xerC_1~~~xerC_5~~~xerC_4~~~xerC_11~~~xerC_7	4.97E-01	2.37E-02	7.29E-01	6.10E-04	1.76E-03	1.47E-02	
group_7535	4.97E-01	1.17E-03	5.83E-01	1.31E-03	2.38E-03	2.32E-02	
group_6887	4.97E-01	1.84E-07	9.99E-01	8.90E-06	5.37E-03	7.01E-05	
group_6624	4.97E-01	1.84E-07	7.50E-01	1.14E-02	3.57E-02	1.35E-02	
group_6259	4.97E-01	1.84E-07	9.81E-01	-1.47E-04	6.18E-03	1.01E-03	
group_5975	4.97E-01	1.84E-07	7.42E-01	-1.36E-02	4.11E-02	1.39E-02	
group_12393	4.97E-01	1.78E-01	9.62E-01	9.64E-05	2.02E-03	2.02E-03	
xynA1_2~~~xynA1_1	4.96E-01	2.08E-07	9.92E-01	-4.40E-05	4.60E-03	4.05E-04	
group_8435	4.96E-01	3.39E-08	9.95E-01	3.75E-05	6.20E-03	2.55E-04	
group_6823	4.96E-01	2.08E-07	9.97E-01	1.64E-04	5.03E-02	1.38E-04	
group_5351	4.96E-01	2.08E-07	9.96E-01	-1.82E-05	3.57E-03	2.15E-04	
group_4037	4.96E-01	2.08E-07	9.80E-01	-1.58E-04	6.16E-03	1.08E-03	
group_9454	4.94E-01	1.10E-02	7.91E-01	-1.59E-03	6.00E-03	1.12E-02	
group_9440	4.94E-01	2.36E-07	1.00E+00	1.22E-06	2.30E-03	2.25E-05	
mepA_7~~~mepA_1~~~mepA_3~~~mepA_2~~~mepA_6	4.96E-01	1.27E-03	8.26E-01	5.53E-04	2.52E-03	9.29E-03	
group_4042	4.94E-01	2.36E-07	9.92E-01	-4.73E-04	4.92E-02	4.07E-04	
group_2107	4.94E-01	2.36E-07	9.51E-01	-3.80E-04	6.14E-03	2.62E-03	
group_12088	4.94E-01	1.19E-01	9.75E-01	-7.99E-05	2.56E-03	1.32E-03	
sasA_11~~~sasA_4~~~sasA_9~~~cusS~~~walK_2~~~sasA_8~~~resE_2~~~sasA_7~~~sasA_10~~~walK_1~~~sasA_5~~~sasA_1	4.92E-01	3.17E-05	6.95E-01	-6.11E-04	1.56E-03	1.66E-02	
group_6822	4.92E-01	2.67E-07	9.99E-01	-1.03E-05	6.16E-03	7.04E-05	
group_12513	4.90E-01	1.39E-04	9.79E-01	-4.45E-05	1.72E-03	1.09E-03	
group_12317	4.90E-01	7.96E-06	6.61E-01	7.12E-04	1.62E-03	1.85E-02	
group_10715	4.90E-01	7.96E-06	3.94E-01	3.71E-02	4.35E-02	3.61E-02	
group_7942	4.90E-01	3.01E-07	9.72E-01	1.04E-04	2.92E-03	1.50E-03	
pgcA_3~~~pgcA_2	4.90E-01	3.01E-07	9.71E-01	-2.20E-04	6.15E-03	1.51E-03	
group_5598	4.90E-01	1.63E-06	8.37E-01	-1.27E-03	6.13E-03	8.72E-03	
xerC_10~~~xerC_5~~~intQ~~~xerC_3~~~xerC_11~~~xerC_6~~~xerC_4~~~IntTn_3~~~xerC_2~~~xerC_1~~~xerC_7~~~xerC_9	4.90E-01	3.92E-01	9.25E-01	-1.60E-04	1.69E-03	3.99E-03	
pcp	4.88E-01	3.40E-07	9.26E-01	-5.72E-04	6.14E-03	3.94E-03	
group_10751	4.87E-01	3.84E-07	9.41E-01	2.76E-04	3.70E-03	3.15E-03	
qseB~~~prrA~~~ctrA~~~basR_2~~~ftcR~~~tctD~~~basR~~~mprA	4.85E-01	1.84E-04	6.54E-01	-7.75E-04	1.73E-03	1.89E-02	
group_7386	4.85E-01	7.37E-08	9.98E-01	6.63E-06	2.92E-03	9.59E-05	
azoR_1~~~azoR1~~~azoR	4.85E-01	4.33E-07	1.00E+00	-3.04E-06	6.16E-03	2.09E-05	
group_4693	4.85E-01	4.33E-07	9.35E-01	-3.56E-04	4.36E-03	3.45E-03	
group_3687	4.85E-01	4.33E-07	9.40E-01	-3.47E-04	4.59E-03	3.19E-03	
group_12002	4.83E-01	8.36E-08	9.99E-01	2.52E-06	3.31E-03	3.22E-05	
group_11121	4.83E-01	1.29E-08	7.09E-01	1.71E-03	4.58E-03	1.58E-02	
group_7375	4.83E-01	2.57E-06	6.75E-01	-7.89E-04	1.88E-03	1.77E-02	
group_12308	4.83E-01	3.79E-02	9.46E-01	-2.71E-04	4.03E-03	2.84E-03	
group_10211	4.83E-01	1.22E-05	7.66E-01	-1.18E-02	3.96E-02	1.26E-02	
group_7580	4.81E-01	9.48E-08	9.05E-01	-4.85E-04	4.06E-03	5.05E-03	
group_3374	4.81E-01	5.50E-07	9.84E-01	-8.79E-05	4.37E-03	8.51E-04	
group_12397	4.80E-01	1.68E-08	9.20E-01	6.16E-04	6.15E-03	4.24E-03	
group_12392	4.80E-01	1.07E-07	9.96E-01	-2.00E-05	4.05E-03	2.09E-04	
group_12366	4.80E-01	2.41E-04	6.28E-01	9.23E-04	1.90E-03	2.05E-02	
group_11212	4.80E-01	5.66E-06	6.39E-01	-1.89E-02	4.02E-02	1.99E-02	
group_12332	4.80E-01	2.57E-03	9.11E-01	-1.63E-04	1.46E-03	4.71E-03	
group_11024	4.80E-01	2.04E-07	9.82E-01	-1.63E-03	7.21E-02	9.57E-04	
group_9833	4.78E-01	1.22E-07	9.99E-01	3.53E-06	2.64E-03	5.64E-05	
mepA_1~~~mepA_2~~~mepA_6~~~mepA_5	4.78E-01	6.95E-07	9.86E-01	6.43E-05	3.55E-03	7.66E-04	
rhaM_3~~~rhaM_1	4.78E-01	1.22E-07	9.97E-01	2.02E-05	6.14E-03	1.39E-04	
group_7956	4.78E-01	6.95E-07	9.65E-01	-2.65E-04	6.12E-03	1.83E-03	
group_4052	4.78E-01	1.22E-07	9.62E-01	2.51E-04	5.33E-03	1.99E-03	
comC~~~yjmC~~~yjmC_2~~~yjmC_1	4.78E-01	1.22E-07	9.58E-01	2.11E-04	4.04E-03	2.20E-03	
group_12565	4.76E-01	2.88E-04	6.41E-01	-9.85E-04	2.11E-03	1.97E-02	
group_12000	4.76E-01	4.73E-02	5.77E-01	1.44E-03	2.58E-03	2.36E-02	
group_7726	4.76E-01	2.18E-08	4.44E-02	5.93E-02	2.95E-02	8.49E-02	
group_7650	4.78E-01	1.79E-07	9.94E-01	-3.95E-05	5.35E-03	3.12E-04	
group_11453	4.74E-01	2.04E-05	9.61E-01	-1.96E-04	4.05E-03	2.05E-03	
group_8443	4.74E-01	2.48E-08	8.74E-01	9.72E-04	6.12E-03	6.72E-03	
hmuU~~~hmuU_2~~~btuC_1~~~hmuU_1	4.76E-01	2.08E-02	7.80E-01	1.70E-03	6.09E-03	1.18E-02	
rbsA_3~~~rbsA_4~~~rbsA_6~~~mglA_3~~~rbsA_1~~~rbsA~~~rbsA_2	4.76E-01	2.08E-02	9.70E-02	5.56E-02	3.34E-02	7.01E-02	
group_7336	4.72E-01	9.83E-07	9.99E-01	-3.09E-06	2.32E-03	5.63E-05	
glpQ~~~glpQ_2	4.72E-01	3.07E-01	5.79E-01	3.34E-03	6.01E-03	2.35E-02	
nudC_1	4.71E-01	1.10E-06	9.55E-01	-1.78E-04	3.16E-03	2.39E-03	
group_10153	4.72E-01	1.20E-07	6.80E-23	-3.92E-01	3.81E-02	3.99E-01	
lgt~~~lgt_3~~~lgt_1	4.72E-01	6.90E-07	8.90E-01	-9.80E-03	7.11E-02	5.83E-03	
cbiL	4.72E-01	9.47E-03	7.75E-01	1.74E-03	6.09E-03	1.21E-02	
fpuD~~~yusV	4.72E-01	9.47E-03	7.75E-01	1.74E-03	6.08E-03	1.21E-02	
group_12552	4.71E-01	1.10E-06	9.65E-01	-1.09E-04	2.45E-03	1.88E-03	
group_8622	4.69E-01	6.14E-06	9.80E-01	-8.47E-05	3.31E-03	1.08E-03	
hndD~~~hndD_1	4.71E-01	3.74E-04	9.74E-01	-7.18E-05	2.22E-03	1.37E-03	
gnd~~~gnd_1~~~gnd_2	4.67E-01	1.24E-01	9.54E-01	1.36E-04	2.38E-03	2.42E-03	
group_12442	4.67E-01	4.12E-08	9.69E-01	1.22E-04	3.17E-03	1.62E-03	
cbiC~~~cbiC_1	4.69E-01	1.08E-02	7.75E-01	1.74E-03	6.08E-03	1.21E-02	
cbiA~~~cobB_2	4.69E-01	1.08E-02	7.75E-01	1.74E-03	6.08E-03	1.21E-02	
group_12452	4.65E-01	1.34E-04	6.87E-01	-6.43E-04	1.60E-03	1.70E-02	
group_12434	4.65E-01	1.34E-04	6.67E-01	-8.46E-04	1.96E-03	1.82E-02	
group_11430	4.67E-01	2.26E-01	5.20E-01	1.36E-02	2.11E-02	2.72E-02	
dauR_2~~~dauR_1~~~dauR	4.65E-01	3.55E-02	9.85E-01	-9.93E-05	5.36E-03	7.84E-04	
group_10800	4.65E-01	7.58E-06	9.62E-01	2.52E-04	5.25E-03	2.03E-03	
cbiO~~~cbiO_1~~~ecfA2_2~~~ecfA1_2	4.63E-01	1.42E-01	8.47E-01	5.28E-03	2.74E-02	8.14E-03	
nrfA	4.65E-01	2.21E-06	9.77E-01	-1.72E-03	6.07E-02	1.20E-03	
group_9416	4.65E-01	3.91E-01	8.99E-01	5.09E-04	3.99E-03	5.39E-03	
group_7561	4.63E-01	3.18E-07	9.32E-01	3.04E-04	3.55E-03	3.62E-03	
group_3555	4.65E-01	2.97E-02	1.63E-01	3.95E-02	2.83E-02	5.89E-02	
group_11348	4.62E-01	5.98E-08	9.64E-01	2.75E-04	6.09E-03	1.91E-03	
group_10623	4.62E-01	1.61E-04	8.31E-01	6.46E-04	3.03E-03	9.02E-03	
group_9329	4.63E-01	8.41E-06	9.99E-01	7.51E-06	4.05E-03	7.84E-05	
patA_3~~~patA_1	4.63E-01	8.41E-06	9.99E-01	7.51E-06	4.05E-03	7.84E-05	
lacZ_2~~~lacZ_1~~~lacZ	4.62E-01	4.08E-05	9.99E-01	-6.39E-06	4.01E-03	6.73E-05	
group_12607	4.60E-01	1.76E-04	6.72E-01	-8.32E-04	1.96E-03	1.79E-02	
group_12314	4.60E-01	6.76E-08	9.72E-01	1.18E-04	3.39E-03	1.47E-03	
group_10858	4.62E-01	5.33E-03	9.18E-01	4.48E-04	4.33E-03	4.38E-03	
murJ_2~~~murJ_3~~~murJ_4~~~mdtK_1	4.62E-01	4.98E-03	9.97E-01	1.53E-05	3.80E-03	1.70E-04	
group_9973	4.60E-01	6.76E-08	9.34E-01	1.77E-04	2.15E-03	3.49E-03	
group_9823	4.60E-01	2.15E-06	9.51E-01	-1.93E-04	3.16E-03	2.59E-03	
yafV	4.62E-01	3.33E-02	3.50E-01	2.24E-02	2.39E-02	3.96E-02	
group_6609	4.60E-01	4.01E-07	7.91E-01	9.43E-04	3.56E-03	1.12E-02	
vraR~~~vraR_2	4.58E-01	6.12E-03	6.81E-01	-6.58E-04	1.60E-03	1.74E-02	
group_10775	4.60E-01	4.62E-03	9.35E-01	-5.44E-03	6.65E-02	3.46E-03	
COQ5_3~~~COQ5_4~~~COQ5_1~~~COQ5_2	4.60E-01	8.96E-01	5.64E-01	-1.50E-02	2.61E-02	2.44E-02	
yqeN~~~comEC	4.60E-01	2.79E-07	8.90E-01	-1.16E-02	8.37E-02	5.88E-03	
rnmV	4.60E-01	2.79E-07	9.06E-01	-8.47E-03	7.19E-02	4.98E-03	
group_12373	4.56E-01	5.43E-05	8.66E-01	-5.00E-04	2.96E-03	7.15E-03	
group_12368	4.58E-01	6.74E-04	9.49E-01	-9.76E-05	1.54E-03	2.68E-03	
group_12145	4.56E-01	2.10E-04	5.70E-01	-1.20E-03	2.11E-03	2.41E-02	
cpdA_1	4.56E-01	1.27E-05	9.92E-01	-3.37E-05	3.37E-03	4.23E-04	
group_8794	4.56E-01	1.27E-05	6.50E-01	-8.91E-04	1.96E-03	1.92E-02	
glmM_1~~~glmM_2~~~pgm~~~pgcA_2	4.56E-01	5.05E-07	9.98E-01	-1.01E-05	4.59E-03	9.27E-05	
group_12061	4.56E-01	5.43E-05	9.44E-01	1.40E-04	2.00E-03	2.96E-03	
group_10880	4.55E-01	2.97E-06	9.96E-01	1.06E-05	2.17E-03	2.06E-04	
group_7300	4.55E-01	2.29E-04	8.12E-01	-7.03E-04	2.96E-03	1.01E-02	
group_13689	4.53E-01	3.30E-06	3.00E-01	2.87E-02	2.76E-02	4.39E-02	
lnpD_1~~~lnpD_3~~~lnpD~~~lnpD_2~~~galE	4.55E-01	5.97E-05	9.38E-01	1.53E-04	1.98E-03	3.27E-03	
group_12463	4.53E-01	6.56E-05	6.46E-01	6.57E-04	1.43E-03	1.94E-02	
group_12376	4.53E-01	8.60E-04	9.56E-01	-1.11E-04	1.99E-03	2.35E-03	
group_12078	4.53E-01	7.51E-03	9.17E-01	-1.45E-04	1.39E-03	4.41E-03	
sigK~~~sigK_2~~~sigK_1~~~rpoS~~~rpoS_2	4.53E-01	4.87E-01	9.95E-01	2.40E-05	3.96E-03	2.56E-04	
group_9304	4.55E-01	1.40E-05	9.99E-01	4.26E-06	4.04E-03	4.46E-05	
group_8767	4.53E-01	2.50E-04	6.16E-01	-1.13E-03	2.24E-03	2.12E-02	
allA	4.53E-01	6.34E-07	9.80E-01	8.54E-05	3.38E-03	1.07E-03	
group_3959	4.55E-01	2.48E-03	3.29E-01	2.35E-02	2.40E-02	4.13E-02	
bacC~~~gdh_2~~~kduD~~~gno_2~~~gdh_1	4.51E-01	7.09E-07	9.86E-01	-5.95E-05	3.48E-03	7.22E-04	
group_12207	4.53E-01	6.34E-07	9.78E-01	6.87E-05	2.45E-03	1.18E-03	
group_11339	4.51E-01	3.29E-01	2.13E-01	3.45E-02	2.76E-02	5.27E-02	
group_9595	4.53E-01	5.22E-02	7.80E-02	1.07E-01	6.04E-02	7.45E-02	
pgcA_1~~~pgcA_2~~~pgcA	4.51E-01	4.94E-02	9.81E-01	-1.30E-04	5.32E-03	1.03E-03	
group_7883	4.49E-01	1.39E-07	9.76E-01	1.33E-04	4.35E-03	1.29E-03	
group_12527	4.47E-01	3.33E-03	9.65E-01	6.60E-05	1.49E-03	1.87E-03	
group_12012	4.47E-01	4.53E-06	5.17E-01	-1.70E-03	2.62E-03	2.74E-02	
group_11999	4.47E-01	8.86E-07	9.27E-01	3.98E-04	4.36E-03	3.86E-03	
hcp~~~hcp_1	4.49E-01	4.08E-06	4.92E-01	2.91E-02	4.22E-02	2.91E-02	
csoR_1~~~csoR_2	4.49E-01	3.17E-01	3.93E-13	-1.80E-01	2.42E-02	3.00E-01	
group_7843	4.47E-01	8.86E-07	9.94E-01	1.49E-05	2.02E-03	3.12E-04	
group_11210	4.47E-01	7.50E-03	9.26E-01	9.92E-03	1.06E-01	3.96E-03	
group_11168	4.46E-01	3.52E-04	8.48E-01	-5.66E-04	2.95E-03	8.10E-03	
group_9993	4.46E-01	2.43E-02	7.66E-01	1.19E-03	4.01E-03	1.26E-02	
group_7050	4.47E-01	4.53E-06	3.32E-01	2.32E-02	2.39E-02	4.10E-02	
korB	4.47E-01	4.53E-06	3.32E-01	2.32E-02	2.39E-02	4.10E-02	
ilvE~~~ilvK_1	4.47E-01	9.17E-03	7.62E-01	1.83E-03	6.01E-03	1.28E-02	
group_3810	4.46E-01	3.52E-04	9.30E-01	1.71E-04	1.95E-03	3.72E-03	
xerC_1~~~xerC_4~~~xerC_3~~~xerC_8~~~xerC_12~~~IntTn_2~~~IntTn~~~xerC_17	4.44E-01	3.84E-03	8.93E-01	-2.05E-04	1.53E-03	5.69E-03	
group_12533	4.44E-01	2.53E-05	6.58E-01	-8.18E-04	1.85E-03	1.87E-02	
group_11990	4.44E-01	2.53E-05	9.97E-01	-2.14E-05	6.06E-03	1.49E-04	
group_7051	4.46E-01	5.03E-06	3.34E-01	2.31E-02	2.39E-02	4.09E-02	
group_3871	4.44E-01	1.10E-06	9.91E-01	-3.50E-05	3.16E-03	4.68E-04	
group_12121	4.42E-01	6.17E-06	5.17E-01	-1.70E-03	2.62E-03	2.74E-02	
group_11279	4.44E-01	6.47E-03	9.96E-01	3.38E-05	6.20E-03	2.31E-04	
group_11164	4.42E-01	6.17E-06	9.67E-01	-8.31E-05	2.04E-03	1.73E-03	
group_11073	4.44E-01	6.47E-03	9.72E-01	-2.91E-03	8.22E-02	1.49E-03	
group_9387	4.42E-01	1.14E-04	9.41E-01	-2.17E-04	2.96E-03	3.11E-03	
group_5452	4.42E-01	6.17E-06	9.96E-01	9.46E-06	1.98E-03	2.02E-04	
group_10454	4.42E-01	2.25E-06	7.61E-01	1.42E-02	4.67E-02	1.29E-02	
group_12475	4.39E-01	3.06E-02	9.26E-01	-1.36E-04	1.47E-03	3.92E-03	
group_12144	4.39E-01	4.92E-04	5.62E-01	-1.22E-03	2.11E-03	2.45E-02	
iolC~~~kdgK_2~~~kdgK~~~kdgK_6~~~iolC_1~~~kdgK_4~~~kdgK_1	4.33E-01	1.53E-02	9.63E-01	1.54E-04	3.34E-03	1.94E-03	
hypB~~~ureG	4.33E-01	3.76E-01	2.15E-02	2.13E-01	9.25E-02	9.70E-02	
group_10902	4.33E-01	3.88E-07	8.13E-01	7.28E-03	3.08E-02	1.00E-02	
group_7469	4.33E-01	1.77E-04	9.92E-01	2.37E-05	2.25E-03	4.46E-04	
xerC_3~~~xerC_6~~~xerC_1	4.31E-01	1.62E-02	9.09E-01	2.18E-04	1.91E-03	4.83E-03	
mepA_7~~~mepA_1~~~murJ_3~~~mepA_2~~~mdtK_4~~~mdtK_5~~~murJ_1~~~mepA_5~~~mdtK_6~~~mdtK_1~~~murJ_2	4.31E-01	3.63E-01	9.91E-01	6.13E-05	5.33E-03	4.86E-04	
group_10031	4.33E-01	3.37E-08	9.94E-01	5.41E-04	7.30E-02	3.13E-04	
group_11697	4.30E-01	3.51E-01	8.64E-02	1.19E-01	6.95E-02	7.25E-02	
group_7698	4.30E-01	5.39E-05	6.25E-01	-9.00E-04	1.84E-03	2.07E-02	
group_7316	4.30E-01	2.59E-06	8.26E-01	7.80E-03	3.55E-02	9.29E-03	
pepA~~~pepA_2	4.31E-01	4.91E-05	9.79E-01	1.96E-03	7.38E-02	1.12E-03	
group_12493	4.30E-01	2.34E-03	9.94E-01	-3.90E-05	5.29E-03	3.12E-04	
ftsH_3~~~ftsH4~~~ftsH2	4.30E-01	1.14E-03	7.39E-01	-1.58E-02	4.75E-02	1.41E-02	
group_8678	4.28E-01	2.29E-04	6.14E-01	-1.07E-03	2.11E-03	2.13E-02	
group_7687	4.30E-01	5.39E-05	9.64E-01	3.18E-03	7.14E-02	1.89E-03	
cutC_2~~~cutC	4.30E-01	5.39E-05	9.80E-01	1.71E-03	6.89E-02	1.05E-03	
group_12374	4.24E-01	1.67E-05	9.37E-01	1.13E-04	1.43E-03	3.34E-03	
hypA	4.24E-01	5.00E-01	1.92E-01	6.90E-02	5.28E-02	5.51E-02	
group_11349	4.22E-01	7.47E-07	9.69E-01	2.33E-04	6.08E-03	1.62E-03	
group_12514	4.21E-01	1.09E-03	5.44E-01	1.39E-03	2.29E-03	2.57E-02	
traG	4.21E-01	5.28E-02	9.16E-01	-1.80E-04	1.69E-03	4.48E-03	
group_8847	4.22E-01	2.50E-03	9.97E-01	2.13E-05	5.36E-03	1.68E-04	
cytR_1~~~purR~~~purR_2~~~cytR~~~exuR_2~~~ccpA~~~purR_3	4.21E-01	5.28E-02	9.27E-01	3.03E-04	3.30E-03	3.89E-03	
cbiN	4.19E-01	1.58E-01	9.29E-01	-2.67E-04	3.01E-03	3.76E-03	
xerC_19~~~xerC_10~~~xerC_15~~~xerC_14~~~xerC_1~~~xerC_6~~~xerC_9~~~xerC_5~~~xerC_8~~~xerC_4~~~xerC_13~~~xerC_11~~~xerC_7~~~xerC_3	4.19E-01	2.22E-05	9.51E-01	9.04E-05	1.47E-03	2.60E-03	
group_12667	4.17E-01	2.44E-05	9.77E-01	6.02E-05	2.06E-03	1.24E-03	
group_10162	4.17E-01	5.75E-01	8.54E-01	-1.13E-03	6.14E-03	7.81E-03	
group_12059	4.15E-01	1.25E-01	8.26E-01	3.64E-04	1.65E-03	9.31E-03	
srpC~~~srpC_2	4.15E-01	3.35E-02	1.73E-01	-4.26E-02	3.12E-02	5.76E-02	
group_10166	4.15E-01	5.91E-01	8.53E-01	-1.13E-03	6.12E-03	7.84E-03	
opuBA~~~metN2_2~~~metN2~~~btuD_5~~~ecfA1_1~~~glnQ~~~ecfA1_2~~~livF_4~~~livF_3~~~btuD_8~~~livF_2~~~ssuB_2	4.15E-01	5.91E-01	9.47E-01	-2.91E-04	4.36E-03	2.83E-03	
group_7705	4.15E-01	4.13E-03	7.19E-01	-5.39E-04	1.50E-03	1.52E-02	
group_12612	4.14E-01	1.20E-04	7.22E-01	5.22E-04	1.47E-03	1.50E-02	
ecfT_1~~~ecfT_2~~~ecfT_3~~~btuD_1	4.15E-01	5.23E-03	5.52E-01	-1.32E-02	2.22E-02	2.52E-02	
group_7314	4.15E-01	5.23E-03	9.98E-01	9.53E-06	3.08E-03	1.31E-04	
phnE_2~~~phnE~~~phnE_1	4.12E-01	3.99E-01	8.61E-01	-5.31E-04	3.03E-03	7.42E-03	
xerC_6~~~xerC_4~~~xerC_7~~~xerC_14~~~xerC_2~~~xerC_9~~~xerC_12~~~xerC_3~~~xerC_5~~~xerC_8~~~xerC_11	4.08E-01	1.85E-03	6.74E-01	-6.95E-04	1.65E-03	1.78E-02	
group_7538	4.08E-01	1.73E-06	7.23E-01	1.43E-03	4.02E-03	1.50E-02	
group_4241	4.10E-01	8.94E-01	9.78E-01	-1.67E-04	6.04E-03	1.17E-03	
nahK_2~~~nahK_3~~~nahK_1~~~nahK_4~~~nahK	4.08E-01	3.87E-05	9.71E-01	7.57E-05	2.11E-03	1.52E-03	
group_12509	4.06E-01	1.70E-04	7.35E-01	5.27E-04	1.56E-03	1.43E-02	
group_10233	4.06E-01	5.60E-01	8.97E-01	-3.91E-04	3.03E-03	5.46E-03	
group_12355	4.05E-01	6.22E-03	7.27E-01	6.27E-04	1.80E-03	1.47E-02	
sspC2	4.05E-01	2.27E-02	8.94E-01	-3.18E-04	2.39E-03	5.62E-03	
group_8354	4.05E-01	1.85E-04	9.30E-01	-2.35E-04	2.67E-03	3.72E-03	
group_12453	4.03E-01	2.01E-04	7.70E-01	3.77E-04	1.29E-03	1.24E-02	
group_6203	4.03E-01	4.08E-02	9.95E-01	-2.13E-05	3.55E-03	2.54E-04	
yfkN	4.03E-01	4.08E-02	9.95E-01	-2.13E-05	3.55E-03	2.54E-04	
group_12655	4.01E-01	4.31E-02	8.89E-01	-2.43E-04	1.74E-03	5.93E-03	
group_11229	4.01E-01	5.54E-05	9.76E-01	-1.88E-04	6.17E-03	1.29E-03	
yneB	3.98E-01	6.62E-05	7.35E-01	6.60E-04	1.95E-03	1.43E-02	
yrpC_2~~~yrpC~~~murI	3.99E-01	7.80E-04	2.32E-22	-3.85E-01	3.79E-02	3.95E-01	
group_3442	3.99E-01	6.06E-05	9.61E-01	2.60E-04	5.32E-03	2.07E-03	
irtA~~~btuD_9~~~msbA_2~~~btuD_8~~~btuD_3~~~msbA	3.98E-01	3.16E-06	8.04E-01	6.98E-04	2.81E-03	1.05E-02	
dnaG_5~~~dnaG_1~~~dnaG_3	3.96E-01	5.05E-02	8.88E-01	-2.28E-04	1.63E-03	5.94E-03	
group_12381	3.96E-01	2.20E-02	8.73E-01	-3.34E-04	2.09E-03	6.76E-03	
xylB_2~~~xylB_1~~~xylB_5~~~xylB_4~~~xylB_6	3.98E-01	6.62E-03	7.02E-01	-2.23E-03	5.83E-03	1.62E-02	
group_10845	3.96E-01	6.51E-07	9.00E-01	3.37E-04	2.68E-03	5.32E-03	bad-chisq
cobD_2~~~cbiB~~~cobD_1	3.98E-01	2.58E-04	9.35E-01	-2.58E-04	3.15E-03	3.46E-03	
cbiET~~~cbiT	3.98E-01	2.58E-04	9.19E-01	-3.94E-04	3.89E-03	4.28E-03	
group_7453	3.96E-01	3.49E-06	9.56E-01	3.29E-04	6.03E-03	2.31E-03	
group_12017	3.94E-01	6.77E-01	6.12E-01	-1.16E-03	2.28E-03	2.15E-02	
strA	3.94E-01	2.76E-01	3.66E-01	-2.30E-02	2.54E-02	3.83E-02	
murJ_1~~~mepA_3~~~mepA_5~~~mepA_4~~~mepA_7~~~murJ_2~~~yeeO_3~~~yeeO_1	3.96E-01	2.09E-03	9.07E-01	-1.24E-02	1.07E-01	4.92E-03	
cbiF~~~cbiG~~~cysG	3.96E-01	7.22E-05	8.61E-01	5.52E-04	3.15E-03	7.41E-03	
cbiD~~~cbiD_3~~~cbiD_2~~~cbiD_1	3.96E-01	7.22E-05	8.23E-01	9.00E-04	4.03E-03	9.45E-03	
group_6276	3.94E-01	3.54E-01	7.45E-01	-6.27E-03	1.93E-02	1.38E-02	
group_8458	3.94E-01	1.10E-01	9.95E-01	2.00E-05	2.96E-03	2.85E-04	
group_7475	3.92E-01	3.29E-04	9.78E-01	-1.08E-04	4.00E-03	1.15E-03	
group_6057	3.92E-01	4.24E-06	4.32E-01	3.18E-02	4.05E-02	3.32E-02	
group_12669	3.92E-01	8.59E-05	9.01E-01	-3.23E-04	2.59E-03	5.26E-03	
group_12528	3.90E-01	1.22E-03	7.50E-01	4.63E-04	1.45E-03	1.35E-02	
group_9231	3.92E-01	8.59E-05	9.59E-01	1.62E-04	3.16E-03	2.17E-03	
group_8892	3.92E-01	8.59E-05	8.61E-01	5.52E-04	3.15E-03	7.40E-03	
group_10904	3.90E-01	7.01E-02	6.74E-02	9.54E-03	5.21E-03	7.73E-02	
ywaC	3.89E-01	1.02E-04	6.17E-01	-1.06E-03	2.13E-03	2.11E-02	
group_12258	3.87E-01	1.42E-03	9.45E-01	-1.76E-04	2.54E-03	2.93E-03	
group_9389	3.87E-01	1.42E-03	9.41E-01	1.30E-04	1.75E-03	3.14E-03	
group_11072	3.85E-01	2.90E-05	9.90E-01	-4.64E-05	3.68E-03	5.34E-04	
hcaB	3.85E-01	1.21E-01	5.81E-01	-1.47E-03	2.66E-03	2.34E-02	
group_12680	3.85E-01	4.53E-04	9.42E-01	1.89E-04	2.58E-03	3.09E-03	
mdtK_2~~~norM	3.85E-01	4.62E-03	9.52E-01	-1.66E-04	2.74E-03	2.57E-03	
mro~~~mro_2~~~mro_1	3.83E-01	1.64E-03	9.11E-01	-5.07E-04	4.55E-03	4.71E-03	
COQ5_5~~~COQ5_2~~~COQ5_1~~~COQ5_4	3.83E-01	1.32E-04	9.82E-01	1.42E-04	6.13E-03	9.78E-04	
glnA_1~~~glnA_2~~~glnA~~~glnA_3~~~glnA_4	3.83E-01	1.10E-03	9.75E-01	-1.70E-03	5.51E-02	1.31E-03	
group_9318	3.83E-01	6.85E-06	9.99E-01	5.93E-06	4.05E-03	6.20E-05	
group_7214	3.81E-01	5.30E-04	6.32E-01	-9.48E-04	1.98E-03	2.02E-02	
group_12535	3.80E-01	5.64E-03	9.94E-01	1.28E-05	1.82E-03	2.98E-04	
group_12065	3.81E-01	1.00E-03	9.82E-01	7.00E-04	3.11E-02	9.53E-04	
yvdM	3.80E-01	5.64E-03	6.95E-01	-6.99E-04	1.78E-03	1.66E-02	
group_12653	3.80E-01	3.42E-01	9.98E-01	5.06E-06	1.75E-03	1.23E-04	
group_10721	3.78E-01	9.07E-06	6.40E-01	1.40E-02	2.99E-02	1.98E-02	
gcvT_2~~~gcvT~~~gcvT_1	3.78E-01	1.89E-01	5.75E-01	-1.37E-03	2.44E-03	2.37E-02	
group_6877	3.80E-01	5.64E-03	7.42E-01	-2.03E-03	6.14E-03	1.39E-02	
group_9701	3.76E-01	2.19E-03	8.85E-01	-4.84E-04	3.36E-03	6.10E-03	
group_14167	3.74E-01	7.22E-04	8.49E-01	-1.14E-03	5.98E-03	8.05E-03	
group_11991	3.74E-01	4.92E-05	8.68E-01	-1.00E-03	6.05E-03	7.02E-03	
pknD_3~~~pknD_2~~~pknD_4~~~pknD_5	3.74E-01	1.09E-05	7.46E-01	9.61E-03	2.96E-02	1.37E-02	
pknD_3~~~pknD_4~~~pknD_1~~~pknD_2~~~pknD_5~~~pknD_8	3.74E-01	1.09E-05	7.47E-01	9.57E-03	2.96E-02	1.37E-02	
acsA~~~acs_1~~~acs~~~acsA_2~~~acs_2	3.76E-01	4.06E-02	9.80E-01	-9.09E-05	3.56E-03	1.08E-03	
kojP~~~malP_2~~~treP	3.74E-01	7.22E-04	9.70E-01	7.00E-05	1.88E-03	1.57E-03	
phnE~~~phnE_2	3.76E-01	4.06E-02	9.66E-01	1.32E-04	3.08E-03	1.81E-03	
sigE_1~~~sigE_2~~~sigR~~~sigW_1~~~sigW_2	3.73E-01	1.92E-02	9.95E-01	-1.20E-05	1.77E-03	2.87E-04	
yvbK~~~tag	3.74E-01	8.83E-02	2.94E-01	-4.51E-03	4.29E-03	4.44E-02	
group_12323	3.73E-01	4.76E-01	9.08E-01	-2.16E-04	1.88E-03	4.87E-03	
group_12016	3.73E-01	4.76E-01	7.95E-01	1.52E-03	5.86E-03	1.10E-02	
group_11318	3.73E-01	1.85E-01	2.94E-07	-1.17E-01	2.25E-02	2.14E-01	
group_9563	3.74E-01	1.09E-05	9.89E-01	8.32E-05	6.08E-03	5.79E-04	
group_9485	3.73E-01	4.52E-02	9.37E-01	2.06E-04	2.60E-03	3.34E-03	
phnE	3.74E-01	4.29E-02	9.73E-01	1.22E-04	3.55E-03	1.45E-03	
group_12554	3.71E-01	2.03E-02	9.08E-01	-1.86E-04	1.60E-03	4.91E-03	
group_11327	3.71E-01	2.63E-06	8.54E-01	3.53E-04	1.91E-03	7.81E-03	bad-chisq
cna	3.73E-01	2.16E-04	9.99E-01	5.13E-06	6.12E-03	3.54E-05	
group_7215	3.71E-01	2.34E-04	9.79E-01	-5.19E-05	2.02E-03	1.09E-03	
phnC	3.73E-01	4.52E-02	9.73E-01	1.21E-04	3.54E-03	1.44E-03	
group_10540	3.71E-01	1.31E-05	9.37E-01	2.87E-03	3.64E-02	3.33E-03	
group_10256	3.69E-01	2.89E-06	4.29E-01	2.27E-02	2.86E-02	3.35E-02	bad-chisq
xylB_2~~~xylB_5~~~xylB_3~~~xylB_4~~~xylB_1~~~xylB_6	3.69E-01	2.90E-03	9.79E-01	-1.05E-04	4.00E-03	1.11E-03	
ngcG_4~~~ngcG_2~~~ngcG_1	3.69E-01	6.38E-05	9.43E-01	3.09E-04	4.33E-03	3.02E-03	
group_15571	3.67E-01	8.88E-03	9.63E-01	-1.07E-04	2.29E-03	1.97E-03	
group_12602	3.67E-01	8.88E-03	9.69E-01	-5.46E-05	1.42E-03	1.63E-03	
group_9990	3.69E-01	1.49E-01	8.89E-01	6.78E-03	4.85E-02	5.92E-03	
rhaR_1~~~rhaR_4~~~rhaR_3~~~rhaR_5~~~rhaR_11~~~rhaR_9~~~rhaR_13~~~rhaR_8	3.67E-01	3.18E-06	8.55E-01	3.50E-04	1.91E-03	7.75E-03	bad-chisq
lacF_2~~~ugpA~~~lacF_3~~~lacF_1	3.67E-01	6.94E-05	9.43E-01	3.09E-04	4.33E-03	3.02E-03	
group_6032	3.69E-01	2.54E-04	9.76E-01	-1.84E-04	6.18E-03	1.26E-03	
kdgK_1	3.69E-01	2.54E-04	9.76E-01	-1.84E-04	6.18E-03	1.26E-03	
group_7652	3.65E-01	1.05E-03	9.98E-01	3.89E-06	1.73E-03	9.50E-05	
group_6878	3.67E-01	5.29E-02	9.93E-01	3.23E-05	3.54E-03	3.86E-04	
yteP_2~~~yteP_6~~~yteP_1	3.65E-01	3.49E-06	8.56E-01	3.47E-04	1.91E-03	7.68E-03	bad-chisq
gpr_1~~~iolS~~~yajO_1~~~yajO	3.67E-01	2.75E-04	9.83E-01	-9.25E-05	4.38E-03	8.93E-04	
degA_2~~~degA~~~purR_2	3.67E-01	2.75E-04	9.76E-01	-1.84E-04	6.18E-03	1.26E-03	
araQ_1	3.67E-01	2.75E-04	9.83E-01	-9.25E-05	4.38E-03	8.93E-04	
per	3.67E-01	2.75E-04	9.83E-01	-9.25E-05	4.38E-03	8.93E-04	
group_2406	3.67E-01	1.57E-05	9.69E-01	1.88E-03	4.84E-02	1.64E-03	
nanA~~~nanA_2	3.67E-01	2.75E-04	9.83E-01	-9.25E-05	4.38E-03	8.93E-04	
group_382	3.67E-01	2.75E-04	9.83E-01	-9.25E-05	4.38E-03	8.93E-04	
cmk_4~~~cmk_1~~~cmk_3	3.65E-01	2.42E-02	9.43E-01	-1.81E-04	2.51E-03	3.05E-03	
mepA_5~~~yeeO_1~~~yeeO_2~~~mepA_1~~~mepA_2~~~yeeO_3	3.65E-01	1.35E-01	9.79E-01	-9.47E-05	3.68E-03	1.09E-03	
group_10295	3.65E-01	7.56E-05	9.72E-01	-1.10E-04	3.15E-03	1.48E-03	
axeA1_2	3.64E-01	3.56E-03	9.68E-01	-1.33E-04	3.35E-03	1.68E-03	
group_5769	3.65E-01	2.98E-04	9.76E-01	-1.84E-04	6.18E-03	1.26E-03	
yteP_3~~~yteP_4~~~yteP_1	3.65E-01	2.98E-04	9.76E-01	-1.84E-04	6.18E-03	1.26E-03	
group_4324	3.64E-01	8.22E-05	9.45E-01	3.00E-04	4.33E-03	2.93E-03	
group_3861	3.65E-01	2.98E-04	9.76E-01	-1.84E-04	6.18E-03	1.26E-03	
yteT_1	3.65E-01	2.98E-04	9.76E-01	-1.84E-04	6.18E-03	1.26E-03	
mepA_3~~~mepA_2~~~mepA_5~~~mepA_1~~~mepA_4	3.64E-01	1.26E-03	9.95E-01	-3.93E-05	6.17E-03	2.70E-04	
group_10588	3.62E-01	1.22E-01	7.95E-01	-7.74E-02	2.98E-01	1.10E-02	
group_10333	3.62E-01	5.92E-02	9.75E-01	-1.32E-04	4.25E-03	1.31E-03	
group_9992	3.64E-01	8.22E-05	9.72E-01	1.20E-04	3.35E-03	1.51E-03	
malL_2~~~malL_3~~~malL~~~ycdG~~~malL_1	3.62E-01	8.94E-05	9.74E-01	1.00E-04	3.08E-03	1.38E-03	
ytfQ~~~ytfQ_2	3.62E-01	6.02E-01	9.12E-01	6.79E-04	6.11E-03	4.70E-03	
group_6901	3.62E-01	8.94E-05	9.45E-01	3.00E-04	4.33E-03	2.93E-03	
group_6198	3.62E-01	4.21E-06	8.50E-01	3.79E-04	2.01E-03	7.99E-03	bad-chisq
group_3750	3.64E-01	8.22E-05	9.95E-01	-4.00E-05	6.18E-03	2.74E-04	
group_1268	3.64E-01	3.22E-04	9.76E-01	-1.84E-04	6.18E-03	1.26E-03	
group_14324	3.62E-01	2.05E-05	4.39E-01	3.63E-02	4.69E-02	3.27E-02	
group_12657	3.62E-01	3.49E-04	9.96E-01	-2.47E-05	4.52E-03	2.32E-04	
yofA~~~cysB_2~~~cysB~~~cysB_1	3.62E-01	1.27E-01	9.08E-01	-3.18E-04	2.74E-03	4.90E-03	
group_11393	3.62E-01	3.49E-04	9.81E-01	-1.03E-04	4.36E-03	1.00E-03	
group_11260	3.60E-01	5.57E-02	8.74E-01	-6.35E-04	4.02E-03	6.69E-03	
eccC~~~essC	3.62E-01	2.05E-05	9.96E-01	2.92E-05	6.19E-03	2.00E-04	
ywiE~~~clsA~~~cls	3.62E-01	2.18E-09	9.95E-01	-3.22E-05	5.39E-03	2.53E-04	
pepT_1~~~pepT_2	3.60E-01	2.19E-01	7.29E-01	-1.49E-01	4.30E-01	1.46E-02	
group_6870	3.60E-01	2.24E-05	9.06E-01	4.01E-03	3.40E-02	4.99E-03	
group_5208	3.62E-01	2.05E-05	9.30E-01	1.34E-02	1.52E-01	3.73E-03	
blaI_3	3.60E-01	2.24E-05	7.66E-02	-1.29E-01	7.25E-02	7.48E-02	
group_12391	3.58E-01	1.41E-03	7.48E-01	5.23E-04	1.63E-03	1.36E-02	
group_12303	3.60E-01	4.63E-06	8.89E-01	5.07E-04	3.64E-03	5.89E-03	bad-chisq
group_11369	3.60E-01	7.37E-05	9.97E-01	2.56E-05	6.21E-03	1.74E-04	
group_11259	3.60E-01	2.24E-05	9.97E-01	1.60E-05	4.38E-03	1.55E-04	
group_11219	3.58E-01	5.07E-06	8.72E-01	9.74E-04	6.06E-03	6.79E-03	bad-chisq
group_11193	3.60E-01	2.24E-05	9.88E-01	-6.55E-05	4.38E-03	6.32E-04	
leuC~~~leuC_2	3.60E-01	9.76E-08	4.78E-01	3.10E-02	4.37E-02	3.00E-02	
prpC~~~stp_1~~~pstP	3.60E-01	2.24E-05	9.97E-01	2.49E-05	6.19E-03	1.71E-04	
pknD_3~~~pknD_5~~~pknD_1~~~pknD_2~~~pknD_6	3.60E-01	2.24E-05	9.97E-01	2.49E-05	6.19E-03	1.71E-04	
group_10067	3.58E-01	2.45E-05	7.29E-01	9.36E-03	2.70E-02	1.47E-02	
group_7015	3.58E-01	1.41E-03	9.33E-01	-1.69E-04	2.01E-03	3.56E-03	
ccpA~~~purR_1~~~purR_2	3.58E-01	1.41E-03	9.97E-01	-5.84E-06	1.80E-03	1.37E-04	
group_6753	3.58E-01	2.09E-01	7.88E-01	-8.12E-02	3.01E-01	1.14E-02	
group_4166	3.58E-01	4.36E-03	9.72E-01	-6.00E-05	1.73E-03	1.47E-03	
group_11992	3.57E-01	1.15E-04	8.61E-01	-1.06E-03	6.04E-03	7.41E-03	
group_10729	3.57E-01	1.15E-04	7.48E-01	-5.12E-04	1.59E-03	1.36E-02	
group_10257	3.57E-01	8.49E-04	1.67E-02	-7.69E-02	3.20E-02	1.01E-01	
group_9734	3.57E-01	3.48E-01	9.02E-01	-2.02E-02	1.64E-01	5.21E-03	
xynA1_2~~~xynA1~~~prtP	3.57E-01	1.15E-04	9.54E-01	-1.95E-04	3.37E-03	2.46E-03	
group_6750	3.58E-01	4.07E-04	9.65E-01	-1.79E-04	4.05E-03	1.87E-03	
group_6207	3.57E-01	1.29E-02	9.83E-01	-3.85E-05	1.79E-03	9.12E-04	
group_3799	3.57E-01	2.00E-01	9.05E-01	-1.46E-02	1.22E-01	5.05E-03	
argD_2	3.58E-01	4.07E-04	9.84E-01	-8.20E-05	4.05E-03	8.56E-04	
rhaS_3~~~rhaS_2	3.57E-01	1.15E-04	9.66E-01	1.87E-04	4.33E-03	1.83E-03	
araQ_2~~~araQ_1	3.57E-01	5.56E-06	8.56E-01	3.47E-04	1.91E-03	7.68E-03	bad-chisq
group_12575	3.57E-01	1.51E-03	7.39E-01	5.71E-04	1.71E-03	1.41E-02	
group_11421	3.57E-01	2.67E-05	9.96E-01	2.91E-05	6.18E-03	1.99E-04	
group_8549	3.57E-01	3.20E-02	9.58E-01	1.58E-04	2.97E-03	2.25E-03	
surE	3.55E-01	3.35E-01	9.70E-01	4.83E-03	1.26E-01	1.62E-03	
dapE_1~~~dapE	3.55E-01	1.91E-01	7.39E-01	-4.86E-02	1.46E-01	1.41E-02	
xylB_3~~~xylB_2~~~xylB_4~~~xylB_6~~~lsrK	3.57E-01	4.40E-04	9.65E-01	-1.77E-04	4.05E-03	1.85E-03	
group_11576	3.55E-01	2.91E-05	9.96E-01	2.91E-05	6.18E-03	1.99E-04	
group_8733	3.55E-01	8.16E-09	9.34E-01	-1.12E-02	1.36E-01	3.48E-03	
iolG_1~~~iolG	3.55E-01	4.76E-04	9.75E-01	-1.06E-04	3.39E-03	1.32E-03	
group_5981	3.53E-01	6.68E-06	8.56E-01	3.46E-04	1.91E-03	7.67E-03	bad-chisq
group_12568	3.51E-01	5.54E-04	9.68E-01	1.03E-04	2.59E-03	1.69E-03	
ldhA_2~~~ldhA~~~ldhA_1	3.53E-01	1.75E-03	6.77E-01	6.27E-04	1.50E-03	1.76E-02	
group_12407	3.51E-01	3.77E-02	8.02E-01	3.82E-04	1.53E-03	1.06E-02	
group_10227	3.53E-01	1.87E-04	9.98E-01	7.37E-06	3.80E-03	8.21E-05	
spoVT_2~~~spoVT_1~~~spoVT	3.51E-01	5.68E-03	9.32E-01	1.91E-04	2.23E-03	3.63E-03	
rhaR_6~~~btr	3.53E-01	2.29E-03	2.44E-01	-6.18E-03	5.30E-03	4.92E-02	
group_6737	3.53E-01	3.18E-05	9.97E-01	-2.64E-05	6.18E-03	1.80E-04	
group_6193	3.53E-01	3.18E-05	9.78E-01	2.04E-03	7.40E-02	1.17E-03	
group_3972	3.53E-01	3.18E-05	9.97E-01	1.95E-05	5.06E-03	1.63E-04	
araQ_5~~~araQ_1	3.51E-01	5.68E-03	9.88E-01	-2.72E-05	1.79E-03	6.44E-04	
group_3766	3.53E-01	3.18E-05	1.00E+00	2.77E-06	6.17E-03	1.90E-05	
tri1	3.53E-01	3.18E-05	9.95E-01	-3.69E-05	5.37E-03	2.91E-04	
group_2720	3.53E-01	3.18E-05	9.97E-01	1.95E-05	5.06E-03	1.63E-04	
group_2451	3.53E-01	1.75E-03	9.32E-01	5.15E-04	6.05E-03	3.60E-03	
group_11008	3.51E-01	3.98E-05	9.55E-01	-3.46E-04	6.06E-03	2.41E-03	
group_10609	3.51E-01	3.46E-05	9.94E-01	3.60E-05	5.00E-03	3.05E-04	
lacF_2~~~ugpA~~~lacF_1	3.49E-01	6.06E-03	9.88E-01	-2.73E-05	1.79E-03	6.46E-04	
group_3733	3.49E-01	8.00E-06	8.53E-01	3.73E-04	2.01E-03	7.86E-03	bad-chisq
group_12390	3.48E-01	6.47E-03	8.76E-01	-3.17E-04	2.04E-03	6.58E-03	
spsB~~~sipT	3.48E-01	9.74E-01	9.54E-01	-3.49E-04	6.03E-03	2.45E-03	
group_8081	3.49E-01	5.98E-04	7.90E-01	-7.66E-03	2.88E-02	1.13E-02	
group_5878	3.49E-01	3.77E-05	9.97E-01	2.02E-05	5.37E-03	1.59E-04	
group_5382	3.48E-01	2.16E-03	8.36E-01	-1.24E-03	5.96E-03	8.78E-03	
yjdF	3.48E-01	6.44E-04	8.76E-01	-7.14E-04	4.56E-03	6.62E-03	
group_2101	3.49E-01	3.77E-05	9.97E-01	2.02E-05	5.37E-03	1.59E-04	
group_1859	3.49E-01	3.77E-05	9.57E-01	3.91E-03	7.19E-02	2.30E-03	
group_12476	3.46E-01	9.55E-02	8.20E-01	3.19E-04	1.40E-03	9.64E-03	
group_12200	3.46E-01	6.90E-03	9.36E-01	-1.29E-04	1.60E-03	3.41E-03	
group_10784	3.46E-01	9.54E-01	9.70E-01	-2.01E-04	5.33E-03	1.59E-03	
group_9176	3.46E-01	1.51E-01	6.44E-01	-2.22E-02	4.79E-02	1.96E-02	
yybR~~~ytcD~~~hxlR~~~yybR_1	3.46E-01	1.34E-02	8.96E-01	5.65E-04	4.30E-03	5.56E-03	
group_9478	3.46E-01	2.75E-01	9.86E-01	-3.17E-05	1.82E-03	7.35E-04	
mepA_4~~~mepA_7~~~mepA_2	3.44E-01	1.43E-01	8.18E-01	-5.80E-04	2.52E-03	9.74E-03	
group_8431	3.46E-01	4.47E-05	9.21E-01	3.83E-03	3.85E-02	4.22E-03	
mtnB~~~mtnB_1~~~drdA_1~~~mtnB_2~~~mtnB_3~~~mtnB_4~~~otnC	3.44E-01	3.40E-01	8.39E-01	8.70E-04	4.28E-03	8.59E-03	
group_12445	3.44E-01	2.48E-03	6.67E-01	7.55E-04	1.75E-03	1.82E-02	
group_12095	3.42E-01	2.66E-03	7.60E-01	4.80E-04	1.57E-03	1.30E-02	
group_12076	3.42E-01	3.52E-01	6.85E-01	-6.53E-04	1.61E-03	1.72E-02	
group_9494	3.44E-01	7.48E-04	9.29E-01	2.62E-04	2.95E-03	3.76E-03	
hisC~~~cobD_2~~~cobD_1~~~cobD	3.44E-01	2.02E-04	9.32E-01	-2.70E-04	3.15E-03	3.63E-03	
group_6501	3.44E-01	4.86E-05	9.98E-01	1.24E-05	6.18E-03	8.47E-05	
group_9445	3.40E-01	8.95E-01	1.99E-01	5.79E-02	4.51E-02	5.43E-02	
addA~~~addA_1	3.42E-01	9.19E-05	9.57E-01	-2.89E-04	5.37E-03	2.28E-03	
group_12321	3.40E-01	2.36E-04	8.18E-01	4.11E-04	1.78E-03	9.74E-03	
group_11276	3.40E-01	1.41E-08	8.63E-01	-1.19E-02	6.87E-02	7.30E-03	
group_5910	3.39E-01	1.36E-05	8.82E-01	2.84E-04	1.91E-03	6.28E-03	bad-chisq
group_12506	3.37E-01	1.20E-01	8.39E-01	3.08E-04	1.51E-03	8.61E-03	
group_12474	3.37E-01	3.26E-03	7.20E-01	6.19E-04	1.72E-03	1.52E-02	
recD2_2~~~recD2_4~~~recD2_1~~~recD2_3	3.37E-01	2.76E-04	6.65E-01	8.76E-04	2.02E-03	1.83E-02	
dpnM~~~dpnM_2~~~dpnM_1	3.37E-01	3.26E-03	7.17E-01	6.32E-04	1.74E-03	1.54E-02	
noc_1~~~noc_4~~~noc_2~~~noc_3	3.39E-01	8.88E-03	9.38E-01	-1.37E-04	1.76E-03	3.30E-03	
ydfK_1~~~ydfK_2~~~ydfK	3.39E-01	1.58E-05	8.55E-01	-1.46E-02	7.96E-02	7.74E-03	
group_12348	3.35E-01	1.08E-03	9.75E-01	-5.99E-05	1.91E-03	1.33E-03	
phnC_1~~~glnQ_2~~~sugC~~~phnC	3.35E-01	1.10E-01	8.18E-01	-1.05E-03	4.56E-03	9.76E-03	
phnE_1~~~phnE	3.35E-01	1.10E-01	8.17E-01	-1.06E-03	4.57E-03	9.77E-03	
group_8258	3.37E-01	9.69E-09	9.30E-01	2.17E-02	2.48E-01	3.70E-03	
group_7013	3.35E-01	3.67E-01	9.78E-01	-1.70E-04	6.10E-03	1.18E-03	
group_12522	3.35E-01	1.01E-02	7.62E-01	5.97E-04	1.97E-03	1.28E-02	
group_12495	3.35E-01	3.49E-03	9.52E-01	-8.23E-05	1.37E-03	2.55E-03	
clpB_1~~~clpB~~~clpB_2~~~clpC_2~~~clpC~~~clpC1~~~clpE_2~~~clpB_3	3.35E-01	2.60E-02	9.41E-01	-2.09E-04	2.80E-03	3.15E-03	
chbP_1~~~chbP_2~~~chbP	3.33E-01	3.23E-04	8.77E-01	-7.08E-04	4.57E-03	6.56E-03	
group_4128	3.33E-01	3.23E-04	9.33E-01	5.14E-04	6.12E-03	3.55E-03	
xerC_5~~~xerC_13~~~IntTn_1~~~xerC_15	3.32E-01	2.56E-01	5.50E-01	-1.09E-03	1.82E-03	2.53E-02	
uvrA_1~~~uvrA_2~~~uvrA_3~~~uvrA	3.33E-01	5.62E-01	4.28E-01	-2.78E-03	3.51E-03	3.36E-02	
glkA_2~~~glcK	3.33E-01	2.05E-04	9.62E-01	-7.78E-03	1.63E-01	2.01E-03	
group_10193	3.32E-01	9.27E-01	8.86E-01	7.61E-04	5.32E-03	6.05E-03	
group_12349	3.30E-01	4.26E-03	7.51E-01	5.56E-04	1.75E-03	1.34E-02	
group_11300	3.32E-01	8.67E-05	9.95E-01	-3.99E-05	6.15E-03	2.74E-04	
group_11267	3.32E-01	8.67E-05	9.95E-01	-3.99E-05	6.15E-03	2.74E-04	
group_10978	3.32E-01	8.67E-05	7.89E-01	9.53E-04	3.56E-03	1.13E-02	
oppD_4~~~oppD_3~~~oppD_2	3.32E-01	6.89E-04	9.94E-01	-7.67E-04	9.92E-02	3.27E-04	
yfkJ	3.30E-01	1.84E-01	9.61E-01	-2.23E-04	4.60E-03	2.05E-03	
bssD~~~pflA~~~hpdA_1~~~cutD~~~tdh~~~eltD~~~gutB	3.32E-01	1.25E-03	9.86E-01	-3.21E-05	1.78E-03	7.65E-04	
group_1864	3.32E-01	8.67E-05	1.00E+00	-1.92E-06	3.91E-03	2.08E-05	
group_12623	3.30E-01	1.44E-01	9.06E-01	-1.97E-04	1.67E-03	5.00E-03	
group_12620	3.28E-01	3.25E-02	9.63E-01	-7.76E-05	1.69E-03	1.94E-03	
group_12609	3.28E-01	1.44E-03	7.19E-01	6.30E-04	1.75E-03	1.52E-02	
group_12204	3.28E-01	7.36E-02	9.11E-01	-1.71E-04	1.53E-03	4.74E-03	
oppB_3~~~oppB_1~~~oppB~~~oppB_2~~~dppB~~~dppB_2	3.30E-01	6.19E-04	6.67E-01	-3.36E-02	7.80E-02	1.82E-02	
oppC~~~oppC_1~~~oppC_2	3.30E-01	6.19E-04	9.95E-01	-5.03E-04	8.03E-02	2.65E-04	
group_10106	3.30E-01	1.34E-03	8.16E-01	-9.31E-04	4.01E-03	9.82E-03	
group_9456	3.30E-01	1.84E-01	9.93E-01	5.30E-05	6.20E-03	3.62E-04	
group_12490	3.28E-01	1.28E-02	6.17E-01	-8.16E-04	1.63E-03	2.11E-02	
yabJ_1~~~yabJ_2~~~yabJ~~~ridA_1	3.28E-01	5.54E-04	9.94E-01	-3.90E-05	5.36E-03	3.08E-04	
group_10622	3.26E-01	4.96E-04	9.80E-01	1.36E-04	5.29E-03	1.09E-03	
oppF_4~~~oppF_2~~~oppF_3~~~btuD_2~~~oppF	3.28E-01	1.91E-03	2.72E-38	6.42E-01	4.59E-02	5.09E-01	
group_9023	3.28E-01	1.75E-01	9.79E-01	-2.13E-03	7.94E-02	1.13E-03	
cutC_1~~~pflD_2~~~pflD	3.28E-01	1.44E-03	9.85E-01	-3.32E-05	1.78E-03	7.91E-04	
ybbH~~~murR_1~~~murR	3.26E-01	1.67E-01	8.70E-01	-7.50E-04	4.58E-03	6.94E-03	
bfrA	3.28E-01	1.44E-03	9.85E-01	-3.32E-05	1.78E-03	7.91E-04	
group_6723	3.28E-01	5.54E-04	8.58E-01	1.55E-02	8.69E-02	7.56E-03	
group_12398	3.24E-01	1.45E-02	7.93E-01	4.12E-04	1.57E-03	1.11E-02	
group_12022	3.26E-01	3.43E-02	8.75E-01	-2.83E-04	1.80E-03	6.64E-03	
group_11331	3.26E-01	1.10E-04	9.60E-01	1.13E-04	2.23E-03	2.13E-03	
group_9600	3.26E-01	4.96E-04	4.47E-01	-2.45E-03	3.22E-03	3.22E-02	
rspR~~~rspR_1	3.26E-01	1.27E-04	9.48E-01	-3.70E-03	5.68E-02	2.76E-03	
group_1249	3.24E-01	5.18E-03	8.97E-01	-3.09E-04	2.39E-03	5.47E-03	
group_12560	3.23E-01	1.77E-03	8.96E-01	-2.84E-04	2.18E-03	5.51E-03	
group_10381	3.24E-01	1.38E-02	9.84E-01	-8.18E-05	4.04E-03	8.58E-04	
group_10099	3.24E-01	1.66E-03	9.69E-01	1.58E-04	4.03E-03	1.66E-03	
group_6879	3.24E-01	1.66E-03	9.86E-01	-3.22E-05	1.78E-03	7.66E-04	
rbsR~~~degA	3.24E-01	1.66E-03	9.86E-01	-3.22E-05	1.78E-03	7.66E-04	
sugB~~~ngcG_2	3.24E-01	1.66E-03	9.86E-01	-3.22E-05	1.78E-03	7.66E-04	
group_12197	3.21E-01	5.90E-03	9.32E-01	2.07E-04	2.43E-03	3.60E-03	
mccF	3.23E-01	3.96E-04	5.91E-02	1.76E-01	9.32E-02	7.97E-02	
group_1780	3.23E-01	1.77E-03	9.85E-01	-3.28E-05	1.78E-03	7.81E-04	
group_12491	3.21E-01	4.03E-02	8.84E-01	-2.13E-04	1.46E-03	6.18E-03	
recQ	3.21E-01	3.53E-04	9.20E-01	-1.23E-02	1.23E-01	4.24E-03	
group_9608	3.19E-01	6.53E-02	9.24E-01	-5.03E-04	5.26E-03	4.05E-03	
group_9087	3.21E-01	8.69E-05	9.70E-01	-2.01E-04	5.32E-03	1.60E-03	
hcaR~~~cynR	3.21E-01	1.43E-01	3.05E-01	-4.41E-03	4.29E-03	4.34E-02	
group_11377	3.19E-01	3.31E-01	8.89E-01	4.61E-03	3.31E-02	5.89E-03	
fabG_1~~~fabG_3~~~fabG	3.19E-01	6.53E-02	9.95E-01	-2.41E-05	4.06E-03	2.51E-04	
group_8694	3.19E-01	3.47E-05	9.65E-01	1.88E-04	4.34E-03	1.83E-03	bad-chisq
group_3851	3.17E-01	1.29E-01	8.99E-01	-4.44E-04	3.48E-03	5.39E-03	
spoVG~~~spoVG_1~~~spoVG_2	3.16E-01	6.83E-04	6.43E-01	7.81E-04	1.69E-03	1.96E-02	
dnaG_2~~~dnaG_3~~~dnaG_5	3.17E-01	1.83E-02	9.07E-01	2.09E-04	1.78E-03	4.97E-03	
csoR_1	3.16E-01	7.14E-03	9.32E-01	2.06E-04	2.43E-03	3.59E-03	
group_12141	3.16E-01	1.03E-01	8.11E-01	3.89E-04	1.63E-03	1.01E-02	
group_10427	3.17E-01	2.18E-03	9.84E-01	-3.66E-05	1.78E-03	8.72E-04	
group_10409	3.17E-01	2.79E-04	3.60E-01	3.71E-03	4.04E-03	3.87E-02	
group_9998	3.16E-01	4.01E-01	7.39E-01	1.14E-02	3.42E-02	1.41E-02	
group_8983	3.17E-01	3.76E-05	9.70E-01	1.62E-04	4.33E-03	1.58E-03	bad-chisq
group_6615	3.17E-01	2.79E-04	6.47E-31	-5.26E-01	4.28E-02	4.61E-01	
group_12010	3.16E-01	1.94E-02	9.80E-01	-3.75E-05	1.51E-03	1.05E-03	
group_10085	3.14E-01	2.50E-03	8.85E-01	8.87E-04	6.15E-03	6.09E-03	
prmA~~~prmA_2	3.16E-01	2.01E-01	1.07E-01	9.01E-02	5.59E-02	6.80E-02	
pnp_1~~~pnp_2~~~yugI	3.16E-01	5.75E-02	9.99E-01	-7.18E-06	4.05E-03	7.49E-05	
group_2176	3.16E-01	1.77E-04	9.34E-01	2.44E-04	2.96E-03	3.49E-03	
group_12479	3.12E-01	2.07E-04	5.91E-01	1.35E-03	2.51E-03	2.27E-02	
group_9443	3.14E-01	2.25E-02	9.98E-01	9.35E-06	4.05E-03	9.78E-05	
group_12570	3.12E-01	7.89E-04	6.61E-01	9.01E-04	2.06E-03	1.85E-02	
group_12510	3.12E-01	7.89E-04	9.27E-01	-3.54E-04	3.88E-03	3.86E-03	
group_12135	3.10E-01	2.23E-04	6.10E-01	1.20E-03	2.36E-03	2.16E-02	
group_11247	3.12E-01	1.68E-06	6.02E-01	-2.49E-02	4.78E-02	2.20E-02	
group_6662	3.10E-01	8.48E-04	8.96E-01	-4.65E-04	3.55E-03	5.54E-03	
group_12579	3.08E-01	6.35E-01	7.00E-01	-6.12E-04	1.59E-03	1.63E-02	
moaA_2~~~moaA	3.10E-01	7.07E-03	7.58E-01	-1.19E-02	3.87E-02	1.30E-02	
group_10146	3.10E-01	2.02E-01	9.39E-01	3.53E-04	4.58E-03	3.25E-03	
group_8994	3.10E-01	2.87E-03	9.56E-01	3.34E-04	6.10E-03	2.32E-03	
group_8621	3.10E-01	1.42E-06	4.71E-01	-2.50E-02	3.47E-02	3.05E-02	
axeA1~~~axeA1_1	3.07E-01	2.58E-02	3.28E-01	3.81E-03	3.89E-03	4.14E-02	
group_11910	3.08E-01	6.35E-01	8.99E-01	-3.18E-04	2.51E-03	5.37E-03	
group_9477	3.08E-01	9.75E-02	9.82E-01	-4.33E-05	1.95E-03	9.37E-04	
group_7435	3.08E-01	5.65E-05	9.82E-01	9.84E-05	4.34E-03	9.59E-04	bad-chisq
group_12586	3.05E-01	8.66E-02	7.82E-01	-1.27E-03	4.57E-03	1.17E-02	
radA_1~~~radA_2	3.07E-01	9.74E-03	7.39E-01	5.81E-04	1.75E-03	1.41E-02	
xerC_4~~~xerC_3~~~xerC_6~~~xerC_2~~~xerC_1~~~xerC_7~~~xerC_5	3.07E-01	1.29E-01	9.21E-01	-1.59E-04	1.61E-03	4.17E-03	
group_10963	3.07E-01	1.02E-06	7.23E-01	2.24E-01	6.33E-01	1.50E-02	
group_10866	3.05E-01	3.50E-03	5.48E-01	-1.32E-03	2.20E-03	2.54E-02	
nagC_2~~~nanK	3.05E-01	1.04E-02	8.78E-01	-5.78E-04	3.75E-03	6.51E-03	
group_12640	3.03E-01	6.75E-02	6.09E-01	-8.63E-04	1.68E-03	2.17E-02	
group_12593	3.05E-01	1.04E-02	8.43E-01	-4.84E-04	2.45E-03	8.37E-03	
group_12431	3.03E-01	1.13E-03	5.91E-01	1.35E-03	2.51E-03	2.27E-02	
group_10821	3.05E-01	2.73E-02	9.84E-01	-1.06E-04	5.20E-03	8.63E-04	
group_9475	3.05E-01	3.50E-03	9.25E-01	3.34E-04	3.55E-03	3.98E-03	
pgcA_2~~~glmM_2~~~glmM_1~~~pgcA~~~pgcA_1	3.05E-01	4.73E-04	1.98E-09	-1.71E-01	2.80E-02	2.50E-01	
group_6552	3.05E-01	2.80E-04	8.87E-01	-3.20E-03	2.26E-02	6.00E-03	
group_12550	3.03E-01	7.18E-05	4.28E-01	1.99E-03	2.51E-03	3.35E-02	bad-chisq
group_12455	3.03E-01	3.74E-03	9.65E-01	-5.91E-05	1.36E-03	1.83E-03	
group_12354	3.01E-01	1.17E-02	9.80E-01	-5.65E-05	2.28E-03	1.05E-03	
group_11236	3.03E-01	4.91E-03	1.07E-16	2.85E-01	3.33E-02	3.41E-01	
group_11142	3.01E-01	3.34E-02	8.66E-01	-7.73E-04	4.58E-03	7.13E-03	
csd_2~~~csd~~~csdA_1~~~csdA~~~sufS_2	3.03E-01	1.53E-03	9.95E-01	-2.32E-05	3.40E-03	2.88E-04	
sigH~~~sigL	3.03E-01	4.21E-04	2.25E-01	-6.47E-03	5.33E-03	5.13E-02	
qacC~~~mdtI	3.01E-01	1.17E-02	8.85E-01	-3.75E-04	2.59E-03	6.13E-03	
ppaX_2~~~gph_2~~~gph_1	3.01E-01	1.17E-02	8.84E-01	-3.77E-04	2.59E-03	6.16E-03	
group_12427	2.99E-01	1.30E-03	9.80E-01	4.20E-05	1.64E-03	1.08E-03	
bshB1_1~~~bshB1~~~bshB1_2	3.01E-01	2.75E-01	9.49E-01	-2.57E-04	3.98E-03	2.73E-03	
group_10750	2.99E-01	3.51E-04	9.88E-01	2.01E-05	1.35E-03	6.30E-04	
group_9786	3.01E-01	3.73E-04	3.90E-01	-3.26E-03	3.79E-03	3.64E-02	
group_12408	2.98E-01	1.39E-03	7.23E-01	6.05E-04	1.70E-03	1.50E-02	
tpiA_3~~~tpiA_2~~~tpiA_1	2.99E-01	1.50E-01	9.78E-01	1.70E-04	6.05E-03	1.19E-03	
group_10455	2.99E-01	3.51E-04	9.96E-01	-1.37E-05	3.07E-03	1.89E-04	
group_6815	2.99E-01	3.51E-04	9.39E-01	-4.64E-04	6.10E-03	3.22E-03	
group_15583	2.98E-01	9.08E-05	4.29E-01	2.17E-03	2.75E-03	3.35E-02	bad-chisq
xerC_8~~~xerC_9~~~xerC_1~~~xerC_11~~~xerC_6~~~xerC~~~xerC_2~~~xerC_10~~~xerC_3~~~IntTn_4~~~xerC_4~~~xerC_5	2.96E-01	6.76E-01	9.10E-01	1.84E-04	1.62E-03	4.79E-03	
group_12577	2.96E-01	3.08E-01	8.88E-01	-2.42E-04	1.72E-03	5.97E-03	
group_12566	2.98E-01	1.39E-03	9.86E-01	3.95E-05	2.20E-03	7.59E-04	
group_12359	2.98E-01	3.40E-02	9.25E-01	-1.45E-04	1.55E-03	3.97E-03	
group_12255	2.98E-01	9.08E-05	4.29E-01	2.17E-03	2.74E-03	3.35E-02	bad-chisq
group_6728	2.98E-01	9.08E-05	9.88E-01	5.42E-05	3.56E-03	6.43E-04	bad-chisq
group_12664	2.96E-01	8.22E-02	5.99E-01	1.36E-03	2.57E-03	2.23E-02	
dpnA_1~~~dpnA	2.94E-01	8.62E-02	6.69E-01	-7.21E-04	1.68E-03	1.81E-02	
group_12093	2.96E-01	1.40E-02	8.85E-01	-2.31E-04	1.60E-03	6.10E-03	
group_12064	2.94E-01	2.48E-02	8.93E-01	-5.39E-04	3.99E-03	5.71E-03	
group_11634	2.94E-01	6.56E-01	4.11E-02	5.68E-02	2.78E-02	8.63E-02	
blaI_4~~~blaI~~~mecI_1~~~blaI_3~~~blaI_2	2.94E-01	1.27E-01	9.37E-01	-4.84E-04	6.09E-03	3.36E-03	
yclM	2.96E-01	9.88E-04	5.75E-15	-2.44E-01	3.04E-02	3.22E-01	
pyrI_1~~~pyrI	2.96E-01	4.07E-04	8.95E-01	3.84E-04	2.90E-03	5.60E-03	
group_12505	2.92E-01	9.04E-02	6.49E-01	-7.98E-04	1.75E-03	1.93E-02	
group_12472	2.94E-01	4.38E-04	7.14E-01	5.10E-04	1.39E-03	1.55E-02	
group_12175	2.94E-01	1.60E-03	9.54E-01	9.37E-05	1.63E-03	2.43E-03	
group_12096	2.94E-01	8.62E-02	9.96E-01	1.26E-05	2.79E-03	1.91E-04	
group_11428	2.92E-01	4.05E-01	9.77E-01	1.77E-04	6.13E-03	1.22E-03	
group_11248	2.92E-01	5.52E-03	8.50E-01	-4.58E-04	2.42E-03	8.00E-03	
agaA_2~~~nagA~~~agaA~~~agaA_1	2.94E-01	9.18E-03	9.44E-01	3.77E-04	5.33E-03	2.99E-03	
group_10587	2.94E-01	8.83E-04	8.90E-01	-7.32E-04	5.31E-03	5.84E-03	
group_6091	2.94E-01	1.06E-04	9.98E-01	7.20E-05	3.10E-02	9.83E-05	bad-chisq
group_12595	2.91E-01	2.67E-05	5.28E-01	1.39E-03	2.20E-03	2.67E-02	bad-chisq
group_12370	2.91E-01	4.22E-02	9.12E-01	-1.72E-04	1.56E-03	4.67E-03	
group_11642	2.91E-01	6.19E-01	4.47E-02	5.63E-02	2.80E-02	8.48E-02	
group_11522	2.92E-01	8.40E-03	8.47E-01	-6.77E-03	3.50E-02	8.18E-03	
metY	2.92E-01	3.36E-08	9.52E-01	-3.19E-04	5.32E-03	2.53E-03	
group_11032	2.92E-01	8.40E-03	9.12E-01	5.59E-03	5.07E-02	4.66E-03	
group_10499	2.91E-01	8.91E-01	7.80E-01	-2.20E-02	7.88E-02	1.18E-02	
group_10306	2.92E-01	4.71E-04	8.95E-01	3.82E-04	2.90E-03	5.58E-03	
pyrD_1~~~pyrD	2.92E-01	4.71E-04	8.95E-01	3.82E-04	2.90E-03	5.58E-03	
pyrE_1~~~pyrE_2~~~pyrE_3	2.92E-01	4.71E-04	8.95E-01	3.82E-04	2.90E-03	5.58E-03	
group_3686	2.92E-01	1.15E-04	9.77E-01	1.79E-04	6.10E-03	1.24E-03	bad-chisq
pgmB~~~ycjU	2.92E-01	4.71E-04	9.78E-01	1.47E-04	5.29E-03	1.18E-03	
group_12357	2.89E-01	1.96E-03	5.24E-01	-1.64E-03	2.57E-03	2.70E-02	
group_11246	2.91E-01	1.24E-04	9.73E-01	1.45E-04	4.35E-03	1.41E-03	bad-chisq
group_9663	2.91E-01	3.43E-01	9.72E-01	9.93E-05	2.85E-03	1.47E-03	
ilvK~~~ilvK_2	2.91E-01	3.93E-05	9.85E-01	-1.01E-04	5.34E-03	8.02E-04	
group_8707	2.89E-01	6.26E-03	9.22E-01	2.00E-04	2.04E-03	4.16E-03	
yigZ~~~yigZ_2	2.89E-01	1.96E-02	9.97E-01	1.70E-05	4.62E-03	1.55E-04	
group_15582	2.89E-01	1.34E-04	4.29E-01	2.17E-03	2.74E-03	3.34E-02	bad-chisq
melD_1~~~melD_3~~~melD_5	2.89E-01	9.94E-02	9.97E-01	1.17E-05	2.79E-03	1.77E-04	
group_12584	2.87E-01	6.67E-03	9.76E-01	-6.97E-05	2.27E-03	1.30E-03	
group_12534	2.89E-01	1.99E-01	9.15E-01	-1.72E-04	1.60E-03	4.54E-03	
group_12487	2.89E-01	1.77E-02	8.89E-01	-2.55E-04	1.82E-03	5.93E-03	
group_12090	2.89E-01	1.34E-04	5.73E-01	1.19E-03	2.11E-03	2.38E-02	bad-chisq
yteT~~~iolG_1~~~iolG	2.89E-01	9.94E-02	9.98E-01	8.28E-06	3.13E-03	1.12E-04	
group_11242	2.89E-01	5.45E-04	9.09E-01	3.31E-04	2.90E-03	4.83E-03	
group_10671	2.89E-01	2.12E-01	9.70E-01	-8.68E-05	2.33E-03	1.58E-03	
neoA~~~iolM~~~ydjJ_2~~~ydjJ_1	2.87E-01	2.10E-03	8.26E-01	-1.33E-03	6.03E-03	9.31E-03	
araQ_3~~~ycjP	2.89E-01	9.94E-02	9.96E-01	1.23E-05	2.79E-03	1.86E-04	
group_12573	2.87E-01	1.04E-01	9.10E-01	-2.21E-04	1.96E-03	4.79E-03	
group_12530	2.87E-01	1.04E-01	8.96E-01	-2.66E-04	2.04E-03	5.51E-03	
group_12480	2.85E-01	7.10E-03	9.93E-01	-1.47E-05	1.62E-03	3.84E-04	
group_12461	2.87E-01	1.04E-01	8.87E-01	-2.77E-04	1.96E-03	5.99E-03	
def_2~~~def_1~~~def_3	2.85E-01	4.94E-02	9.58E-01	-7.78E-05	1.49E-03	2.21E-03	
nagB_1~~~nagB_2	2.87E-01	5.92E-01	9.13E-01	3.68E-04	3.37E-03	4.63E-03	
pglK	2.87E-01	1.01E-01	9.66E-01	-2.30E-04	5.34E-03	1.82E-03	
pyrC_2~~~pyrC	2.87E-01	5.85E-04	8.86E-01	5.07E-04	3.53E-03	6.07E-03	
group_8356	2.87E-01	6.67E-03	7.48E-01	6.28E-04	1.96E-03	1.36E-02	
group_7738	2.87E-01	1.04E-01	9.54E-01	1.30E-04	2.24E-03	2.47E-03	
group_7653	2.85E-01	1.55E-04	9.63E-01	2.09E-04	4.55E-03	1.94E-03	bad-chisq
group_7257	2.87E-01	8.62E-01	9.82E-01	7.47E-05	3.37E-03	9.38E-04	
mglA_4~~~mglA_3~~~rbsA_2~~~mglA_5	2.87E-01	8.62E-01	9.82E-01	7.47E-05	3.37E-03	9.38E-04	
dapA_1~~~dapA_2	2.85E-01	6.29E-04	9.45E-01	4.14E-04	6.04E-03	2.90E-03	
yjmB~~~xylP~~~xylP_4~~~uidB	2.85E-01	2.25E-03	8.25E-01	-1.33E-03	6.03E-03	9.33E-03	
group_12594	2.85E-01	6.29E-04	9.53E-01	9.18E-05	1.56E-03	2.48E-03	
group_12118	2.85E-01	2.25E-03	9.91E-01	-2.15E-05	1.95E-03	4.66E-04	
group_12035	2.85E-01	8.30E-01	9.96E-01	2.27E-05	4.32E-03	2.22E-04	
group_11501	2.85E-01	5.80E-03	1.71E-01	7.92E-02	5.78E-02	5.79E-02	
group_5956	2.85E-01	6.09E-01	9.68E-01	1.61E-04	4.01E-03	1.70E-03	
group_12517	2.83E-01	2.40E-03	9.72E-01	-6.62E-05	1.86E-03	1.50E-03	
group_12351	2.82E-01	8.04E-03	8.92E-01	-2.18E-04	1.60E-03	5.77E-03	
metK_1~~~metK_3~~~metK_2	2.82E-01	5.48E-02	6.25E-01	-1.15E-03	2.35E-03	2.07E-02	
spmA	2.83E-01	4.02E-06	8.06E-01	-2.85E-02	1.16E-01	1.04E-02	
group_6477	2.83E-01	2.40E-03	9.51E-01	-1.65E-04	2.66E-03	2.63E-03	
wecE~~~arnB_1	2.83E-01	6.26E-01	9.73E-01	1.15E-04	3.37E-03	1.45E-03	
truB	2.83E-01	1.53E-02	9.79E-01	-2.57E-03	9.64E-02	1.13E-03	
group_2787	2.83E-01	6.76E-04	9.70E-01	-2.33E-04	6.11E-03	1.62E-03	
group_12492	2.82E-01	5.48E-02	9.97E-01	1.21E-05	3.13E-03	1.63E-04	
group_12129	2.80E-01	2.43E-01	8.53E-01	-2.92E-04	1.58E-03	7.82E-03	
group_11986	2.82E-01	2.23E-02	8.92E-01	-2.37E-04	1.75E-03	5.75E-03	
group_10320	2.82E-01	3.65E-02	6.39E-01	-1.81E-02	3.85E-02	1.98E-02	
group_9969	2.80E-01	2.36E-02	9.72E-01	2.13E-04	6.11E-03	1.47E-03	
group_7881	2.80E-01	2.75E-03	9.69E-01	-1.75E-04	4.56E-03	1.62E-03	
group_7637	2.82E-01	7.25E-04	9.99E-01	-5.25E-06	3.38E-03	6.56E-05	
gatY~~~ydjI	2.80E-01	2.75E-03	9.69E-01	-1.75E-04	4.56E-03	1.62E-03	
group_6097	2.82E-01	7.25E-04	6.70E-01	-1.46E-02	3.42E-02	1.81E-02	
cas4cas1	2.82E-01	1.81E-04	6.98E-01	-2.37E-03	6.10E-03	1.64E-02	bad-chisq
group_1629	2.82E-01	1.81E-04	6.98E-01	-2.37E-03	6.10E-03	1.64E-02	bad-chisq
cas2	2.82E-01	1.81E-04	6.98E-01	-2.37E-03	6.10E-03	1.64E-02	bad-chisq
group_12684	2.80E-01	1.95E-04	8.93E-01	2.95E-04	2.20E-03	5.67E-03	bad-chisq
group_12304	2.80E-01	5.76E-02	5.71E-01	-1.33E-03	2.35E-03	2.40E-02	
group_12150	2.78E-01	2.50E-02	9.39E-01	-1.40E-04	1.82E-03	3.25E-03	
group_12138	2.80E-01	4.29E-05	5.68E-01	1.21E-03	2.11E-03	2.41E-02	bad-chisq
yfcE_2	2.80E-01	1.95E-04	9.04E-02	4.58E-02	2.70E-02	7.16E-02	bad-chisq
group_12021	2.80E-01	4.23E-01	7.40E-01	-4.84E-04	1.45E-03	1.41E-02	
nusA~~~nusA_2	2.80E-01	1.29E-03	9.41E-01	-8.13E-03	1.10E-01	3.13E-03	
ftsZ_2~~~ftsZ	2.80E-01	1.29E-03	6.74E-01	1.66E-02	3.95E-02	1.78E-02	
group_9508	2.80E-01	3.39E-02	4.54E-02	1.87E-01	9.31E-02	8.45E-02	
spmB	2.80E-01	2.87E-06	8.44E-01	-1.63E-02	8.27E-02	8.32E-03	
group_2772	2.78E-01	2.93E-03	9.78E-01	-1.44E-04	5.29E-03	1.15E-03	
dnaN_2	2.78E-01	1.31E-01	9.02E-01	-2.46E-04	2.01E-03	5.19E-03	
group_12384	2.78E-01	1.31E-01	8.88E-01	-3.26E-04	2.31E-03	5.99E-03	
group_12360	2.78E-01	2.10E-04	5.06E-01	1.55E-03	2.33E-03	2.81E-02	bad-chisq
group_12330	2.78E-01	2.50E-02	8.92E-01	-2.37E-04	1.75E-03	5.75E-03	
group_12133	2.78E-01	2.10E-04	5.05E-01	1.55E-03	2.33E-03	2.82E-02	bad-chisq
rsmH	2.78E-01	1.15E-03	9.97E-01	6.45E-04	1.70E-01	1.61E-04	
group_12563	2.76E-01	6.38E-02	6.04E-01	-1.12E-03	2.15E-03	2.19E-02	
group_12521	2.76E-01	5.01E-05	5.86E-01	1.15E-03	2.11E-03	2.30E-02	bad-chisq
glcR~~~srlR_2	2.76E-01	7.28E-01	9.84E-01	8.71E-05	4.33E-03	8.51E-04	
group_12468	2.76E-01	8.96E-04	9.54E-01	9.88E-05	1.71E-03	2.45E-03	
group_12136	2.76E-01	8.96E-04	9.89E-01	-2.34E-05	1.71E-03	5.77E-04	
group_12125	2.76E-01	9.67E-03	7.85E-01	4.51E-04	1.66E-03	1.15E-02	
cheB_1~~~cheB~~~cheB_2~~~rhaR_4~~~rhaR_5~~~rhaR_9~~~btr~~~cheB_4	2.76E-01	6.38E-02	9.94E-01	2.49E-05	3.13E-03	3.36E-04	
group_11228	2.76E-01	3.54E-03	9.97E-01	-1.96E-05	6.20E-03	1.34E-04	
smc_2~~~smc_1~~~smc_3~~~smc_4~~~smc	2.76E-01	1.03E-03	9.42E-01	1.47E-02	2.04E-01	3.06E-03	
group_10559	2.75E-01	6.71E-02	7.88E-01	-1.06E-02	3.93E-02	1.14E-02	
group_7895	2.76E-01	1.37E-01	9.89E-01	-4.20E-05	3.13E-03	5.69E-04	
group_6012	2.76E-01	1.03E-03	9.97E-01	5.41E-04	1.55E-01	1.47E-04	
group_5982	2.75E-01	3.35E-03	9.78E-01	-1.45E-04	5.29E-03	1.16E-03	
arnB	2.75E-01	4.67E-01	9.81E-01	-1.26E-04	5.27E-03	1.01E-03	
group_12469	2.75E-01	2.43E-04	7.02E-01	6.25E-04	1.63E-03	1.62E-02	bad-chisq
group_12023	2.75E-01	1.03E-02	9.17E-01	-2.19E-04	2.09E-03	4.44E-03	
group_11852	2.75E-01	2.73E-01	9.27E-01	1.74E-04	1.89E-03	3.88E-03	
cdaR_2~~~cdaR_1~~~cdaR	2.75E-01	3.19E-03	8.02E-01	3.82E-01	1.52E+00	1.06E-02	
rsxB_5~~~napF_2~~~rsxB_2~~~napF~~~rsxB_4~~~rsxB_1~~~rsxB_3	2.75E-01	3.19E-03	9.46E-01	1.60E-04	2.37E-03	2.85E-03	
rimP~~~rimP_2	2.75E-01	9.13E-04	9.19E-01	-1.05E-02	1.03E-01	4.28E-03	
group_11264	2.75E-01	9.86E-03	8.69E-01	-8.70E-03	5.28E-02	6.97E-03	
fbpC~~~btuD_2~~~btuD_6~~~cysA_2~~~cysA~~~btuD_4~~~btuD_7~~~btuD_9~~~btuD_1~~~btuD_5	2.73E-01	1.09E-02	8.68E-01	7.87E-03	4.72E-02	7.05E-03	
iolG_4~~~iolG_3~~~iolG_2	2.75E-01	1.43E-01	9.66E-01	1.71E-04	4.00E-03	1.80E-03	
group_8009	2.75E-01	9.13E-04	9.99E-01	1.37E-04	7.82E-02	7.40E-05	
pepA_2~~~pepA	2.73E-01	1.32E-01	7.55E-01	1.01E-02	3.23E-02	1.32E-02	
group_12458	2.73E-01	1.50E-01	6.19E-01	-1.01E-03	2.04E-03	2.11E-02	
group_12395	2.71E-01	1.16E-02	7.54E-01	5.53E-04	1.76E-03	1.33E-02	
malT~~~malT_2~~~malT_1	2.73E-01	7.05E-02	9.83E-01	5.13E-05	2.35E-03	9.24E-04	
group_11065	2.73E-01	2.88E-03	9.04E-01	-1.69E-02	1.39E-01	5.11E-03	
group_11013	2.73E-01	1.32E-01	9.67E-01	1.69E-04	4.05E-03	1.77E-03	
murJ_1~~~murJ~~~mepA_4~~~murJ_2~~~murJ_4	2.73E-01	6.88E-01	9.70E-01	1.62E-04	4.36E-03	1.57E-03	
mraY	2.73E-01	8.99E-03	8.85E-45	7.35E-01	4.78E-02	5.45E-01	
group_9790	2.73E-01	8.11E-04	9.85E-01	-3.51E-03	1.88E-01	7.89E-04	
group_9199	2.73E-01	2.01E-04	9.92E-01	-5.21E-05	5.38E-03	4.09E-04	
group_9070	2.73E-01	1.50E-01	9.67E-01	1.64E-04	4.00E-03	1.73E-03	
rsmI	2.73E-01	8.11E-04	9.99E-01	7.49E-05	6.89E-02	4.60E-05	
atpF	2.73E-01	2.88E-03	9.98E-01	-1.39E-05	5.37E-03	1.09E-04	
atpH	2.73E-01	2.88E-03	9.98E-01	-1.39E-05	5.37E-03	1.09E-04	
melD_1~~~melD_2	2.71E-01	3.81E-03	8.72E-01	-4.52E-03	2.79E-02	6.84E-03	
cutC~~~cutC_2	2.71E-01	1.24E-01	7.57E-01	9.95E-03	3.21E-02	1.31E-02	
murB~~~murB_2	2.73E-01	2.48E-02	9.81E-01	-1.05E-04	4.35E-03	1.02E-03	
group_12312	2.71E-01	1.16E-02	9.37E-01	-1.51E-04	1.90E-03	3.36E-03	
phoR~~~senX3~~~sasA_7~~~sasA_6~~~sasA_3~~~sasA_5~~~rcsC~~~resE_1~~~sasA_10	2.71E-01	8.19E-03	9.73E-01	4.70E-03	1.38E-01	1.44E-03	
ktrA~~~ktrA_2~~~ktrA_1	2.71E-01	2.59E-03	4.92E-01	-6.87E-02	1.00E-01	2.90E-02	
group_10148	2.71E-01	8.19E-03	9.54E-01	1.23E-02	2.12E-01	2.46E-03	
group_10017	2.71E-01	2.59E-03	9.40E-01	-5.84E-03	7.75E-02	3.19E-03	
atpB	2.71E-01	2.59E-03	9.98E-01	-1.39E-05	5.37E-03	1.09E-04	
group_7971	2.71E-01	2.59E-03	9.98E-01	-1.58E-05	5.37E-03	1.24E-04	
group_7850	2.71E-01	7.19E-04	9.98E-01	-1.72E-04	6.13E-02	1.19E-04	
msbA~~~atm1~~~yheI_2	2.71E-01	1.10E-03	9.37E-01	2.25E-04	2.85E-03	3.34E-03	
btuD_1~~~btuD_6~~~btuD_3~~~yxlF	2.69E-01	1.23E-02	9.41E-01	-1.33E-04	1.80E-03	3.15E-03	
group_12126	2.67E-01	4.34E-03	9.78E-01	-6.68E-05	2.38E-03	1.19E-03	
dinG~~~polC_2~~~polC_1	2.69E-01	2.32E-03	9.99E-01	5.42E-06	6.19E-03	3.70E-05	
group_10930	2.69E-01	2.11E-02	9.85E-01	-4.53E-05	2.49E-03	7.69E-04	
ktrB~~~ntpJ	2.69E-01	2.32E-03	4.99E-01	-6.64E-02	9.82E-02	2.86E-02	
group_10026	2.69E-01	2.32E-03	9.34E-01	-6.41E-03	7.73E-02	3.51E-03	
gpr~~~gpr_2~~~gpr_1	2.69E-01	7.45E-03	6.58E-01	5.33E-02	1.21E-01	1.87E-02	
group_7243	2.69E-01	3.03E-04	8.34E-01	6.97E-03	3.33E-02	8.86E-03	bad-chisq
kduD~~~kduD_2~~~hsdA	2.67E-01	3.48E-02	6.23E-01	-1.21E-03	2.45E-03	2.08E-02	
ftsE~~~ftsE_1	2.69E-01	2.32E-03	9.61E-01	2.94E-03	5.96E-02	2.09E-03	
group_6654	2.67E-01	4.34E-03	9.63E-01	-2.80E-04	6.06E-03	1.95E-03	
group_6514	2.67E-01	1.11E-01	9.25E-01	2.99E-03	3.17E-02	3.99E-03	
melE_2~~~melE	2.67E-01	4.34E-03	9.72E-01	-2.15E-04	6.06E-03	1.50E-03	
melC_3~~~melC	2.67E-01	4.34E-03	8.72E-01	-4.48E-03	2.78E-02	6.82E-03	
rhaS_1~~~araC	2.67E-01	4.34E-03	9.63E-01	-2.80E-04	6.06E-03	1.95E-03	
rhaS_3~~~rhaS	2.67E-01	4.34E-03	9.72E-01	-2.15E-04	6.06E-03	1.50E-03	
group_13398	2.66E-01	4.62E-03	8.84E-01	-4.71E-03	3.24E-02	6.15E-03	
group_12532	2.67E-01	3.26E-04	6.92E-01	6.70E-04	1.69E-03	1.67E-02	bad-chisq
group_12116	2.66E-01	3.67E-02	9.19E-01	-1.50E-04	1.48E-03	4.29E-03	
group_12113	2.67E-01	4.34E-03	9.83E-01	-3.90E-05	1.78E-03	9.24E-04	
group_11614	2.67E-01	6.77E-03	9.97E-01	2.14E-05	6.20E-03	1.46E-04	
nudC	2.67E-01	1.11E-01	8.99E-01	1.78E-02	1.39E-01	5.39E-03	
group_11180	2.67E-01	2.21E-01	4.29E-01	2.92E-02	3.68E-02	3.35E-02	
group_11153	2.67E-01	1.33E-04	4.93E-01	-2.45E-02	3.57E-02	2.90E-02	
ngcG_1~~~ngcG_3~~~dasC_1~~~ngcG_2	2.67E-01	3.26E-04	8.72E-01	9.52E-04	5.92E-03	6.80E-03	bad-chisq
group_9655	2.67E-01	2.08E-03	9.87E-01	-1.01E-03	6.06E-02	7.02E-04	
atpA	2.67E-01	2.08E-03	9.98E-01	-1.45E-05	5.36E-03	1.15E-04	
group_6668	2.67E-01	3.26E-04	9.63E-01	2.81E-04	6.07E-03	1.96E-03	bad-chisq
group_5920	2.67E-01	1.27E-03	8.97E-01	4.60E-04	3.53E-03	5.50E-03	
group_12460	2.66E-01	3.67E-02	9.36E-01	-1.24E-04	1.54E-03	3.39E-03	
group_11807	2.66E-01	1.39E-02	2.94E-01	5.19E-03	4.94E-03	4.44E-02	
xylB_3~~~xylB_5~~~xylB_9	2.66E-01	4.58E-02	2.24E-01	5.53E-02	4.54E-02	5.14E-02	
group_11412	2.66E-01	6.14E-03	3.97E-01	7.12E-02	8.40E-02	3.58E-02	
yfnB~~~yjjG~~~ppaX	2.66E-01	1.86E-03	9.97E-01	-3.35E-04	8.43E-02	1.68E-04	
pyrF_2~~~pyrF~~~pyrF_1	2.66E-01	1.79E-02	9.77E-01	-4.62E-03	1.59E-01	1.23E-03	
group_10864	2.66E-01	6.14E-03	9.96E-01	-2.85E-05	6.18E-03	1.95E-04	
group_10397	2.66E-01	1.86E-03	5.02E-01	-5.35E-02	7.97E-02	2.84E-02	
group_10084	2.66E-01	1.36E-03	9.26E-01	2.49E-04	2.68E-03	3.93E-03	
araP~~~ngcF_1~~~ngcF	2.66E-01	3.50E-04	9.21E-01	4.23E-04	4.29E-03	4.17E-03	bad-chisq
chiA1~~~chiA	2.64E-01	1.45E-03	7.46E-01	-1.48E-03	4.57E-03	1.37E-02	
group_8840	2.64E-01	3.76E-04	6.16E-01	1.04E-03	2.07E-03	2.12E-02	bad-chisq
atpG	2.66E-01	1.86E-03	9.98E-01	-1.45E-05	5.36E-03	1.15E-04	
yvgN~~~yvgN_2	2.66E-01	4.58E-02	4.29E-01	-2.80E-03	3.54E-03	3.34E-02	
rlmCD	2.66E-01	4.58E-02	9.41E-01	-3.21E-04	4.34E-03	3.13E-03	
group_4317	2.66E-01	4.62E-03	9.67E-01	1.66E-04	4.01E-03	1.75E-03	
group_4292	2.66E-01	1.39E-02	9.38E-01	-1.47E-04	1.90E-03	3.27E-03	
kdnA~~~arnB_1~~~arnB	2.66E-01	4.62E-03	9.72E-01	1.16E-04	3.37E-03	1.46E-03	
mutS_3~~~mutS_2~~~mutS_1	2.62E-01	1.56E-02	7.75E-01	4.47E-04	1.56E-03	1.21E-02	
group_12546	2.64E-01	1.45E-03	9.13E-01	2.06E-04	1.89E-03	4.61E-03	
xerC_6~~~xerC_4~~~xerC_8~~~xerC_3~~~xerC_2~~~xerC_1	2.64E-01	3.76E-04	7.52E-01	-7.76E-04	2.45E-03	1.34E-02	bad-chisq
group_12394	2.64E-01	1.86E-01	8.14E-01	-4.46E-04	1.89E-03	9.96E-03	
mepA_5~~~murJ_3~~~mepA_4~~~mepA_8~~~yeeO_3~~~mepA_1~~~mdtK_6~~~mdtK_5	2.64E-01	1.64E-02	5.98E-01	-3.26E-03	6.17E-03	2.23E-02	
alaS_2~~~alaS	2.64E-01	9.78E-02	9.69E-01	-3.12E-03	8.07E-02	1.64E-03	
grpE_1~~~grpE_2~~~grpE_3	2.64E-01	5.56E-03	8.32E-01	-2.76E-02	1.30E-01	8.98E-03	
dacF_2~~~dacB	2.64E-01	9.78E-02	7.92E-01	2.21E-02	8.37E-02	1.11E-02	
cseB~~~qseB~~~mprA~~~rssB_2~~~rssB~~~tcrX~~~phoP_1~~~mprA_2~~~mprA_1~~~walR_2	2.64E-01	3.76E-04	5.63E-01	1.99E-02	3.44E-02	2.45E-02	bad-chisq
gph_2~~~gph~~~mupP	2.64E-01	4.36E-04	9.67E-01	-8.58E-03	2.07E-01	1.75E-03	
group_9460	2.64E-01	3.76E-04	8.73E-01	9.43E-04	5.91E-03	6.75E-03	bad-chisq
xynR_2~~~allR~~~kipR	2.62E-01	1.56E-02	8.68E-01	1.29E-02	7.73E-02	7.05E-03	
atpD	2.64E-01	1.66E-03	9.99E-01	3.90E-06	5.36E-03	3.07E-05	
rhaR_3~~~rhaR_9~~~rhaR_7	2.64E-01	4.93E-03	9.67E-01	1.66E-04	4.01E-03	1.75E-03	
pknD_4~~~pknD_1~~~pknD_8~~~pknD_2~~~pknD_7~~~pknD_3~~~pknD_5	2.64E-01	3.76E-04	9.70E-01	1.32E-04	3.56E-03	1.57E-03	bad-chisq
rhaR_7~~~rhaR_18~~~rhaR_10~~~rhaR_9~~~rhaR_1~~~rssB_2	2.64E-01	3.76E-04	5.93E-01	1.07E-02	1.99E-02	2.26E-02	bad-chisq
group_1257	2.64E-01	3.76E-04	5.96E-01	1.04E-02	1.96E-02	2.24E-02	bad-chisq
group_11495	2.62E-01	3.47E-01	9.96E-01	2.60E-05	5.36E-03	2.05E-04	
rhaR_6~~~rhaR_2~~~rhaR_7~~~rhaR_4~~~rhaR_5~~~rhaR_9	2.62E-01	1.55E-03	9.31E-01	3.45E-04	3.98E-03	3.67E-03	
pfp_2~~~pfp	2.62E-01	3.47E-01	9.78E-01	1.71E-04	6.18E-03	1.17E-03	
ftsW_2~~~ftsW_1~~~ftsW	2.62E-01	1.48E-03	9.97E-01	-7.10E-04	1.69E-01	1.77E-04	
murF	2.62E-01	1.48E-03	9.97E-01	-7.10E-04	1.69E-01	1.77E-04	
murE	2.62E-01	1.48E-03	9.97E-01	-7.10E-04	1.69E-01	1.77E-04	
spoVD~~~ftsI	2.62E-01	1.48E-03	9.97E-01	-7.10E-04	1.69E-01	1.77E-04	
group_7452	2.60E-01	5.59E-03	9.64E-01	-2.04E-04	4.57E-03	1.89E-03	
ftsL_1~~~ftsL~~~ftsL_2	2.62E-01	1.48E-03	9.97E-01	-7.10E-04	1.69E-01	1.77E-04	
group_6655	2.60E-01	5.59E-03	8.89E-01	-3.82E-03	2.75E-02	5.89E-03	
group_5802	2.62E-01	1.56E-02	9.48E-01	-1.21E-04	1.86E-03	2.75E-03	
group_3736	2.62E-01	4.04E-04	5.93E-01	1.07E-02	1.99E-02	2.26E-02	bad-chisq
group_2710	2.62E-01	4.04E-04	5.93E-01	1.07E-02	1.99E-02	2.26E-02	bad-chisq
group_2068	2.62E-01	4.04E-04	5.88E-01	1.09E-02	2.01E-02	2.29E-02	bad-chisq
group_12450	2.60E-01	5.59E-03	9.49E-01	-9.65E-05	1.52E-03	2.68E-03	
group_12414	2.58E-01	3.81E-01	6.74E-01	9.71E-04	2.31E-03	1.78E-02	
group_12205	2.60E-01	9.91E-02	8.78E-01	-3.23E-04	2.10E-03	6.51E-03	
group_12014	2.60E-01	1.66E-03	9.48E-01	-1.76E-04	2.67E-03	2.78E-03	
IntTn_1~~~xerC_9~~~IntTn_3~~~xerC_11~~~xerC_8	2.60E-01	4.31E-02	9.21E-01	-1.91E-04	1.93E-03	4.18E-03	
pepF1	2.60E-01	4.54E-03	9.74E-01	-1.75E-04	5.37E-03	1.38E-03	
phoB~~~phoB_1~~~walR_2~~~walR_5	2.60E-01	5.52E-01	8.62E-01	6.50E-02	3.74E-01	7.35E-03	
gpmB~~~gpmB_1	2.60E-01	4.54E-03	6.85E-01	-5.21E-02	1.28E-01	1.72E-02	
group_9372	2.60E-01	4.54E-03	1.32E-01	8.04E-02	5.33E-02	6.37E-02	
group_3924	2.60E-01	4.34E-04	6.12E-01	1.02E-02	2.01E-02	2.14E-02	bad-chisq
group_3819	2.60E-01	1.66E-03	8.97E-01	4.58E-04	3.53E-03	5.49E-03	
group_13860	2.58E-01	1.78E-03	8.89E-01	-3.87E-03	2.77E-02	5.90E-03	
group_12515	2.58E-01	1.04E-01	9.61E-01	8.00E-05	1.64E-03	2.07E-03	
soj_3~~~soj_2~~~soj_1	2.58E-01	1.07E-04	8.60E-01	3.54E-04	2.00E-03	7.47E-03	bad-chisq
larB	2.58E-01	3.19E-01	9.97E-01	2.03E-05	5.34E-03	1.60E-04	
larE	2.58E-01	3.19E-01	9.97E-01	1.74E-05	5.37E-03	1.37E-04	
group_11273	2.58E-01	5.34E-01	9.29E-01	-1.29E-02	1.44E-01	3.78E-03	
group_11060	2.58E-01	1.70E-01	8.97E-01	7.93E-04	6.11E-03	5.49E-03	
group_10893	2.58E-01	1.25E-02	9.94E-01	-3.76E-04	4.74E-02	3.36E-04	
hdfR~~~hdfR_2~~~yofA~~~hdfR_1	2.58E-01	2.94E-04	6.81E-01	-2.70E-02	6.56E-02	1.74E-02	
baiA_2~~~baiA	2.57E-01	5.55E-05	7.22E-02	-6.31E-02	3.50E-02	7.60E-02	
group_10089	2.58E-01	1.17E-03	9.51E-01	-2.91E-03	4.76E-02	2.59E-03	
group_9844	2.58E-01	5.95E-03	8.77E-01	4.35E-03	2.81E-02	6.55E-03	
group_8961	2.58E-01	4.09E-03	9.95E-01	-2.76E-05	4.38E-03	2.67E-04	
atpC	2.58E-01	1.17E-03	9.99E-01	3.88E-06	5.35E-03	3.06E-05	
yjmC~~~yjmC_2~~~yjmC_1	2.57E-01	6.34E-03	5.46E-01	-1.45E-02	2.39E-02	2.56E-02	
group_6716	2.58E-01	4.66E-04	5.99E-01	1.03E-02	1.96E-02	2.23E-02	bad-chisq
group_5560	2.58E-01	5.95E-03	9.24E-01	-2.44E-04	2.55E-03	4.04E-03	
eda_2~~~eda	2.57E-01	6.34E-03	5.46E-01	-1.45E-02	2.39E-02	2.56E-02	
ttuD	2.57E-01	6.34E-03	5.46E-01	-1.45E-02	2.39E-02	2.56E-02	
group_12531	2.57E-01	1.90E-03	9.86E-01	2.90E-05	1.68E-03	7.27E-04	
group_12508	2.55E-01	2.29E-01	9.45E-01	1.27E-04	1.84E-03	2.92E-03	
group_12498	2.57E-01	1.86E-02	9.96E-01	1.20E-05	2.36E-03	2.15E-04	
ugpB	2.57E-01	4.79E-02	9.77E-01	-4.71E-05	1.64E-03	1.21E-03	
group_12419	2.55E-01	1.97E-02	8.86E-01	-3.09E-04	2.16E-03	6.04E-03	
group_12139	2.55E-01	1.24E-04	6.47E-01	7.55E-04	1.65E-03	1.94E-02	bad-chisq
group_12115	2.55E-01	1.97E-02	8.16E-01	3.35E-04	1.44E-03	9.83E-03	
slyA~~~marR	2.57E-01	5.15E-01	9.64E-01	-3.53E-03	7.76E-02	1.92E-03	
group_11070	2.57E-01	3.68E-03	5.78E-01	8.76E-02	1.57E-01	2.35E-02	
dinB~~~dinB1~~~dinB_2~~~dinB_1	2.57E-01	3.13E-02	1.00E+00	-1.24E-06	4.06E-03	1.29E-05	
mrdA_1~~~mrdA_2~~~pbpA	2.57E-01	3.68E-03	9.95E-01	-3.83E-05	6.17E-03	2.63E-04	
mepS~~~mepH	2.57E-01	5.15E-01	9.99E-01	8.78E-06	6.20E-03	6.00E-05	
group_6574	2.57E-01	4.79E-02	9.75E-01	-5.51E-05	1.73E-03	1.35E-03	
yvgN_2~~~yvgN	2.55E-01	6.75E-03	4.76E-01	-1.70E-02	2.38E-02	3.01E-02	
group_12701	2.55E-01	2.29E-01	8.21E-01	3.31E-04	1.47E-03	9.57E-03	
group_12597	2.55E-01	1.14E-01	9.11E-01	-2.02E-04	1.81E-03	4.73E-03	
serS_1~~~serS_2~~~serS	2.55E-01	4.97E-01	9.95E-01	1.94E-05	3.17E-03	2.59E-04	
kdgK_1~~~iolC_1~~~iolC	2.55E-01	2.03E-03	9.71E-01	-1.80E-04	4.96E-03	1.54E-03	
group_9248	2.55E-01	9.18E-04	9.53E-01	-6.32E-03	1.07E-01	2.49E-03	
pyrE_1~~~gph_1~~~pyrE_2~~~pyrE	2.55E-01	7.05E-02	9.36E-01	-3.48E-03	4.31E-02	3.42E-03	
group_5559	2.55E-01	6.75E-03	9.28E-01	-2.22E-04	2.45E-03	3.83E-03	
rpsT	2.55E-01	3.30E-03	7.35E-01	3.32E-02	9.78E-02	1.43E-02	
group_14881	2.53E-01	7.18E-03	9.28E-01	-2.22E-04	2.45E-03	3.84E-03	
gsiC_2~~~nikB~~~gsiC~~~nikB_1~~~oppB	2.51E-01	2.48E-01	4.27E-01	-3.61E-03	4.54E-03	3.36E-02	
group_12549	2.51E-01	7.63E-03	6.66E-01	1.00E-03	2.33E-03	1.82E-02	
dadD_1~~~atzB	2.53E-01	8.11E-04	9.93E-01	5.04E-04	5.49E-02	3.89E-04	
group_12358	2.51E-01	1.43E-04	6.19E-01	8.83E-04	1.78E-03	2.10E-02	bad-chisq
group_12083	2.51E-01	7.63E-03	9.63E-01	-2.13E-04	4.56E-03	1.97E-03	
group_11772	2.53E-01	2.96E-03	4.53E-01	-7.88E-02	1.05E-01	3.18E-02	
group_11771	2.53E-01	2.96E-03	4.53E-01	-7.88E-02	1.05E-01	3.18E-02	
group_11739	2.53E-01	2.96E-03	4.53E-01	-7.88E-02	1.05E-01	3.18E-02	
group_11724	2.53E-01	2.96E-03	4.53E-01	-7.88E-02	1.05E-01	3.18E-02	
group_11511	2.53E-01	2.08E-02	8.32E-01	-5.47E-03	2.58E-02	8.95E-03	
eda_1~~~dgoA	2.53E-01	7.18E-03	9.62E-01	-2.34E-04	4.96E-03	2.00E-03	
group_10828	2.53E-01	6.58E-02	1.00E+00	-7.28E-07	4.06E-03	7.58E-06	
yeeO_3~~~yeeO_1~~~yeeO_2~~~mdtK_2	2.53E-01	9.62E-01	8.13E-01	1.28E-02	5.41E-02	1.00E-02	
hslO~~~hslO_1	2.53E-01	9.48E-03	3.70E-45	7.43E-01	4.80E-02	5.47E-01	
group_8051	2.53E-01	2.66E-02	8.34E-01	-1.35E-01	6.47E-01	8.85E-03	
group_7029	2.53E-01	2.08E-02	9.37E-01	-1.58E-04	2.00E-03	3.34E-03	
pyrD	2.53E-01	2.66E-02	9.25E-01	-4.35E-03	4.63E-02	3.97E-03	
recG~~~mfd_2	2.53E-01	8.11E-04	9.81E-01	-1.09E-03	4.46E-02	1.03E-03	
gsiD_4~~~nikC~~~gsiD	2.50E-01	2.58E-01	3.88E-01	-3.92E-03	4.54E-03	3.65E-02	
group_12435	2.50E-01	8.12E-03	6.26E-01	1.14E-03	2.35E-03	2.06E-02	
group_11770	2.51E-01	2.65E-03	9.65E-01	-2.75E-04	6.20E-03	1.88E-03	
group_11760	2.51E-01	2.65E-03	9.65E-01	-2.75E-04	6.20E-03	1.88E-03	
group_11581	2.51E-01	2.65E-03	4.92E-01	-6.60E-02	9.60E-02	2.91E-02	
group_11419	2.51E-01	4.62E-01	9.48E-01	-6.19E-03	9.56E-02	2.74E-03	
group_11294	2.51E-01	2.65E-03	1.00E+00	-8.53E-07	6.20E-03	5.82E-06	
group_11281	2.51E-01	2.65E-03	4.70E-01	-7.27E-02	1.01E-01	3.06E-02	
yjjP	2.51E-01	7.20E-01	9.62E-01	7.99E-03	1.67E-01	2.02E-03	
group_11238	2.51E-01	7.20E-01	9.62E-01	7.99E-03	1.67E-01	2.02E-03	
trpS_2~~~trpS	2.51E-01	6.14E-02	4.26E-01	2.28E-02	2.85E-02	3.37E-02	
group_10849	2.50E-01	2.58E-01	4.87E-01	-2.55E-03	3.67E-03	2.94E-02	
group_10486	2.51E-01	8.60E-03	9.04E-01	6.46E-04	5.36E-03	5.10E-03	
group_9970	2.51E-01	7.63E-03	9.94E-01	-1.37E-05	1.90E-03	3.04E-04	
group_9838	2.51E-01	2.48E-01	8.73E-01	-3.20E-04	2.00E-03	6.77E-03	
group_9368	2.51E-01	7.15E-04	9.98E-01	-9.52E-06	3.24E-03	1.24E-04	
sigG_2~~~sigG	2.51E-01	2.65E-03	9.82E-01	-2.76E-03	1.23E-01	9.45E-04	
pyrF_1~~~pyrF	2.51E-01	6.14E-02	9.34E-01	-3.69E-03	4.43E-02	3.52E-03	
group_12558	2.50E-01	2.48E-03	9.74E-01	5.09E-05	1.57E-03	1.37E-03	
group_12482	2.48E-01	2.64E-03	9.80E-01	-5.88E-05	2.39E-03	1.04E-03	
lacF~~~araP~~~lacF_3~~~lacF_1	2.50E-01	5.89E-02	9.71E-01	-5.81E-05	1.59E-03	1.55E-03	
group_12409	2.50E-01	2.48E-03	3.38E-01	3.20E-03	3.34E-03	4.05E-02	
eno~~~eno_1	2.48E-01	8.63E-03	9.70E-01	-1.37E-04	3.67E-03	1.58E-03	
malR~~~ccpA	2.50E-01	2.33E-02	9.75E-01	-5.05E-05	1.64E-03	1.30E-03	
group_12176	2.48E-01	7.08E-04	9.08E-01	2.94E-04	2.55E-03	4.88E-03	bad-chisq
group_11710	2.50E-01	4.44E-01	9.81E-01	2.07E-03	8.91E-02	9.85E-04	
group_11063	2.50E-01	7.80E-03	4.46E-39	6.74E-01	4.76E-02	5.14E-01	
group_11054	2.50E-01	7.80E-03	4.46E-39	6.74E-01	4.76E-02	5.14E-01	
group_11003	2.50E-01	2.25E-02	1.09E-40	6.75E-01	4.65E-02	5.23E-01	
galK_1~~~galK~~~galK_2	2.50E-01	7.80E-03	8.17E-01	-1.02E-02	4.40E-02	9.77E-03	
group_10647	2.50E-01	2.37E-03	9.85E-01	-1.83E-03	9.75E-02	7.96E-04	
ttcA_1~~~ttcA~~~ttcA_2	2.50E-01	1.28E-01	8.67E-01	-2.69E-02	1.61E-01	7.07E-03	
sasA_2~~~sphR~~~saeS~~~sasA_9~~~sasA_4~~~sasA_5~~~sasA_6~~~sasA_11	2.50E-01	2.95E-05	8.86E-01	-5.23E-04	3.66E-03	6.04E-03	
baiN_2~~~baiN_1~~~baiN_3	2.50E-01	5.71E-02	9.32E-01	9.19E-03	1.08E-01	3.60E-03	
group_12674	2.46E-01	6.52E-02	9.62E-01	-7.59E-05	1.60E-03	2.00E-03	
group_12614	2.48E-01	1.37E-01	9.88E-01	4.88E-05	3.35E-03	6.17E-04	
group_12518	2.48E-01	1.37E-01	9.16E-01	-1.75E-04	1.66E-03	4.46E-03	
group_12494	2.46E-01	6.52E-02	9.31E-01	-1.30E-04	1.51E-03	3.65E-03	
group_12367	2.48E-01	2.07E-02	8.89E-01	5.62E-04	4.03E-03	5.90E-03	
group_12352	2.48E-01	6.20E-02	7.80E-01	4.21E-04	1.51E-03	1.18E-02	
group_12309	2.48E-01	6.20E-02	9.84E-01	-3.29E-05	1.61E-03	8.62E-04	
group_11580	2.48E-01	2.11E-03	9.64E-01	-2.82E-04	6.20E-03	1.93E-03	
group_11579	2.48E-01	2.11E-03	5.49E-01	-4.95E-02	8.25E-02	2.54E-02	
group_10825	2.48E-01	7.06E-03	9.88E-01	9.58E-05	6.19E-03	6.55E-04	
group_9386	2.48E-01	2.64E-03	9.34E-01	1.99E-04	2.42E-03	3.48E-03	
pyrK~~~pyrK_2	2.48E-01	2.07E-02	9.08E-01	-5.36E-03	4.65E-02	4.87E-03	
group_6379	2.48E-01	5.52E-04	9.15E-01	-6.83E-03	6.37E-02	4.53E-03	
pyrI	2.48E-01	5.31E-02	9.31E-01	-3.87E-03	4.48E-02	3.65E-03	
group_12547	2.44E-01	6.86E-02	9.21E-01	-1.90E-04	1.91E-03	4.20E-03	
group_12091	2.46E-01	2.61E-02	9.76E-01	5.58E-05	1.87E-03	1.26E-03	
group_12056	2.46E-01	9.17E-03	9.40E-01	-1.32E-04	1.77E-03	3.16E-03	
rlmB_1~~~rlmB_2~~~rlmB~~~trmH_2	2.46E-01	6.58E-01	9.78E-01	2.75E-03	1.01E-01	1.15E-03	
group_11055	2.46E-01	6.37E-03	9.90E-01	-1.47E-03	1.20E-01	5.21E-04	
group_10967	2.46E-01	1.89E-02	9.78E-01	-1.20E-04	4.37E-03	1.16E-03	
group_10898	2.46E-01	4.93E-02	6.55E-03	1.21E-01	4.44E-02	1.15E-01	
mop~~~ndhM	2.46E-01	6.58E-01	9.97E-01	1.56E-05	4.06E-03	1.63E-04	
ispF	2.46E-01	1.13E-01	6.88E-02	1.50E-01	8.22E-02	7.69E-02	
cmlA~~~cat3	2.46E-01	1.88E-03	9.84E-01	-1.60E-03	8.14E-02	8.30E-04	
group_9945	2.46E-01	9.17E-03	9.71E-01	-1.20E-04	3.30E-03	1.54E-03	
group_7898	2.46E-01	1.89E-02	9.88E-01	-9.37E-05	6.15E-03	6.44E-04	
group_7023	2.44E-01	3.01E-03	9.53E-01	-1.42E-04	2.42E-03	2.49E-03	
potH~~~potB	2.46E-01	4.10E-01	9.93E-01	5.21E-04	5.87E-02	3.76E-04	
group_12632	2.44E-01	6.86E-02	5.80E-01	1.16E-03	2.10E-03	2.34E-02	
agaA_4~~~agaA_1~~~agaA_2~~~nagA_2~~~agaA_3~~~ade_1~~~agaA~~~ade_3	2.44E-01	3.01E-03	8.47E-01	9.95E-04	5.16E-03	8.15E-03	
group_12599	2.42E-01	3.21E-03	9.74E-01	6.63E-05	2.04E-03	1.37E-03	
axe2~~~axe2_1~~~axe2_2	2.44E-01	3.01E-03	5.80E-01	-1.14E-02	2.05E-02	2.34E-02	
group_12080	2.44E-01	8.12E-04	4.11E-01	2.42E-03	2.94E-03	3.48E-02	bad-chisq
group_11028	2.44E-01	5.75E-03	9.64E-01	-2.77E-04	6.20E-03	1.89E-03	
spoVB_2~~~spoVB~~~murJ_4~~~spoVB_1	2.44E-01	3.94E-01	9.96E-01	-2.81E-05	6.20E-03	1.92E-04	
group_10819	2.44E-01	3.94E-01	9.79E-01	2.93E-03	1.09E-01	1.14E-03	
group_10656	2.44E-01	5.75E-03	9.86E-01	-7.22E-05	4.05E-03	7.54E-04	
group_9492	2.44E-01	9.29E-01	8.72E-01	8.65E-04	5.37E-03	6.81E-03	
prfA~~~prfA_1~~~prfA_2	2.44E-01	3.94E-01	8.22E-01	8.88E-03	3.95E-02	9.52E-03	
group_8980	2.42E-01	7.21E-02	8.31E-01	-4.92E-04	2.31E-03	9.02E-03	
group_7154	2.42E-01	1.03E-02	7.64E-01	-1.82E-03	6.07E-03	1.27E-02	
group_6483	2.44E-01	1.06E-01	4.84E-01	2.00E-02	2.86E-02	2.96E-02	
group_12693	2.41E-01	3.14E-01	3.90E-01	-3.92E-03	4.55E-03	3.64E-02	
group_12551	2.42E-01	1.57E-01	9.84E-01	-3.15E-05	1.56E-03	8.54E-04	
group_12524	2.41E-01	3.08E-02	7.74E-01	4.63E-04	1.61E-03	1.22E-02	
ravA_2~~~ravA~~~ravA_1	2.42E-01	3.02E-01	9.52E-01	-1.01E-04	1.70E-03	2.52E-03	
dnaN_2~~~dnaN_1~~~dnaN_3	2.42E-01	2.92E-02	9.95E-01	-1.23E-05	1.96E-03	2.67E-04	
group_12137	2.41E-01	2.20E-04	6.00E-01	1.09E-03	2.07E-03	2.22E-02	bad-chisq
spoVT	2.41E-01	1.95E-01	6.57E-01	-2.33E-03	5.25E-03	1.88E-02	
yecS~~~glnP	2.42E-01	6.18E-01	9.17E-01	9.99E-03	9.61E-02	4.40E-03	
lexA~~~lexA_1~~~lexA_2	2.42E-01	6.18E-01	9.99E-01	6.65E-06	4.39E-03	6.41E-05	
group_9958	2.42E-01	5.17E-03	1.00E+00	-1.76E-05	8.13E-02	9.13E-06	
mepA_9~~~mepA_8~~~mepA_1~~~mepA_2~~~mepA_6~~~mepA_4	2.42E-01	7.90E-01	9.92E-01	5.13E-05	5.37E-03	4.04E-04	
xerC_11~~~xerC_19~~~xerC_6~~~xerC_10~~~xerC_3	2.42E-01	3.21E-03	9.93E-01	5.42E-05	6.01E-03	3.82E-04	
group_6067	2.42E-01	3.78E-01	3.61E-01	-3.70E-03	4.04E-03	3.87E-02	
group_4020	2.42E-01	8.70E-04	7.43E-01	6.57E-03	2.00E-02	1.39E-02	bad-chisq
group_12618	2.41E-01	7.58E-02	5.80E-01	-1.57E-03	2.84E-03	2.34E-02	
group_12564	2.39E-01	3.65E-03	9.60E-01	8.38E-05	1.66E-03	2.13E-03	
group_12520	2.41E-01	2.20E-04	5.61E-01	1.37E-03	2.36E-03	2.46E-02	bad-chisq
brnQ_1~~~brnQ_2~~~brnQ_3~~~brnQ	2.41E-01	3.91E-02	9.87E-01	8.60E-05	5.30E-03	6.86E-04	
ddpD~~~nikE~~~nikE_1	2.39E-01	1.71E-01	3.94E-01	-3.89E-03	4.56E-03	3.60E-02	
group_10962	2.41E-01	1.64E-01	1.13E-11	1.85E-01	2.66E-02	2.81E-01	
group_10640	2.41E-01	9.32E-02	8.08E-01	9.55E-03	3.92E-02	1.03E-02	
group_9965	2.41E-01	5.98E-01	9.89E-01	8.76E-05	6.18E-03	5.99E-04	
group_7666	2.41E-01	3.62E-01	9.94E-01	4.69E-05	6.19E-03	3.21E-04	
group_6789	2.41E-01	9.32E-02	9.38E-01	-2.53E-04	3.24E-03	3.30E-03	
group_6430	2.41E-01	3.91E-02	9.46E-01	-2.19E-04	3.24E-03	2.85E-03	
yiaJ	2.41E-01	3.42E-03	9.29E-01	-4.41E-04	4.97E-03	3.75E-03	
group_1485	2.41E-01	3.42E-03	9.30E-01	-4.40E-04	4.97E-03	3.74E-03	
group_15447	2.39E-01	9.96E-04	9.37E-01	1.34E-04	1.69E-03	3.34E-03	bad-chisq
sigI~~~fliA	2.39E-01	3.65E-03	9.40E-01	1.33E-04	1.76E-03	3.20E-03	
pyk~~~pyk_1~~~pyk_2	2.39E-01	3.47E-01	9.63E-01	-3.03E-03	6.62E-02	1.94E-03	
group_11549	2.39E-01	8.71E-02	9.79E-01	-1.09E-04	4.05E-03	1.14E-03	
nylB	2.37E-01	1.02E-03	2.75E-01	2.74E-02	2.51E-02	4.62E-02	
group_11123	2.39E-01	1.06E-05	8.27E-01	-1.33E-03	6.11E-03	9.23E-03	
group_11115	2.39E-01	8.71E-02	9.50E-01	-3.63E-03	5.75E-02	2.67E-03	
group_11057	2.39E-01	1.31E-02	9.68E-01	1.37E-04	3.39E-03	1.71E-03	
group_11040	2.39E-01	2.36E-04	4.86E-01	2.09E-02	3.00E-02	2.95E-02	bad-chisq
msbA_2~~~msbA~~~btuD_1~~~btuD_5~~~btuD_3~~~irtA~~~btuD_6	2.39E-01	1.85E-01	2.08E-01	5.39E-02	4.27E-02	5.33E-02	
ugtP~~~ugtP_2	2.39E-01	8.64E-01	9.90E-01	7.84E-05	6.19E-03	5.36E-04	
degA~~~purR~~~lacI~~~degA_1~~~purR_2~~~purR_4~~~degA_2	2.39E-01	3.61E-02	8.81E-01	7.92E-04	5.29E-03	6.33E-03	
mutL~~~mutL_1~~~mutL_2	2.39E-01	5.78E-01	9.58E-01	1.51E-02	2.83E-01	2.25E-03	
group_10432	2.39E-01	1.71E-01	8.08E-01	-1.45E-03	5.97E-03	1.03E-02	
group_10414	2.39E-01	8.71E-02	9.74E-01	-1.78E-04	5.35E-03	1.40E-03	
group_10038	2.39E-01	1.15E-03	4.03E-01	-2.67E-02	3.19E-02	3.54E-02	
group_9066	2.39E-01	3.65E-03	9.74E-01	1.07E-04	3.36E-03	1.35E-03	
group_7821	2.39E-01	3.47E-01	9.99E-01	-6.08E-06	4.06E-03	6.34E-05	
group_3365	2.39E-01	5.78E-01	8.35E-01	1.41E-02	6.75E-02	8.82E-03	
sglT~~~putP_2	2.39E-01	3.65E-03	9.30E-01	-4.38E-04	4.96E-03	3.74E-03	
sasA_5~~~sasA_1~~~sasA_10	2.37E-01	5.58E-01	1.00E+00	2.33E-06	3.80E-03	2.59E-05	
group_10078	2.35E-01	3.17E-01	1.95E-01	-4.28E-02	3.30E-02	5.48E-02	
group_6692	2.37E-01	3.89E-03	9.88E-01	-4.32E-05	2.80E-03	6.53E-04	
group_6565	2.37E-01	3.32E-01	6.89E-01	-2.21E-02	5.50E-02	1.70E-02	
group_12702	2.35E-01	1.87E-01	8.96E-01	-2.47E-04	1.89E-03	5.52E-03	
ssb_2~~~ssbA	2.35E-01	3.51E-01	8.83E-01	-2.50E-04	1.70E-03	6.24E-03	
group_12382	2.35E-01	1.14E-03	3.50E-01	3.12E-03	3.34E-03	3.96E-02	bad-chisq
group_12344	2.35E-01	1.31E-02	9.43E-01	-1.18E-04	1.64E-03	3.05E-03	
group_12343	2.35E-01	4.15E-03	5.95E-01	1.12E-03	2.11E-03	2.25E-02	
group_12342	2.34E-01	1.95E-01	8.71E-01	-2.84E-04	1.75E-03	6.85E-03	
group_10267	2.35E-01	5.39E-01	9.88E-01	-7.13E-04	4.60E-02	6.55E-04	
uxaC_2~~~uxaC_1~~~uxaC	2.35E-01	1.31E-02	9.76E-01	1.22E-04	3.98E-03	1.29E-03	
group_10036	2.35E-01	8.20E-01	9.96E-01	2.91E-05	6.19E-03	1.99E-04	
aptB_1~~~aptB~~~aptB_5~~~aptB_4~~~aptB_3~~~aptB_2	2.35E-01	1.87E-01	9.55E-01	-2.26E-04	4.01E-03	2.38E-03	
group_9749	2.35E-01	3.07E-02	1.88E-01	4.16E-02	3.15E-02	5.57E-02	
group_9639	2.35E-01	5.39E-01	9.86E-01	1.53E-03	8.52E-02	7.57E-04	
greA_2~~~greA_1	2.35E-01	1.65E-01	3.64E-01	-3.66E-03	4.03E-03	3.84E-02	
dapF~~~dapF_2	2.35E-01	7.59E-02	9.99E-01	3.31E-06	3.10E-03	4.51E-05	
alr1_2	2.35E-01	4.15E-03	9.29E-01	-4.40E-04	4.96E-03	3.75E-03	
group_15091	2.34E-01	2.82E-02	9.98E-01	-1.91E-05	6.16E-03	1.31E-04	
glmS_1~~~glmS_3	2.34E-01	2.82E-02	9.98E-01	-1.91E-05	6.16E-03	1.31E-04	
group_12652	2.34E-01	1.95E-01	6.79E-01	-6.18E-04	1.49E-03	1.75E-02	
group_12020	2.32E-01	4.05E-02	9.61E-01	-7.90E-05	1.63E-03	2.06E-03	
group_11768	2.32E-01	2.59E-02	8.97E-01	1.61E-02	1.24E-01	5.50E-03	
group_11729	2.32E-01	2.59E-02	8.97E-01	1.61E-02	1.24E-01	5.50E-03	
dltD	2.32E-01	2.59E-02	8.97E-01	1.61E-02	1.24E-01	5.50E-03	
dltA	2.32E-01	2.59E-02	8.97E-01	1.61E-02	1.24E-01	5.50E-03	
rluD_2~~~rluA_2	2.34E-01	3.02E-01	1.00E+00	-1.94E-06	4.05E-03	2.02E-05	
mnmE_1~~~mnmE	2.34E-01	5.20E-01	1.00E+00	-2.55E-06	4.38E-03	2.47E-05	
gloB~~~gloB_1	2.32E-01	2.59E-02	9.85E-01	7.94E-05	4.35E-03	7.72E-04	
group_9427	2.34E-01	7.98E-01	9.11E-01	9.27E-03	8.34E-02	4.70E-03	
rluC	2.34E-01	3.02E-01	1.00E+00	-3.26E-06	6.15E-03	2.24E-05	
group_5537	2.34E-01	2.92E-04	7.98E-01	7.59E-04	2.97E-03	1.08E-02	bad-chisq
group_1932	2.34E-01	1.22E-03	9.89E-01	8.73E-05	6.07E-03	6.08E-04	bad-chisq
group_1579	2.34E-01	4.42E-03	9.85E-01	-6.24E-05	3.27E-03	8.07E-04	
group_12703	2.32E-01	1.48E-02	9.89E-01	-2.29E-05	1.69E-03	5.75E-04	
group_12051	2.30E-01	2.12E-01	5.66E-01	-1.28E-03	2.23E-03	2.43E-02	
dltC~~~dltC_2	2.30E-01	2.37E-02	9.21E-01	9.31E-03	9.44E-02	4.17E-03	
lysC	2.32E-01	3.01E-05	9.98E-01	-1.61E-05	6.20E-03	1.10E-04	
group_11257	2.32E-01	3.01E-05	5.17E-01	-2.30E-02	3.55E-02	2.74E-02	
group_9514	2.32E-01	5.01E-01	6.03E-01	-3.70E-02	7.12E-02	2.20E-02	
group_8683	2.30E-01	5.01E-03	9.20E-01	1.56E-04	1.56E-03	4.23E-03	
group_4115	2.32E-01	3.13E-04	5.15E-01	2.00E-02	3.07E-02	2.75E-02	bad-chisq
whiA	2.32E-01	8.86E-03	9.93E-01	5.61E-05	6.17E-03	3.85E-04	
group_12688	2.30E-01	2.53E-05	9.94E-01	2.20E-05	2.85E-03	3.27E-04	
group_12388	2.30E-01	5.01E-03	8.92E-01	2.81E-04	2.08E-03	5.72E-03	
group_12361	2.28E-01	5.33E-03	6.36E-01	9.88E-04	2.09E-03	2.00E-02	
group_12218	2.30E-01	3.91E-01	7.10E-01	5.10E-04	1.37E-03	1.57E-02	
group_12198	2.28E-01	1.66E-02	7.82E-01	8.72E-04	3.16E-03	1.17E-02	
group_11860	2.30E-01	4.82E-01	9.94E-01	-4.42E-05	6.15E-03	3.04E-04	
group_11764	2.28E-01	2.17E-02	9.61E-01	3.08E-03	6.25E-02	2.08E-03	
oppD_1~~~btuD_5~~~oppD_2~~~btuD_4~~~cntD~~~btuD_8~~~btuD_1	2.28E-01	2.22E-01	3.90E-01	-3.91E-03	4.54E-03	3.63E-02	
group_10614	2.30E-01	5.99E-07	9.95E-01	-3.20E-05	5.37E-03	2.52E-04	
group_10312	2.30E-01	4.19E-06	9.97E-01	1.97E-05	6.20E-03	1.34E-04	
group_8373	2.30E-01	4.82E-01	1.00E+00	2.42E-06	4.39E-03	2.33E-05	
group_4226	2.30E-01	3.35E-04	5.22E-01	1.93E-02	3.01E-02	2.71E-02	bad-chisq
group_2747	2.30E-01	1.39E-03	9.75E-01	-9.68E-04	3.10E-02	1.32E-03	bad-chisq
dhaa	2.30E-01	5.01E-03	9.48E-01	-2.39E-04	3.65E-03	2.77E-03	
group_12608	2.28E-01	5.33E-03	4.35E-01	2.33E-03	2.98E-03	3.31E-02	
group_12063	2.28E-01	2.17E-02	2.23E-01	-6.48E-03	5.32E-03	5.15E-02	
group_11757	2.26E-01	1.22E-01	9.83E-01	1.02E-04	4.63E-03	9.27E-04	
group_11734	2.26E-01	2.48E-01	5.95E-02	1.80E-01	9.54E-02	7.96E-02	
group_11686	2.26E-01	1.22E-01	9.24E-01	8.27E-03	8.69E-02	4.03E-03	
group_11036	2.28E-01	4.64E-01	7.34E-01	9.17E-03	2.69E-02	1.44E-02	
group_10604	2.28E-01	4.64E-01	9.82E-01	-1.41E-04	6.14E-03	9.71E-04	
dck	2.28E-01	5.82E-08	9.97E-01	-1.98E-05	6.19E-03	1.36E-04	
group_8905	2.28E-01	1.66E-02	8.24E-01	-5.73E-04	2.58E-03	9.39E-03	
xerC_6~~~xerC_8~~~xerD_1~~~intQ~~~xerD_2	2.28E-01	4.50E-02	9.70E-01	8.62E-05	2.30E-03	1.58E-03	
group_5830	2.28E-01	1.49E-03	9.71E-01	1.46E-04	4.02E-03	1.54E-03	bad-chisq
group_12119	2.26E-01	1.76E-02	1.00E+00	-5.84E-07	1.51E-03	1.64E-05	
group_11983	2.26E-01	2.48E-01	9.04E-01	-2.54E-04	2.10E-03	5.12E-03	
group_10621	2.26E-01	4.46E-01	9.98E-01	-8.30E-06	4.38E-03	8.02E-05	
group_7533	2.26E-01	9.83E-01	9.52E-01	-1.56E-04	2.58E-03	2.56E-03	
infB_2~~~infB~~~infB_1	2.26E-01	2.48E-01	1.00E+00	1.53E-06	3.31E-03	1.96E-05	
budC_2	2.25E-01	1.70E-03	8.98E-01	6.80E-04	5.30E-03	5.43E-03	bad-chisq
obg	2.26E-01	1.98E-02	1.82E-01	8.13E-03	6.08E-03	5.65E-02	
php~~~php_2~~~opd~~~php_1	2.26E-01	1.59E-03	9.98E-01	-6.89E-06	2.36E-03	1.23E-04	bad-chisq
group_2066	2.26E-01	5.67E-03	9.85E-01	-6.25E-05	3.27E-03	8.08E-04	
arcB	2.26E-01	5.67E-03	9.72E-01	-1.42E-04	4.03E-03	1.49E-03	
group_12356	2.25E-01	1.17E-01	7.76E-01	-5.80E-04	2.04E-03	1.20E-02	
group_12199	2.23E-01	1.97E-02	7.82E-01	8.72E-04	3.16E-03	1.17E-02	
gerAA~~~gerXA	2.25E-01	2.36E-01	9.93E-01	-5.61E-05	6.14E-03	3.87E-04	
trmB	2.25E-01	9.95E-01	9.94E-01	4.74E-05	6.15E-03	3.26E-04	
group_9469	2.23E-01	1.97E-02	9.75E-01	-1.04E-04	3.34E-03	1.31E-03	
hpt_2~~~hpt_1	2.25E-01	4.28E-01	9.96E-01	3.11E-04	6.75E-02	1.95E-04	
metG_1~~~metG_2	2.23E-01	5.28E-02	9.04E-01	3.67E-04	3.05E-03	5.08E-03	
gatY~~~fba_2~~~kbaY_1	2.25E-01	1.70E-03	9.68E-01	2.44E-04	6.05E-03	1.70E-03	bad-chisq
sigK_1~~~sigK~~~rpoD~~~sigK_2	2.25E-01	4.35E-01	8.39E-01	7.19E-04	3.54E-03	8.59E-03	
group_1454	2.25E-01	6.04E-03	9.71E-01	-1.49E-04	4.03E-03	1.56E-03	
group_12988	2.23E-01	6.42E-03	8.65E-01	-6.21E-04	3.64E-03	7.21E-03	
group_12627	2.23E-01	1.23E-01	7.62E-01	-6.19E-04	2.04E-03	1.28E-02	
group_12604	2.23E-01	1.97E-02	6.71E-01	8.37E-04	1.97E-03	1.80E-02	
immR~~~xre	2.23E-01	7.19E-01	7.10E-01	1.95E-03	5.26E-03	1.57E-02	
sigA_2~~~rpoS~~~sigA_1~~~sigA_3	2.23E-01	5.28E-02	9.02E-01	-2.28E-04	1.85E-03	5.21E-03	
hflC	2.23E-01	1.43E-03	9.26E-01	6.54E-02	7.00E-01	3.96E-03	
hflK	2.23E-01	1.43E-03	9.26E-01	6.54E-02	7.00E-01	3.96E-03	
group_9511	2.23E-01	1.23E-01	9.30E-01	4.72E-04	5.36E-03	3.73E-03	
group_8986	2.23E-01	1.23E-01	2.47E-01	6.04E-02	5.21E-02	4.90E-02	
group_8547	2.21E-01	2.61E-01	2.28E-01	-7.69E-02	6.37E-02	5.10E-02	
group_3950	2.23E-01	5.20E-03	9.61E-01	3.56E-03	7.29E-02	2.07E-03	
group_3362	2.23E-01	1.81E-03	9.79E-01	1.01E-04	3.88E-03	1.10E-03	bad-chisq
group_11982	2.21E-01	6.83E-03	9.86E-01	-3.63E-05	2.10E-03	7.32E-04	
group_11753	2.19E-01	7.60E-01	8.67E-01	2.08E-02	1.24E-01	7.10E-03	
group_10606	2.21E-01	2.16E-08	9.40E-01	-7.84E-03	1.04E-01	3.19E-03	
group_8323	2.21E-01	1.26E-03	7.66E-01	-1.57E-03	5.27E-03	1.26E-02	
group_6507	2.21E-01	1.93E-03	8.72E-01	6.99E-04	4.32E-03	6.84E-03	bad-chisq
iolM_1~~~iolM_2~~~iolM	2.21E-01	1.93E-03	8.72E-01	6.99E-04	4.32E-03	6.84E-03	bad-chisq
GFM1_1~~~tetO~~~GFM1	2.21E-01	4.65E-03	1.24E-01	7.66E-02	4.98E-02	6.50E-02	
sgrR~~~gsiB~~~nikA	2.21E-01	6.83E-03	9.71E-01	-1.49E-04	4.03E-03	1.56E-03	
eda_2	2.21E-01	6.83E-03	8.65E-01	-6.21E-04	3.64E-03	7.21E-03	
group_2634	2.21E-01	1.93E-03	9.63E-01	-1.31E-03	2.83E-02	1.96E-03	bad-chisq
group_12018	2.19E-01	3.77E-01	8.37E-01	4.28E-04	2.08E-03	8.72E-03	
cbh_1~~~cbh	2.17E-01	3.60E-01	1.00E+00	7.03E-07	4.07E-03	7.32E-06	
group_10301	2.19E-01	2.21E-02	8.89E-01	3.46E-04	2.49E-03	5.88E-03	
group_7893	2.19E-01	2.06E-03	9.95E-01	-1.54E-05	2.66E-03	2.46E-04	bad-chisq
hndD~~~hndD_1~~~hndD_2	2.17E-01	2.34E-02	9.89E-01	-3.78E-05	2.68E-03	5.97E-04	
group_12572	2.17E-01	1.41E-01	9.76E-01	5.08E-05	1.69E-03	1.27E-03	
group_12464	2.16E-01	2.48E-02	9.54E-01	-1.16E-04	1.99E-03	2.46E-03	
group_12273	2.16E-01	8.82E-01	8.54E-01	-7.87E-04	4.29E-03	7.76E-03	
group_11732	2.17E-01	4.18E-05	9.91E-01	-8.21E-04	7.61E-02	4.57E-04	
mshD_2	2.17E-01	3.69E-03	9.61E-01	-5.62E-03	1.15E-01	2.06E-03	
group_10846	2.17E-01	9.96E-07	8.91E-01	-1.38E-02	1.00E-01	5.81E-03	
lplJ~~~lplJ_1~~~lplJ_3	2.17E-01	9.61E-04	9.23E-01	-5.59E-03	5.76E-02	4.10E-03	
group_10459	2.17E-01	6.05E-01	8.61E-01	9.17E-03	5.22E-02	7.43E-03	
group_10401	2.17E-01	9.96E-07	9.98E-01	1.54E-05	6.21E-03	1.05E-04	
group_10353	2.17E-01	1.22E-02	9.23E-01	1.21E-02	1.25E-01	4.09E-03	
aspC~~~aspC_2~~~aspC_1	2.17E-01	1.22E-02	8.39E-01	-5.22E-02	2.57E-01	8.58E-03	
group_8591	2.17E-01	2.20E-03	9.12E-01	3.64E-04	3.29E-03	4.69E-03	bad-chisq
group_8548	2.16E-01	6.49E-02	7.61E-01	-2.01E-02	6.60E-02	1.29E-02	
group_8377	2.16E-01	1.48E-01	4.91E-01	-1.79E-03	2.60E-03	2.91E-02	
pglF	2.17E-01	2.20E-03	6.41E-01	-1.32E-02	2.83E-02	1.97E-02	bad-chisq
group_2662	2.17E-01	2.20E-03	8.73E-01	6.91E-04	4.32E-03	6.76E-03	bad-chisq
trxA_3	2.14E-01	8.24E-01	6.13E-01	1.07E-03	2.12E-03	2.14E-02	
group_11795	2.16E-01	1.10E-02	9.83E-01	1.33E-03	6.11E-02	9.22E-04	
group_11380	2.16E-01	1.85E-04	9.76E-01	-6.92E-03	2.32E-01	1.26E-03	
lnrL~~~ybhF~~~btuD_3	2.16E-01	5.72E-06	8.98E-01	-1.25E-02	9.79E-02	5.40E-03	
kynu	2.16E-01	2.34E-03	4.06E-01	2.94E-03	3.53E-03	3.52E-02	bad-chisq
artP~~~artP_1~~~artP_2	2.16E-01	3.27E-03	5.75E-01	4.08E-01	7.28E-01	2.37E-02	
yeeO_3~~~yeeO_2~~~mdtK_5~~~mdtK_2	2.16E-01	3.51E-05	9.69E-01	-3.49E-03	8.93E-02	1.65E-03	
artQ_1~~~artQ	2.16E-01	3.27E-03	5.75E-01	4.08E-01	7.28E-01	2.37E-02	
cadA_1~~~ziaA~~~cadA~~~cadA_2	2.16E-01	3.27E-03	1.92E-14	-6.90E-01	8.78E-02	3.16E-01	
mlc_2~~~nanK_1	2.16E-01	2.48E-02	9.83E-01	5.47E-05	2.56E-03	9.05E-04	
group_6896	2.16E-01	2.34E-03	9.56E-01	1.85E-04	3.38E-03	2.32E-03	bad-chisq
sigW_2	2.16E-01	6.49E-02	9.23E-01	-2.47E-04	2.55E-03	4.11E-03	
mepA_8~~~mepA_3	2.14E-01	2.50E-03	9.97E-01	-6.02E-06	1.86E-03	1.37E-04	bad-chisq
group_12383	2.12E-01	2.77E-02	8.62E-01	-3.44E-04	1.99E-03	7.33E-03	
group_11381	2.14E-01	7.29E-04	9.31E-01	1.49E-02	1.72E-01	3.68E-03	
COQ5_3~~~COQ5_4~~~COQ5_6~~~COQ5_1~~~COQ5_2	2.14E-01	9.93E-03	9.17E-01	-6.32E-04	6.06E-03	4.41E-03	
group_10371	2.14E-01	9.93E-03	7.92E-01	1.03E-02	3.90E-02	1.12E-02	
larC	2.14E-01	7.29E-04	8.97E-01	-1.46E-02	1.12E-01	5.49E-03	
yvdD~~~fas6	2.14E-01	5.63E-01	9.97E-01	2.09E-05	5.34E-03	1.65E-04	
lrpC~~~lrp	2.14E-01	2.50E-03	9.87E-01	-3.35E-05	2.08E-03	6.80E-04	bad-chisq
yfcJ~~~ybjJ	2.12E-01	9.25E-03	8.72E-01	5.18E-04	3.23E-03	6.79E-03	
btuC~~~hmuU_2	2.14E-01	2.94E-02	9.93E-01	5.44E-05	6.19E-03	3.72E-04	
cbiK~~~cbiKp	2.14E-01	9.93E-03	9.88E-01	-6.31E-05	4.05E-03	6.60E-04	
group_6283	2.14E-01	2.90E-03	9.67E-01	-4.18E-03	1.01E-01	1.75E-03	
group_5684	2.14E-01	2.90E-03	4.26E-02	-2.88E-01	1.42E-01	8.56E-02	
gsiC_1~~~gsiC_2~~~gsiC~~~dppB_2~~~gsiC_3	2.14E-01	8.71E-03	9.58E-01	-1.76E-04	3.38E-03	2.21E-03	
group_2587	2.12E-01	2.66E-03	9.25E-01	1.98E-04	2.10E-03	3.97E-03	bad-chisq
cytR_2~~~purR_1	2.14E-01	9.93E-03	9.37E-01	8.39E-03	1.06E-01	3.33E-03	
group_15150	2.12E-01	8.93E-03	7.74E-01	4.01E-02	1.39E-01	1.22E-02	
selD	2.12E-01	3.13E-01	7.74E-01	2.69E-01	9.37E-01	1.21E-02	
group_11383	2.10E-01	2.93E-02	5.38E-01	-1.57E-03	2.55E-03	2.60E-02	
group_11270	2.12E-01	3.13E-01	7.74E-01	2.69E-01	9.37E-01	1.21E-02	
group_11269	2.12E-01	3.13E-01	7.74E-01	2.69E-01	9.37E-01	1.21E-02	
btr_1~~~rhaS_1~~~rhaR_2	2.12E-01	9.25E-03	9.14E-01	3.04E-04	2.80E-03	4.59E-03	
group_10944	2.12E-01	2.56E-03	8.83E-01	-1.30E-02	8.82E-02	6.23E-03	
group_10758	2.10E-01	5.69E-01	9.36E-01	4.90E-04	6.14E-03	3.37E-03	
group_10716	2.12E-01	2.56E-03	8.46E-01	-1.19E-01	6.13E-01	8.23E-03	
axeA1_1	2.12E-01	7.00E-02	9.80E-01	1.34E-04	5.35E-03	1.06E-03	
cysL~~~cysL_3~~~cmpR_2~~~cmpR_1~~~cysL_1	2.12E-01	3.13E-01	7.74E-01	2.69E-01	9.37E-01	1.21E-02	
group_10391	2.12E-01	2.69E-02	9.66E-01	2.61E-04	6.16E-03	1.79E-03	
group_10332	2.12E-01	2.56E-03	9.34E-01	-1.67E-02	2.02E-01	3.48E-03	
queA	2.12E-01	3.13E-01	9.77E-01	-3.71E-03	1.28E-01	1.23E-03	
group_8874	2.12E-01	2.69E-02	9.93E-01	5.29E-05	6.19E-03	3.61E-04	
yusV~~~fpuD_1~~~fpuD~~~yusV_2	2.12E-01	8.93E-03	9.88E-01	-1.35E-03	8.99E-02	6.34E-04	
group_7189	2.12E-01	2.56E-03	8.21E-01	-1.94E-02	8.60E-02	9.55E-03	
dxr_2~~~dxr~~~dxr_1	2.12E-01	2.56E-03	9.70E-01	-3.38E-03	8.85E-02	1.62E-03	
group_5794	2.12E-01	6.61E-04	8.63E-01	1.04E-03	6.00E-03	7.31E-03	bad-chisq
asrA	2.12E-01	8.93E-03	9.11E-01	1.75E-02	1.58E-01	4.70E-03	
hemZ	2.12E-01	2.56E-03	9.29E-01	-1.96E-02	2.21E-01	3.75E-03	
rhaR_6~~~rhaR_10~~~rssB	2.12E-01	6.61E-04	8.63E-01	1.04E-03	6.00E-03	7.32E-03	bad-chisq
group_12642	2.09E-01	3.03E-03	9.95E-01	2.06E-05	3.27E-03	2.66E-04	bad-chisq
group_12496	2.09E-01	8.90E-01	4.62E-01	-1.43E-03	1.94E-03	3.11E-02	
group_11558	2.10E-01	8.01E-03	8.92E-01	2.59E-02	1.91E-01	5.75E-03	
group_11265	2.10E-01	8.01E-03	8.07E-01	-3.03E-02	1.24E-01	1.03E-02	
garR	2.09E-01	7.95E-02	9.37E-01	-3.55E-03	4.51E-02	3.32E-03	
group_10410	2.10E-01	2.98E-01	7.16E-01	5.64E-02	1.55E-01	1.54E-02	
group_10310	2.10E-01	8.01E-03	9.78E-01	-1.49E-04	5.32E-03	1.18E-03	
rfuC_1~~~rfuC_2	2.10E-01	2.45E-02	9.16E-01	5.69E-04	5.36E-03	4.49E-03	
lacB	2.09E-01	1.77E-01	9.63E-01	-1.41E-04	3.01E-03	1.99E-03	
abgB_1~~~abgB_2	2.10E-01	2.45E-02	6.37E-01	5.28E-02	1.12E-01	2.00E-02	
cobQ_2~~~cobQ_1~~~cobQ	2.10E-01	2.45E-02	9.32E-01	7.71E-03	9.00E-02	3.62E-03	
patA_3~~~patA_2	2.10E-01	2.26E-03	7.55E-01	-2.34E-01	7.49E-01	1.32E-02	
group_8907	2.10E-01	8.01E-03	9.85E-01	-1.67E-03	8.91E-02	7.95E-04	
group_8830	2.10E-01	8.01E-03	9.98E-01	1.21E-05	5.37E-03	9.50E-05	
group_8776	2.10E-01	2.26E-03	7.55E-01	-2.34E-01	7.49E-01	1.32E-02	
cbiH_1~~~cbiH	2.10E-01	8.01E-03	9.85E-01	-1.67E-03	8.91E-02	7.95E-04	
group_8525	2.10E-01	8.01E-03	9.30E-01	7.98E-03	9.03E-02	3.74E-03	
group_8103	2.10E-01	8.01E-03	9.85E-01	-1.67E-03	8.91E-02	7.95E-04	
fmt_1~~~fmt	2.10E-01	8.01E-03	8.71E-01	3.74E-02	2.30E-01	6.86E-03	
group_7678	2.10E-01	7.06E-04	8.63E-01	1.04E-03	6.00E-03	7.31E-03	bad-chisq
group_7246	2.10E-01	2.45E-02	8.08E-01	2.74E-02	1.13E-01	1.03E-02	
mngB	2.10E-01	7.06E-04	8.63E-01	1.04E-03	6.00E-03	7.31E-03	bad-chisq
group_5978	2.10E-01	8.01E-03	9.58E-01	3.76E-03	7.22E-02	2.21E-03	
group_5927	2.10E-01	2.26E-03	7.98E-01	-2.22E-02	8.67E-02	1.08E-02	
fecE_2	2.10E-01	8.01E-03	8.88E-01	2.83E-02	2.01E-01	5.95E-03	
group_5795	2.10E-01	7.06E-04	8.63E-01	1.04E-03	6.01E-03	7.32E-03	bad-chisq
group_5159	2.10E-01	8.01E-03	8.66E-01	3.92E-02	2.33E-01	7.13E-03	
group_4654	2.10E-01	8.01E-03	9.98E-01	1.78E-05	6.18E-03	1.22E-04	
group_4553	2.10E-01	8.01E-03	8.88E-01	2.83E-02	2.01E-01	5.95E-03	
dppE~~~oppA	2.10E-01	2.26E-03	7.55E-01	-2.34E-01	7.49E-01	1.32E-02	
group_4038	2.10E-01	2.26E-03	9.87E-01	-1.01E-04	6.19E-03	6.87E-04	
group_4010	2.10E-01	8.01E-03	8.63E-01	1.56E-02	9.03E-02	7.29E-03	
malT~~~malT_1~~~malT_2	2.10E-01	8.01E-03	8.88E-01	2.83E-02	2.01E-01	5.95E-03	
group_2646	2.10E-01	8.01E-03	8.66E-01	3.92E-02	2.33E-01	7.13E-03	
ribF	2.10E-01	8.01E-03	8.66E-01	3.92E-02	2.33E-01	7.13E-03	
melD~~~melD_5~~~melD_2	2.10E-01	7.06E-04	8.63E-01	1.04E-03	6.01E-03	7.32E-03	bad-chisq
group_1616	2.10E-01	8.01E-03	8.88E-01	2.83E-02	2.01E-01	5.95E-03	
group_1570	2.10E-01	8.01E-03	8.66E-01	3.92E-02	2.33E-01	7.13E-03	
group_919	2.10E-01	8.01E-03	8.73E-01	3.56E-02	2.23E-01	6.75E-03	
group_13908	2.09E-01	2.23E-02	1.33E-03	4.37E-01	1.35E-01	1.35E-01	
group_13640	2.09E-01	7.17E-03	9.30E-01	1.15E-02	1.30E-01	3.74E-03	
group_13574	2.09E-01	7.17E-03	5.71E-01	4.59E-01	8.09E-01	2.40E-02	
def	2.09E-01	7.17E-03	5.71E-01	4.59E-01	8.09E-01	2.40E-02	
group_12325	2.09E-01	3.10E-02	9.74E-01	-5.07E-05	1.58E-03	1.36E-03	
group_12318	2.07E-01	1.11E-02	6.48E-01	9.52E-04	2.08E-03	1.93E-02	
group_12030	2.09E-01	7.17E-03	5.71E-01	4.59E-01	8.09E-01	2.40E-02	
group_11268	2.09E-01	2.83E-01	9.98E-01	1.02E-04	5.33E-02	8.06E-05	
rsxB_3~~~rsxB_5~~~rsxB_1	2.09E-01	7.17E-03	9.99E-01	6.87E-06	6.11E-03	4.76E-05	
rhaR_10~~~rhaR_6~~~rhaS_4~~~rhaS_1~~~rhaS_5	2.07E-01	1.85E-01	8.86E-01	-8.78E-04	6.14E-03	6.05E-03	
group_10248	2.09E-01	7.95E-02	9.84E-01	-6.81E-05	3.41E-03	8.44E-04	
group_9927	2.09E-01	7.17E-03	9.98E-01	1.21E-05	5.38E-03	9.51E-05	
cobD_2~~~cbiB	2.09E-01	2.23E-02	9.36E-01	7.21E-03	8.91E-02	3.42E-03	
group_8818	2.09E-01	4.72E-04	9.27E-01	-5.64E-04	6.19E-03	3.86E-03	
cbiF_1~~~cbiF	2.09E-01	7.17E-03	9.63E-01	-4.96E-03	1.07E-01	1.97E-03	
cbiC_1~~~cbiC~~~cbiC_2	2.09E-01	7.17E-03	9.79E-01	-2.28E-03	8.71E-02	1.11E-03	
cbiA_1~~~cbiA~~~cobB_2~~~cbiA_2	2.09E-01	7.17E-03	9.79E-01	-2.28E-03	8.71E-02	1.11E-03	
rsxB_4~~~rsxB_3	2.07E-01	3.27E-02	9.79E-01	4.58E-05	1.71E-03	1.13E-03	
group_7034	2.09E-01	7.17E-03	5.71E-01	4.59E-01	8.09E-01	2.40E-02	
group_7033	2.09E-01	2.23E-02	9.20E-01	1.13E-02	1.14E-01	4.23E-03	
group_6672	2.09E-01	1.98E-03	9.18E-01	-9.44E-03	9.13E-02	4.37E-03	
rlmI	2.09E-01	7.17E-03	4.99E-05	7.29E-01	1.78E-01	1.70E-01	
lacR	2.09E-01	7.17E-03	5.71E-01	4.59E-01	8.09E-01	2.40E-02	
group_5242	2.09E-01	7.17E-03	9.30E-01	1.15E-02	1.30E-01	3.74E-03	
group_4774	2.09E-01	7.17E-03	5.71E-01	4.59E-01	8.09E-01	2.40E-02	
purR_4~~~ccpA	2.09E-01	7.17E-03	8.88E-01	2.98E-02	2.10E-01	5.99E-03	
group_4014	2.09E-01	3.10E-02	9.65E-01	9.77E-05	2.25E-03	1.83E-03	
rbsC_1~~~rbsC_3	2.09E-01	3.03E-03	9.71E-01	2.17E-04	6.05E-03	1.52E-03	bad-chisq
xylB_3~~~ghrB	2.09E-01	3.03E-03	9.71E-01	2.17E-04	6.05E-03	1.52E-03	bad-chisq
melD_2	2.09E-01	7.17E-03	5.71E-01	4.59E-01	8.09E-01	2.40E-02	
group_3485	2.09E-01	7.17E-03	9.42E-01	-9.03E-03	1.24E-01	3.08E-03	
nrnA	2.09E-01	7.17E-03	8.93E-01	2.87E-02	2.13E-01	5.69E-03	
group_2731	2.09E-01	7.17E-03	5.71E-01	4.59E-01	8.09E-01	2.40E-02	
group_2618	2.09E-01	7.17E-03	5.71E-01	4.59E-01	8.09E-01	2.40E-02	
group_2613	2.09E-01	7.17E-03	5.71E-01	4.59E-01	8.09E-01	2.40E-02	
cobC	2.09E-01	7.17E-03	5.71E-01	4.59E-01	8.09E-01	2.40E-02	
group_2533	2.09E-01	7.17E-03	5.71E-01	4.59E-01	8.09E-01	2.40E-02	
group_2510	2.09E-01	7.17E-03	5.71E-01	4.59E-01	8.09E-01	2.40E-02	
group_2102	2.09E-01	7.17E-03	5.71E-01	4.59E-01	8.09E-01	2.40E-02	
algC_1~~~algC	2.09E-01	7.17E-03	5.71E-01	4.59E-01	8.09E-01	2.40E-02	
group_1724	2.09E-01	7.17E-03	5.71E-01	4.59E-01	8.09E-01	2.40E-02	
cpg2	2.09E-01	7.17E-03	5.71E-01	4.59E-01	8.09E-01	2.40E-02	
sbnB_2~~~ala	2.09E-01	7.17E-03	5.71E-01	4.59E-01	8.09E-01	2.40E-02	
lyx~~~xylB_4	2.09E-01	7.17E-03	5.71E-01	4.59E-01	8.09E-01	2.40E-02	
ydjJ	2.09E-01	3.03E-03	9.71E-01	2.17E-04	6.05E-03	1.52E-03	bad-chisq
dapE_3~~~argE	2.09E-01	7.17E-03	9.99E-01	-9.99E-05	1.39E-01	3.04E-05	
group_825	2.09E-01	7.17E-03	5.71E-01	4.59E-01	8.09E-01	2.40E-02	
group_13151	2.07E-01	6.41E-03	9.45E-01	7.18E-03	1.04E-01	2.93E-03	
group_13024	2.07E-01	6.41E-03	9.48E-01	6.47E-03	9.94E-02	2.75E-03	
group_12976	2.07E-01	6.41E-03	9.76E-01	-2.64E-03	8.90E-02	1.25E-03	
group_11641	2.05E-01	8.79E-02	8.74E-01	-7.68E-03	4.83E-02	6.73E-03	
group_11457	2.07E-01	5.54E-02	9.66E-01	-2.60E-04	6.19E-03	1.78E-03	
group_11039	2.07E-01	1.74E-03	9.13E-01	-6.84E-03	6.25E-02	4.63E-03	
patA_2~~~patA_4	2.07E-01	1.74E-03	9.40E-01	-1.27E-02	1.69E-01	3.18E-03	
group_10782	2.07E-01	1.74E-03	9.40E-01	-1.27E-02	1.69E-01	3.18E-03	
group_10780	2.07E-01	1.74E-03	9.40E-01	-1.27E-02	1.69E-01	3.18E-03	
group_10537	2.07E-01	1.74E-03	9.97E-01	-2.11E-05	6.20E-03	1.44E-04	
patA_1~~~patA_2~~~patA_3	2.07E-01	6.41E-03	8.13E-01	9.00E-03	3.79E-02	1.00E-02	
group_10259	2.07E-01	8.10E-05	9.61E-01	2.52E-03	5.14E-02	2.07E-03	
group_10242	2.05E-01	8.79E-02	8.83E-01	-9.01E-04	6.14E-03	6.20E-03	
xylB_3~~~xylB_4~~~xylB_7~~~xylB_2	2.07E-01	1.74E-03	9.13E-01	-5.37E-03	4.92E-02	4.62E-03	
group_10048	2.07E-01	1.85E-01	9.84E-01	1.19E-04	6.01E-03	8.37E-04	
rbsR~~~cytR~~~cytR_2	2.07E-01	6.41E-03	9.28E-01	-4.90E-03	5.40E-02	3.84E-03	
group_9483	2.07E-01	6.41E-03	9.83E-01	1.33E-03	6.31E-02	8.95E-04	
gloC	2.07E-01	6.41E-03	9.98E-01	1.39E-05	6.20E-03	9.51E-05	
nnr~~~nnrD	2.07E-01	4.06E-04	9.95E-01	-2.07E-05	3.40E-03	2.58E-04	
group_7710	2.07E-01	8.36E-02	9.27E-01	-1.74E-04	1.92E-03	3.85E-03	
lysA_2~~~lysA	2.07E-01	1.74E-03	8.95E-01	-2.78E-02	2.10E-01	5.60E-03	
group_6433	2.07E-01	6.41E-03	9.10E-01	1.90E-02	1.67E-01	4.80E-03	
mshA~~~mshA_2	2.07E-01	6.41E-03	9.76E-01	-2.64E-03	8.90E-02	1.25E-03	
group_6200	2.07E-01	1.74E-03	9.95E-01	-3.59E-05	5.38E-03	2.82E-04	
group_5869	2.07E-01	6.41E-03	9.02E-01	2.17E-02	1.77E-01	5.20E-03	
group_5849	2.07E-01	2.03E-02	9.40E-01	7.34E-03	9.75E-02	3.18E-03	
group_5824	2.07E-01	5.54E-02	9.85E-01	7.78E-05	4.06E-03	8.11E-04	
group_5765	2.07E-01	6.41E-03	9.65E-01	-4.41E-03	9.92E-02	1.88E-03	
dacB	2.07E-01	1.74E-03	7.95E-01	-2.28E-02	8.77E-02	1.10E-02	
scpB	2.07E-01	2.03E-02	8.82E-01	-1.06E-02	7.18E-02	6.26E-03	
group_4883	2.07E-01	8.06E-04	8.63E-01	1.04E-03	6.00E-03	7.29E-03	bad-chisq
bglA_2~~~bglA_3~~~bglA_1~~~lacG	2.07E-01	3.22E-03	8.41E-01	-6.79E-04	3.37E-03	8.51E-03	bad-chisq
group_4250	2.07E-01	6.41E-03	9.28E-01	-1.26E-02	1.39E-01	3.82E-03	
oppC~~~oppC_1~~~ddpC~~~dppC~~~gsiD_1	2.07E-01	1.11E-02	9.63E-01	-1.37E-04	2.97E-03	1.95E-03	
group_3879	2.07E-01	6.41E-03	9.51E-01	-8.60E-03	1.40E-01	2.59E-03	
group_3829	2.07E-01	6.41E-03	9.85E-01	-1.55E-03	8.22E-02	7.97E-04	
group_3497	2.07E-01	6.41E-03	9.97E-01	2.21E-05	6.21E-03	1.50E-04	
group_2591	2.07E-01	6.41E-03	7.87E-01	1.21E-01	4.46E-01	1.14E-02	
rbsA_4~~~rbsA_2~~~rbsA_6~~~rbsA_1~~~mglA_4	2.07E-01	3.22E-03	9.71E-01	2.17E-04	6.05E-03	1.52E-03	bad-chisq
group_2567	2.07E-01	6.41E-03	4.57E-01	-8.56E-02	1.15E-01	3.15E-02	
minD	2.07E-01	6.41E-03	9.29E-01	1.19E-02	1.35E-01	3.75E-03	
group_2188	2.07E-01	6.41E-03	9.76E-01	-2.64E-03	8.90E-02	1.25E-03	
group_1779	2.07E-01	2.03E-02	9.46E-01	5.84E-03	8.60E-02	2.87E-03	
xylB_5~~~glpK_1~~~fucK~~~xylB_3	2.07E-01	3.22E-03	9.73E-01	2.09E-04	6.05E-03	1.46E-03	bad-chisq
btuF	2.07E-01	6.41E-03	9.21E-01	-1.39E-02	1.40E-01	4.18E-03	
murJ_1~~~murJ_2	2.07E-01	6.41E-03	9.39E-01	8.46E-03	1.10E-01	3.26E-03	
group_13548	2.05E-01	5.71E-03	9.49E-01	6.86E-03	1.07E-01	2.70E-03	
ktrA_1~~~ktrA_2	2.05E-01	2.55E-01	7.50E-01	4.79E-04	1.50E-03	1.35E-02	
group_12140	2.03E-01	9.58E-01	6.73E-01	7.90E-04	1.87E-03	1.79E-02	
mnmA_2~~~mnmA	2.05E-01	5.71E-03	9.87E-01	-1.00E-04	6.19E-03	6.85E-04	
group_10321	2.05E-01	3.48E-04	9.26E-01	-5.68E-03	6.15E-02	3.91E-03	
group_8301	2.05E-01	2.55E-01	4.99E-01	-1.43E-02	2.11E-02	2.86E-02	
group_7527	2.03E-01	2.02E-01	6.34E-01	-9.61E-04	2.02E-03	2.01E-02	
cobD_2~~~cobD_1	2.05E-01	1.84E-02	9.24E-01	1.35E-02	1.41E-01	4.06E-03	
rsuA	2.05E-01	1.84E-02	1.11E-01	1.56E-01	9.80E-02	6.73E-02	
group_5902	2.05E-01	5.71E-03	9.57E-01	-4.41E-03	8.22E-02	2.27E-03	
group_5276	2.05E-01	5.71E-03	9.63E-01	-5.73E-03	1.22E-01	1.98E-03	
group_3643	2.05E-01	5.71E-03	9.98E-01	-1.07E-05	5.38E-03	8.40E-05	
group_3396	2.05E-01	5.71E-03	9.97E-01	4.11E-04	9.47E-02	1.83E-04	
gabR~~~gabR_1	2.05E-01	5.71E-03	9.80E-01	-9.08E-04	3.65E-02	1.05E-03	
group_2719	2.05E-01	5.11E-02	9.45E-01	4.26E-04	6.19E-03	2.91E-03	
group_2302	2.05E-01	5.71E-03	9.69E-01	-2.46E-03	6.28E-02	1.65E-03	
group_1519	2.05E-01	5.71E-03	9.18E-01	2.16E-02	2.11E-01	4.34E-03	
group_1100	2.05E-01	5.71E-03	9.98E-01	-1.07E-05	5.38E-03	8.40E-05	
group_14977	2.03E-01	3.65E-03	9.63E-01	2.77E-04	6.03E-03	1.95E-03	bad-chisq
group_13253	2.03E-01	5.08E-03	8.33E-01	-1.51E-02	7.15E-02	8.90E-03	
group_12670	2.03E-01	3.65E-02	8.40E-01	9.96E-04	4.92E-03	8.56E-03	
group_12589	2.03E-01	9.23E-02	6.43E-01	8.10E-04	1.75E-03	1.96E-02	
group_12581	2.01E-01	4.00E-01	7.62E-01	5.10E-04	1.68E-03	1.28E-02	
group_12485	2.03E-01	2.02E-01	9.92E-01	-2.25E-05	2.17E-03	4.38E-04	
eda~~~eda_2~~~pgl~~~eda_1	2.01E-01	9.70E-02	9.17E-01	-6.35E-04	6.07E-03	4.42E-03	
group_12106	2.01E-01	9.70E-02	3.68E-01	3.55E-03	3.94E-03	3.80E-02	
group_12081	2.01E-01	3.86E-02	9.44E-01	-1.42E-03	2.00E-02	3.00E-03	
argF~~~argF_2	2.03E-01	3.65E-02	9.56E-01	2.22E-04	4.02E-03	2.34E-03	
group_11703	2.03E-01	2.98E-04	7.25E-01	-1.69E-02	4.80E-02	1.49E-02	
group_10385	2.03E-01	4.70E-02	9.36E-01	-3.26E-04	4.05E-03	3.40E-03	
rluB_2~~~rluB	2.03E-01	1.33E-03	8.30E-01	-1.27E-02	5.92E-02	9.10E-03	
group_9593	2.03E-01	5.08E-03	9.72E-01	-1.91E-04	5.36E-03	1.51E-03	
group_9042	2.03E-01	2.02E-01	5.65E-01	-9.99E-04	1.73E-03	2.44E-02	
group_7132	2.01E-01	3.86E-02	6.35E-01	2.09E-02	4.39E-02	2.01E-02	
spoIIQ~~~blaR1~~~mepM	2.03E-01	5.08E-03	5.98E-01	-3.55E-02	6.73E-02	2.23E-02	
hmuV~~~fecE_2	2.03E-01	1.25E-02	9.33E-01	2.05E-04	2.42E-03	3.58E-03	
cdsA	2.03E-01	1.33E-03	6.80E-01	-3.33E-02	8.05E-02	1.75E-02	
group_4256	2.01E-01	9.81E-04	1.32E-01	4.99E-02	3.31E-02	6.36E-02	bad-chisq
tuaH	2.03E-01	1.67E-02	9.55E-01	4.31E-03	7.60E-02	2.40E-03	
troA	2.03E-01	1.67E-02	9.20E-01	-7.38E-03	7.37E-02	4.23E-03	
adeC~~~ade_1	2.03E-01	1.67E-02	5.49E-01	2.16E-02	3.60E-02	2.54E-02	
yabP	2.03E-01	5.08E-03	9.69E-01	3.37E-03	8.77E-02	1.62E-03	
oppD_2~~~oppD_3~~~oppD_1~~~oppD_4	2.03E-01	1.25E-02	9.63E-01	-1.39E-04	2.97E-03	1.98E-03	
alsT~~~alsT_1	2.03E-01	1.33E-03	8.12E-01	-2.10E-02	8.81E-02	1.01E-02	
group_2525	2.03E-01	1.67E-02	7.15E-01	-2.12E-02	5.79E-02	1.55E-02	
group_2052	2.03E-01	1.25E-02	9.59E-01	1.15E-04	2.25E-03	2.16E-03	
group_1455	2.01E-01	3.89E-03	9.95E-01	-1.46E-05	2.49E-03	2.48E-04	bad-chisq
group_1403	2.03E-01	5.08E-03	8.69E-01	-1.91E-02	1.16E-01	6.97E-03	
group_12424	2.01E-01	4.00E-01	9.86E-01	4.18E-05	2.39E-03	7.40E-04	
group_12189	2.01E-01	9.70E-02	9.67E-01	-7.22E-05	1.76E-03	1.73E-03	
rutD~~~catD	2.01E-01	1.16E-03	2.91E-01	-3.82E-02	3.62E-02	4.46E-02	
hppA	2.01E-01	1.16E-03	8.91E-01	-5.15E-03	3.77E-02	5.77E-03	
group_10159	2.01E-01	4.51E-03	9.92E-01	-5.86E-05	6.20E-03	4.00E-04	
group_8748	2.01E-01	1.32E-02	9.67E-01	-8.84E-05	2.16E-03	1.73E-03	
ligA_1~~~ligA_2	2.01E-01	1.32E-02	1.00E+00	-9.29E-07	1.76E-03	2.23E-05	
group_8495	2.01E-01	1.16E-03	9.44E-01	-4.39E-04	6.19E-03	3.00E-03	
group_7532	2.01E-01	4.51E-03	9.95E-01	-3.42E-05	5.38E-03	2.69E-04	
xynA1~~~xynA1_2	2.01E-01	1.50E-02	9.34E-01	-4.26E-03	5.12E-02	3.52E-03	
group_7242	2.01E-01	4.51E-03	9.85E-01	7.76E-04	4.24E-02	7.74E-04	
group_6320	2.01E-01	4.51E-03	8.80E-01	-1.27E-02	8.39E-02	6.41E-03	
prsW_2~~~prsW_1	2.01E-01	1.07E-01	9.46E-01	4.16E-04	6.19E-03	2.85E-03	
group_5916	2.01E-01	1.50E-02	9.37E-01	-4.17E-03	5.26E-02	3.35E-03	
mdtL	2.01E-01	1.07E-01	9.58E-01	-3.26E-04	6.14E-03	2.24E-03	
group_5142	2.01E-01	4.51E-03	9.95E-01	-3.51E-04	5.10E-02	2.92E-04	
group_4580	2.01E-01	1.50E-02	9.37E-01	-4.17E-03	5.26E-02	3.35E-03	
hisK_1~~~hisK_2	2.01E-01	4.51E-03	9.68E-01	-2.77E-03	6.84E-02	1.71E-03	
group_3577	2.01E-01	4.51E-03	9.88E-01	1.09E-03	7.39E-02	6.26E-04	
group_2793	2.01E-01	4.32E-02	9.46E-01	4.19E-04	6.19E-03	2.87E-03	
group_2008	2.01E-01	4.51E-03	9.92E-01	8.00E-04	8.16E-02	4.15E-04	
group_1432	2.01E-01	4.51E-03	9.95E-01	-3.51E-04	5.10E-02	2.92E-04	
xypA	2.01E-01	3.89E-03	9.82E-01	-1.00E-04	4.33E-03	9.80E-04	bad-chisq
group_12441	1.98E-01	4.30E-02	7.36E-01	5.76E-04	1.71E-03	1.43E-02	
yteP_1~~~yteP_7~~~yteP~~~yteP_4~~~yteP_5~~~yteP_2	2.00E-01	1.02E-01	9.30E-01	-2.94E-04	3.35E-03	3.71E-03	
rbsA_5~~~rbsA_2~~~rbsA_4	2.00E-01	1.36E-02	4.28E-01	3.87E-02	4.88E-02	3.35E-02	
rhaS_1~~~rhaS_3~~~rhaS_2~~~rhaS_6	1.98E-01	4.40E-03	8.53E-01	7.50E-04	4.05E-03	7.83E-03	bad-chisq
dnaJ_1	1.98E-01	1.49E-02	7.54E-01	1.24E-02	3.97E-02	1.32E-02	
yfnB	2.00E-01	1.36E-02	9.63E-01	-2.65E-03	5.77E-02	1.94E-03	
group_5119	2.00E-01	3.96E-02	9.83E-01	-1.13E-04	5.36E-03	8.95E-04	
ogt~~~ogt_2	2.00E-01	1.36E-02	6.98E-01	-2.22E-02	5.72E-02	1.64E-02	
group_4288	2.00E-01	3.99E-03	9.46E-01	-3.61E-04	5.38E-03	2.84E-03	
group_4118	2.00E-01	3.99E-03	9.85E-01	1.01E-03	5.39E-02	7.89E-04	
group_4107	2.00E-01	3.99E-03	9.40E-01	-3.50E-03	4.68E-02	3.17E-03	
group_4026	2.00E-01	3.96E-02	9.86E-01	-9.66E-05	5.37E-03	7.62E-04	
group_3630	2.00E-01	4.08E-01	1.39E-01	7.64E-02	5.16E-02	6.26E-02	
glcR_1~~~ydjF_2	2.00E-01	4.14E-03	9.60E-01	-3.05E-04	6.02E-03	2.14E-03	bad-chisq
group_1818	2.00E-01	4.14E-03	9.60E-01	-3.05E-04	6.02E-03	2.14E-03	bad-chisq
group_1433	2.00E-01	3.99E-03	2.81E-01	-7.44E-02	6.90E-02	4.56E-02	
group_12443	1.98E-01	4.30E-02	9.81E-01	-5.77E-05	2.45E-03	9.98E-04	
group_12385	1.98E-01	2.04E-01	9.95E-01	-3.34E-05	5.35E-03	2.64E-04	
group_12033	1.98E-01	3.62E-02	9.91E-01	6.34E-05	5.36E-03	5.00E-04	
group_11785	1.98E-01	9.25E-02	8.55E-01	9.66E-04	5.29E-03	7.73E-03	
group_11373	1.98E-01	9.25E-02	9.94E-01	-9.96E-04	1.36E-01	3.09E-04	
guaA_1~~~guaA_2~~~guaA	1.98E-01	3.90E-01	9.72E-01	-9.30E-05	2.62E-03	1.50E-03	
natR_2~~~btsR	1.98E-01	4.40E-03	9.98E-01	-1.45E-05	4.96E-03	1.23E-04	bad-chisq
menG~~~COQ5_3~~~COQ5_2	1.98E-01	3.52E-03	9.60E-01	-2.69E-04	5.35E-03	2.13E-03	
cymR_1~~~cymR_2~~~iscR	1.98E-01	1.83E-04	8.90E-01	-4.74E-03	3.44E-02	5.83E-03	
group_10382	1.98E-01	3.62E-02	9.55E-01	3.50E-04	6.18E-03	2.39E-03	
group_10343	1.98E-01	4.30E-02	2.39E-01	2.38E-02	2.01E-02	4.98E-02	
group_9951	1.96E-01	4.69E-03	4.70E-01	1.92E-03	2.66E-03	3.05E-02	bad-chisq
group_9540	1.98E-01	2.04E-01	9.29E-01	8.46E-02	9.46E-01	3.78E-03	
ydjI~~~fbaA_1~~~gatY	1.98E-01	3.52E-03	9.32E-01	-4.28E-03	5.05E-02	3.59E-03	
abgB_2~~~abgB_1	1.98E-01	2.04E-01	1.00E+00	2.64E-07	5.37E-03	2.08E-06	
group_6277	1.96E-01	1.12E-01	9.95E-01	-3.02E-05	4.59E-03	2.78E-04	
group_6073	1.98E-01	4.40E-03	9.55E-01	-1.30E-04	2.28E-03	2.41E-03	bad-chisq
group_5805	1.98E-01	3.52E-03	8.53E-01	-9.49E-03	5.11E-02	7.86E-03	
group_5196	1.98E-01	1.22E-02	8.54E-01	-1.08E-02	5.86E-02	7.77E-03	
group_4158	1.98E-01	8.69E-04	4.69E-01	-4.09E-02	5.63E-02	3.07E-02	
cocE	1.98E-01	1.49E-02	9.73E-01	-1.13E-04	3.38E-03	1.41E-03	
group_2743	1.98E-01	9.25E-02	9.86E-01	-9.46E-05	5.36E-03	7.46E-04	
group_2059	1.98E-01	1.07E-01	8.05E-01	1.30E-03	5.25E-03	1.05E-02	
yoaA_1~~~yoaA_2~~~yoaA~~~dinG_1~~~dinG~~~dinG_2	1.96E-01	4.53E-02	9.14E-01	2.21E-04	2.04E-03	4.58E-03	
viaA	1.96E-01	2.40E-01	9.37E-01	-1.35E-04	1.70E-03	3.36E-03	
group_12052	1.96E-01	1.12E-01	9.43E-01	-2.09E-04	2.95E-03	3.00E-03	
group_10982	1.96E-01	3.73E-01	9.28E-01	7.85E-03	8.64E-02	3.84E-03	
argS	1.96E-01	1.92E-01	9.78E-01	8.39E-03	2.98E-01	1.19E-03	
group_9759	1.94E-01	1.67E-02	7.34E-01	2.09E-03	6.16E-03	1.44E-02	
group_8724	1.96E-01	7.49E-04	9.90E-01	-4.85E-05	4.06E-03	5.05E-04	
group_7318	1.96E-01	3.10E-03	2.62E-01	-6.40E-02	5.70E-02	4.74E-02	
RBKS~~~ydjH_2~~~ydjH_1~~~rbsK_2~~~ydjH	1.96E-01	3.10E-03	9.94E-01	-2.87E-05	4.05E-03	3.00E-04	
oppF~~~oppF_2~~~btuD_4~~~btuD_6~~~dppD	1.96E-01	1.57E-02	9.63E-01	-1.39E-04	2.97E-03	1.98E-03	
group_4924	1.96E-01	3.31E-02	2.97E-01	5.83E-02	5.58E-02	4.41E-02	
group_3490	1.96E-01	7.49E-04	9.65E-01	-2.35E-04	5.37E-03	1.85E-03	
group_2559	1.96E-01	3.31E-02	2.40E-01	6.29E-02	5.35E-02	4.97E-02	
group_1795	1.96E-01	1.09E-02	9.97E-01	-1.81E-04	5.20E-02	1.47E-04	
group_12365	1.93E-01	2.61E-01	8.71E-01	-3.16E-04	1.94E-03	6.88E-03	
bglB~~~bglB_1~~~bglB_2~~~bglB_3	1.93E-01	9.01E-01	6.45E-01	3.09E-02	6.71E-02	1.95E-02	
group_11038	1.94E-01	1.27E-03	5.39E-01	1.81E-02	2.94E-02	2.60E-02	bad-chisq
glgE~~~bbmA~~~amyB	1.94E-01	1.81E-01	9.95E-01	4.97E-04	8.00E-02	2.63E-04	
group_9856	1.94E-01	6.45E-04	9.13E-01	-6.88E-03	6.32E-02	4.61E-03	
pknD_1~~~pknD_2~~~pknD	1.94E-01	1.81E-01	9.99E-01	-7.80E-06	6.19E-03	5.33E-05	
group_9241	1.94E-01	9.80E-03	9.95E-01	-3.49E-05	5.37E-03	2.75E-04	
kdpD~~~todS~~~resE~~~sasA_5	1.94E-01	2.50E-01	7.44E-01	4.75E-04	1.46E-03	1.38E-02	
group_8199	1.93E-01	1.77E-02	5.56E-01	-1.32E-03	2.24E-03	2.49E-02	
mtaB_2~~~mtaB~~~mtaB_1	1.94E-01	1.81E-01	9.99E-01	7.95E-05	4.51E-02	7.45E-05	
group_6740	1.94E-01	2.72E-03	9.46E-01	-3.62E-04	5.36E-03	2.86E-03	
ydjF_1~~~ydjF_2~~~srlR	1.94E-01	2.72E-03	9.15E-01	-5.86E-03	5.50E-02	4.51E-03	
sbnB	1.94E-01	2.72E-03	9.80E-01	-1.53E-04	6.16E-03	1.05E-03	
group_12571	1.93E-01	1.77E-02	7.53E-01	6.82E-04	2.17E-03	1.33E-02	
ydiP_2~~~hhaIM~~~ydiP	1.91E-01	5.32E-02	8.59E-01	-3.63E-04	2.04E-03	7.54E-03	
dacF_1~~~dacF	1.93E-01	1.70E-01	1.00E+00	-1.52E-06	7.65E-02	8.40E-07	
group_9088	1.93E-01	8.76E-03	9.98E-01	-1.17E-05	3.79E-03	1.31E-04	
group_5953	1.93E-01	2.74E-02	9.30E-01	-3.97E-03	4.52E-02	3.71E-03	
group_5846	1.93E-01	5.30E-03	9.59E-01	-3.06E-04	6.02E-03	2.15E-03	bad-chisq
citD	1.93E-01	2.38E-03	9.94E-01	-4.40E-05	6.16E-03	3.02E-04	
group_15415	1.91E-01	2.08E-03	8.45E-01	-1.19E-03	6.12E-03	8.25E-03	
group_13797	1.91E-01	2.08E-03	8.92E-01	-6.62E-03	4.88E-02	5.74E-03	
group_12151	1.91E-01	2.72E-01	8.12E-01	-6.34E-04	2.66E-03	1.01E-02	
group_12024	1.91E-01	5.32E-02	9.96E-01	-8.24E-06	1.66E-03	2.10E-04	
group_10654	1.91E-01	2.08E-03	7.78E-01	-1.46E-02	5.20E-02	1.19E-02	
group_7356	1.91E-01	7.80E-03	9.82E-01	1.19E-04	5.35E-03	9.41E-04	
group_7287	1.91E-01	7.80E-03	7.40E-01	-1.35E-03	4.05E-03	1.40E-02	
blaR1~~~mecR1	1.91E-01	3.22E-01	2.94E-01	5.28E-02	5.02E-02	4.44E-02	
group_5294	1.91E-01	2.49E-02	4.30E-01	-2.78E-02	3.52E-02	3.34E-02	
cmpR	1.91E-01	2.08E-03	8.92E-01	-6.62E-03	4.88E-02	5.74E-03	
group_4912	1.91E-01	2.08E-03	9.19E-01	-5.36E-03	5.28E-02	4.29E-03	
group_3659	1.91E-01	1.59E-01	9.28E-01	-4.51E-03	4.97E-02	3.84E-03	
group_3601	1.91E-01	3.22E-01	9.55E-01	-2.79E-03	4.94E-02	2.39E-03	
group_3573	1.89E-01	1.54E-03	7.99E-01	1.53E-03	6.00E-03	1.08E-02	bad-chisq
group_3039	1.91E-01	6.80E-02	7.15E-01	-1.89E-02	5.18E-02	1.54E-02	
group_2612	1.91E-01	3.22E-01	9.55E-01	-2.79E-03	4.94E-02	2.39E-03	
group_2603	1.91E-01	1.59E-01	9.28E-01	-4.51E-03	4.97E-02	3.84E-03	
yeeO_2~~~yeeO_1	1.91E-01	6.80E-02	7.67E-01	-1.81E-02	6.12E-02	1.25E-02	
msmX_2	1.91E-01	3.22E-01	9.55E-01	-2.79E-03	4.94E-02	2.39E-03	
ngcG_1~~~araQ_2	1.91E-01	3.22E-01	9.55E-01	-2.79E-03	4.94E-02	2.39E-03	
group_1530	1.91E-01	6.80E-02	9.26E-01	-5.32E-03	5.74E-02	3.92E-03	
group_1461	1.91E-01	3.22E-01	9.55E-01	-2.79E-03	4.94E-02	2.39E-03	
group_12592	1.89E-01	5.61E-02	1.00E+00	7.93E-07	1.91E-03	1.76E-05	
group_10437	1.89E-01	5.61E-02	6.01E-01	-9.47E-04	1.81E-03	2.22E-02	
pyrG_2~~~pyrG	1.89E-01	1.49E-01	9.57E-01	-2.20E-04	4.04E-03	2.31E-03	
group_6846	1.89E-01	2.26E-02	2.46E-01	-4.60E-02	3.96E-02	4.90E-02	
xerC_12~~~xerC_7~~~xerC_2	1.87E-01	2.10E-02	9.81E-01	-7.64E-05	3.28E-03	9.85E-04	
group_5827	1.87E-01	5.91E-02	9.99E-01	-1.54E-06	2.41E-03	2.71E-05	
argE_1~~~argE_2	1.89E-01	3.06E-01	9.39E-01	-3.77E-03	4.94E-02	3.23E-03	
group_2576	1.89E-01	1.81E-03	8.94E-01	-6.09E-03	4.55E-02	5.66E-03	
idnT	1.89E-01	2.26E-02	9.56E-01	2.91E-04	5.33E-03	2.31E-03	
group_15300	1.87E-01	2.04E-02	9.43E-01	-2.89E-04	4.05E-03	3.01E-03	
ngcG~~~araQ_1~~~ngcG_3	1.87E-01	2.10E-02	8.47E-01	6.47E-04	3.34E-03	8.18E-03	
group_12658	1.85E-01	2.22E-02	9.42E-01	3.36E-04	4.58E-03	3.10E-03	
group_10469	1.85E-01	1.74E-03	1.86E-01	3.42E-02	2.58E-02	5.60E-02	bad-chisq
group_9620	1.87E-01	2.90E-01	9.34E-01	-3.68E-03	4.45E-02	3.50E-03	
larA~~~larA_2~~~larA_3	1.87E-01	5.76E-02	9.18E-01	4.14E-04	4.03E-03	4.34E-03	
group_7796	1.87E-01	5.32E-01	8.49E-01	-5.35E-04	2.80E-03	8.07E-03	
group_7436	1.87E-01	2.10E-02	6.63E-01	1.05E-03	2.42E-03	1.84E-02	
group_6033	1.87E-01	6.36E-03	9.80E-01	-5.84E-05	2.37E-03	1.04E-03	bad-chisq
group_2765	1.87E-01	2.96E-01	1.10E-01	9.23E-02	5.76E-02	6.76E-02	
group_15301	1.85E-01	1.84E-02	9.76E-01	-1.83E-04	6.15E-03	1.26E-03	
group_12545	1.85E-01	3.08E-01	9.91E-01	-2.38E-05	2.08E-03	4.84E-04	
group_11793	1.85E-01	8.61E-01	8.64E-01	-3.81E-04	2.23E-03	7.22E-03	
group_10718	1.85E-01	6.23E-02	5.80E-01	-1.10E-03	1.98E-03	2.34E-02	
group_10562	1.85E-01	1.36E-03	9.66E-01	2.29E-04	5.34E-03	1.82E-03	
sufS_2~~~sufS_1	1.85E-01	1.30E-01	9.57E-01	-2.63E-03	4.87E-02	2.28E-03	
group_9542	1.85E-01	1.36E-03	9.51E-01	-3.30E-04	5.34E-03	2.62E-03	
ancA_1~~~ancA	1.85E-01	5.29E-02	9.67E-01	-1.69E-04	4.06E-03	1.76E-03	
rep~~~topA	1.85E-01	1.84E-02	9.88E-01	-8.99E-05	6.14E-03	6.20E-04	
group_4151	1.85E-01	1.84E-02	9.76E-01	-1.83E-04	6.15E-03	1.26E-03	
group_2860	1.85E-01	1.84E-02	9.93E-01	-4.59E-05	5.33E-03	3.65E-04	
group_2345	1.85E-01	5.43E-03	9.30E-01	-4.64E-04	5.31E-03	3.69E-03	
group_1476	1.85E-01	1.84E-02	9.99E-01	-9.95E-06	5.33E-03	7.89E-05	
group_1374	1.85E-01	2.75E-01	9.50E-01	-2.75E-03	4.40E-02	2.64E-03	
group_12447	1.82E-01	2.49E-02	9.48E-01	-1.56E-04	2.39E-03	2.77E-03	
group_12098	1.84E-01	3.21E-01	9.64E-01	-7.80E-05	1.73E-03	1.91E-03	
group_12049	1.82E-01	6.91E-02	8.88E-01	3.05E-04	2.16E-03	5.97E-03	
sasA_3~~~sasA_5~~~sasA_1~~~sasA_12~~~resE~~~sasA_7~~~sasA_6~~~sasA_2	1.82E-01	6.91E-02	1.32E-08	-1.53E-01	2.65E-02	2.37E-01	
group_11351	1.82E-01	1.98E-03	8.33E-01	1.27E-03	6.03E-03	8.92E-03	bad-chisq
group_11081	1.84E-01	5.69E-01	9.41E-01	2.99E-04	4.01E-03	3.15E-03	
group_9804	1.84E-01	1.18E-03	7.97E-01	-1.56E-03	6.08E-03	1.09E-02	
group_9760	1.84E-01	4.28E-05	9.65E-01	1.78E-04	4.04E-03	1.86E-03	
group_8267	1.84E-01	1.56E-01	7.63E-01	6.39E-04	2.12E-03	1.28E-02	
eabC	1.84E-01	7.18E-03	8.23E-01	5.16E-04	2.31E-03	9.45E-03	bad-chisq
group_12438	1.82E-01	1.98E-03	9.76E-01	9.48E-05	3.21E-03	1.25E-03	bad-chisq
group_12341	1.82E-01	9.08E-01	9.87E-01	4.14E-05	2.48E-03	7.06E-04	
group_12047	1.82E-01	3.34E-01	9.64E-01	1.11E-04	2.48E-03	1.89E-03	
group_11570	1.80E-01	2.10E-03	8.33E-01	1.27E-03	6.03E-03	8.92E-03	bad-chisq
group_11284	1.80E-01	2.63E-02	9.88E-01	-4.35E-05	2.88E-03	6.38E-04	
group_11280	1.80E-01	2.10E-03	8.33E-01	1.27E-03	6.03E-03	8.92E-03	bad-chisq
group_10848	1.82E-01	4.43E-02	9.54E-02	-6.00E-02	3.59E-02	7.05E-02	
mntR~~~mntR_1	1.82E-01	5.04E-06	8.68E-01	-7.22E-04	4.36E-03	7.01E-03	
group_10105	1.82E-01	3.34E-01	9.77E-01	7.33E-05	2.60E-03	1.19E-03	
group_9128	1.82E-01	7.62E-03	5.65E-01	-1.41E-02	2.45E-02	2.44E-02	bad-chisq
group_8771	1.82E-01	4.21E-03	9.66E-01	-2.24E-04	5.33E-03	1.78E-03	
group_8396	1.82E-01	5.88E-01	7.67E-01	-8.15E-04	2.75E-03	1.25E-02	
group_7658	1.82E-01	7.62E-03	5.65E-01	-1.41E-02	2.45E-02	2.44E-02	bad-chisq
group_7172	1.80E-01	1.72E-01	7.73E-01	7.33E-04	2.54E-03	1.22E-02	
group_7139	1.82E-01	2.46E-01	7.11E-01	8.17E-04	2.20E-03	1.57E-02	
group_6696	1.80E-01	2.63E-02	8.95E-01	-4.47E-04	3.37E-03	5.60E-03	
group_6072	1.82E-01	2.46E-01	7.02E-01	-1.58E-02	4.14E-02	1.62E-02	
group_5728	1.80E-01	8.09E-03	4.40E-01	2.73E-03	3.52E-03	3.27E-02	bad-chisq
group_4788	1.82E-01	1.98E-03	9.05E-01	7.18E-04	6.02E-03	5.04E-03	bad-chisq
group_4113	1.82E-01	4.43E-02	8.94E-01	-7.07E-04	5.30E-03	5.64E-03	
group_1676	1.82E-01	4.21E-03	8.70E-01	-5.86E-03	3.58E-02	6.93E-03	
group_12610	1.80E-01	7.28E-02	9.91E-01	-1.72E-05	1.61E-03	4.52E-04	
group_12471	1.80E-01	7.28E-02	9.84E-01	-3.21E-05	1.64E-03	8.28E-04	
group_12143	1.78E-01	1.80E-01	8.03E-01	-5.07E-04	2.03E-03	1.06E-02	
group_12120	1.80E-01	2.10E-03	6.61E-01	7.98E-04	1.82E-03	1.85E-02	bad-chisq
group_12048	1.80E-01	6.08E-01	9.81E-01	5.58E-05	2.30E-03	1.02E-03	
ttcA_2~~~ttcA_1~~~ttcA	1.80E-01	3.69E-03	9.95E-01	-2.45E-05	4.04E-03	2.56E-04	
group_11283	1.78E-01	2.79E-02	9.88E-01	-4.36E-05	2.88E-03	6.40E-04	
group_11012	1.78E-01	2.79E-02	9.88E-01	-4.36E-05	2.88E-03	6.40E-04	
ntpJ~~~ntpJ_1~~~ntpJ_2~~~ktrB	1.80E-01	1.05E-01	7.77E-01	3.86E-04	1.36E-03	1.20E-02	
group_9541	1.80E-01	1.33E-02	8.41E-01	8.10E-04	4.05E-03	8.47E-03	
group_9034	1.80E-01	3.69E-03	9.78E-01	-1.45E-04	5.34E-03	1.15E-03	
group_8296	1.80E-01	3.47E-01	9.84E-01	3.23E-05	1.63E-03	8.38E-04	
group_5819	1.80E-01	3.69E-03	9.49E-01	2.58E-04	4.04E-03	2.70E-03	
group_14271	1.78E-01	2.24E-03	6.61E-01	7.98E-04	1.82E-03	1.85E-02	bad-chisq
group_12428	1.76E-01	1.88E-01	9.18E-01	-1.80E-04	1.76E-03	4.34E-03	
group_12422	1.76E-01	8.07E-02	8.87E-01	3.06E-04	2.16E-03	6.00E-03	
mprA~~~mprA_1~~~tctD_1~~~mprA_2	1.76E-01	2.95E-02	6.26E-01	2.73E-02	5.60E-02	2.06E-02	
group_7929	1.78E-01	3.16E-06	9.83E-01	1.15E-04	5.33E-03	9.13E-04	
group_6468	1.76E-01	9.12E-03	4.75E-01	2.34E-03	3.27E-03	3.02E-02	bad-chisq
group_4084	1.78E-01	3.23E-03	2.31E-01	-5.19E-02	4.33E-02	5.07E-02	
group_1494	1.78E-01	7.66E-02	5.65E-01	-1.14E-03	1.98E-03	2.44E-02	
sdaB	1.78E-01	1.19E-02	9.39E-01	-2.49E-04	3.23E-03	3.26E-03	
group_14882	1.76E-01	2.38E-03	6.37E-01	1.54E-02	3.27E-02	2.00E-02	bad-chisq
group_12666	1.76E-01	2.95E-02	9.90E-01	2.56E-05	1.96E-03	5.51E-04	
group_12481	1.75E-01	8.49E-02	8.80E-01	-3.86E-04	2.56E-03	6.38E-03	
group_12459	1.76E-01	1.88E-01	5.72E-01	-1.30E-03	2.30E-03	2.39E-02	
lacA~~~lacA_2~~~eryI	1.75E-01	8.49E-02	9.48E-01	-1.85E-04	2.83E-03	2.77E-03	
group_8717	1.76E-01	3.35E-02	2.54E-01	3.32E-02	2.91E-02	4.82E-02	
group_7012	1.76E-01	2.38E-03	9.05E-01	7.23E-04	6.04E-03	5.06E-03	bad-chisq
group_5774	1.76E-01	2.81E-03	7.28E-01	1.41E-02	4.06E-02	1.47E-02	
group_4847	1.76E-01	1.06E-02	9.98E-01	-8.75E-06	3.23E-03	1.14E-04	
xerC_8~~~xerC_2~~~xerC_5~~~xerC_3~~~xerC_11	1.76E-01	1.88E-01	9.36E-01	-3.48E-04	4.31E-03	3.41E-03	
group_2306	1.76E-01	2.38E-03	6.37E-01	1.54E-02	3.27E-02	2.00E-02	bad-chisq
group_2089	1.76E-01	2.38E-03	9.54E-01	3.47E-04	6.07E-03	2.42E-03	bad-chisq
group_1417	1.76E-01	8.98E-02	9.46E-01	3.57E-04	5.32E-03	2.84E-03	
group_12562	1.75E-01	6.70E-01	9.50E-01	-1.14E-04	1.81E-03	2.66E-03	
group_12529	1.75E-01	1.97E-01	9.47E-01	-1.54E-04	2.30E-03	2.82E-03	
group_12504	1.75E-01	8.49E-02	9.63E-01	1.37E-04	2.95E-03	1.97E-03	
oppC~~~dppC~~~oppC_2~~~oppC_1	1.75E-01	6.62E-01	9.80E-01	-2.26E-03	8.91E-02	1.07E-03	
group_11483	1.73E-01	3.29E-02	2.31E-29	-5.13E-01	4.31E-02	4.50E-01	
group_11169	1.75E-01	8.49E-02	7.86E-01	1.65E-03	6.09E-03	1.15E-02	
xylG_1~~~mglA_1~~~rbsA_4~~~mglA_7	1.73E-01	3.29E-02	9.84E-01	-5.07E-05	2.60E-03	8.26E-04	
group_10411	1.75E-01	9.38E-03	4.65E-01	-2.83E-02	3.86E-02	3.09E-02	
group_8854	1.75E-01	6.70E-01	9.12E-01	2.28E-04	2.06E-03	4.68E-03	
mglA_2~~~mglA_4~~~mglA_5~~~mglA_3~~~mglA_1	1.75E-01	6.62E-01	9.96E-01	2.89E-05	6.20E-03	1.97E-04	
group_8209	1.75E-01	3.12E-02	9.74E-01	-4.96E-05	1.54E-03	1.36E-03	
group_2536	1.73E-01	1.03E-02	9.34E-01	5.09E-03	6.17E-02	3.49E-03	bad-chisq
group_12559	1.73E-01	2.06E-01	9.77E-01	-7.56E-05	2.59E-03	1.24E-03	
group_12213	1.71E-01	9.39E-02	8.75E-01	-4.68E-04	2.98E-03	6.64E-03	
group_12025	1.71E-01	4.22E-01	9.84E-01	5.13E-05	2.52E-03	8.62E-04	
cadA_2~~~kdpB~~~ctpC_1~~~ctpC_2~~~cadA_1~~~silP~~~kdpB_1~~~copA_1~~~ctpC	1.73E-01	1.52E-06	1.17E-10	-1.54E-01	2.35E-02	2.68E-01	
group_3882	1.73E-01	1.03E-02	9.22E-01	-2.91E-03	2.96E-02	4.16E-03	bad-chisq
rhaS_1~~~rhaS_3~~~rhaR_2	1.73E-01	1.03E-02	9.81E-01	1.42E-04	6.10E-03	9.82E-04	bad-chisq
oppF_4~~~oppF_1~~~oppF_2~~~oppF	1.71E-01	6.15E-01	9.66E-01	-5.13E-03	1.22E-01	1.78E-03	
group_11343	1.71E-01	1.83E-03	9.29E-01	-4.75E-04	5.31E-03	3.79E-03	
hhaIM~~~banIM	1.71E-01	2.15E-01	4.88E-01	-1.79E-03	2.58E-03	2.93E-02	
group_8842	1.71E-01	1.09E-02	8.97E-01	6.83E-04	5.25E-03	5.50E-03	bad-chisq
yiaC	1.71E-01	7.13E-01	7.28E-01	-5.22E-04	1.50E-03	1.47E-02	
mglA_2~~~rbsA_1~~~rbsA_3	1.71E-01	4.22E-01	2.34E-01	5.18E-02	4.35E-02	5.03E-02	
group_12561	1.69E-01	7.35E-01	9.65E-01	-1.20E-04	2.75E-03	1.84E-03	
group_11305	1.68E-01	4.55E-01	9.38E-01	-4.72E-04	6.06E-03	3.29E-03	
ftsH4~~~ftsH_2~~~ftsH_1~~~ftsH~~~ftsH_3~~~ftsH4_1	1.69E-01	3.20E-04	9.82E-01	8.22E-05	3.68E-03	9.44E-04	
group_10603	1.69E-01	5.92E-01	9.57E-01	-6.54E-03	1.21E-01	2.28E-03	
group_10490	1.68E-01	1.47E-01	7.02E-01	1.52E-02	3.96E-02	1.62E-02	
group_10317	1.68E-01	1.04E-01	3.45E-01	-2.89E-02	3.05E-02	4.00E-02	
group_9748	1.69E-01	3.68E-02	9.16E-01	-2.58E-04	2.45E-03	4.46E-03	
group_9532	1.69E-01	7.35E-01	6.50E-01	1.21E-03	2.66E-03	1.92E-02	
group_9003	1.68E-01	1.22E-02	6.36E-01	9.81E-04	2.07E-03	2.00E-02	bad-chisq
group_7820	1.68E-01	3.24E-03	2.71E-01	3.10E-02	2.82E-02	4.65E-02	bad-chisq
group_7367	1.69E-01	3.04E-03	5.53E-01	1.19E-02	2.00E-02	2.51E-02	bad-chisq
group_5695	1.68E-01	3.88E-02	9.40E-01	1.95E-04	2.59E-03	3.19E-03	
group_3785	1.69E-01	1.15E-02	9.05E-01	-3.32E-03	2.77E-02	5.07E-03	bad-chisq
group_1654	1.69E-01	7.35E-01	3.07E-01	3.99E-02	3.91E-02	4.32E-02	
group_12429	1.66E-01	7.81E-01	8.94E-01	3.53E-04	2.66E-03	5.62E-03	
atpG_2~~~atpG	1.66E-01	4.10E-02	6.46E-01	-1.75E-02	3.80E-02	1.94E-02	
atpD~~~atpD_1	1.66E-01	4.10E-02	6.46E-01	-1.75E-02	3.80E-02	1.94E-02	
group_12206	1.66E-01	4.10E-02	6.46E-01	-1.75E-02	3.80E-02	1.94E-02	
oppD_6~~~oppD_1~~~oppD_5~~~oppD_3	1.68E-01	5.69E-01	9.75E-01	-2.75E-03	8.81E-02	1.32E-03	
calA	1.68E-01	2.35E-01	2.61E-01	-6.69E-03	5.94E-03	4.75E-02	
group_8800	1.68E-01	3.13E-01	9.31E-01	4.64E-03	5.32E-02	3.69E-03	
group_6785	1.68E-01	2.67E-04	3.49E-01	-3.86E-02	4.12E-02	3.96E-02	
group_5721	1.68E-01	1.22E-02	7.03E-01	6.73E-04	1.76E-03	1.62E-02	bad-chisq
ytfQ	1.68E-01	3.88E-02	9.80E-01	-1.11E-04	4.33E-03	1.08E-03	
group_4237	1.68E-01	1.99E-02	9.81E-01	-1.44E-04	6.06E-03	1.00E-03	
group_1467	1.68E-01	1.04E-01	9.41E-01	-3.22E-04	4.31E-03	3.16E-03	
group_14084	1.64E-01	3.65E-03	8.90E-01	8.38E-04	6.06E-03	5.85E-03	bad-chisq
topB_1~~~topB~~~topB_2~~~topB_3	1.64E-01	1.15E-01	9.86E-01	-3.34E-05	1.86E-03	7.58E-04	
group_12454	1.66E-01	1.30E-02	9.82E-01	4.48E-05	1.96E-03	9.68E-04	bad-chisq
atpA~~~atpA_1	1.64E-01	4.33E-02	6.53E-01	-1.68E-02	3.72E-02	1.91E-02	
stp_3	1.66E-01	1.30E-02	9.30E-01	-2.37E-03	2.72E-02	3.69E-03	bad-chisq
group_11423	1.66E-01	2.22E-04	9.62E-01	-2.52E-04	5.30E-03	2.01E-03	
gltC~~~gltC_2~~~hcaR~~~hdfR_3~~~hdfR_2~~~yofA~~~gltC_1~~~hcaR_1	1.66E-01	4.95E-03	4.84E-01	-1.75E-02	2.50E-02	2.96E-02	
mecI~~~blaI_5	1.64E-01	1.15E-01	9.63E-01	-7.06E-03	1.51E-01	1.98E-03	
group_8737	1.66E-01	3.44E-03	9.08E-01	6.97E-04	6.04E-03	4.88E-03	bad-chisq
atpH_2~~~atpH~~~atpE_1~~~atpH_1	1.64E-01	4.33E-02	5.95E-01	-2.07E-02	3.90E-02	2.25E-02	
group_7465	1.66E-01	4.10E-02	9.20E-01	2.09E-04	2.08E-03	4.24E-03	
xerC_3~~~xerC_5~~~xerC_6~~~xerC_1	1.66E-01	1.30E-02	8.25E-01	4.76E-03	2.15E-02	9.37E-03	bad-chisq
group_3991	1.66E-01	1.30E-02	9.80E-01	7.76E-04	3.14E-02	1.04E-03	bad-chisq
group_1040	1.66E-01	4.10E-02	1.11E-02	1.22E-01	4.80E-02	1.07E-01	
group_15193	1.62E-01	2.64E-01	8.07E-01	3.91E-02	1.60E-01	1.03E-02	
group_12516	1.64E-01	1.15E-01	7.54E-01	5.88E-04	1.88E-03	1.33E-02	
group_12499	1.62E-01	4.58E-02	8.78E-01	4.37E-04	2.84E-03	6.51E-03	
group_12149	1.64E-01	4.33E-02	9.24E-01	-5.07E-04	5.29E-03	4.06E-03	
group_12008	1.62E-01	1.21E-01	7.55E-01	-1.42E-03	4.55E-03	1.32E-02	
group_10523	1.64E-01	1.15E-01	9.84E-01	-3.52E-05	1.70E-03	8.74E-04	
group_10518	1.62E-01	1.21E-01	9.95E-01	3.09E-05	4.60E-03	2.85E-04	
group_10314	1.64E-01	1.15E-01	8.14E-01	8.40E-04	3.56E-03	9.98E-03	
group_10174	1.64E-01	4.91E-02	9.80E-01	-7.70E-05	3.08E-03	1.06E-03	
tig_3~~~tig_1~~~tig_2	1.64E-01	4.89E-01	9.45E-01	2.80E-04	4.05E-03	2.92E-03	
group_8450	1.62E-01	8.20E-01	6.81E-01	7.88E-04	1.91E-03	1.74E-02	
group_8401	1.62E-01	4.58E-02	9.50E-01	-1.22E-04	1.95E-03	2.65E-03	
gltC_2~~~gltC_1~~~yofA	1.62E-01	4.58E-02	4.71E-01	-3.61E-02	5.00E-02	3.05E-02	
group_7595	1.64E-01	4.89E-01	9.98E-01	1.47E-05	5.35E-03	1.16E-04	
novJ~~~polS	1.62E-01	1.21E-01	7.55E-01	-1.42E-03	4.55E-03	1.32E-02	
nikB~~~gsiC_1	1.62E-01	1.21E-01	9.51E-01	1.74E-04	2.85E-03	2.58E-03	
group_12687	1.62E-01	2.68E-01	7.39E-01	-6.10E-04	1.83E-03	1.41E-02	
group_10882	1.62E-01	8.20E-01	9.02E-01	4.33E-04	3.52E-03	5.21E-03	
group_10088	1.62E-01	1.52E-04	2.67E-01	-4.08E-02	3.68E-02	4.69E-02	
group_9442	1.62E-01	1.46E-02	9.48E-01	1.73E-04	2.66E-03	2.74E-03	bad-chisq
rhaR_5~~~rhaR_4~~~rhaR_6~~~rhaR_3~~~rhaR_1	1.62E-01	4.58E-02	8.43E-01	5.85E-03	2.96E-02	8.36E-03	
group_7369	1.62E-01	8.28E-01	9.17E-01	-2.41E-04	2.31E-03	4.43E-03	
group_6443	1.62E-01	4.58E-02	3.46E-01	3.40E-02	3.61E-02	3.99E-02	
group_6151	1.62E-01	1.46E-02	9.84E-01	1.25E-04	6.09E-03	8.68E-04	bad-chisq
mca~~~bshB1	1.62E-01	3.00E-07	2.99E-01	-3.46E-02	3.32E-02	4.39E-02	
group_3501	1.62E-01	8.20E-01	6.47E-01	1.87E-02	4.08E-02	1.94E-02	
lyx~~~xylB_6~~~xylB_1	1.62E-01	1.46E-02	9.84E-01	1.25E-04	6.09E-03	8.68E-04	bad-chisq
ghrB_2	1.62E-01	1.46E-02	9.84E-01	1.25E-04	6.09E-03	8.68E-04	bad-chisq
gsiD_2~~~nikC~~~gsiD	1.60E-01	1.27E-01	9.51E-01	1.74E-04	2.85E-03	2.58E-03	
group_12676	1.60E-01	1.27E-01	9.85E-01	-3.29E-05	1.77E-03	7.83E-04	
xerC_5~~~xerC_9	1.60E-01	1.27E-01	9.42E-01	-1.18E-04	1.61E-03	3.10E-03	
group_12054	1.60E-01	3.25E-03	5.25E-01	2.33E-03	3.66E-03	2.69E-02	
group_11418	1.60E-01	6.99E-04	8.73E-01	-8.50E-04	5.31E-03	6.78E-03	
group_11355	1.59E-01	1.33E-01	6.73E-02	-1.28E-01	6.96E-02	7.73E-02	
xylP~~~xylP_3~~~xylP_1	1.59E-01	5.10E-02	4.25E-01	-5.72E-02	7.16E-02	3.38E-02	
group_10444	1.60E-01	4.83E-02	9.87E-01	2.84E-05	1.78E-03	6.75E-04	
srtB_2~~~srtB_1~~~srtB	1.60E-01	1.27E-01	9.92E-01	2.98E-05	3.16E-03	3.99E-04	
group_10216	1.60E-01	1.27E-01	9.33E-01	1.50E-04	1.78E-03	3.55E-03	
group_9614	1.60E-01	2.80E-01	6.41E-01	-2.85E-03	6.10E-03	1.97E-02	
xerC~~~xerC_3	1.60E-01	1.54E-02	9.85E-01	6.58E-05	3.55E-03	7.85E-04	bad-chisq
group_8601	1.59E-01	1.64E-02	9.75E-01	7.01E-05	2.25E-03	1.32E-03	bad-chisq
cstA	1.60E-01	4.79E-01	8.19E-01	1.22E-03	5.33E-03	9.67E-03	
group_3773	1.59E-01	5.10E-02	9.95E-01	-1.46E-05	2.14E-03	2.88E-04	
group_2692	1.60E-01	1.54E-02	9.84E-01	1.25E-04	6.09E-03	8.67E-04	bad-chisq
rbsC_3~~~rbsC_1	1.60E-01	1.54E-02	9.84E-01	1.25E-04	6.09E-03	8.67E-04	bad-chisq
group_671	1.60E-01	1.54E-02	9.84E-01	1.25E-04	6.09E-03	8.67E-04	bad-chisq
group_14236	1.59E-01	1.01E-01	9.10E-01	-3.82E-04	3.38E-03	4.77E-03	
group_13552	1.59E-01	1.64E-02	9.84E-01	1.25E-04	6.09E-03	8.67E-04	bad-chisq
group_12672	1.57E-01	4.36E-01	6.46E-01	-1.06E-03	2.30E-03	1.94E-02	
group_12077	1.59E-01	4.58E-01	8.88E-01	-4.40E-04	3.13E-03	5.94E-03	
elbB	1.59E-01	5.10E-02	9.22E-01	-2.44E-04	2.51E-03	4.12E-03	
group_10685	1.57E-01	3.05E-01	9.39E-01	-4.07E-03	5.32E-02	3.24E-03	
group_10677	1.59E-01	1.33E-01	9.88E-01	2.60E-05	1.78E-03	6.17E-04	
group_10674	1.57E-01	2.41E-03	2.40E-01	-4.30E-02	3.65E-02	4.97E-02	
tagU_1~~~tagU_3~~~tagU_2	1.59E-01	1.33E-01	9.92E-01	2.98E-05	3.16E-03	3.99E-04	
group_10087	1.57E-01	1.73E-02	8.71E-01	2.85E-02	1.75E-01	6.87E-03	bad-chisq
cytR_2~~~purR_2~~~purR_1~~~ccpA_2~~~cytR_1	1.59E-01	1.32E-08	2.34E-01	-4.12E-02	3.46E-02	5.04E-02	
group_9523	1.59E-01	2.33E-01	8.32E-01	-7.58E-04	3.57E-03	8.98E-03	
xerD_2~~~IntTn~~~xerC_1~~~xerC_4~~~xerC_5~~~xerD_3	1.59E-01	1.33E-01	8.52E-01	6.28E-04	3.36E-03	7.91E-03	
group_8422	1.59E-01	1.33E-01	9.14E-01	3.28E-04	3.03E-03	4.58E-03	
noc_4~~~noc_2~~~noc_3~~~noc_1~~~noc~~~noc_9	1.59E-01	1.33E-01	9.94E-01	1.97E-05	2.68E-03	3.12E-04	
group_6486	1.57E-01	5.38E-02	2.48E-01	-5.01E-02	4.34E-02	4.88E-02	
rbsC_1~~~rbsC_4	1.59E-01	2.92E-01	3.77E-01	3.32E-02	3.75E-02	3.74E-02	
group_3463	1.57E-01	5.38E-02	9.92E-01	-2.25E-05	2.14E-03	4.45E-04	
group_12316	1.55E-01	5.68E-02	9.37E-01	-1.77E-04	2.25E-03	3.32E-03	
group_12298	1.55E-01	1.47E-01	7.56E-01	-1.41E-03	4.55E-03	1.31E-02	
group_10854	1.57E-01	2.19E-01	9.95E-01	1.74E-05	2.97E-03	2.48E-04	
group_10711	1.57E-01	3.30E-02	9.03E-01	-2.36E-04	1.94E-03	5.14E-03	
dan~~~dan_2~~~dan_1~~~dag	1.57E-01	3.30E-02	9.52E-01	1.81E-02	2.98E-01	2.56E-03	
glgB_1	1.57E-01	5.38E-02	9.31E-01	1.49E-04	1.73E-03	3.65E-03	
group_10073	1.57E-01	2.19E-01	9.99E-01	-4.10E-06	4.06E-03	4.27E-05	
group_8792	1.57E-01	1.31E-06	9.79E-01	2.45E-03	9.13E-02	1.13E-03	
group_8017	1.55E-01	1.84E-02	4.43E-01	3.96E-02	5.17E-02	3.24E-02	bad-chisq
atpF_2~~~atpF_1~~~atpF	1.55E-01	5.68E-02	6.08E-01	-1.88E-02	3.67E-02	2.17E-02	
korB_2	1.57E-01	1.30E-12	3.80E-02	-9.24E-02	4.44E-02	8.76E-02	
group_6495	1.57E-01	3.05E-01	9.29E-01	-1.59E-04	1.78E-03	3.76E-03	
padG~~~korA	1.57E-01	1.30E-12	3.80E-02	-9.24E-02	4.44E-02	8.76E-02	
guaD_2	1.55E-01	5.68E-02	9.90E-01	-2.74E-05	2.14E-03	5.42E-04	
group_15063	1.55E-01	4.93E-03	6.74E-01	1.28E-02	3.03E-02	1.78E-02	bad-chisq
group_12426	1.55E-01	1.47E-01	9.13E-01	-2.00E-04	1.83E-03	4.63E-03	
rsxB_1~~~rsxB_4~~~rsxB_2~~~rsxB_5	1.55E-01	5.86E-01	4.86E-01	2.02E-02	2.89E-02	2.95E-02	
group_11671	1.55E-01	7.18E-01	9.94E-01	-2.33E-05	3.03E-03	3.25E-04	
sta	1.55E-01	9.89E-07	8.13E-01	-1.26E-03	5.31E-03	1.00E-02	
group_10871	1.53E-01	5.99E-02	9.89E-01	8.81E-05	6.21E-03	6.00E-04	
group_10239	1.55E-01	3.18E-01	9.62E-01	-9.36E-05	1.99E-03	1.99E-03	
hdfR_3~~~cysL_1~~~cysL~~~hdfR_1~~~oxyR	1.55E-01	4.15E-01	9.99E-01	3.30E-06	4.06E-03	3.44E-05	
group_9975	1.55E-01	1.47E-01	1.65E-02	-6.89E-02	2.86E-02	1.01E-01	
group_9636	1.55E-01	1.47E-01	8.68E-01	-4.57E-04	2.75E-03	7.02E-03	
group_9581	1.55E-01	1.84E-02	8.35E-01	7.92E-04	3.79E-03	8.83E-03	bad-chisq
group_9137	1.53E-01	5.99E-02	2.41E-02	-4.18E-01	1.85E-01	9.52E-02	
ydhD~~~sleL_2~~~sleL~~~sleL_1	1.55E-01	7.18E-01	6.64E-01	-1.64E-02	3.76E-02	1.84E-02	
agaA_1~~~agaA_3~~~agaA	1.53E-01	5.23E-03	4.68E-01	1.86E-03	2.56E-03	3.07E-02	bad-chisq
group_5713	1.53E-01	5.99E-02	9.31E-01	-1.94E-04	2.23E-03	3.67E-03	
group_5597	1.55E-01	4.93E-03	6.74E-01	1.28E-02	3.03E-02	1.78E-02	bad-chisq
group_2930	1.53E-01	1.54E-01	8.16E-01	-7.98E-04	3.42E-03	9.87E-03	
group_13023	1.53E-01	1.94E-02	9.81E-01	-7.88E-05	3.30E-03	1.01E-03	bad-chisq
group_12647	1.52E-01	6.32E-02	4.74E-01	-2.26E-03	3.15E-03	3.03E-02	
group_11857	1.52E-01	1.61E-01	5.22E-03	-2.78E-01	9.91E-02	1.18E-01	
group_11584	1.53E-01	2.66E-02	8.78E-01	-2.87E-02	1.87E-01	6.48E-03	
group_10852	1.53E-01	5.99E-02	9.12E-01	-5.82E-04	5.29E-03	4.66E-03	
mta	1.52E-01	3.75E-01	7.08E-01	8.52E-04	2.28E-03	1.58E-02	
group_10356	1.53E-01	5.99E-02	2.93E-01	3.51E-02	3.34E-02	4.45E-02	
group_9981	1.53E-01	1.76E-03	2.04E-01	-5.01E-02	3.94E-02	5.37E-02	
group_9495	1.53E-01	3.32E-01	9.85E-01	-5.45E-05	2.86E-03	8.07E-04	
group_9303	1.53E-01	2.66E-02	9.99E-01	6.31E-06	6.21E-03	4.30E-05	
pknD_1~~~pknD_2	1.53E-01	3.39E-04	8.06E-01	-1.31E-03	5.34E-03	1.04E-02	
group_9038	1.52E-01	2.06E-02	7.96E-01	3.48E-02	1.34E-01	1.09E-02	bad-chisq
group_8893	1.52E-01	2.06E-02	9.85E-01	1.20E-04	6.21E-03	8.18E-04	bad-chisq
group_8702	1.52E-01	6.32E-02	1.05E-01	-2.16E-01	1.33E-01	6.84E-02	
ybaK	1.53E-01	7.81E-02	9.82E-01	2.94E-03	1.29E-01	9.60E-04	
group_8222	1.53E-01	5.99E-02	9.16E-01	-5.56E-04	5.29E-03	4.45E-03	
group_7669	1.53E-01	6.99E-06	2.91E-01	-3.57E-02	3.38E-02	4.47E-02	
group_7590	1.52E-01	6.32E-02	9.99E-01	7.37E-06	4.61E-03	6.76E-05	
group_6502	1.53E-01	1.94E-02	9.56E-01	1.66E-03	3.01E-02	2.34E-03	bad-chisq
group_4601	1.53E-01	1.28E-11	5.39E-02	-8.00E-02	4.14E-02	8.14E-02	
rbsC_1~~~rbsC_3~~~rbsC_4	1.53E-01	6.99E-06	2.91E-01	-3.57E-02	3.38E-02	4.47E-02	
group_3500	1.52E-01	6.32E-02	9.36E-01	-1.69E-02	2.10E-01	3.41E-03	
group_3052	1.53E-01	6.99E-06	2.91E-01	-3.57E-02	3.38E-02	4.47E-02	
feoB_2~~~feoB_3~~~feoB~~~der_2	1.53E-01	5.23E-03	8.93E-01	2.94E-04	2.18E-03	5.69E-03	bad-chisq
group_13884	1.50E-01	6.66E-02	9.40E-01	-3.50E-04	4.62E-03	3.20E-03	
group_12629	1.50E-01	6.49E-01	9.73E-01	-7.00E-05	2.09E-03	1.42E-03	
group_12600	1.50E-01	1.69E-01	8.55E-01	-4.89E-04	2.67E-03	7.74E-03	
group_11836	1.52E-01	6.27E-01	8.94E-01	-4.09E-04	3.07E-03	5.64E-03	
ybdL~~~dapC~~~dapC_2	1.52E-01	5.41E-06	9.10E-01	6.96E-04	6.16E-03	4.78E-03	
azoR_2	1.50E-01	6.66E-02	9.82E-01	-7.04E-05	3.18E-03	9.38E-04	
chvE_2~~~sbpA~~~sbpA_1~~~sbpA_2	1.52E-01	4.30E-05	2.29E-01	-4.23E-02	3.51E-02	5.09E-02	
mshA~~~mshA_2~~~mshA_1	1.52E-01	5.56E-07	9.67E-01	-6.01E-03	1.43E-01	1.78E-03	
virD4	1.52E-01	5.55E-03	4.93E-01	1.44E-03	2.10E-03	2.90E-02	bad-chisq
purA_2~~~purA~~~purA_1	1.52E-01	1.79E-01	7.18E-01	2.24E-02	6.20E-02	1.53E-02	
group_10275	1.50E-01	2.18E-02	6.88E-01	-1.65E-02	4.12E-02	1.70E-02	bad-chisq
yrbG	1.52E-01	4.30E-05	7.30E-01	-1.78E-02	5.16E-02	1.46E-02	
group_10178	1.52E-01	2.38E-02	9.99E-01	5.69E-06	6.20E-03	3.88E-05	
group_9934	1.52E-01	1.61E-01	5.55E-01	1.54E-02	2.61E-02	2.50E-02	
kdpE_1~~~kdpE_4~~~kdpE_3	1.52E-01	9.78E-01	7.33E-01	5.77E-04	1.69E-03	1.44E-02	
group_9101	1.52E-01	5.55E-03	7.45E-01	8.78E-03	2.70E-02	1.38E-02	bad-chisq
group_9005	1.50E-01	2.18E-02	8.52E-01	1.15E-03	6.18E-03	7.87E-03	bad-chisq
ssbA	1.52E-01	6.67E-01	9.16E-01	2.82E-04	2.67E-03	4.47E-03	
group_8382	1.50E-01	6.66E-02	9.46E-01	-2.38E-04	3.49E-03	2.88E-03	
group_7416	1.52E-01	6.32E-02	9.45E-01	-1.54E-04	2.23E-03	2.92E-03	
group_7395	1.50E-01	6.66E-02	8.68E-01	-7.12E-02	4.28E-01	7.03E-03	
group_6906	1.52E-01	6.27E-01	5.83E-01	-1.59E-02	2.89E-02	2.32E-02	
mglA_2~~~rbsA_1~~~rbsA_2~~~rbsA_3	1.52E-01	5.41E-06	2.92E-01	-3.54E-02	3.36E-02	4.45E-02	
group_6889	1.52E-01	6.67E-01	9.16E-01	2.82E-04	2.67E-03	4.48E-03	
ccpA~~~ccpA_1	1.50E-01	6.66E-02	9.40E-01	-3.50E-04	4.62E-03	3.20E-03	
group_6599	1.50E-01	2.18E-02	6.78E-01	6.16E-02	1.48E-01	1.76E-02	bad-chisq
group_6598	1.50E-01	2.18E-02	6.78E-01	6.16E-02	1.48E-01	1.76E-02	bad-chisq
tuf~~~tuf_2~~~tuf_1~~~tufA	1.50E-01	1.66E-01	9.17E-01	2.99E-04	2.85E-03	4.43E-03	
alsC~~~rbsC_3	1.50E-01	6.66E-02	9.40E-01	-3.50E-04	4.62E-03	3.20E-03	
hyi	1.52E-01	4.30E-05	2.29E-01	-4.23E-02	3.51E-02	5.09E-02	
rbsC_4~~~lsrD	1.50E-01	6.66E-02	9.40E-01	-3.50E-04	4.62E-03	3.20E-03	
araG~~~rbsA_4	1.50E-01	6.66E-02	9.40E-01	-3.50E-04	4.62E-03	3.20E-03	
group_3922	1.52E-01	1.61E-01	9.51E-01	-1.30E-04	2.10E-03	2.61E-03	
group_3658	1.50E-01	6.66E-02	8.68E-01	-7.12E-02	4.28E-01	7.03E-03	
group_3642	1.52E-01	1.79E-01	6.98E-01	-1.40E-02	3.61E-02	1.64E-02	
group_3338	1.50E-01	6.66E-02	9.40E-01	-3.50E-04	4.62E-03	3.20E-03	
arnB~~~kdnA_1	1.52E-01	4.30E-05	2.29E-01	-4.23E-02	3.51E-02	5.09E-02	
group_1316	1.50E-01	2.18E-02	9.19E-01	2.23E-04	2.19E-03	4.31E-03	bad-chisq
group_13245	1.50E-01	2.18E-02	9.98E-01	-1.54E-05	6.08E-03	1.07E-04	bad-chisq
group_12663	1.48E-01	1.78E-01	9.73E-01	-1.19E-04	3.53E-03	1.42E-03	
group_12462	1.50E-01	1.69E-01	9.64E-01	-8.71E-05	1.95E-03	1.89E-03	
group_12418	1.48E-01	1.78E-01	8.98E-01	3.93E-04	3.07E-03	5.42E-03	
group_12364	1.48E-01	3.75E-01	9.29E-01	-1.81E-04	2.04E-03	3.75E-03	
group_12148	1.50E-01	3.60E-01	8.79E-01	-2.96E-04	1.94E-03	6.45E-03	
srlD_2~~~hcaB	1.50E-01	1.66E-01	9.99E-01	-5.21E-06	4.38E-03	5.04E-05	
group_11707	1.50E-01	6.49E-01	9.72E-01	1.12E-04	3.24E-03	1.46E-03	
xylG_3~~~xylG_1~~~xylG	1.50E-01	2.30E-04	4.08E-01	-2.89E-02	3.49E-02	3.50E-02	
group_10928	1.50E-01	4.16E-06	9.73E-01	-4.01E-03	1.19E-01	1.42E-03	
yabJ_2~~~yabJ_1~~~ridA_2~~~ridA_1~~~ridA~~~yabJ~~~rutC	1.50E-01	3.60E-01	7.03E-01	2.35E-03	6.17E-03	1.61E-02	
group_9765	1.50E-01	2.18E-02	9.98E-01	-4.05E-06	1.73E-03	9.89E-05	bad-chisq
yteP_1~~~yteP_4~~~yteP_2	1.48E-01	2.30E-02	1.17E-01	9.45E-02	6.03E-02	6.62E-02	bad-chisq
group_9257	1.48E-01	2.30E-02	1.17E-01	9.45E-02	6.03E-02	6.62E-02	bad-chisq
araC_1~~~rhaR_6	1.48E-01	2.30E-02	1.17E-01	9.45E-02	6.03E-02	6.62E-02	bad-chisq
group_9214	1.48E-01	2.30E-02	1.17E-01	9.45E-02	6.03E-02	6.62E-02	bad-chisq
group_8459	1.50E-01	4.16E-06	2.60E-01	1.23E-01	1.09E-01	4.76E-02	
group_8348	1.50E-01	3.60E-01	9.17E-01	-2.49E-04	2.39E-03	4.39E-03	
csm3	1.48E-01	7.02E-02	6.29E-01	1.06E-03	2.19E-03	2.04E-02	
group_7665	1.50E-01	6.42E-01	9.16E-01	2.82E-04	2.67E-03	4.48E-03	
group_6857	1.50E-01	3.60E-01	8.46E-01	-6.24E-04	3.22E-03	8.20E-03	
rbr3B~~~rbr3A	1.50E-01	1.66E-01	9.54E-01	3.12E-04	5.36E-03	2.46E-03	
group_5879	1.50E-01	2.18E-02	9.74E-01	-1.08E-04	3.38E-03	1.36E-03	bad-chisq
group_3873	1.50E-01	2.18E-02	9.00E-01	-4.06E-03	3.24E-02	5.30E-03	bad-chisq
dapA_1~~~dapA_2~~~dapA_5	1.50E-01	5.89E-03	5.30E-01	1.45E-03	2.30E-03	2.66E-02	bad-chisq
group_15485	1.48E-01	1.88E-04	4.05E-01	-3.03E-02	3.64E-02	3.52E-02	
group_12477	1.48E-01	7.02E-02	9.55E-01	-1.12E-04	1.97E-03	2.40E-03	
yafQ~~~yafQ_2	1.48E-01	3.75E-01	7.65E-01	5.60E-04	1.87E-03	1.27E-02	
larA_2~~~larA~~~larA_1	1.48E-01	3.75E-01	4.32E-01	2.39E-02	3.04E-02	3.32E-02	
group_11347	1.48E-01	1.88E-04	1.76E-01	-4.63E-02	3.41E-02	5.73E-02	
group_10874	1.48E-01	1.54E-01	9.94E-01	3.10E-05	4.05E-03	3.24E-04	
group_10785	1.48E-01	2.30E-02	8.51E-01	-9.29E-04	4.93E-03	7.96E-03	bad-chisq
group_10236	1.48E-01	1.54E-01	9.46E-01	2.74E-04	4.06E-03	2.85E-03	
mepA_4~~~mepA_6~~~mepA_2~~~mepA_7~~~mepA_8	1.48E-01	9.70E-01	4.88E-01	-2.84E-02	4.10E-02	2.93E-02	
group_9507	1.48E-01	1.89E-02	9.24E-01	5.03E-04	5.29E-03	4.02E-03	
group_9297	1.46E-01	2.44E-02	1.32E-01	8.73E-02	5.79E-02	6.36E-02	bad-chisq
rlmB_3	1.48E-01	3.18E-06	9.40E-01	-1.34E-02	1.77E-01	3.19E-03	
group_7937	1.48E-01	7.02E-02	9.63E-01	-7.69E-05	1.67E-03	1.95E-03	
group_7868	1.48E-01	3.75E-01	9.26E-01	-2.22E-04	2.40E-03	3.92E-03	
group_7684	1.48E-01	2.30E-02	1.84E-09	-1.58E-01	2.59E-02	2.50E-01	bad-chisq
group_7389	1.46E-01	7.40E-02	6.20E-01	1.11E-03	2.25E-03	2.10E-02	
group_6991	1.48E-01	3.36E-01	9.80E-01	7.34E-05	2.87E-03	1.08E-03	
group_6006	1.48E-01	3.75E-01	8.10E-01	-6.15E-04	2.55E-03	1.02E-02	
csm5	1.46E-01	7.40E-02	6.29E-01	1.06E-03	2.19E-03	2.04E-02	
mscS	1.48E-01	2.71E-05	9.83E-01	-4.97E-03	2.34E-01	8.98E-04	
csm2	1.46E-01	7.40E-02	6.29E-01	1.06E-03	2.19E-03	2.04E-02	
csm4	1.46E-01	7.40E-02	6.29E-01	1.06E-03	2.19E-03	2.04E-02	
group_2485	1.46E-01	7.40E-02	1.21E-04	-4.69E-01	1.21E-01	1.62E-01	
group_2009	1.48E-01	2.30E-02	9.41E-01	-2.11E-03	2.86E-02	3.12E-03	bad-chisq
group_14944	1.46E-01	2.41E-06	3.85E-02	-9.22E-02	4.45E-02	8.74E-02	
hhaIM~~~ydiP~~~ydiP_1	1.44E-01	7.17E-01	8.18E-01	-5.06E-04	2.20E-03	9.72E-03	
iolG~~~xdh~~~iolG_2~~~iolG_3	1.46E-01	1.66E-08	8.13E-01	1.42E-03	5.99E-03	1.00E-02	
group_12147	1.46E-01	1.86E-01	8.88E-01	-2.64E-04	1.88E-03	5.95E-03	
group_12019	1.44E-01	7.80E-02	8.92E-01	3.53E-04	2.59E-03	5.77E-03	
group_11706	1.46E-01	2.13E-05	9.11E-01	-1.36E-01	1.22E+00	4.71E-03	
aroC~~~aroC_1~~~aroC_2	1.46E-01	1.67E-02	9.99E-01	1.10E-04	7.21E-02	6.42E-05	
moaC	1.46E-01	5.37E-02	8.84E-01	3.32E-02	2.28E-01	6.16E-03	
IntTn_1~~~IntTn~~~IntTn_2~~~IntTn_4~~~IntTn_3	1.44E-01	7.80E-02	9.11E-01	5.14E-04	4.60E-03	4.73E-03	
xerC_1~~~xerD_1	1.46E-01	2.44E-02	7.07E-01	1.98E-03	5.27E-03	1.59E-02	bad-chisq
eis~~~eis_2	1.44E-01	2.58E-02	9.89E-01	6.26E-05	4.63E-03	5.72E-04	bad-chisq
tsf_1~~~tsf_2~~~tsf	1.46E-01	5.37E-02	9.72E-01	1.34E-04	3.80E-03	1.49E-03	
group_6659	1.46E-01	7.40E-02	9.45E-01	-1.54E-04	2.23E-03	2.92E-03	
group_5929	1.44E-01	7.80E-02	9.13E-08	-8.96E-01	1.66E-01	2.23E-01	
group_5526	1.46E-01	6.62E-03	8.13E-01	7.16E-03	3.03E-02	1.00E-02	bad-chisq
lacX~~~lacX_2	1.46E-01	2.44E-02	5.02E-01	1.88E-03	2.80E-03	2.84E-02	bad-chisq
group_4187	1.44E-01	7.80E-02	9.81E-01	-5.81E-05	2.45E-03	1.00E-03	
dapB	1.46E-01	6.62E-03	5.29E-01	1.45E-03	2.30E-03	2.66E-02	bad-chisq
group_14412	1.43E-01	2.73E-02	8.99E-01	7.10E-02	5.61E-01	5.35E-03	bad-chisq
group_14411	1.43E-01	2.73E-02	8.99E-01	7.10E-02	5.61E-01	5.35E-03	bad-chisq
group_12671	1.44E-01	1.95E-01	6.90E-01	-7.43E-04	1.87E-03	1.68E-02	
group_11078	1.43E-01	8.22E-02	3.72E-03	-2.73E-01	9.36E-02	1.22E-01	
group_10542	1.44E-01	4.86E-02	9.89E-01	2.97E-03	2.08E-01	6.05E-04	
group_10232	1.43E-01	2.73E-02	9.98E-01	6.67E-06	3.51E-03	8.04E-05	bad-chisq
putP~~~actP~~~putP_2~~~putP_1~~~putP_3	1.44E-01	1.66E-05	9.78E-01	-8.43E-03	3.04E-01	1.17E-03	
group_10024	1.43E-01	8.22E-02	8.71E-01	7.47E-04	4.58E-03	6.89E-03	
group_10015	1.44E-01	1.95E-01	9.78E-01	7.78E-05	2.87E-03	1.15E-03	
fadR	1.44E-01	1.66E-05	9.83E-01	-3.17E-03	1.45E-01	9.23E-04	
appA_2~~~appA	1.44E-01	4.07E-01	9.87E-01	4.70E-05	2.85E-03	6.97E-04	
group_7957	1.44E-01	5.68E-01	7.90E-01	1.79E-02	6.71E-02	1.13E-02	
group_7644	1.44E-01	1.95E-01	9.52E-01	1.93E-04	3.23E-03	2.52E-03	
group_7224	1.43E-01	8.22E-02	8.71E-01	7.47E-04	4.58E-03	6.89E-03	
group_7191	1.43E-01	7.44E-03	5.63E-01	1.35E-03	2.32E-03	2.45E-02	bad-chisq
group_7014	1.44E-01	1.95E-01	4.62E-01	2.91E-02	3.96E-02	3.11E-02	
group_6833	1.44E-01	2.58E-02	6.90E-01	1.09E-02	2.73E-02	1.69E-02	bad-chisq
group_6689	1.43E-01	8.22E-02	8.71E-01	7.47E-04	4.58E-03	6.89E-03	
group_6625	1.43E-01	8.22E-02	6.29E-01	1.06E-03	2.19E-03	2.04E-02	
ileS_1~~~ileS_2~~~ileS	1.44E-01	1.95E-01	9.36E-01	-2.11E-04	2.64E-03	3.37E-03	
group_5465	1.43E-01	2.73E-02	6.25E-01	-5.44E-02	1.11E-01	2.07E-02	bad-chisq
group_4242	1.43E-01	2.73E-02	8.99E-01	7.10E-02	5.61E-01	5.35E-03	bad-chisq
group_3734	1.43E-01	2.73E-02	6.86E-01	1.86E-02	4.60E-02	1.71E-02	bad-chisq
group_3592	1.43E-01	8.22E-02	8.71E-01	7.47E-04	4.58E-03	6.89E-03	
group_2671	1.43E-01	2.73E-02	8.99E-01	7.10E-02	5.61E-01	5.35E-03	bad-chisq
group_1980	1.43E-01	2.73E-02	8.99E-01	7.10E-02	5.61E-01	5.35E-03	bad-chisq
group_1946	1.43E-01	2.73E-02	8.99E-01	7.10E-02	5.61E-01	5.35E-03	bad-chisq
group_1756	1.43E-01	2.73E-02	8.99E-01	7.10E-02	5.61E-01	5.35E-03	bad-chisq
group_1396	1.43E-01	2.73E-02	8.99E-01	7.10E-02	5.61E-01	5.35E-03	bad-chisq
group_1294	1.43E-01	2.73E-02	8.99E-01	7.10E-02	5.61E-01	5.35E-03	bad-chisq
group_1272	1.43E-01	8.22E-02	8.71E-01	7.47E-04	4.58E-03	6.89E-03	
group_15217	1.41E-01	2.89E-02	9.55E-01	1.56E-02	2.79E-01	2.37E-03	bad-chisq
group_15106	1.41E-01	2.89E-02	9.64E-01	9.63E-03	2.11E-01	1.93E-03	bad-chisq
ptsH_1	1.41E-01	2.89E-02	9.55E-01	1.56E-02	2.79E-01	2.37E-03	bad-chisq
group_12842	1.41E-01	2.89E-02	9.55E-01	1.56E-02	2.79E-01	2.37E-03	bad-chisq
group_12626	1.43E-01	2.05E-01	9.98E-01	-6.75E-06	2.18E-03	1.31E-04	
group_11621	1.43E-01	1.29E-05	9.24E-01	5.70E-03	5.94E-02	4.06E-03	
group_11611	1.43E-01	7.41E-01	6.99E-01	-1.67E-03	4.30E-03	1.64E-02	
group_10639	1.41E-01	2.89E-02	9.39E-01	4.76E-04	6.20E-03	3.25E-03	bad-chisq
group_10218	1.43E-01	2.05E-01	1.95E-01	7.89E-03	6.08E-03	5.48E-02	
udk_3~~~udk_1~~~udk_2	1.43E-01	1.36E-06	9.39E-01	1.46E-02	1.90E-01	3.25E-03	
group_9991	1.41E-01	8.66E-02	2.09E-01	-5.52E-02	4.39E-02	5.31E-02	
group_9725	1.41E-01	8.66E-02	8.71E-01	7.47E-04	4.58E-03	6.89E-03	
group_7525	1.43E-01	7.44E-03	9.76E-01	6.64E-05	2.18E-03	1.29E-03	bad-chisq
group_6063	1.41E-01	2.89E-02	9.49E-01	4.55E-03	7.07E-02	2.72E-03	bad-chisq
group_6009	1.41E-01	2.89E-02	9.55E-01	1.56E-02	2.79E-01	2.37E-03	bad-chisq
group_5992	1.43E-01	4.24E-01	9.87E-01	4.70E-05	2.85E-03	6.97E-04	
virS	1.41E-01	2.89E-02	8.02E-01	3.22E-02	1.28E-01	1.06E-02	bad-chisq
group_5752	1.41E-01	2.89E-02	9.59E-01	1.26E-02	2.47E-01	2.15E-03	bad-chisq
group_5305	1.41E-01	7.89E-03	5.63E-01	1.35E-03	2.32E-03	2.45E-02	bad-chisq
group_5045	1.41E-01	8.66E-02	9.13E-01	-4.70E-04	4.32E-03	4.60E-03	
bglF	1.41E-01	2.89E-02	9.55E-01	1.56E-02	2.79E-01	2.37E-03	bad-chisq
gsiA_2~~~cntD	1.43E-01	4.24E-01	9.87E-01	4.70E-05	2.85E-03	6.97E-04	
baiCD~~~fldZ_2~~~fldZ_1	1.41E-01	2.89E-02	9.55E-01	1.56E-02	2.79E-01	2.37E-03	bad-chisq
bshB1	1.43E-01	8.22E-02	2.52E-01	-3.77E-02	3.29E-02	4.84E-02	
group_3741	1.41E-01	8.66E-02	8.71E-01	7.47E-04	4.59E-03	6.89E-03	
group_3726	1.41E-01	2.89E-02	9.59E-01	1.26E-02	2.47E-01	2.15E-03	bad-chisq
group_3706	1.41E-01	2.89E-02	9.45E-01	6.56E-03	9.57E-02	2.90E-03	bad-chisq
group_3689	1.41E-01	2.89E-02	9.90E-01	6.44E-04	5.34E-02	5.10E-04	bad-chisq
group_3256	1.41E-01	2.89E-02	9.67E-01	7.44E-03	1.82E-01	1.73E-03	bad-chisq
ptsI_1~~~ptsI_2	1.41E-01	2.89E-02	9.55E-01	1.56E-02	2.79E-01	2.37E-03	bad-chisq
group_1465	1.41E-01	2.89E-02	9.59E-01	1.16E-02	2.26E-01	2.16E-03	bad-chisq
group_1464	1.41E-01	2.89E-02	9.73E-01	5.22E-03	1.52E-01	1.45E-03	bad-chisq
group_1341	1.41E-01	2.89E-02	9.55E-01	1.56E-02	2.79E-01	2.37E-03	bad-chisq
group_13534	1.39E-01	3.05E-02	2.12E-01	-1.05E-01	8.38E-02	5.28E-02	bad-chisq
group_12497	1.39E-01	2.24E-01	9.78E-01	-5.66E-05	2.04E-03	1.17E-03	
group_12451	1.41E-01	2.14E-01	9.85E-01	-4.50E-05	2.44E-03	7.80E-04	
group_11709	1.39E-01	3.05E-02	8.86E-01	-1.17E-02	8.12E-02	6.09E-03	bad-chisq
iscR~~~cymR~~~cymR_2	1.41E-01	3.94E-02	9.77E-01	9.53E-03	3.36E-01	1.20E-03	
group_11109	1.41E-01	1.14E-02	6.60E-01	-2.58E-02	5.86E-02	1.86E-02	
group_10728	1.41E-01	9.94E-06	2.12E-02	-9.45E-02	4.09E-02	9.73E-02	
addB~~~addB_2~~~addB_1	1.41E-01	1.14E-02	9.47E-01	-9.15E-02	1.39E+00	2.79E-03	
nanR	1.39E-01	3.05E-02	9.83E-01	2.06E-03	9.55E-02	9.12E-04	bad-chisq
group_6214	1.41E-01	7.89E-03	5.42E-01	1.41E-03	2.31E-03	2.58E-02	bad-chisq
group_5966	1.39E-01	3.05E-02	9.82E-01	2.18E-03	9.82E-02	9.37E-04	bad-chisq
group_5798	1.41E-01	2.89E-02	8.32E-01	-1.05E-03	4.93E-03	8.97E-03	bad-chisq
group_3885	1.41E-01	2.89E-02	8.32E-01	-1.05E-03	4.93E-03	8.97E-03	bad-chisq
group_3369	1.41E-01	2.89E-02	9.91E-01	-6.64E-05	6.07E-03	4.62E-04	bad-chisq
csm6	1.39E-01	9.12E-02	6.27E-01	1.07E-03	2.20E-03	2.06E-02	
group_2685	1.41E-01	2.89E-02	5.25E-01	1.78E-03	2.80E-03	2.69E-02	bad-chisq
group_2511	1.41E-01	7.89E-03	7.70E-01	8.21E-03	2.81E-02	1.24E-02	bad-chisq
nagB~~~nagB_3	1.39E-01	8.36E-03	5.17E-01	1.48E-03	2.29E-03	2.74E-02	bad-chisq
group_1218	1.41E-01	2.89E-02	8.56E-01	9.66E-04	5.31E-03	7.70E-03	bad-chisq
group_15382	1.37E-01	3.23E-02	9.79E-01	3.17E-03	1.18E-01	1.13E-03	bad-chisq
glpT_1~~~glpT	1.37E-01	3.23E-02	9.91E-01	-5.59E-04	4.97E-02	4.76E-04	bad-chisq
group_11989	1.39E-01	9.12E-02	3.51E-02	-5.76E-02	2.73E-02	8.90E-02	
group_11781	1.39E-01	9.91E-03	1.00E+00	-1.47E-06	5.38E-03	1.16E-05	
group_11578	1.37E-01	3.23E-02	9.98E-01	1.32E-05	4.60E-03	1.22E-04	bad-chisq
pstB3_1~~~pstB3	1.39E-01	2.24E-01	4.60E-01	1.13E-01	1.53E-01	3.13E-02	
group_10740	1.39E-01	7.42E-07	9.38E-01	-5.65E-03	7.29E-02	3.28E-03	
group_10637	1.37E-01	4.72E-01	8.36E-01	-9.45E-04	4.57E-03	8.74E-03	
dusB~~~dusB_2	1.39E-01	1.03E-01	1.00E+00	1.13E-06	6.19E-03	7.74E-06	
secY_1~~~secY_3~~~secY~~~secY_2	1.39E-01	1.03E-01	9.24E-01	-3.08E-04	3.23E-03	4.03E-03	
ywqD	1.39E-01	3.05E-02	9.44E-01	-2.47E-04	3.55E-03	2.95E-03	bad-chisq
spoVAD_1~~~spoVAD	1.39E-01	1.03E-01	9.48E-01	5.35E-03	8.24E-02	2.75E-03	
group_8662	1.39E-01	9.12E-02	9.36E-01	-1.48E-04	1.83E-03	3.42E-03	
group_6635	1.39E-01	7.61E-06	9.58E-01	-3.67E-03	6.96E-02	2.23E-03	
group_6424	1.39E-01	2.24E-01	8.60E-01	4.79E-04	2.72E-03	7.46E-03	
yclM_2~~~yclM~~~yclM_1	1.39E-01	8.36E-03	4.98E-01	1.68E-03	2.48E-03	2.86E-02	bad-chisq
group_5955	1.37E-01	8.85E-03	1.61E-04	3.76E-01	9.91E-02	1.59E-01	bad-chisq
ykuR~~~scmP	1.39E-01	8.36E-03	5.19E-01	1.53E-03	2.36E-03	2.73E-02	bad-chisq
group_4192	1.37E-01	3.23E-02	9.87E-01	1.36E-03	8.12E-02	7.07E-04	bad-chisq
group_3952	1.37E-01	3.23E-02	9.99E-01	3.10E-06	3.70E-03	3.54E-05	bad-chisq
group_3695	1.37E-01	8.85E-03	5.18E-01	1.48E-03	2.29E-03	2.74E-02	bad-chisq
araQ_3~~~ngcG_2	1.39E-01	3.05E-02	8.55E-01	-7.05E-04	3.87E-03	7.71E-03	bad-chisq
group_2943	1.37E-01	3.23E-02	9.96E-01	-3.24E-05	6.19E-03	2.21E-04	bad-chisq
group_2631	1.39E-01	9.12E-02	6.99E-01	-1.34E-02	3.46E-02	1.63E-02	
group_2547	1.37E-01	3.23E-02	9.99E-01	4.79E-06	4.61E-03	4.40E-05	bad-chisq
group_1807	1.37E-01	3.23E-02	8.48E-01	-8.32E-03	4.34E-02	8.10E-03	bad-chisq
group_1307	1.37E-01	3.23E-02	9.99E-01	4.79E-06	4.61E-03	4.40E-05	bad-chisq
group_1306	1.37E-01	3.23E-02	9.99E-01	4.79E-06	4.61E-03	4.40E-05	bad-chisq
group_12436	1.35E-01	1.01E-01	9.72E-01	5.67E-05	1.61E-03	1.49E-03	
group_12208	1.37E-01	2.35E-01	6.56E-01	1.01E-03	2.26E-03	1.89E-02	
rubA~~~rd	1.37E-01	3.15E-02	9.97E-01	1.69E-05	5.35E-03	1.34E-04	
metN~~~metN2	1.37E-01	1.91E-03	9.98E-01	-2.64E-04	1.37E-01	8.12E-05	
metI~~~metP	1.37E-01	3.43E-04	8.17E-01	1.73E-02	7.50E-02	9.76E-03	
group_10986	1.37E-01	5.78E-06	9.33E-01	-5.42E-03	6.49E-02	3.54E-03	
group_10964	1.37E-01	5.42E-07	9.68E-01	-6.81E-03	1.70E-01	1.69E-03	
thyA1	1.37E-01	8.61E-03	9.94E-01	-9.86E-04	1.30E-01	3.22E-04	
folA~~~dfrA	1.37E-01	8.61E-03	9.94E-01	-9.86E-04	1.30E-01	3.22E-04	
group_9878	1.37E-01	5.78E-06	9.37E-01	-6.06E-02	7.64E-01	3.35E-03	
group_9518	1.37E-01	9.61E-02	9.82E-01	1.00E-04	4.37E-03	9.73E-04	
group_8625	1.37E-01	8.85E-03	9.15E-01	2.69E-04	2.52E-03	4.52E-03	bad-chisq
group_7978	1.37E-01	9.42E-02	9.92E-01	6.18E-05	6.20E-03	4.22E-04	
group_7660	1.37E-01	3.23E-02	3.96E-01	3.40E-03	4.00E-03	3.59E-02	bad-chisq
group_7461	1.37E-01	4.77E-01	9.98E-01	1.23E-05	5.37E-03	9.69E-05	
group_5983	1.37E-01	3.23E-02	9.12E-01	2.48E-04	2.23E-03	4.70E-03	bad-chisq
group_4834	1.35E-01	3.41E-02	9.99E-01	4.79E-06	4.61E-03	4.40E-05	bad-chisq
group_3113	1.35E-01	3.41E-02	9.46E-01	-3.98E-03	5.89E-02	2.86E-03	bad-chisq
group_2574	1.37E-01	3.23E-02	9.87E-01	1.36E-03	8.12E-02	7.07E-04	bad-chisq
COQ5_4~~~COQ5_7	1.37E-01	2.35E-01	9.62E-01	1.24E-04	2.59E-03	2.03E-03	
group_2024	1.35E-01	3.41E-02	9.99E-01	4.79E-06	4.61E-03	4.40E-05	bad-chisq
melD_4~~~melD_3	1.35E-01	3.41E-02	9.99E-01	4.79E-06	4.61E-03	4.40E-05	bad-chisq
rbsR_1~~~cytR	1.37E-01	3.23E-02	8.32E-01	-1.05E-03	4.93E-03	8.97E-03	bad-chisq
chbP_2~~~cbpA_2	1.37E-01	3.23E-02	8.55E-01	-7.09E-04	3.87E-03	7.75E-03	bad-chisq
murJ_4	1.37E-01	3.23E-02	8.32E-01	-1.05E-03	4.93E-03	8.97E-03	bad-chisq
group_441	1.37E-01	3.23E-02	8.55E-01	-7.06E-04	3.87E-03	7.72E-03	bad-chisq
group_15498	1.34E-01	3.61E-02	9.97E-01	-1.79E-05	4.60E-03	1.65E-04	bad-chisq
group_12634	1.35E-01	8.41E-01	9.96E-01	-3.25E-05	6.06E-03	2.27E-04	
group_12611	1.34E-01	1.07E-01	9.09E-01	2.53E-04	2.21E-03	4.85E-03	
cdr_3~~~cdr_2~~~cdr~~~cdr_1~~~glpE	1.35E-01	3.41E-02	9.26E-01	1.54E-04	1.65E-03	3.93E-03	bad-chisq
group_12404	1.35E-01	9.38E-03	9.82E-01	4.51E-05	1.97E-03	9.67E-04	bad-chisq
group_12400	1.35E-01	4.96E-01	9.65E-01	1.30E-04	2.95E-03	1.86E-03	
group_11998	1.34E-01	1.07E-01	5.43E-01	1.73E-03	2.85E-03	2.57E-02	
group_11320	1.35E-01	7.46E-03	8.92E-01	-1.77E-02	1.30E-01	5.73E-03	
group_11255	1.34E-01	3.61E-02	3.25E-01	-5.14E-03	5.21E-03	4.16E-02	bad-chisq
groL_1~~~groL_2	1.34E-01	1.07E-01	9.31E-01	-2.54E-04	2.96E-03	3.64E-03	
group_10763	1.35E-01	8.60E-02	9.53E-01	2.33E-02	3.97E-01	2.48E-03	
xerC_12~~~xerC_3~~~xerC_1~~~xerC_4~~~xerC_7~~~xerC_5~~~xerC_10~~~xerC_8~~~xerC_9~~~xerC_6~~~xerC_2~~~IntTn_2~~~xerC_17	1.35E-01	3.41E-02	9.96E-01	-1.18E-05	2.45E-03	2.03E-04	bad-chisq
rbr~~~rbr1	1.35E-01	3.89E-05	9.40E-01	-4.86E-03	6.47E-02	3.17E-03	
group_9977	1.35E-01	2.16E-01	9.91E-01	5.70E-04	5.18E-02	4.65E-04	
ywlC	1.35E-01	2.46E-01	6.48E-01	5.22E-01	1.14E+00	1.93E-02	
apeA	1.35E-01	2.46E-01	6.48E-01	5.22E-01	1.14E+00	1.93E-02	
group_9448	1.35E-01	7.46E-03	1.00E+00	-1.08E-06	4.39E-03	1.04E-05	
group_9423	1.34E-01	9.93E-03	8.69E-01	4.95E-04	3.01E-03	6.95E-03	bad-chisq
group_9378	1.35E-01	1.60E-03	9.16E-01	7.07E-03	6.71E-02	4.46E-03	
group_9102	1.35E-01	3.41E-02	9.44E-01	-2.47E-04	3.55E-03	2.95E-03	bad-chisq
cysH~~~cysH_1~~~cysH_2	1.35E-01	2.46E-01	9.29E-01	-1.83E-04	2.05E-03	3.78E-03	
group_8565	1.35E-01	3.41E-02	9.71E-01	9.31E-05	2.52E-03	1.56E-03	bad-chisq
group_8294	1.35E-01	4.96E-01	2.29E-01	-5.18E-03	4.30E-03	5.09E-02	
group_8099	1.35E-01	4.36E-06	8.99E-01	-1.78E-02	1.40E-01	5.38E-03	
group_7853	1.34E-01	9.93E-03	4.20E-03	2.18E-01	7.58E-02	1.21E-01	bad-chisq
group_7815	1.35E-01	2.46E-01	9.41E-01	1.91E-04	2.60E-03	3.12E-03	
group_7488	1.35E-01	2.46E-01	9.15E-01	2.32E-04	2.16E-03	4.54E-03	
group_3965	1.35E-01	1.01E-01	9.49E-01	-1.98E-04	3.08E-03	2.72E-03	
group_3208	1.35E-01	3.41E-02	8.55E-01	-7.09E-04	3.87E-03	7.75E-03	bad-chisq
group_2015	1.35E-01	3.41E-02	9.27E-01	-5.69E-04	6.18E-03	3.89E-03	bad-chisq
group_1896	1.35E-01	1.01E-01	9.49E-01	-1.98E-04	3.08E-03	2.73E-03	
aptA_2~~~aptA_1	1.35E-01	1.01E-01	7.04E-01	-1.26E-02	3.32E-02	1.61E-02	
group_15362	1.34E-01	1.07E-01	9.19E-01	-2.14E-04	2.11E-03	4.29E-03	
group_12057	1.34E-01	9.93E-03	8.59E-01	4.20E-04	2.36E-03	7.51E-03	bad-chisq
group_11766	1.34E-01	2.49E-02	9.95E-01	-3.91E-05	6.20E-03	2.67E-04	
group_11747	1.34E-01	7.83E-02	9.98E-01	-2.33E-04	9.54E-02	1.03E-04	
group_11585	1.32E-01	3.81E-02	9.95E-01	-1.87E-05	3.04E-03	2.60E-04	bad-chisq
group_11461	1.34E-01	7.53E-01	9.78E-01	-1.12E-04	4.04E-03	1.18E-03	
cas1~~~cas4cas1~~~cas1_2~~~cas1_1	1.34E-01	7.53E-01	9.78E-01	-1.12E-04	4.04E-03	1.18E-03	
group_11205	1.34E-01	2.01E-01	9.41E-01	6.56E-03	8.83E-02	3.14E-03	
pgcA	1.34E-01	2.49E-02	9.93E-01	8.68E-04	1.02E-01	3.59E-04	
group_10969	1.34E-01	2.49E-02	6.41E-01	-2.86E-03	6.14E-03	1.97E-02	
xerC_9~~~xerC_1~~~xerC_2~~~xerC_8~~~xerC_16	1.32E-01	1.12E-01	9.93E-01	1.42E-05	1.73E-03	3.46E-04	
group_10052	1.34E-01	2.01E-01	7.73E-01	3.93E-01	1.36E+00	1.22E-02	
yfkN_2	1.34E-01	2.58E-01	9.97E-01	1.32E-05	3.80E-03	1.47E-04	
group_9849	1.34E-01	2.49E-02	8.85E-01	-1.80E-01	1.25E+00	6.10E-03	
group_9818	1.34E-01	3.03E-05	1.45E-01	-5.50E-02	3.77E-02	6.16E-02	
group_9809	1.34E-01	3.61E-02	7.59E-01	-5.32E-04	1.73E-03	1.30E-02	bad-chisq
glnQ_1~~~glnQ_2~~~artM~~~tcyN~~~glnQ~~~artM_1	1.34E-01	2.58E-01	9.62E-01	5.50E-03	1.14E-01	2.04E-03	
group_9428	1.34E-01	5.16E-01	6.48E-01	-1.54E-03	3.37E-03	1.93E-02	
group_8148	1.34E-01	7.83E-02	9.66E-01	-3.61E-02	8.37E-01	1.83E-03	
clpC~~~clpC_1	1.34E-01	2.81E-07	6.22E-01	-5.21E-01	1.06E+00	2.09E-02	
group_6793	1.32E-01	3.81E-02	9.21E-01	-6.10E-04	6.18E-03	4.17E-03	bad-chisq
rbr3A_2~~~rbr3A	1.34E-01	2.49E-02	9.93E-01	-7.79E-04	8.41E-02	3.92E-04	
group_4264	1.32E-01	3.81E-02	9.99E-01	2.75E-06	3.44E-03	3.38E-05	bad-chisq
group_3236	1.34E-01	3.61E-02	4.23E-01	2.70E-03	3.36E-03	3.39E-02	bad-chisq
group_2804	1.32E-01	3.81E-02	9.99E-01	2.75E-06	3.44E-03	3.38E-05	bad-chisq
group_1498	1.34E-01	3.61E-02	2.79E-01	-7.87E-02	7.26E-02	4.58E-02	bad-chisq
group_1491	1.32E-01	3.81E-02	3.51E-01	-5.84E-02	6.25E-02	3.94E-02	bad-chisq
group_15256	1.32E-01	2.42E-06	7.22E-01	-1.89E-03	5.32E-03	1.50E-02	
sigV	1.32E-01	3.81E-02	9.81E-01	-5.78E-05	2.42E-03	1.01E-03	bad-chisq
group_12540	1.32E-01	5.36E-01	6.51E-01	1.29E-03	2.84E-03	1.92E-02	
group_12440	1.32E-01	7.26E-01	8.85E-01	-8.81E-04	6.08E-03	6.13E-03	
group_12403	1.30E-01	2.82E-01	9.19E-01	3.14E-04	3.07E-03	4.32E-03	
group_12114	1.32E-01	5.36E-01	9.25E-01	-1.93E-04	2.05E-03	3.99E-03	
scmP_1~~~hipO~~~scmP	1.32E-01	2.42E-06	7.23E-01	-4.17E-01	1.17E+00	1.50E-02	
glnQ_3~~~artM~~~glnQ_2~~~hisP~~~glnQ_1	1.32E-01	1.87E-01	9.39E-01	3.54E-02	4.66E-01	3.21E-03	
group_11371	1.32E-01	7.26E-01	9.78E-01	-1.13E-04	4.04E-03	1.19E-03	
group_10996	1.32E-01	2.42E-06	9.70E-01	-4.90E-03	1.28E-01	1.62E-03	
group_10957	1.32E-01	2.42E-06	9.70E-01	-4.90E-03	1.28E-01	1.62E-03	
group_10545	1.32E-01	5.36E-01	9.47E-01	-3.44E-03	5.17E-02	2.82E-03	
putP_2~~~putP_3~~~opuE	1.32E-01	1.87E-01	9.26E-01	4.06E-04	4.37E-03	3.94E-03	
group_10311	1.32E-01	1.12E-01	3.97E-01	-4.87E-02	5.74E-02	3.58E-02	
aroE~~~aroE_2~~~aroK	1.32E-01	2.70E-01	9.61E-01	6.11E-03	1.24E-01	2.09E-03	
group_9700	1.32E-01	1.87E-01	9.58E-01	1.44E-02	2.71E-01	2.25E-03	
group_9524	1.30E-01	2.82E-01	9.60E-01	1.72E-04	3.42E-03	2.13E-03	
xynR~~~allR_1~~~xynR_1~~~xynR_3	1.32E-01	1.87E-01	9.39E-01	4.77E-04	6.20E-03	3.26E-03	
group_9455	1.32E-01	7.10E-02	9.58E-01	7.12E-03	1.34E-01	2.25E-03	
ydjF~~~ydjF_1	1.32E-01	2.34E-05	9.13E-01	-6.37E-03	5.86E-02	4.60E-03	
rhaS~~~rhaS_1~~~rhaS_2	1.32E-01	1.87E-01	9.19E-01	9.12E-02	9.00E-01	4.29E-03	
group_9188	1.32E-01	1.87E-01	9.19E-01	9.12E-02	9.00E-01	4.29E-03	
group_8796	1.32E-01	4.03E-01	3.09E-01	2.74E-01	2.69E-01	4.31E-02	
dinG~~~polC_3~~~dinG_2~~~dinG_1	1.30E-01	2.82E-01	9.21E-01	-3.33E-04	3.36E-03	4.20E-03	
group_8312	1.32E-01	3.81E-02	9.64E-01	2.87E-03	6.34E-02	1.91E-03	bad-chisq
group_7296	1.32E-01	2.70E-01	8.78E-01	-2.83E-04	1.85E-03	6.50E-03	
group_6760	1.32E-01	2.42E-06	7.23E-01	-4.17E-01	1.17E+00	1.50E-02	
pheT	1.32E-01	1.87E-01	9.90E-01	1.13E-03	8.74E-02	5.49E-04	
nagZ_1~~~bglB_1~~~bglB_2	1.30E-01	4.03E-02	7.31E-01	-1.93E-02	5.61E-02	1.46E-02	bad-chisq
group_5297	1.32E-01	3.81E-02	9.95E-01	1.25E-05	1.96E-03	2.69E-04	bad-chisq
group_5093	1.30E-01	4.03E-02	9.96E-01	-2.18E-05	4.60E-03	2.00E-04	bad-chisq
group_4265	1.30E-01	4.03E-02	9.99E-01	2.67E-06	3.44E-03	3.29E-05	bad-chisq
rbsA_3~~~mglA_4~~~mglA_5~~~mglA_2~~~mglA_3	1.32E-01	2.42E-06	7.23E-01	-4.17E-01	1.17E+00	1.50E-02	
cheB_3~~~rhaR_13~~~rhaR_16~~~cheB_4	1.32E-01	1.12E-01	2.25E-01	-4.22E-02	3.47E-02	5.13E-02	
nit1_1~~~nit1_2~~~nit1	1.32E-01	3.81E-02	9.85E-01	1.62E-03	8.47E-02	8.09E-04	bad-chisq
yvgN~~~yvgN_1~~~morA	1.30E-01	4.03E-02	9.99E-01	8.53E-06	6.15E-03	5.87E-05	bad-chisq
group_2545	1.30E-01	4.03E-02	8.13E-01	-1.47E-02	6.21E-02	1.00E-02	bad-chisq
group_1525	1.30E-01	4.03E-02	9.99E-01	2.67E-06	3.44E-03	3.29E-05	bad-chisq
group_1515	1.30E-01	1.11E-02	3.12E-01	4.31E-02	4.26E-02	4.28E-02	bad-chisq
group_12696	1.30E-01	1.18E-01	6.89E-01	7.15E-04	1.79E-03	1.69E-02	
group_12232	1.30E-01	4.03E-02	9.29E-01	3.13E-04	3.53E-03	3.75E-03	bad-chisq
group_11746	1.30E-01	4.71E-03	9.99E-01	-6.78E-06	4.38E-03	6.55E-05	
ileS_1~~~ileS	1.30E-01	2.82E-01	9.68E-01	2.46E-04	6.18E-03	1.68E-03	
group_11601	1.30E-01	5.57E-01	9.64E-01	7.99E-03	1.77E-01	1.91E-03	
group_11437	1.30E-01	8.82E-09	8.95E-01	-5.08E-03	3.85E-02	5.58E-03	
group_11408	1.30E-01	1.41E-07	9.26E-01	-6.02E-03	6.48E-02	3.93E-03	
group_11213	1.30E-01	1.78E-06	9.58E-01	-7.62E-03	1.45E-01	2.22E-03	
group_10987	1.30E-01	1.73E-01	9.88E-01	-2.61E-03	1.67E-01	6.60E-04	
group_10908	1.30E-01	1.73E-01	9.87E-01	2.54E-03	1.51E-01	7.10E-04	
ce~~~ce_2	1.28E-01	4.26E-02	5.46E-01	1.30E-03	2.15E-03	2.56E-02	bad-chisq
murJ~~~yeeO_2~~~murJ_3~~~yeeO_1	1.30E-01	3.81E-01	5.60E-01	-1.56E-02	2.67E-02	2.47E-02	
glpQ_1~~~glpQ	1.30E-01	2.82E-01	9.98E-01	-1.17E-05	6.18E-03	8.02E-05	
btuD_4~~~ykoD_2~~~btuD_2~~~btuD_1~~~btuD_3	1.30E-01	1.78E-06	9.82E-01	-1.57E-03	6.95E-02	9.58E-04	
wbpI~~~wecB	1.30E-01	1.18E-01	9.70E-01	-8.06E-05	2.13E-03	1.60E-03	
yfkJ_3~~~yfkJ~~~yfkJ_2~~~yfkJ_1	1.30E-01	2.82E-01	3.77E-07	1.21E-01	2.36E-02	2.12E-01	
group_10368	1.30E-01	1.73E-01	9.93E-01	8.60E-04	9.16E-02	3.97E-04	
group_10341	1.30E-01	2.82E-01	9.99E-01	3.91E-06	3.24E-03	5.10E-05	
group_10113	1.30E-01	1.78E-06	9.27E-01	-2.78E-02	3.03E-01	3.88E-03	
group_9906	1.30E-01	3.81E-01	3.29E-01	5.80E-02	5.93E-02	4.13E-02	
group_9502	1.30E-01	1.94E-02	9.89E-01	-1.55E-03	1.16E-01	5.65E-04	
group_9125	1.30E-01	1.73E-01	9.79E-01	6.85E-03	2.66E-01	1.09E-03	
ywqE_1	1.30E-01	4.03E-02	9.22E-01	-4.89E-04	4.99E-03	4.15E-03	bad-chisq
group_8837	1.30E-01	5.57E-01	4.51E-01	-2.25E-03	2.98E-03	3.19E-02	
group_8631	1.30E-01	1.18E-01	5.90E-01	1.74E-02	3.23E-02	2.28E-02	
group_8352	1.30E-01	1.78E-06	9.82E-01	-1.57E-03	6.95E-02	9.58E-04	
group_8169	1.30E-01	4.03E-02	8.79E-01	-6.60E-04	4.33E-03	6.44E-03	bad-chisq
group_7812	1.30E-01	1.11E-02	9.89E-01	3.59E-05	2.67E-03	5.68E-04	bad-chisq
group_7801	1.30E-01	6.42E-02	9.32E-01	1.42E-02	1.67E-01	3.60E-03	
group_7603	1.30E-01	1.11E-02	9.85E-01	4.69E-05	2.56E-03	7.75E-04	bad-chisq
group_7521	1.30E-01	1.78E-06	2.38E-01	-1.90E-01	1.61E-01	4.99E-02	
group_7226	1.30E-01	1.18E-01	9.45E-01	-2.80E-04	4.04E-03	2.93E-03	
group_7064	1.30E-01	1.18E-01	8.89E-01	-3.35E-04	2.40E-03	5.91E-03	
COQ5_1~~~COQ5_8	1.30E-01	1.18E-01	9.71E-01	9.38E-05	2.59E-03	1.53E-03	
group_5743	1.30E-01	1.18E-01	9.67E-01	1.17E-04	2.85E-03	1.73E-03	
perR_2~~~perR	1.30E-01	4.71E-03	9.79E-01	-2.67E-03	1.01E-01	1.12E-03	
group_4212	1.28E-01	4.26E-02	9.99E-01	8.51E-06	6.16E-03	5.84E-05	bad-chisq
group_4031	1.30E-01	1.11E-02	9.73E-01	2.08E-04	6.08E-03	1.45E-03	bad-chisq
cwlD	1.30E-01	1.73E-01	3.50E-01	-1.28E-01	1.37E-01	3.95E-02	
lacF_4	1.30E-01	1.18E-01	2.42E-01	-3.92E-02	3.35E-02	4.94E-02	
group_3636	1.28E-01	4.26E-02	9.99E-01	2.67E-06	3.44E-03	3.28E-05	bad-chisq
nagB_2	1.28E-01	1.24E-01	5.01E-01	-2.11E-02	3.14E-02	2.85E-02	
group_2959	1.30E-01	1.11E-02	9.83E-01	1.15E-04	5.31E-03	9.17E-04	bad-chisq
group_2744	1.28E-01	4.26E-02	9.36E-01	-3.69E-04	4.61E-03	3.38E-03	bad-chisq
yajO~~~yajO_1~~~yajO_2	1.28E-01	1.18E-02	9.08E-01	3.49E-04	3.01E-03	4.90E-03	bad-chisq
yesS~~~rhaR_1~~~cheB_2	1.30E-01	4.03E-02	3.26E-01	4.24E-03	4.31E-03	4.16E-02	bad-chisq
gfo_3~~~gfo_2	1.30E-01	1.18E-01	2.09E-01	-4.52E-02	3.59E-02	5.31E-02	
yjmD	1.28E-01	4.26E-02	6.22E-01	-2.87E-02	5.83E-02	2.08E-02	bad-chisq
group_1358	1.30E-01	1.18E-01	2.42E-01	-3.92E-02	3.35E-02	4.94E-02	
group_14919	1.27E-01	4.50E-02	9.99E-01	2.01E-06	3.01E-03	2.82E-05	bad-chisq
group_12142	1.27E-01	1.31E-01	8.50E-01	-3.83E-04	2.03E-03	7.98E-03	
group_11672	1.28E-01	5.79E-02	9.02E-01	-1.39E-02	1.13E-01	5.20E-03	
group_11462	1.28E-01	5.78E-01	7.09E-01	5.47E-01	1.46E+00	1.58E-02	
group_11425	1.28E-01	9.80E-08	9.24E-01	-6.02E-03	6.34E-02	4.02E-03	
glnA_2~~~glnA_1~~~glnA_3	1.28E-01	1.60E-01	9.92E-01	-6.23E-05	6.17E-03	4.28E-04	
oppB~~~nikB~~~oppB_1~~~oppB_2	1.28E-01	1.60E-01	9.57E-01	-6.58E-03	1.23E-01	2.27E-03	
group_11226	1.28E-01	1.60E-01	9.98E-01	1.90E-04	6.88E-02	1.17E-04	
relA~~~relA_2	1.28E-01	5.78E-01	9.97E-01	-1.30E-05	3.40E-03	1.62E-04	
group_10943	1.28E-01	5.79E-02	9.96E-01	-2.80E-05	5.37E-03	2.20E-04	
group_10844	1.28E-01	5.78E-01	7.09E-01	5.47E-01	1.46E+00	1.58E-02	
group_10842	1.28E-01	5.78E-01	9.65E-01	7.97E-03	1.82E-01	1.85E-03	
group_10832	1.28E-01	5.78E-01	9.38E-01	-1.25E-04	1.60E-03	3.29E-03	
group_10779	1.28E-01	4.01E-03	9.81E-01	-1.33E-03	5.66E-02	9.96E-04	
group_10776	1.28E-01	2.95E-01	9.99E-01	1.11E-05	6.20E-03	7.56E-05	
group_10509	1.27E-01	9.75E-01	8.65E-01	8.97E-04	5.27E-03	7.20E-03	
radA	1.28E-01	5.78E-01	7.09E-01	5.47E-01	1.46E+00	1.58E-02	
group_10160	1.28E-01	5.78E-01	7.09E-01	5.47E-01	1.46E+00	1.58E-02	
group_10137	1.28E-01	1.70E-02	9.96E-01	-2.91E-05	6.20E-03	1.99E-04	
ansA	1.28E-01	1.60E-01	9.86E-01	1.72E-03	9.55E-02	7.64E-04	
group_10009	1.28E-01	5.78E-01	7.09E-01	5.47E-01	1.46E+00	1.58E-02	
group_9888	1.28E-01	1.37E-05	3.99E-01	-5.44E-02	6.44E-02	3.57E-02	
vioD~~~hisC~~~vioD_1~~~vioD_2	1.28E-01	5.79E-02	9.64E-01	-2.78E-04	6.19E-03	1.90E-03	
trmO	1.28E-01	1.60E-01	1.31E-15	-2.68E-01	3.26E-02	3.29E-01	
group_8954	1.28E-01	1.30E-06	9.60E-01	-5.58E-03	1.10E-01	2.15E-03	
group_7915	1.28E-01	1.18E-02	9.85E-01	4.69E-05	2.56E-03	7.75E-04	bad-chisq
group_7210	1.28E-01	2.95E-01	9.20E-01	-1.76E-04	1.76E-03	4.24E-03	
group_7169	1.28E-01	2.95E-01	9.34E-01	2.46E-04	2.96E-03	3.52E-03	
group_6806	1.28E-01	2.95E-01	9.67E-01	-8.43E-05	2.01E-03	1.77E-03	
group_6202	1.27E-01	4.50E-02	1.86E-01	-8.73E-02	6.59E-02	5.60E-02	bad-chisq
group_5979	1.28E-01	1.18E-02	9.49E-01	3.40E-04	5.28E-03	2.72E-03	bad-chisq
group_5464	1.27E-01	6.00E-01	9.45E-01	-1.42E-04	2.05E-03	2.93E-03	
group_5198	1.28E-01	6.71E-01	9.25E-01	2.52E-04	2.67E-03	3.99E-03	
group_3903	1.28E-01	4.26E-02	1.72E-01	8.19E-03	5.99E-03	5.77E-02	bad-chisq
group_3701	1.28E-01	4.26E-02	8.85E-01	-4.29E-04	2.97E-03	6.11E-03	bad-chisq
group_2775	1.27E-01	4.50E-02	1.86E-01	-8.73E-02	6.59E-02	5.60E-02	bad-chisq
group_2774	1.27E-01	4.50E-02	1.86E-01	-8.73E-02	6.59E-02	5.60E-02	bad-chisq
group_1729	1.28E-01	4.26E-02	1.61E-01	5.06E-02	3.60E-02	5.93E-02	bad-chisq
araQ_7~~~araQ_6	1.28E-01	1.24E-01	2.47E-01	-3.84E-02	3.31E-02	4.89E-02	
group_1373	1.27E-01	4.50E-02	1.86E-01	-8.73E-02	6.59E-02	5.60E-02	bad-chisq
tig_3~~~tig_1	1.27E-01	1.31E-01	9.29E-01	-2.63E-04	2.96E-03	3.76E-03	
hipO	1.27E-01	4.50E-02	9.99E-01	2.44E-06	3.44E-03	3.00E-05	bad-chisq
pepD_1	1.27E-01	4.50E-02	9.99E-01	2.44E-06	3.44E-03	3.00E-05	bad-chisq
zupT~~~zupT_3~~~zupT_2~~~zupT_1	1.27E-01	1.25E-02	6.30E-01	8.80E-04	1.82E-03	2.04E-02	bad-chisq
vapC	1.27E-01	1.31E-01	9.29E-01	-2.39E-04	2.67E-03	3.78E-03	
group_12219	1.27E-01	4.50E-02	9.70E-01	-8.16E-05	2.19E-03	1.57E-03	bad-chisq
group_11908	1.27E-01	4.50E-02	9.70E-01	1.35E-04	3.55E-03	1.61E-03	bad-chisq
group_11720	1.27E-01	5.20E-02	9.37E-01	9.08E-02	1.15E+00	3.33E-03	
group_11665	1.27E-01	5.20E-02	9.23E-01	-8.54E-03	8.87E-02	4.07E-03	
group_11633	1.27E-01	6.00E-01	9.74E-01	4.11E-03	1.27E-01	1.37E-03	
group_11491	1.27E-01	9.39E-07	9.69E-01	-2.71E-03	6.89E-02	1.66E-03	
group_11333	1.25E-01	4.75E-02	5.81E-01	-2.47E-02	4.48E-02	2.33E-02	bad-chisq
pgiB~~~pgi_2~~~pgiB_2~~~pgi~~~pgiB_1	1.27E-01	1.48E-02	8.34E-01	-4.09E-02	1.95E-01	8.89E-03	
group_11096	1.27E-01	3.39E-01	9.45E-01	7.53E-03	1.08E-01	2.93E-03	
group_11076	1.27E-01	5.20E-02	9.37E-01	9.08E-02	1.15E+00	3.33E-03	
dapA~~~dapA_1	1.27E-01	5.20E-02	9.37E-01	9.08E-02	1.15E+00	3.33E-03	
group_10558	1.27E-01	5.20E-02	9.37E-01	9.08E-02	1.15E+00	3.33E-03	
rbsA_3~~~mglA_3~~~rbsA_1	1.27E-01	5.20E-02	9.37E-01	9.08E-02	1.15E+00	3.33E-03	
group_10408	1.27E-01	3.39E-03	9.08E-01	-6.23E-04	5.36E-03	4.91E-03	
group_10384	1.27E-01	6.00E-01	3.75E-01	-4.02E-01	4.53E-01	3.75E-02	
group_10315	1.27E-01	1.47E-01	1.00E+00	2.24E-06	5.02E-03	1.89E-05	
mntA~~~psaA	1.27E-01	1.48E-02	9.11E-01	-6.89E-04	6.18E-03	4.72E-03	
iscS_1~~~iscS_2	1.27E-01	6.00E-01	9.97E-01	-2.55E-05	6.20E-03	1.74E-04	
group_9685	1.27E-01	1.47E-01	9.91E-01	-7.93E-04	7.27E-02	4.62E-04	
mtaD~~~dadD	1.27E-01	6.00E-01	9.96E-01	-3.36E-05	6.19E-03	2.30E-04	
ytrA_3	1.27E-01	1.47E-01	3.87E-01	-1.07E-01	1.24E-01	3.66E-02	
group_8872	1.27E-01	4.50E-02	9.41E-01	-2.64E-04	3.55E-03	3.14E-03	bad-chisq
group_8826	1.27E-01	4.50E-02	9.79E-01	9.28E-05	3.55E-03	1.10E-03	bad-chisq
group_8736	1.27E-01	1.47E-01	4.66E-32	-5.46E-01	4.34E-02	4.69E-01	
rplL_2~~~rplL	1.27E-01	5.20E-02	9.91E-01	4.69E-05	4.39E-03	4.52E-04	
group_7866	1.27E-01	6.00E-01	9.74E-01	4.11E-03	1.27E-01	1.37E-03	
group_7237	1.27E-01	3.39E-01	5.18E-01	-1.45E-02	2.25E-02	2.73E-02	
group_6997	1.27E-01	6.00E-01	8.34E-01	6.19E-04	2.95E-03	8.86E-03	
group_6780	1.27E-01	9.75E-01	9.01E-01	4.41E-04	3.54E-03	5.27E-03	
group_6179	1.27E-01	1.31E-01	9.63E-01	1.24E-04	2.68E-03	1.97E-03	
group_5925	1.27E-01	4.50E-02	9.83E-01	9.43E-05	4.35E-03	9.18E-04	bad-chisq
group_5875	1.27E-01	1.31E-01	8.89E-01	-3.35E-04	2.40E-03	5.91E-03	
group_5659	1.25E-01	1.32E-02	9.15E-01	2.94E-04	2.77E-03	4.50E-03	bad-chisq
group_2423	1.27E-01	4.50E-02	5.78E-01	1.38E-03	2.49E-03	2.35E-02	bad-chisq
group_2422	1.27E-01	4.50E-02	3.26E-01	4.24E-03	4.31E-03	4.16E-02	bad-chisq
group_2314	1.27E-01	4.50E-02	9.99E-01	2.04E-06	3.01E-03	2.87E-05	bad-chisq
group_2249	1.27E-01	4.50E-02	9.99E-01	2.44E-06	3.44E-03	3.00E-05	bad-chisq
group_2248	1.25E-01	6.23E-01	7.24E-01	6.32E-04	1.79E-03	1.50E-02	
group_1869	1.27E-01	4.50E-02	9.82E-01	9.20E-05	4.03E-03	9.66E-04	bad-chisq
ssnA~~~dadD	1.27E-01	6.00E-01	9.60E-01	3.44E-03	6.80E-02	2.14E-03	
dtnK	1.27E-01	4.50E-02	9.99E-01	2.44E-06	3.44E-03	3.00E-05	bad-chisq
group_1095	1.27E-01	4.50E-02	9.99E-01	2.44E-06	3.44E-03	3.00E-05	bad-chisq
group_1042	1.27E-01	4.50E-02	9.99E-01	2.44E-06	3.44E-03	3.00E-05	bad-chisq
mglA_2	1.27E-01	4.50E-02	9.99E-01	2.44E-06	3.44E-03	3.00E-05	bad-chisq
group_15317	1.25E-01	4.75E-02	9.55E-01	-3.04E-03	5.39E-02	2.39E-03	bad-chisq
group_13641	1.25E-01	4.75E-02	9.79E-01	9.18E-05	3.55E-03	1.09E-03	bad-chisq
group_12387	1.23E-01	3.38E-01	9.57E-01	-1.40E-04	2.59E-03	2.29E-03	
group_12216	1.25E-01	4.75E-02	3.48E-01	4.04E-03	4.31E-03	3.97E-02	bad-chisq
group_12127	1.25E-01	4.75E-02	9.76E-01	6.04E-05	2.02E-03	1.26E-03	bad-chisq
rpsF_2~~~rpsF	1.25E-01	6.23E-01	9.87E-01	1.37E-03	8.12E-02	7.12E-04	
ssb_2~~~ssb	1.25E-01	6.23E-01	9.87E-01	1.37E-03	8.12E-02	7.12E-04	
yhaN	1.25E-01	6.23E-01	9.79E-01	2.81E-03	1.05E-01	1.13E-03	
group_11662	1.25E-01	4.66E-02	9.93E-01	1.29E-03	1.44E-01	3.78E-04	
group_11540	1.25E-01	5.02E-04	6.63E-01	-1.15E-02	2.64E-02	1.84E-02	
group_11082	1.25E-01	6.23E-01	9.99E-01	4.16E-06	4.06E-03	4.33E-05	
group_11009	1.25E-01	1.35E-01	3.30E-01	2.60E-01	2.67E-01	4.12E-02	
group_11005	1.25E-01	3.23E-01	9.98E-01	-1.01E-05	3.40E-03	1.25E-04	
relA_1	1.23E-01	6.46E-01	8.54E-01	-8.01E-04	4.35E-03	7.78E-03	
addA	1.25E-01	4.66E-02	9.97E-01	-3.88E-04	1.01E-01	1.63E-04	
rihB~~~rihC~~~rihA_3~~~rihA_2	1.25E-01	7.72E-06	9.73E-28	-4.72E-01	4.09E-02	4.38E-01	
group_10583	1.25E-01	1.35E-01	3.30E-01	2.60E-01	2.67E-01	4.12E-02	
femX	1.25E-01	6.23E-01	9.97E-01	-2.55E-05	6.19E-03	1.74E-04	
pstA	1.25E-01	3.23E-01	9.78E-01	3.49E-03	1.29E-01	1.15E-03	
pstC_2~~~pstC	1.25E-01	3.23E-01	9.78E-01	3.49E-03	1.29E-01	1.15E-03	
group_10049	1.25E-01	3.23E-01	9.32E-01	-4.44E-04	5.20E-03	3.61E-03	
group_9974	1.25E-01	1.35E-01	9.98E-01	9.70E-06	4.06E-03	1.01E-04	
group_9828	1.25E-01	1.38E-01	9.71E-01	1.79E-04	5.00E-03	1.52E-03	
group_9560	1.25E-01	3.19E-01	9.97E-01	4.93E-04	1.15E-01	1.81E-04	
group_9465	1.25E-01	3.19E-01	9.87E-01	-1.03E-03	6.48E-02	6.74E-04	
sigE~~~sigE_1~~~sigE_3	1.25E-01	7.00E-05	6.10E-01	-3.57E-02	6.99E-02	2.16E-02	
group_9032	1.25E-01	3.23E-01	9.51E-01	2.18E-04	3.57E-03	2.59E-03	
group_8602	1.25E-01	1.38E-01	9.93E-01	-3.74E-05	4.32E-03	3.67E-04	
IntTn_3~~~IntTn_2~~~xerC_8~~~xerD_2	1.25E-01	1.32E-02	9.44E-01	3.01E-04	4.30E-03	2.96E-03	bad-chisq
group_7797	1.25E-01	6.23E-01	9.99E-01	7.28E-06	5.37E-03	5.73E-05	
ygfK~~~ygfK_1	1.25E-01	6.23E-01	9.81E-01	2.48E-03	1.02E-01	1.03E-03	
group_5470	1.23E-01	5.02E-02	9.91E-01	3.00E-05	2.67E-03	4.75E-04	bad-chisq
group_3797	1.23E-01	5.02E-02	2.46E-01	-6.70E-02	5.77E-02	4.90E-02	bad-chisq
group_3790	1.25E-01	4.75E-02	3.25E-01	4.24E-03	4.31E-03	4.16E-02	bad-chisq
norR~~~atoC	1.25E-01	4.75E-02	9.99E-01	2.44E-06	3.44E-03	3.00E-05	bad-chisq
group_3423	1.23E-01	5.02E-02	2.46E-01	-6.70E-02	5.77E-02	4.90E-02	bad-chisq
chrA1~~~srpC	1.23E-01	6.46E-01	7.13E-01	6.88E-04	1.87E-03	1.56E-02	
group_2494	1.25E-01	4.75E-02	8.77E-01	-4.40E-04	2.84E-03	6.55E-03	bad-chisq
group_1731	1.23E-01	5.02E-02	2.46E-01	-6.70E-02	5.77E-02	4.90E-02	bad-chisq
group_14129	1.23E-01	1.40E-02	8.09E-01	7.61E-03	3.15E-02	1.02E-02	bad-chisq
group_14003	1.23E-01	1.40E-02	8.09E-01	7.61E-03	3.15E-02	1.02E-02	bad-chisq
group_12665	1.23E-01	3.38E-01	6.17E-01	1.08E-03	2.16E-03	2.12E-02	
group_12630	1.23E-01	6.46E-01	9.71E-01	1.07E-04	2.96E-03	1.53E-03	
group_12324	1.23E-01	1.45E-01	9.24E-01	1.95E-04	2.04E-03	4.03E-03	
group_11714	1.23E-01	1.40E-02	8.09E-01	7.61E-03	3.15E-02	1.02E-02	bad-chisq
group_11701	1.23E-01	1.12E-02	9.18E-01	-6.40E-04	6.17E-03	4.38E-03	
group_11700	1.23E-01	1.45E-01	9.97E-01	1.14E-05	2.69E-03	1.80E-04	
group_11607	1.23E-01	5.73E-06	9.70E-01	-9.92E-05	2.60E-03	1.61E-03	
group_11440	1.23E-01	4.15E-02	9.77E-01	-5.07E-03	1.76E-01	1.22E-03	
rffH~~~rfbA	1.23E-01	1.12E-02	8.70E-01	-1.04E-02	6.38E-02	6.91E-03	
group_11136	1.23E-01	3.38E-01	7.27E-01	6.16E-04	1.76E-03	1.48E-02	
group_10947	1.23E-01	4.76E-07	9.22E-01	-6.31E-03	6.48E-02	4.12E-03	
group_10918	1.23E-01	9.68E-01	8.76E-01	-6.24E-04	4.00E-03	6.59E-03	
group_10853	1.23E-01	2.99E-01	4.14E-01	1.52E-01	1.86E-01	3.46E-02	
xerC_3~~~xerC_14	1.23E-01	5.02E-02	9.89E-01	6.37E-05	4.59E-03	5.87E-04	bad-chisq
group_10398	1.23E-01	3.38E-01	9.54E-01	2.51E-03	4.37E-02	2.43E-03	
group_10215	1.23E-01	3.38E-01	9.26E-01	-5.66E-04	6.07E-03	3.94E-03	
xerC_10~~~xerC_13~~~xerC_1~~~xerC_9~~~xerC_4~~~xerC_5~~~xerC_6~~~xerC_2	1.23E-01	5.02E-02	9.63E-01	-1.66E-04	3.63E-03	1.94E-03	bad-chisq
group_10163	1.23E-01	5.02E-02	9.80E-01	1.08E-04	4.33E-03	1.05E-03	bad-chisq
mnaA_2~~~mnaA	1.23E-01	1.24E-01	9.63E-01	7.33E-03	1.59E-01	1.95E-03	
lutP~~~lctP	1.23E-01	1.24E-01	1.28E-02	5.80E-01	2.32E-01	1.05E-01	
group_9489	1.21E-01	1.48E-02	6.97E-02	8.50E-02	4.68E-02	7.66E-02	bad-chisq
group_9073	1.23E-01	5.02E-02	5.42E-01	1.71E-03	2.81E-03	2.58E-02	bad-chisq
group_9069	1.23E-01	3.38E-01	9.72E-01	6.80E-03	1.90E-01	1.51E-03	
group_9028	1.23E-01	3.38E-01	9.90E-01	-2.20E-05	1.83E-03	5.08E-04	
COQ5~~~COQ5_1~~~COQ5_5	1.23E-01	3.38E-01	9.72E-01	6.80E-03	1.90E-01	1.51E-03	
mazG_1~~~mazG	1.23E-01	6.46E-01	9.99E-01	-9.25E-06	6.20E-03	6.31E-05	
group_8125	1.23E-01	3.38E-01	9.65E-01	3.41E-03	7.78E-02	1.86E-03	
group_7714	1.23E-01	1.45E-01	7.96E-01	-1.12E-03	4.34E-03	1.10E-02	
IntTn~~~xerC_1~~~IntTn_2	1.23E-01	9.68E-01	9.23E-01	-4.21E-04	4.33E-03	4.11E-03	
phoU	1.23E-01	3.38E-01	9.72E-01	6.05E-03	1.70E-01	1.51E-03	
group_6482	1.23E-01	1.40E-02	9.19E-01	3.13E-03	3.08E-02	4.30E-03	bad-chisq
group_6400	1.23E-01	9.68E-01	9.01E-01	4.42E-04	3.54E-03	5.28E-03	
group_5928	1.21E-01	1.52E-01	1.69E-01	-5.77E-02	4.18E-02	5.82E-02	
group_5729	1.23E-01	5.02E-02	3.34E-01	4.17E-03	4.31E-03	4.09E-02	bad-chisq
group_5355	1.23E-01	1.40E-02	8.09E-01	7.61E-03	3.15E-02	1.02E-02	bad-chisq
group_5180	1.23E-01	1.45E-01	9.83E-01	5.11E-05	2.38E-03	9.09E-04	
group_3895	1.23E-01	3.38E-01	8.38E-01	6.04E-04	2.96E-03	8.64E-03	
recT	1.23E-01	9.68E-01	9.01E-01	4.41E-04	3.54E-03	5.28E-03	
group_3550	1.21E-01	5.30E-02	2.76E-01	-5.91E-02	5.42E-02	4.61E-02	bad-chisq
ccpA_7~~~ccpA_4~~~ccpA~~~cytR	1.23E-01	6.46E-01	9.85E-01	1.58E-03	8.64E-02	7.73E-04	
group_3486	1.23E-01	1.45E-01	9.22E-01	-3.30E-04	3.37E-03	4.15E-03	
group_2688	1.21E-01	1.48E-02	9.15E-01	3.20E-04	2.99E-03	4.53E-03	bad-chisq
group_2342	1.23E-01	1.45E-01	7.84E-01	-1.66E-03	6.05E-03	1.16E-02	
group_2261	1.23E-01	5.02E-02	9.96E-01	-1.42E-05	2.56E-03	2.34E-04	bad-chisq
group_1628	1.23E-01	1.40E-02	9.08E-01	3.48E-04	3.01E-03	4.90E-03	bad-chisq
group_15505	1.21E-01	1.13E-01	1.00E+00	4.66E-05	8.92E-02	2.21E-05	
group_13798	1.21E-01	1.13E-01	1.00E+00	4.66E-05	8.92E-02	2.21E-05	
group_11907	1.19E-01	3.69E-01	9.43E-01	-1.42E-04	1.99E-03	3.02E-03	
pdtaR~~~pdtaR_1	1.21E-01	1.13E-01	9.85E-01	-1.18E-04	6.15E-03	8.09E-04	
glnA_1~~~glnA_2	1.21E-01	1.13E-01	9.85E-01	-1.18E-04	6.15E-03	8.09E-04	
psuK_1~~~psuK_2	1.21E-01	3.53E-01	7.75E-01	4.36E-01	1.52E+00	1.21E-02	
glsA2~~~glsA	1.21E-01	3.53E-01	9.81E-01	3.12E-03	1.29E-01	1.02E-03	
group_11325	1.21E-01	6.70E-01	9.11E-01	-4.87E-04	4.36E-03	4.72E-03	
group_11233	1.21E-01	9.61E-03	9.98E-01	-8.95E-06	4.38E-03	8.64E-05	
fpgS_1~~~fpgS_2~~~fpgS	1.21E-01	1.13E-01	9.81E-01	2.33E-03	9.52E-02	1.03E-03	
group_11006	1.21E-01	1.52E-01	9.85E-01	-6.31E-05	3.40E-03	7.83E-04	
group_10995	1.21E-01	3.69E-02	1.00E+00	-2.95E-06	5.36E-03	2.33E-05	
group_10959	1.21E-01	3.53E-01	7.75E-01	4.36E-01	1.52E+00	1.21E-02	
sasA_5~~~hssS	1.21E-01	3.53E-01	7.75E-01	4.36E-01	1.52E+00	1.21E-02	
group_10712	1.21E-01	5.30E-02	9.85E-01	8.14E-05	4.35E-03	7.92E-04	bad-chisq
group_10631	1.21E-01	3.53E-01	7.75E-01	4.36E-01	1.52E+00	1.21E-02	
group_10421	1.21E-01	3.69E-02	9.93E-01	-4.08E-04	4.89E-02	3.53E-04	
group_10331	1.21E-01	6.70E-01	1.00E+00	1.17E-06	4.38E-03	1.13E-05	
group_10273	1.21E-01	1.13E-01	9.28E-01	8.12E-02	9.02E-01	3.81E-03	
mshD_1~~~mshD_2	1.21E-01	2.79E-01	7.90E-01	1.23E-02	4.62E-02	1.13E-02	
tagO_2~~~wecA~~~tagO	1.21E-01	1.13E-01	9.76E-01	3.27E-03	1.07E-01	1.29E-03	
endA	1.21E-01	3.53E-01	7.75E-01	4.36E-01	1.52E+00	1.21E-02	
thiI_2~~~thiI~~~thiI_1	1.21E-01	6.70E-01	1.00E+00	-3.54E-06	6.20E-03	2.41E-05	
group_9603	1.21E-01	3.53E-01	9.86E-01	2.22E-03	1.25E-01	7.50E-04	
group_9162	1.21E-01	3.53E-01	7.75E-01	4.36E-01	1.52E+00	1.21E-02	
group_8855	1.21E-01	5.30E-02	9.45E-01	1.34E-04	1.93E-03	2.93E-03	bad-chisq
group_8610	1.21E-01	1.48E-02	1.06E-01	9.75E-03	6.03E-03	6.82E-02	bad-chisq
group_8342	1.21E-01	5.30E-02	8.99E-01	-7.65E-04	6.02E-03	5.38E-03	bad-chisq
group_8132	1.21E-01	3.53E-01	7.75E-01	4.36E-01	1.52E+00	1.21E-02	
lysA_1~~~lysA_2~~~lysA	1.21E-01	3.53E-01	7.75E-01	4.36E-01	1.52E+00	1.21E-02	
group_8018	1.21E-01	3.53E-01	7.75E-01	4.36E-01	1.52E+00	1.21E-02	
dsdA	1.21E-01	1.13E-01	1.00E+00	2.58E-06	5.18E-02	2.10E-06	
group_7712	1.21E-01	3.53E-01	7.75E-01	4.36E-01	1.52E+00	1.21E-02	
group_7649	1.21E-01	3.69E-02	9.82E-01	-3.43E-03	1.52E-01	9.51E-04	
group_7618	1.21E-01	3.53E-01	7.75E-01	4.36E-01	1.52E+00	1.21E-02	
group_7583	1.21E-01	3.53E-01	7.75E-01	4.36E-01	1.52E+00	1.21E-02	
group_7539	1.21E-01	3.69E-02	9.82E-01	-3.43E-03	1.52E-01	9.51E-04	
group_7519	1.21E-01	1.13E-01	9.99E-01	2.79E-04	2.31E-01	5.11E-05	
pitA~~~bar	1.21E-01	3.53E-01	7.75E-01	4.36E-01	1.52E+00	1.21E-02	
group_7248	1.21E-01	1.13E-01	9.28E-01	8.12E-02	9.02E-01	3.81E-03	
group_7177	1.21E-01	3.53E-01	7.75E-01	4.36E-01	1.52E+00	1.21E-02	
mog	1.21E-01	1.13E-01	9.98E-01	-1.22E-04	4.44E-02	1.16E-04	
tagU_3~~~tagU_1	1.21E-01	3.53E-01	7.75E-01	4.36E-01	1.52E+00	1.21E-02	
group_7048	1.21E-01	1.52E-01	4.29E-01	1.66E-01	2.10E-01	3.35E-02	
coaE	1.21E-01	3.53E-01	7.75E-01	4.36E-01	1.52E+00	1.21E-02	
lysA_2	1.21E-01	1.13E-01	9.99E-01	2.79E-04	2.31E-01	5.11E-05	
group_6707	1.21E-01	9.61E-03	5.16E-01	-2.27E-02	3.49E-02	2.75E-02	
group_6620	1.21E-01	3.53E-01	7.75E-01	4.36E-01	1.52E+00	1.21E-02	
group_6467	1.21E-01	3.53E-01	7.75E-01	4.36E-01	1.52E+00	1.21E-02	
group_6414	1.21E-01	5.30E-02	9.80E-01	1.08E-04	4.33E-03	1.05E-03	bad-chisq
group_6318	1.21E-01	5.63E-01	9.20E-01	3.07E-04	3.08E-03	4.22E-03	
addB~~~addB_3	1.21E-01	1.13E-01	9.99E-01	2.79E-04	2.31E-01	5.11E-05	
group_6271	1.21E-01	3.53E-01	7.75E-01	4.36E-01	1.52E+00	1.21E-02	
group_6251	1.19E-01	1.60E-01	9.36E-01	-2.58E-04	3.21E-03	3.39E-03	
group_6210	1.21E-01	3.53E-01	7.75E-01	4.36E-01	1.52E+00	1.21E-02	
group_5851	1.21E-01	3.53E-01	7.75E-01	4.36E-01	1.52E+00	1.21E-02	
group_5632	1.21E-01	3.53E-01	7.75E-01	4.36E-01	1.52E+00	1.21E-02	
group_5593	1.21E-01	3.53E-01	7.75E-01	4.36E-01	1.52E+00	1.21E-02	
trmD	1.21E-01	3.53E-01	7.75E-01	4.36E-01	1.52E+00	1.21E-02	
group_5141	1.19E-01	5.60E-02	9.33E-01	-3.13E-04	3.70E-03	3.57E-03	bad-chisq
group_5003	1.21E-01	3.53E-01	7.75E-01	4.36E-01	1.52E+00	1.21E-02	
artP_3~~~artP	1.21E-01	1.13E-01	1.00E+00	1.92E-05	1.66E-01	4.90E-06	
rimM	1.21E-01	3.53E-01	7.75E-01	4.36E-01	1.52E+00	1.21E-02	
cobB	1.21E-01	3.53E-01	7.75E-01	4.36E-01	1.52E+00	1.21E-02	
hup	1.21E-01	6.70E-01	9.96E-01	-3.44E-05	6.20E-03	2.35E-04	
pyrE	1.21E-01	1.13E-01	9.96E-01	-2.45E-04	4.86E-02	2.14E-04	
sasA_7~~~baeS~~~sasA_11~~~sasA_3~~~sasA_2~~~sasA_1	1.21E-01	3.53E-01	7.75E-01	4.36E-01	1.52E+00	1.21E-02	
group_4068	1.21E-01	3.53E-01	7.75E-01	4.36E-01	1.52E+00	1.21E-02	
yegS	1.21E-01	3.69E-02	9.98E-01	-6.30E-04	2.36E-01	1.13E-04	
coaX	1.21E-01	1.13E-01	9.99E-01	2.79E-04	2.31E-01	5.11E-05	
group_3491	1.21E-01	9.39E-01	9.75E-01	1.66E-04	5.32E-03	1.32E-03	
group_3136	1.21E-01	1.13E-01	1.00E+00	2.58E-06	5.18E-02	2.10E-06	
yafQ	1.21E-01	5.30E-02	9.86E-01	7.43E-05	4.35E-03	7.23E-04	bad-chisq
group_13961	1.18E-01	5.91E-02	9.91E-01	-2.77E-05	2.47E-03	4.75E-04	bad-chisq
group_13491	1.18E-01	5.91E-02	9.91E-01	-2.77E-05	2.47E-03	4.75E-04	bad-chisq
group_12631	1.18E-01	1.66E-02	2.82E-01	4.62E-03	4.29E-03	4.55E-02	bad-chisq
group_12300	1.19E-01	1.03E-01	3.50E-01	-1.24E-01	1.33E-01	3.95E-02	
vapB2	1.19E-01	1.60E-01	9.29E-01	-2.39E-04	2.67E-03	3.79E-03	
group_11863	1.19E-01	1.60E-01	6.85E-01	8.65E-04	2.13E-03	1.72E-02	
tdh_3~~~tdh_2~~~tdh_1	1.18E-01	5.91E-02	9.88E-01	-9.16E-05	6.14E-03	6.31E-04	bad-chisq
group_11737	1.19E-01	3.18E-05	6.05E-01	2.48E-02	4.79E-02	2.19E-02	
group_11551	1.19E-01	3.69E-01	9.82E-01	2.90E-03	1.31E-01	9.34E-04	
mepA_7~~~mepA_8~~~mepA_2~~~mepA_4~~~mepA_6	1.19E-01	1.03E-01	5.88E-01	2.07E-02	3.81E-02	2.29E-02	
group_11089	1.18E-01	1.68E-01	9.79E-01	-5.87E-05	2.20E-03	1.13E-03	
cmpR~~~cmpR_2	1.19E-01	2.61E-01	8.68E-01	3.12E-02	1.88E-01	7.02E-03	
noc_2~~~spo0J_2~~~noc_5~~~noc_1~~~spo0C~~~noc_6~~~noc~~~noc_3	1.19E-01	3.69E-01	9.05E-01	-2.04E-04	1.71E-03	5.06E-03	
group_11007	1.19E-01	3.69E-01	8.19E-01	-3.66E-02	1.60E-01	9.70E-03	
group_10589	1.19E-01	1.03E-01	9.54E-01	-6.78E-03	1.17E-01	2.46E-03	
group_10565	1.19E-01	3.69E-01	9.99E-01	7.23E-06	6.21E-03	4.92E-05	
dagK_1~~~dagK_2	1.19E-01	3.69E-01	9.90E-01	7.50E-05	6.20E-03	5.12E-04	
group_10476	1.19E-01	3.26E-02	9.75E-01	-5.92E-03	1.90E-01	1.32E-03	
yheI_2~~~yheI_1~~~yheI	1.19E-01	3.69E-01	6.45E-01	2.05E-02	4.44E-02	1.95E-02	
hsdR_1~~~hsdR_2~~~hsdR	1.18E-01	1.68E-01	9.74E-01	7.16E-05	2.16E-03	1.40E-03	
group_10279	1.19E-01	1.03E-01	9.73E-01	-2.12E-04	6.17E-03	1.45E-03	
group_10125	1.19E-01	3.69E-01	9.44E-01	2.63E-02	3.74E-01	2.97E-03	
group_9793	1.19E-01	3.69E-01	9.90E-01	1.14E-03	8.78E-02	5.48E-04	
group_9782	1.19E-01	3.69E-01	9.84E-01	2.00E-03	9.78E-02	8.63E-04	
group_9687	1.19E-01	3.69E-01	9.75E-01	-3.93E-03	1.23E-01	1.35E-03	
rex	1.19E-01	3.18E-05	6.73E-01	-2.38E-02	5.64E-02	1.79E-02	
group_9078	1.19E-01	1.03E-01	1.00E+00	5.66E-05	1.30E-01	1.85E-05	
adhB	1.19E-01	3.69E-01	9.99E-01	5.94E-06	5.38E-03	4.67E-05	
group_8689	1.19E-01	1.03E-01	9.99E-01	1.21E-03	1.47E+00	3.50E-05	
brnQ	1.19E-01	3.69E-01	5.84E-01	9.59E-02	1.75E-01	2.32E-02	
group_8559	1.19E-01	1.03E-01	9.99E-01	1.21E-03	1.47E+00	3.50E-05	
group_8135	1.19E-01	3.69E-01	1.00E+00	-1.55E-06	6.21E-03	1.06E-05	
cobC~~~gpmB_2	1.19E-01	3.69E-01	1.00E+00	-1.55E-06	6.21E-03	1.06E-05	
group_8006	1.19E-01	3.69E-01	9.52E-01	-1.44E-02	2.40E-01	2.54E-03	
cobP	1.19E-01	3.69E-01	1.00E+00	-1.55E-06	6.21E-03	1.06E-05	
group_7958	1.19E-01	1.03E-01	9.59E-01	8.88E-03	1.73E-01	2.18E-03	
group_7922	1.19E-01	3.69E-01	1.00E+00	-1.55E-06	6.21E-03	1.06E-05	
group_7900	1.19E-01	1.03E-01	9.99E-01	1.21E-03	1.47E+00	3.50E-05	
group_7778	1.19E-01	1.03E-01	9.99E-01	1.21E-03	1.47E+00	3.50E-05	
group_7721	1.19E-01	1.03E-01	9.99E-01	1.21E-03	1.47E+00	3.50E-05	
yajL	1.19E-01	3.69E-01	5.84E-01	9.59E-02	1.75E-01	2.32E-02	
group_7674	1.19E-01	1.03E-01	9.99E-01	1.21E-03	1.47E+00	3.50E-05	
group_7659	1.19E-01	3.69E-01	9.74E-01	5.58E-03	1.72E-01	1.37E-03	
fepC	1.19E-01	3.69E-01	1.00E+00	-1.55E-06	6.21E-03	1.06E-05	
group_7570	1.19E-01	3.69E-01	9.74E-01	5.58E-03	1.72E-01	1.37E-03	
group_7520	1.19E-01	1.03E-01	9.91E-01	-2.04E-03	1.83E-01	4.71E-04	
group_7331	1.19E-01	3.69E-01	9.44E-01	2.63E-02	3.74E-01	2.97E-03	
group_7303	1.19E-01	1.03E-01	9.99E-01	1.21E-03	1.47E+00	3.50E-05	
ghrA~~~ghrA_2~~~ghrA_1	1.19E-01	3.26E-02	9.83E-01	-3.04E-03	1.42E-01	9.04E-04	
group_7288	1.19E-01	1.03E-01	9.99E-01	1.21E-03	1.47E+00	3.50E-05	
group_7147	1.19E-01	1.03E-01	9.99E-01	1.21E-03	1.47E+00	3.50E-05	
group_7045	1.19E-01	1.03E-01	9.99E-01	1.21E-03	1.47E+00	3.50E-05	
murJ_2~~~murJ_3	1.19E-01	1.03E-01	9.99E-01	1.21E-03	1.47E+00	3.50E-05	
tmk	1.19E-01	3.69E-01	5.84E-01	9.59E-02	1.75E-01	2.32E-02	
group_6904	1.19E-01	3.69E-01	1.00E+00	-1.55E-06	6.21E-03	1.06E-05	
sasA_4~~~sasA_9~~~graS	1.19E-01	3.69E-01	9.74E-01	5.58E-03	1.72E-01	1.37E-03	
aroB	1.19E-01	1.03E-01	9.99E-01	1.21E-03	1.47E+00	3.50E-05	
aroF	1.19E-01	1.03E-01	9.99E-01	1.21E-03	1.47E+00	3.50E-05	
glyA~~~gcvT_2	1.19E-01	1.03E-01	9.99E-01	1.21E-03	1.47E+00	3.50E-05	
pdxK	1.19E-01	1.03E-01	9.99E-01	1.21E-03	1.47E+00	3.50E-05	
hmuU_2~~~hmuU	1.19E-01	3.69E-01	1.00E+00	-1.55E-06	6.21E-03	1.06E-05	
pncB2	1.19E-01	1.03E-01	9.99E-01	1.21E-03	1.47E+00	3.50E-05	
group_6798	1.19E-01	1.03E-01	9.99E-01	1.21E-03	1.47E+00	3.50E-05	
group_6759	1.19E-01	1.03E-01	9.91E-01	-2.04E-03	1.83E-01	4.71E-04	
aroK~~~aroE	1.19E-01	1.03E-01	9.99E-01	1.21E-03	1.47E+00	3.50E-05	
yknY	1.19E-01	1.03E-01	9.99E-01	1.21E-03	1.47E+00	3.50E-05	
group_6709	1.19E-01	1.03E-01	9.91E-01	-2.04E-03	1.83E-01	4.71E-04	
group_6701	1.19E-01	1.03E-01	9.99E-01	1.21E-03	1.47E+00	3.50E-05	
group_6670	1.19E-01	1.03E-01	9.99E-01	1.21E-03	1.47E+00	3.50E-05	
group_6636	1.19E-01	1.03E-01	9.99E-01	1.21E-03	1.47E+00	3.50E-05	
group_6616	1.19E-01	1.03E-01	9.99E-01	1.21E-03	1.47E+00	3.50E-05	
group_6600	1.19E-01	2.61E-01	9.26E-01	1.35E-02	1.45E-01	3.91E-03	
malT_1~~~malT_2~~~malT	1.19E-01	1.03E-01	9.99E-01	1.21E-03	1.47E+00	3.50E-05	
group_6571	1.19E-01	1.03E-01	9.97E-01	-3.83E-04	1.00E-01	1.62E-04	
group_6366	1.19E-01	1.03E-01	9.99E-01	1.21E-03	1.47E+00	3.50E-05	
group_6355	1.19E-01	3.69E-01	9.99E-01	4.74E-06	5.39E-03	3.72E-05	
group_6339	1.19E-01	1.03E-01	9.99E-01	1.21E-03	1.47E+00	3.50E-05	
group_6327	1.19E-01	1.03E-01	9.03E-01	-2.32E-02	1.90E-01	5.15E-03	
group_6321	1.19E-01	3.69E-01	9.44E-01	2.63E-02	3.74E-01	2.97E-03	
spo0J~~~spo0J_2	1.19E-01	1.03E-01	9.99E-01	1.21E-03	1.47E+00	3.50E-05	
group_6305	1.19E-01	1.03E-01	9.99E-01	1.21E-03	1.47E+00	3.50E-05	
rhaR_3~~~rhaR_4	1.19E-01	1.03E-01	9.99E-01	1.21E-03	1.47E+00	3.50E-05	
group_6273	1.19E-01	3.69E-01	1.00E+00	-1.55E-06	6.21E-03	1.06E-05	
pncC	1.19E-01	3.69E-01	1.00E+00	-1.55E-06	6.21E-03	1.06E-05	
gcvT_3~~~gcvT_2~~~gcvT_1	1.19E-01	1.03E-01	9.99E-01	1.21E-03	1.47E+00	3.50E-05	
group_6227	1.19E-01	3.69E-01	9.81E-01	3.02E-03	1.27E-01	1.01E-03	
apbE	1.19E-01	1.03E-01	9.99E-01	1.21E-03	1.47E+00	3.50E-05	
apeB	1.19E-01	3.26E-02	9.83E-01	-3.04E-03	1.42E-01	9.04E-04	
group_5948	1.19E-01	3.69E-01	9.74E-01	5.58E-03	1.72E-01	1.37E-03	
group_5904	1.19E-01	3.69E-01	8.81E-01	-2.82E-02	1.89E-01	6.33E-03	
group_5883	1.19E-01	1.03E-01	9.99E-01	1.21E-03	1.47E+00	3.50E-05	
rbsA_3~~~rbsA_2	1.19E-01	5.60E-02	5.32E-01	1.85E-03	2.96E-03	2.64E-02	bad-chisq
group_5592	1.19E-01	3.69E-01	9.44E-01	2.63E-02	3.74E-01	2.97E-03	
group_5050	1.19E-01	3.69E-01	9.99E-01	7.23E-06	6.21E-03	4.92E-05	
group_5036	1.19E-01	1.03E-01	9.99E-01	1.21E-03	1.47E+00	3.50E-05	
group_5035	1.19E-01	1.03E-01	1.00E+00	-1.35E-05	4.88E-02	1.17E-05	
group_4998	1.19E-01	1.03E-01	9.99E-01	1.21E-03	1.47E+00	3.50E-05	
group_4696	1.19E-01	1.03E-01	9.99E-01	1.21E-03	1.47E+00	3.50E-05	
group_4656	1.19E-01	1.03E-01	9.99E-01	1.21E-03	1.47E+00	3.50E-05	
group_4607	1.19E-01	3.69E-01	5.84E-01	9.59E-02	1.75E-01	2.32E-02	
group_4503	1.19E-01	3.69E-01	5.84E-01	9.59E-02	1.75E-01	2.32E-02	
soj_2~~~soj	1.19E-01	1.03E-01	9.99E-01	1.21E-03	1.47E+00	3.50E-05	
group_4195	1.19E-01	1.03E-01	9.99E-01	1.21E-03	1.47E+00	3.50E-05	
gcvH	1.19E-01	1.03E-01	9.99E-01	1.21E-03	1.47E+00	3.50E-05	
group_3998	1.19E-01	1.03E-01	9.99E-01	1.21E-03	1.47E+00	3.50E-05	
group_3929	1.19E-01	1.03E-01	9.99E-01	1.21E-03	1.47E+00	3.50E-05	
group_3835	1.18E-01	3.85E-01	9.84E-01	2.06E-03	1.05E-01	8.32E-04	
pheA	1.19E-01	1.03E-01	9.99E-01	1.21E-03	1.47E+00	3.50E-05	
group_3567	1.19E-01	1.03E-01	1.00E+00	7.40E-06	1.17E-01	2.67E-06	
group_3461	1.19E-01	3.69E-01	9.99E-01	5.33E-06	5.38E-03	4.19E-05	
group_3304	1.19E-01	1.03E-01	9.99E-01	1.21E-03	1.47E+00	3.50E-05	
group_3269	1.19E-01	1.03E-01	9.99E-01	1.21E-03	1.47E+00	3.50E-05	
group_3244	1.19E-01	1.03E-01	9.99E-01	1.21E-03	1.47E+00	3.50E-05	
group_3168	1.19E-01	1.03E-01	9.94E-01	-1.36E-03	1.76E-01	3.27E-04	
group_3164	1.19E-01	1.03E-01	9.97E-01	-3.83E-04	1.00E-01	1.62E-04	
rbsC_2~~~rbsC_3	1.19E-01	5.60E-02	5.32E-01	1.85E-03	2.96E-03	2.64E-02	bad-chisq
trmFO	1.19E-01	1.03E-01	9.99E-01	1.21E-03	1.47E+00	3.50E-05	
group_15561	1.18E-01	5.91E-02	5.71E-01	1.34E-03	2.36E-03	2.40E-02	bad-chisq
group_15438	1.18E-01	9.34E-02	9.97E-01	-4.41E-04	1.29E-01	1.45E-04	
groS	1.18E-01	2.88E-02	1.11E-36	-6.01E-01	4.41E-02	4.99E-01	
group_13531	1.18E-01	2.43E-01	3.34E-01	2.61E-01	2.70E-01	4.08E-02	
group_12122	1.18E-01	5.91E-02	8.40E-01	-5.51E-04	2.73E-03	8.54E-03	bad-chisq
group_11600	1.18E-01	1.66E-02	8.90E-01	3.96E-04	2.85E-03	5.87E-03	bad-chisq
group_11484	1.18E-01	3.85E-01	9.99E-01	3.04E-06	4.06E-03	3.17E-05	
copA~~~actP	1.18E-01	3.85E-01	9.92E-01	5.91E-05	6.18E-03	4.04E-04	
group_11321	1.18E-01	3.85E-01	9.99E-01	5.32E-06	5.37E-03	4.19E-05	
group_11220	1.18E-01	3.85E-01	7.08E-01	1.60E-02	4.28E-02	1.58E-02	
group_10994	1.18E-01	1.29E-11	2.79E-01	-4.94E-02	4.56E-02	4.58E-02	
comB	1.18E-01	3.85E-01	7.18E-01	3.90E-02	1.08E-01	1.53E-02	
group_10774	1.16E-01	4.02E-01	9.99E-01	-1.74E-06	1.56E-03	4.74E-05	
group_10585	1.18E-01	5.10E-01	1.27E-01	-8.77E-02	5.73E-02	6.46E-02	
group_10480	1.18E-01	3.85E-01	9.77E-01	4.47E-03	1.54E-01	1.22E-03	
group_10340	1.18E-01	3.85E-01	6.55E-01	1.93E-02	4.32E-02	1.89E-02	
group_10190	1.18E-01	3.85E-01	9.98E-01	-1.13E-05	4.06E-03	1.18E-04	
group_10063	1.18E-01	3.85E-01	9.47E-01	-5.30E-03	7.97E-02	2.81E-03	
group_9872	1.18E-01	1.68E-01	9.64E-01	1.28E-04	2.86E-03	1.90E-03	
group_9827	1.18E-01	3.85E-01	9.92E-01	-4.50E-05	4.39E-03	4.34E-04	
group_9666	1.18E-01	1.66E-02	8.56E-01	4.52E-04	2.49E-03	7.67E-03	bad-chisq
group_9621	1.18E-01	7.19E-01	3.22E-01	5.19E-03	5.24E-03	4.19E-02	
group_9181	1.18E-01	1.68E-01	5.65E-01	-1.21E-03	2.10E-03	2.44E-02	
group_9170	1.18E-01	3.85E-01	9.85E-01	2.53E-03	1.31E-01	8.17E-04	
group_9121	1.18E-01	3.85E-01	9.47E-01	-5.30E-03	7.97E-02	2.81E-03	
group_8693	1.18E-01	9.34E-02	1.00E+00	5.99E-06	1.04E-01	2.43E-06	
group_8691	1.18E-01	2.43E-01	8.55E-01	4.39E-02	2.40E-01	7.73E-03	
group_8607	1.18E-01	1.68E-01	9.84E-01	1.09E-04	5.37E-03	8.60E-04	
group_8581	1.18E-01	9.34E-02	9.81E-01	-5.24E-03	2.23E-01	9.95E-04	
group_8079	1.18E-01	9.34E-02	9.05E-02	-4.66E-01	2.75E-01	7.15E-02	
group_8057	1.18E-01	3.85E-01	1.00E+00	-7.75E-07	4.39E-03	7.47E-06	
group_8024	1.18E-01	3.85E-01	9.87E-01	1.45E-03	8.79E-02	6.98E-04	
group_7998	1.18E-01	3.85E-01	9.84E-01	2.06E-03	1.05E-01	8.32E-04	
group_7938	1.18E-01	3.85E-01	9.99E-01	5.32E-06	5.37E-03	4.19E-05	
group_7836	1.18E-01	3.85E-01	2.39E-01	-8.57E-02	7.27E-02	4.98E-02	
group_7832	1.18E-01	9.34E-02	1.00E+00	4.59E-05	2.87E-01	6.77E-06	
group_7793	1.18E-01	9.34E-02	1.00E+00	4.59E-05	2.87E-01	6.77E-06	
group_7785	1.18E-01	3.85E-01	9.99E-01	6.47E-06	6.20E-03	4.41E-05	
group_7775	1.18E-01	9.34E-02	9.92E-01	-3.60E-03	3.44E-01	4.42E-04	
group_7675	1.18E-01	9.34E-02	9.85E-01	-5.63E-03	2.93E-01	8.12E-04	
group_7606	1.18E-01	3.85E-01	9.87E-01	1.48E-03	8.81E-02	7.10E-04	
aroQ	1.18E-01	2.43E-01	3.34E-01	2.61E-01	2.70E-01	4.08E-02	
aroA	1.18E-01	9.34E-02	9.85E-01	-5.63E-03	2.93E-01	8.12E-04	
group_7515	1.18E-01	9.34E-02	9.84E-01	-3.20E-03	1.63E-01	8.32E-04	
group_7446	1.18E-01	9.34E-02	1.00E+00	4.59E-05	2.87E-01	6.77E-06	
group_7404	1.18E-01	9.34E-02	9.94E-01	-9.18E-04	1.29E-01	3.02E-04	
group_7402	1.18E-01	9.34E-02	9.99E-01	-1.60E-04	1.35E-01	5.03E-05	
group_7379	1.18E-01	9.34E-02	1.00E+00	-1.53E-05	9.55E-02	6.77E-06	
ycsE~~~ywpJ	1.18E-01	2.43E-01	8.73E-01	4.03E-02	2.52E-01	6.78E-03	
group_7340	1.18E-01	9.34E-02	9.84E-01	-6.24E-03	3.04E-01	8.68E-04	
group_7302	1.18E-01	9.34E-02	9.16E-01	-9.90E-03	9.37E-02	4.47E-03	
dcyD~~~cuyA	1.18E-01	9.34E-02	9.94E-01	-9.71E-04	1.25E-01	3.28E-04	
group_7165	1.18E-01	9.34E-02	1.00E+00	-1.89E-05	1.52E-01	5.24E-06	
group_7102	1.18E-01	9.34E-02	9.05E-02	-4.66E-01	2.75E-01	7.15E-02	
group_7101	1.18E-01	9.34E-02	9.05E-02	-4.66E-01	2.75E-01	7.15E-02	
group_7099	1.18E-01	3.85E-01	9.16E-01	-1.41E-02	1.33E-01	4.47E-03	
group_7026	1.18E-01	9.34E-02	9.92E-01	-3.60E-03	3.44E-01	4.42E-04	
group_6920	1.18E-01	9.34E-02	9.99E-01	-1.27E-04	1.45E-01	3.71E-05	
group_6917	1.18E-01	9.34E-02	1.00E+00	1.98E-05	2.09E-01	4.00E-06	
group_6781	1.18E-01	3.85E-01	1.00E+00	2.32E-06	3.80E-03	2.58E-05	
aroC	1.18E-01	9.34E-02	9.85E-01	-5.63E-03	2.93E-01	8.12E-04	
group_6582	1.18E-01	9.34E-02	1.00E+00	3.70E-05	2.69E-01	5.82E-06	
dnaJ_3~~~dnaJ_1	1.18E-01	9.34E-02	9.81E-01	-5.24E-03	2.23E-01	9.95E-04	
group_6489	1.18E-01	9.34E-02	1.00E+00	-1.53E-05	9.55E-02	6.77E-06	
group_6429	1.18E-01	2.43E-01	7.36E-01	-4.44E-02	1.31E-01	1.43E-02	
group_6402	1.18E-01	9.34E-02	1.00E+00	2.02E-05	1.91E-01	4.46E-06	
group_6401	1.18E-01	9.34E-02	1.00E+00	2.02E-05	1.91E-01	4.46E-06	
group_6284	1.18E-01	9.34E-02	9.84E-01	-7.07E-03	3.46E-01	8.65E-04	
mqnC	1.18E-01	9.34E-02	1.00E+00	4.59E-05	2.87E-01	6.77E-06	
group_6027	1.18E-01	9.34E-02	1.00E+00	6.22E-05	3.38E-01	7.78E-06	
nadE	1.18E-01	9.34E-02	9.99E-01	-9.30E-05	1.15E-01	3.43E-05	
group_5825	1.18E-01	9.34E-02	9.94E-01	-9.71E-04	1.25E-01	3.28E-04	
group_5458	1.18E-01	3.85E-01	9.75E-01	-3.93E-03	1.28E-01	1.30E-03	
group_5391	1.18E-01	9.34E-02	9.92E-01	-3.60E-03	3.44E-01	4.42E-04	
group_5302	1.18E-01	9.34E-02	9.05E-02	-4.66E-01	2.75E-01	7.15E-02	
group_5163	1.18E-01	9.34E-02	9.06E-01	-2.01E-02	1.69E-01	5.02E-03	
group_5037	1.18E-01	2.43E-01	3.34E-01	2.61E-01	2.70E-01	4.08E-02	
group_4826	1.18E-01	9.34E-02	9.92E-01	-3.60E-03	3.44E-01	4.42E-04	
group_4825	1.18E-01	9.34E-02	9.92E-01	-3.60E-03	3.44E-01	4.42E-04	
group_4587	1.18E-01	9.34E-02	8.49E-01	-5.67E-02	2.97E-01	8.06E-03	
group_4493	1.18E-01	9.34E-02	9.93E-01	-1.24E-03	1.46E-01	3.60E-04	
group_4404	1.18E-01	9.34E-02	1.00E+00	4.59E-05	2.87E-01	6.77E-06	
group_4263	1.18E-01	9.34E-02	1.00E+00	9.98E-06	1.36E-01	3.10E-06	
tyrC	1.18E-01	9.34E-02	9.86E-01	-3.14E-03	1.74E-01	7.66E-04	
group_4131	1.18E-01	3.85E-01	1.00E+00	-2.12E-06	6.20E-03	1.44E-05	
group_4063	1.18E-01	9.34E-02	1.00E+00	5.84E-05	1.18E-01	2.09E-05	
group_4008	1.18E-01	3.85E-01	6.36E-01	-6.39E-02	1.35E-01	2.00E-02	
artQ_2~~~artQ_1	1.18E-01	9.34E-02	9.99E-01	-1.11E-04	6.95E-02	6.75E-05	
larA_1~~~larA	1.18E-01	9.34E-02	9.99E-01	-1.11E-04	6.95E-02	6.75E-05	
group_3784	1.18E-01	3.85E-01	7.11E-01	-6.19E-02	1.67E-01	1.57E-02	
ygcP	1.18E-01	3.85E-01	8.70E-01	-2.19E-02	1.34E-01	6.92E-03	
nifH1	1.18E-01	9.34E-02	1.00E+00	4.59E-05	2.87E-01	6.77E-06	
group_3432	1.18E-01	2.43E-01	6.59E-01	5.44E-02	1.23E-01	1.87E-02	
group_3408	1.18E-01	9.34E-02	1.00E+00	5.99E-06	1.04E-01	2.43E-06	
group_3381	1.18E-01	3.85E-01	8.68E-01	-3.75E-02	2.25E-01	7.04E-03	
ygiF	1.18E-01	9.34E-02	9.85E-01	-5.63E-03	2.93E-01	8.12E-04	
group_3292	1.18E-01	9.34E-02	1.00E+00	1.98E-05	2.09E-01	4.00E-06	
group_3074	1.18E-01	9.34E-02	1.00E+00	6.02E-05	3.35E-01	7.60E-06	
ade_3~~~nagA	1.18E-01	5.91E-02	8.75E-01	-4.77E-03	3.03E-02	6.66E-03	bad-chisq
group_1852	1.16E-01	6.24E-02	8.48E-01	-8.29E-03	4.32E-02	8.11E-03	bad-chisq
gcdB_2	1.18E-01	9.34E-02	9.99E-01	-1.27E-04	1.45E-01	3.71E-05	
group_15302	1.14E-01	6.59E-02	9.32E-01	-2.91E-04	3.44E-03	3.59E-03	bad-chisq
group_14516	1.16E-01	8.45E-02	9.95E-01	-7.68E-04	1.26E-01	2.59E-04	
mecI	1.16E-01	2.25E-01	6.17E-01	-9.74E-02	1.95E-01	2.12E-02	
group_12668	1.16E-01	4.02E-01	9.60E-01	-2.02E-04	3.99E-03	2.14E-03	
group_12201	1.14E-01	4.20E-01	7.72E-01	-8.54E-04	2.95E-03	1.22E-02	
group_11945	1.16E-01	8.51E-01	9.94E-01	-2.87E-05	4.02E-03	3.01E-04	
group_11127	1.16E-01	2.25E-01	6.40E-01	6.68E-02	1.43E-01	1.98E-02	
group_10733	1.16E-01	4.02E-01	9.98E-01	1.12E-05	4.38E-03	1.08E-04	
group_10209	1.16E-01	8.45E-02	9.94E-01	-8.88E-04	1.15E-01	3.28E-04	
ywaC_2~~~ywaC	1.16E-01	1.77E-01	9.42E-01	1.24E-04	1.69E-03	3.09E-03	
group_10044	1.16E-01	4.02E-01	1.00E+00	3.59E-07	4.39E-03	3.46E-06	
group_9900	1.16E-01	4.02E-01	9.99E-01	4.74E-06	5.38E-03	3.73E-05	
group_9686	1.14E-01	1.85E-02	5.67E-01	1.23E-03	2.15E-03	2.42E-02	bad-chisq
group_9641	1.16E-01	2.25E-01	9.97E-01	2.54E-05	6.20E-03	1.73E-04	
group_9591	1.16E-01	4.02E-01	9.99E-01	4.74E-06	5.38E-03	3.73E-05	
group_9580	1.16E-01	4.02E-01	9.99E-01	4.74E-06	5.38E-03	3.73E-05	
group_9534	1.16E-01	1.77E-01	8.99E-01	-3.67E-04	2.90E-03	5.35E-03	
group_9510	1.16E-01	8.45E-02	7.81E-01	-9.05E-03	3.25E-02	1.18E-02	
group_9229	1.16E-01	6.24E-02	9.64E-01	-1.15E-04	2.56E-03	1.90E-03	bad-chisq
group_8806	1.16E-01	4.02E-01	9.45E-01	2.82E-04	4.05E-03	2.94E-03	
group_8804	1.14E-01	1.86E-01	6.69E-01	7.12E-04	1.67E-03	1.81E-02	
sasA_4~~~sasA_6~~~sasA_2	1.16E-01	8.45E-02	1.00E+00	-2.68E-05	1.24E-01	9.10E-06	
group_8490	1.16E-01	1.60E-04	8.72E-01	8.56E-04	5.32E-03	6.80E-03	
group_8419	1.16E-01	1.77E-01	9.88E-01	6.25E-05	4.06E-03	6.51E-04	
pepO	1.16E-01	8.45E-02	9.93E-01	-1.14E-03	1.38E-01	3.48E-04	
group_8013	1.16E-01	8.51E-01	9.18E-01	-1.73E-04	1.69E-03	4.34E-03	
der_3~~~der_1	1.16E-01	8.45E-02	9.93E-01	-1.91E-03	2.20E-01	3.67E-04	
group_7997	1.16E-01	8.45E-02	9.26E-01	-7.66E-03	8.23E-02	3.93E-03	
group_7972	1.16E-01	8.45E-02	9.96E-01	-6.66E-04	1.34E-01	2.10E-04	
group_7887	1.16E-01	8.45E-02	9.96E-01	-8.60E-04	1.68E-01	2.16E-04	
group_7835	1.16E-01	8.45E-02	9.93E-01	-8.35E-04	8.95E-02	3.95E-04	
group_7656	1.16E-01	8.45E-02	9.26E-01	-7.66E-03	8.23E-02	3.93E-03	
group_7573	1.14E-01	6.59E-02	9.20E-01	-6.12E-04	6.07E-03	4.26E-03	bad-chisq
group_7528	1.16E-01	2.25E-01	6.12E-62	9.64E-01	5.10E-02	6.24E-01	
group_7513	1.16E-01	6.24E-02	9.59E-01	-1.40E-04	2.71E-03	2.19E-03	bad-chisq
group_7455	1.16E-01	8.45E-02	8.71E-01	-3.78E-02	2.32E-01	6.88E-03	
bchB	1.16E-01	2.25E-01	5.89E-01	9.98E-02	1.85E-01	2.28E-02	
group_7247	1.16E-01	1.75E-02	9.55E-01	1.25E-04	2.24E-03	2.36E-03	bad-chisq
group_7207	1.16E-01	8.45E-02	1.00E+00	-2.13E-05	9.50E-02	9.47E-06	
group_7202	1.16E-01	8.45E-02	9.76E-01	-5.48E-03	1.79E-01	1.30E-03	
group_7196	1.16E-01	4.84E-01	8.62E-01	2.20E-02	1.26E-01	7.38E-03	
comM	1.16E-01	4.02E-01	1.00E+00	-1.55E-06	6.20E-03	1.06E-05	
group_7044	1.16E-01	8.45E-02	9.79E-01	-5.58E-03	2.14E-01	1.10E-03	
dapH~~~dapH_2	1.16E-01	1.75E-02	5.34E-01	1.59E-03	2.56E-03	2.63E-02	bad-chisq
group_6665	1.16E-01	2.25E-01	4.37E-02	5.26E-01	2.60E-01	8.52E-02	
group_6639	1.16E-01	2.25E-01	7.27E-01	3.53E-02	1.01E-01	1.48E-02	
group_6627	1.16E-01	8.45E-02	9.99E-01	-8.64E-05	1.11E-01	3.28E-05	
group_6492	1.16E-01	8.45E-02	9.79E-01	-5.58E-03	2.14E-01	1.10E-03	
higA1	1.16E-01	1.77E-01	9.70E-01	-6.70E-05	1.76E-03	1.61E-03	
group_6428	1.16E-01	8.45E-02	1.85E-01	-2.86E-01	2.15E-01	5.61E-02	
group_6380	1.16E-01	8.45E-02	9.95E-01	-6.67E-04	1.06E-01	2.67E-04	
group_6344	1.16E-01	8.45E-02	9.90E-01	-6.32E-04	5.08E-02	5.27E-04	
group_6262	1.16E-01	8.45E-02	9.02E-01	-2.85E-02	2.31E-01	5.20E-03	
group_6250	1.16E-01	8.45E-02	9.14E-01	-9.75E-03	9.06E-02	4.55E-03	
group_6237	1.16E-01	8.45E-02	9.98E-01	-1.82E-04	7.64E-02	1.01E-04	
rsxC_2~~~rnfC_2~~~rsxC_1	1.16E-01	2.25E-01	8.08E-01	2.04E-02	8.40E-02	1.03E-02	
aspC~~~aruH	1.16E-01	8.45E-02	9.99E-01	-1.21E-04	6.84E-02	7.48E-05	
dpaA	1.16E-01	2.25E-01	9.80E-01	-2.13E-03	8.53E-02	1.06E-03	
group_5976	1.14E-01	1.86E-01	8.77E-01	-6.76E-04	4.35E-03	6.58E-03	
group_5893	1.16E-01	8.45E-02	9.79E-01	-5.58E-03	2.14E-01	1.10E-03	
group_5889	1.16E-01	8.45E-02	9.79E-01	-5.58E-03	2.14E-01	1.10E-03	
mshD_2~~~mshD_1~~~mshD	1.16E-01	2.25E-01	8.77E-01	3.18E-02	2.05E-01	6.57E-03	
group_5525	1.16E-01	8.45E-02	9.60E-01	-4.45E-03	8.80E-02	2.14E-03	
group_5178	1.16E-01	8.45E-02	5.59E-01	-5.56E-02	9.51E-02	2.47E-02	
mutX	1.16E-01	8.45E-02	1.00E+00	-8.27E-06	1.40E-01	2.50E-06	
group_4990	1.16E-01	8.45E-02	1.31E-38	-6.30E-01	4.48E-02	5.11E-01	
group_4885	1.16E-01	8.45E-02	9.77E-01	-6.53E-03	2.29E-01	1.20E-03	
yitJ_3	1.16E-01	2.25E-01	8.08E-01	2.04E-02	8.40E-02	1.03E-02	
group_4758	1.16E-01	8.45E-02	9.94E-01	-6.81E-04	8.98E-02	3.21E-04	
cof~~~cof_2~~~cof_1~~~yidA	1.16E-01	4.84E-01	5.09E-01	1.18E-01	1.79E-01	2.79E-02	
ylmC	1.16E-01	8.45E-02	9.93E-01	-1.19E-03	1.34E-01	3.74E-04	
group_4501	1.16E-01	8.51E-01	9.22E-01	3.02E-04	3.08E-03	4.16E-03	
group_4436	1.16E-01	2.25E-01	6.84E-01	5.69E-02	1.40E-01	1.72E-02	
group_4425	1.16E-01	2.25E-01	9.01E-01	2.55E-02	2.05E-01	5.25E-03	
group_4412	1.16E-01	8.45E-02	9.90E-01	-2.16E-03	1.82E-01	5.04E-04	
group_4369	1.16E-01	8.45E-02	1.00E+00	2.80E-05	1.18E-01	1.00E-05	
group_4221	1.16E-01	4.02E-01	9.99E-01	7.22E-06	6.20E-03	4.92E-05	
group_4201	1.16E-01	6.24E-02	4.81E-01	-2.10E-02	2.98E-02	2.98E-02	bad-chisq
group_4164	1.16E-01	8.45E-02	9.93E-01	-1.23E-03	1.36E-01	3.84E-04	
group_4126	1.16E-01	8.45E-02	9.99E-01	-1.05E-04	1.32E-01	3.38E-05	
group_3986	1.16E-01	2.25E-01	8.08E-01	2.04E-02	8.40E-02	1.03E-02	
sdpR	1.16E-01	8.45E-02	9.98E-01	-1.82E-04	8.61E-02	8.95E-05	
sasA_10~~~sasA_2~~~sasA_8~~~sasA_6~~~sasA_7~~~sasA_4	1.16E-01	8.45E-02	4.88E-33	-5.61E-01	4.39E-02	4.76E-01	
group_3928	1.16E-01	8.45E-02	9.99E-01	-8.82E-05	1.20E-01	3.12E-05	
group_3530	1.16E-01	8.51E-01	7.19E-02	6.09E-02	3.38E-02	7.60E-02	
group_2800	1.16E-01	8.45E-02	9.99E-01	-8.82E-05	6.20E-02	6.02E-05	
group_2393	1.16E-01	4.02E-01	6.34E-01	1.41E-03	2.96E-03	2.02E-02	
group_2378	1.16E-01	1.75E-02	5.76E-01	1.35E-03	2.42E-03	2.37E-02	bad-chisq
group_1824	1.16E-01	8.45E-02	9.87E-01	-4.18E-03	2.60E-01	6.82E-04	
group_14410	1.14E-01	1.85E-02	9.92E-01	2.20E-05	2.08E-03	4.48E-04	bad-chisq
group_14383	1.14E-01	7.61E-02	9.57E-01	1.82E-04	3.39E-03	2.27E-03	
COQ5_4~~~COQ5_7~~~COQ5_2~~~COQ5_11~~~COQ5_8~~~COQ5_5~~~COQ5_3	1.14E-01	6.59E-02	9.90E-01	2.29E-05	1.90E-03	5.09E-04	bad-chisq
group_12406	1.14E-01	4.58E-01	7.56E-01	3.39E-02	1.09E-01	1.32E-02	
rbsB~~~rbsB_2	1.14E-01	6.59E-02	4.82E-01	2.36E-03	3.36E-03	2.97E-02	bad-chisq
kdnA_2~~~kdnA~~~kdnA_1~~~arnB	1.14E-01	5.02E-03	9.64E-01	-1.07E-03	2.39E-02	1.89E-03	
group_11411	1.14E-01	1.86E-01	2.99E-01	-4.47E-03	4.30E-03	4.39E-02	
group_10658	1.14E-01	1.86E-01	4.35E-01	-3.04E-03	3.89E-03	3.30E-02	
group_10538	1.14E-01	7.61E-02	9.89E-01	-1.83E-03	1.33E-01	5.81E-04	
group_10388	1.14E-01	4.20E-01	9.77E-01	-3.23E-03	1.14E-01	1.20E-03	
group_10219	1.14E-01	7.71E-01	9.19E-01	-1.88E-04	1.84E-03	4.31E-03	
group_10167	1.14E-01	7.61E-02	9.89E-01	-1.83E-03	1.33E-01	5.81E-04	
group_9899	1.14E-01	4.20E-01	9.97E-01	-2.30E-05	5.37E-03	1.81E-04	
group_9832	1.14E-01	5.02E-03	8.11E-01	8.84E-03	3.69E-02	1.01E-02	
group_9598	1.14E-01	7.71E-01	6.41E-01	-1.43E-03	3.07E-03	1.97E-02	
group_9166	1.12E-01	1.96E-02	9.14E-01	3.26E-04	3.01E-03	4.58E-03	bad-chisq
group_9082	1.14E-01	4.20E-01	1.00E+00	2.58E-06	4.39E-03	2.49E-05	
group_8873	1.14E-01	8.94E-04	9.87E-01	4.01E-03	2.39E-01	7.10E-04	
ycsE_2~~~ycsE_1	1.14E-01	7.71E-01	1.00E+00	-3.12E-07	5.35E-03	2.47E-06	
xerC_4~~~xerC_7	1.14E-01	6.59E-02	9.93E-01	-2.68E-05	2.91E-03	3.91E-04	bad-chisq
asnB	1.14E-01	7.61E-02	7.09E-01	-2.34E-02	6.26E-02	1.58E-02	
group_8252	1.14E-01	7.71E-01	8.82E-01	8.82E-04	5.96E-03	6.26E-03	
ecfT_1~~~ecfT_2	1.14E-01	7.61E-02	9.85E-01	-1.28E-03	6.89E-02	7.83E-04	
group_7864	1.14E-01	7.61E-02	9.98E-01	-2.36E-04	1.04E-01	9.58E-05	
group_7827	1.14E-01	4.20E-01	9.98E-01	-1.24E-05	4.06E-03	1.29E-04	
group_7811	1.14E-01	7.61E-02	9.24E-01	-7.53E-03	7.94E-02	4.01E-03	
group_7643	1.14E-01	7.61E-02	9.21E-01	-7.49E-03	7.58E-02	4.18E-03	
group_7585	1.12E-01	1.96E-02	8.76E-01	4.96E-04	3.17E-03	6.62E-03	bad-chisq
group_7559	1.14E-01	7.61E-02	5.84E-01	-3.68E-02	6.72E-02	2.32E-02	
group_7495	1.14E-01	7.61E-02	5.87E-01	-4.19E-02	7.70E-02	2.30E-02	
group_7477	1.14E-01	2.09E-01	9.46E-01	6.62E-03	9.78E-02	2.86E-03	
group_7412	1.14E-01	4.20E-01	1.00E+00	2.14E-06	4.06E-03	2.23E-05	
group_7409	1.14E-01	7.61E-02	9.85E-01	-1.31E-03	7.08E-02	7.85E-04	
group_7289	1.14E-01	7.61E-02	5.87E-01	-4.19E-02	7.70E-02	2.30E-02	
atl	1.14E-01	7.61E-02	9.88E-01	-2.10E-03	1.39E-01	6.39E-04	
group_6964	1.14E-01	7.61E-02	9.91E-01	-5.76E-04	4.90E-02	4.97E-04	
group_6951	1.14E-01	7.61E-02	1.63E-33	-5.68E-01	4.41E-02	4.79E-01	
group_6936	1.14E-01	7.71E-01	8.36E-01	-4.67E-04	2.25E-03	8.77E-03	
group_6837	1.14E-01	6.59E-02	4.75E-01	-2.16E-02	3.02E-02	3.02E-02	bad-chisq
artI~~~mltF_2~~~mltF_1	1.14E-01	2.09E-01	8.27E-01	1.35E-02	6.17E-02	9.25E-03	
group_6437	1.14E-01	1.85E-02	9.40E-01	3.72E-04	4.93E-03	3.20E-03	bad-chisq
group_6219	1.14E-01	7.61E-02	1.00E+00	2.44E-05	1.11E-01	9.29E-06	
group_5778	1.14E-01	1.85E-02	8.95E-01	4.12E-03	3.12E-02	5.59E-03	bad-chisq
group_5160	1.14E-01	7.61E-02	1.00E+00	3.46E-06	1.19E-01	1.23E-06	
group_5143	1.14E-01	7.61E-02	9.88E-01	-1.61E-03	1.07E-01	6.40E-04	
group_4783	1.14E-01	7.71E-01	8.36E-01	-4.67E-04	2.25E-03	8.77E-03	
group_4650	1.14E-01	7.61E-02	5.87E-01	-4.13E-02	7.62E-02	2.30E-02	
group_4515	1.14E-01	4.20E-01	8.87E-01	-3.21E-04	2.25E-03	6.02E-03	
prs_2	1.14E-01	2.09E-01	1.08E-59	9.38E-01	5.09E-02	6.15E-01	
group_3243	1.14E-01	7.61E-02	9.93E-01	-1.23E-03	1.37E-01	3.81E-04	
group_2262	1.14E-01	1.85E-02	9.92E-01	2.20E-05	2.08E-03	4.48E-04	bad-chisq
ramA	1.14E-01	1.86E-01	3.08E-01	-4.39E-03	4.30E-03	4.31E-02	
group_1746	1.14E-01	1.86E-01	9.09E-01	-3.46E-04	3.02E-03	4.85E-03	
group_13267	1.11E-01	2.07E-02	9.55E-01	2.11E-04	3.70E-03	2.41E-03	bad-chisq
group_12578	1.12E-01	6.96E-02	6.16E-01	1.24E-03	2.46E-03	2.12E-02	bad-chisq
group_12193	1.12E-01	4.38E-01	9.81E-01	-5.78E-05	2.45E-03	9.97E-04	
group_12128	1.12E-01	1.96E-02	9.89E-01	3.09E-05	2.18E-03	5.99E-04	bad-chisq
group_12111	1.12E-01	1.95E-01	1.97E-01	6.71E-03	5.19E-03	5.46E-02	
group_12027	1.11E-01	4.57E-01	9.99E-01	-4.24E-06	2.47E-03	7.27E-05	
group_11475	1.12E-01	1.96E-02	9.34E-01	3.21E-04	3.90E-03	3.48E-03	bad-chisq
group_11184	1.12E-01	4.38E-01	9.89E-01	-1.15E-03	8.46E-02	5.76E-04	
group_10642	1.12E-01	1.92E-02	9.51E-01	-2.77E-03	4.46E-02	2.62E-03	
group_10093	1.12E-01	6.83E-02	9.87E-01	-2.10E-03	1.30E-01	6.84E-04	
mnmG_2~~~mnmG_1~~~mnmG	1.12E-01	4.38E-01	9.99E-01	5.42E-06	3.39E-03	6.76E-05	
group_9891	1.12E-01	4.38E-01	1.00E+00	-8.44E-07	4.39E-03	8.14E-06	
hndD~~~hndD_2	1.12E-01	7.98E-01	9.27E-01	-2.72E-04	2.96E-03	3.89E-03	
group_9771	1.12E-01	6.96E-02	8.64E-01	5.96E-03	3.47E-02	7.26E-03	bad-chisq
group_9208	1.12E-01	1.92E-01	8.29E-01	-1.19E-02	5.49E-02	9.15E-03	
group_9207	1.12E-01	1.92E-01	8.29E-01	-1.19E-02	5.49E-02	9.15E-03	
group_8985	1.12E-01	1.92E-01	8.29E-01	-1.19E-02	5.49E-02	9.15E-03	
group_8984	1.12E-01	1.92E-01	8.29E-01	-1.19E-02	5.49E-02	9.15E-03	
group_8351	1.12E-01	1.95E-01	5.23E-01	2.15E-03	3.37E-03	2.70E-02	
group_8183	1.12E-01	7.98E-01	9.99E-01	3.95E-06	4.06E-03	4.12E-05	
patA_3~~~patA_2~~~patA_4	1.12E-01	6.83E-02	9.36E-01	-5.62E-03	7.04E-02	3.38E-03	
group_7954	1.12E-01	6.83E-02	9.24E-01	-1.13E-02	1.19E-01	4.02E-03	
IntTn_3~~~xerC_8~~~IntTn_2~~~IntTn~~~IntTn_1~~~xerC_5~~~xerC_10~~~IntTn_4	1.12E-01	1.95E-01	9.68E-01	-1.32E-04	3.28E-03	1.70E-03	
group_7418	1.12E-01	4.38E-01	9.11E-01	-6.94E-04	6.18E-03	4.75E-03	
group_7291	1.12E-01	6.83E-02	9.99E-01	-1.40E-04	7.88E-02	7.52E-05	
group_7187	1.12E-01	1.92E-01	9.72E-01	1.93E-03	5.56E-02	1.47E-03	
group_6325	1.12E-01	6.83E-02	6.32E-01	-3.71E-02	7.75E-02	2.03E-02	
group_6168	1.12E-01	7.92E-01	2.89E-01	1.61E-01	1.52E-01	4.48E-02	
ypbG_2~~~ypbG	1.12E-01	4.38E-01	9.98E-01	-1.23E-05	4.06E-03	1.28E-04	
group_5874	1.12E-01	4.38E-01	1.00E+00	3.23E-07	4.38E-03	3.12E-06	
group_5772	1.12E-01	1.95E-01	9.85E-01	9.92E-05	5.37E-03	7.81E-04	
group_5446	1.12E-01	1.92E-01	8.29E-01	-1.19E-02	5.49E-02	9.15E-03	
group_4366	1.12E-01	4.33E-01	3.77E-44	7.24E-01	4.75E-02	5.42E-01	
group_4257	1.12E-01	4.38E-01	3.57E-01	3.39E-02	3.68E-02	3.89E-02	
group_4057	1.12E-01	1.92E-01	9.54E-01	4.80E-03	8.39E-02	2.42E-03	
pknD_3~~~pknD_6~~~pknD_7	1.12E-01	6.96E-02	8.97E-01	-3.74E-03	2.89E-02	5.49E-03	bad-chisq
group_3964	1.12E-01	6.96E-02	9.19E-01	-2.13E-04	2.10E-03	4.28E-03	bad-chisq
group_3399	1.12E-01	6.83E-02	9.90E-01	-1.41E-03	1.10E-01	5.44E-04	
group_3282	1.12E-01	6.83E-02	6.28E-01	-3.21E-02	6.61E-02	2.05E-02	
proC~~~proC_2	1.12E-01	6.83E-02	9.86E-01	-1.15E-03	6.60E-02	7.35E-04	
group_2563	1.12E-01	4.33E-01	7.04E-01	4.75E-02	1.25E-01	1.61E-02	
group_2347	1.12E-01	1.96E-02	9.91E-01	2.59E-05	2.26E-03	4.85E-04	bad-chisq
group_2155	1.12E-01	1.95E-01	9.26E-01	-2.06E-04	2.23E-03	3.91E-03	
group_2006	1.12E-01	7.20E-04	6.36E-01	-1.64E-02	3.45E-02	2.00E-02	
group_15153	1.09E-01	7.75E-02	9.30E-01	-2.52E-04	2.86E-03	3.72E-03	bad-chisq
group_14738	1.11E-01	2.07E-02	9.91E-01	2.58E-05	2.26E-03	4.84E-04	bad-chisq
ydiP_2~~~ydiP	1.09E-01	7.75E-02	5.95E-01	1.13E-03	2.13E-03	2.25E-02	bad-chisq
IntTn_2~~~xerC_2~~~xerC_1~~~xerC_6~~~IntTn	1.11E-01	8.26E-01	2.42E-01	-6.14E-03	5.24E-03	4.95E-02	
group_11296	1.11E-01	4.57E-01	6.11E-01	2.84E-02	5.59E-02	2.15E-02	
group_10759	1.11E-01	2.05E-01	9.81E-01	7.28E-05	3.08E-03	9.98E-04	
metG_3~~~lysS~~~epmA~~~aspS_1~~~metG_1	1.11E-01	8.26E-01	3.65E-01	3.92E-03	4.33E-03	3.83E-02	
group_9296	1.11E-01	8.26E-01	9.23E-01	-2.09E-04	2.17E-03	4.07E-03	
dtd	1.11E-01	8.26E-01	9.96E-01	-2.19E-05	4.06E-03	2.28E-04	
group_8556	1.11E-01	1.77E-01	8.10E-01	-1.30E-02	5.39E-02	1.02E-02	
group_8546	1.11E-01	2.05E-01	9.36E-01	-2.20E-04	2.76E-03	3.38E-03	
group_8259	1.11E-01	8.26E-01	9.99E-01	3.77E-06	4.06E-03	3.93E-05	
group_8256	1.11E-01	4.09E-01	8.37E-01	1.25E-02	6.04E-02	8.73E-03	
group_8091	1.11E-01	4.09E-01	9.84E-01	1.54E-03	7.58E-02	8.58E-04	
group_8084	1.11E-01	4.57E-01	9.98E-01	-1.49E-05	6.19E-03	1.02E-04	
atpB_2~~~atpB	1.09E-01	2.16E-01	3.08E-01	-3.09E-02	3.03E-02	4.31E-02	
group_7847	1.11E-01	7.62E-01	6.67E-01	4.79E-02	1.11E-01	1.82E-02	
group_7792	1.11E-01	4.57E-01	9.75E-01	-1.37E-04	4.34E-03	1.34E-03	
tri1~~~tri1_2	1.11E-01	8.26E-01	4.40E-01	-2.28E-03	2.95E-03	3.27E-02	
group_7363	1.11E-01	2.05E-01	9.67E-01	-7.55E-05	1.84E-03	1.74E-03	
group_7306	1.11E-01	4.57E-01	2.31E-01	-8.43E-02	7.04E-02	5.06E-02	
group_7008	1.11E-01	8.26E-01	7.96E-01	-6.25E-04	2.42E-03	1.09E-02	
group_6963	1.11E-01	4.57E-01	9.95E-01	-3.40E-05	5.38E-03	2.67E-04	
trxB~~~trxB_3	1.11E-01	8.26E-01	6.16E-01	1.12E-03	2.23E-03	2.12E-02	
group_6864	1.11E-01	1.77E-01	9.58E-01	4.87E-03	9.16E-02	2.25E-03	
group_6663	1.11E-01	4.57E-01	9.37E-01	-3.48E-04	4.38E-03	3.37E-03	
group_5852	1.11E-01	8.26E-01	7.79E-01	-7.37E-04	2.63E-03	1.19E-02	
group_4824	1.11E-01	4.57E-01	9.99E-01	-9.20E-06	6.17E-03	6.31E-05	
alsT	1.11E-01	6.11E-02	6.46E-01	-2.87E-02	6.26E-02	1.94E-02	
group_12695	1.09E-01	8.54E-01	6.21E-01	9.44E-04	1.91E-03	2.09E-02	
group_12094	1.09E-01	7.75E-02	6.73E-01	2.51E-03	5.94E-03	1.79E-02	bad-chisq
group_12046	1.09E-01	1.62E-01	8.76E-01	-8.30E-04	5.30E-03	6.62E-03	
group_12045	1.09E-01	1.62E-01	8.76E-01	-8.30E-04	5.30E-03	6.62E-03	
cbiL~~~cbiL_2	1.09E-01	3.65E-07	3.15E-02	-8.82E-02	4.09E-02	9.08E-02	
sgbE~~~ulaF~~~araD~~~araD_1	1.09E-01	2.16E-01	9.90E-01	4.40E-05	3.39E-03	5.50E-04	
group_10271	1.09E-01	4.77E-01	9.99E-01	5.00E-06	6.19E-03	3.41E-05	
yfkJ~~~yfkJ_1	1.09E-01	5.53E-05	5.57E-01	-4.59E-02	7.81E-02	2.48E-02	
rplO_1~~~rplO~~~rplO_2	1.09E-01	8.54E-01	9.26E-01	-3.00E-04	3.23E-03	3.93E-03	
group_9696	1.09E-01	4.77E-01	9.74E-01	-7.64E-05	2.35E-03	1.37E-03	
group_9567	1.09E-01	2.16E-01	9.78E-01	7.79E-05	2.86E-03	1.15E-03	
group_9539	1.09E-01	4.77E-01	9.84E-01	6.27E-05	3.21E-03	8.25E-04	
group_9424	1.09E-01	3.84E-01	8.29E-01	-1.16E-02	5.35E-02	9.15E-03	
group_9379	1.09E-01	2.19E-02	9.74E-01	1.96E-04	6.08E-03	1.36E-03	bad-chisq
group_8988	1.09E-01	4.77E-01	9.07E-01	3.94E-04	3.36E-03	4.96E-03	
rbsC_2~~~mglC	1.09E-01	4.77E-01	9.94E-01	4.72E-05	6.20E-03	3.22E-04	
group_8561	1.09E-01	4.77E-01	9.05E-01	4.03E-04	3.36E-03	5.07E-03	
group_8205	1.09E-01	2.16E-01	7.53E-01	-1.06E-03	3.37E-03	1.33E-02	
group_7961	1.09E-01	7.32E-01	6.99E-01	3.02E-02	7.82E-02	1.63E-02	
dnaG_2~~~dnaG_1~~~dnaG_4~~~dnaG_3~~~dnaG_5	1.09E-01	7.75E-02	9.87E-01	-4.35E-05	2.61E-03	7.05E-04	bad-chisq
group_7506	1.09E-01	5.44E-02	9.32E-01	-6.14E-03	7.23E-02	3.59E-03	
xynA1_1~~~xynA1	1.09E-01	7.75E-02	8.86E-01	6.05E-03	4.23E-02	6.04E-03	bad-chisq
group_6647	1.09E-01	2.16E-01	9.32E-01	2.03E-04	2.39E-03	3.60E-03	
gph_3	1.09E-01	1.62E-01	8.15E-01	-1.56E-02	6.64E-02	9.92E-03	
group_6532	1.09E-01	1.62E-01	2.49E-45	7.45E-01	4.81E-02	5.48E-01	
group_6187	1.09E-01	7.75E-02	9.89E-01	3.00E-05	2.23E-03	5.69E-04	bad-chisq
group_5950	1.09E-01	2.16E-01	9.82E-01	1.41E-04	6.19E-03	9.62E-04	
group_5935	1.09E-01	4.77E-01	9.20E-01	4.00E-04	3.99E-03	4.24E-03	
group_1931	1.07E-01	8.18E-02	9.39E-01	-3.52E-04	4.59E-03	3.25E-03	bad-chisq
group_1877	1.09E-01	2.19E-02	5.73E-01	1.36E-03	2.42E-03	2.38E-02	bad-chisq
group_1768	1.07E-01	8.18E-02	8.15E-01	-8.93E-03	3.81E-02	9.91E-03	bad-chisq
garR~~~garR_2	1.07E-01	4.97E-01	4.41E-01	2.76E-02	3.58E-02	3.26E-02	
group_14699	1.07E-01	2.31E-02	9.90E-01	6.86E-05	5.30E-03	5.47E-04	bad-chisq
group_12694	1.07E-01	7.02E-01	9.97E-01	-8.01E-06	2.28E-03	1.48E-04	
group_11646	1.07E-01	8.83E-01	9.94E-01	-2.33E-05	2.98E-03	3.31E-04	
sasA_3~~~sasA_13~~~divL~~~sasA_2	1.07E-01	4.97E-01	9.99E-01	-8.97E-06	6.19E-03	6.13E-05	
nudG	1.07E-01	2.27E-01	9.91E-01	7.09E-05	6.18E-03	4.85E-04	
group_10390	1.07E-01	4.82E-02	1.09E-28	-4.91E-01	4.18E-02	4.45E-01	
drrA~~~btuD_4~~~btuD_6	1.07E-01	4.14E-05	9.84E-01	7.62E-05	3.79E-03	8.50E-04	
group_9874	1.07E-01	4.82E-02	1.69E-28	-4.89E-01	4.17E-02	4.44E-01	
map_1~~~map_3~~~map	1.07E-01	4.82E-02	2.26E-01	-4.27E-02	3.52E-02	5.12E-02	
clsA	1.07E-01	8.18E-02	2.27E-01	6.46E-03	5.34E-03	5.10E-02	bad-chisq
group_9388	1.07E-01	4.14E-05	9.83E-01	-1.14E-04	5.28E-03	9.12E-04	
group_9030	1.07E-01	2.31E-02	9.88E-01	3.23E-05	2.24E-03	6.10E-04	bad-chisq
xerC_9~~~xerC_4~~~xerC_3~~~xerC_2~~~xerC_7~~~xerC_5	1.07E-01	2.27E-01	8.36E-01	-7.35E-04	3.55E-03	8.74E-03	
group_8592	1.05E-01	8.63E-02	4.23E-01	-3.02E-02	3.77E-02	3.39E-02	bad-chisq
xerC_5~~~xerD_2~~~xerC_6~~~xerC_1~~~intQ_1~~~intQ	1.07E-01	8.83E-01	9.06E-01	3.99E-04	3.37E-03	5.01E-03	
group_7889	1.07E-01	4.97E-01	9.56E-01	-1.06E-04	1.94E-03	2.32E-03	
galK_2~~~galK_3~~~galK_1	1.07E-01	8.18E-02	9.63E-01	-1.66E-04	3.54E-03	1.99E-03	bad-chisq
group_7632	1.07E-01	8.18E-02	9.64E-01	1.83E-04	4.00E-03	1.93E-03	bad-chisq
group_7473	1.07E-01	8.18E-02	2.85E-01	4.61E-03	4.30E-03	4.52E-02	bad-chisq
group_6653	1.07E-01	8.83E-01	8.19E-01	-9.13E-04	4.00E-03	9.67E-03	
group_6083	1.07E-01	4.97E-01	8.73E-01	9.64E-04	6.01E-03	6.79E-03	
group_6062	1.07E-01	3.61E-01	5.14E-09	-1.42E-01	2.40E-02	2.43E-01	
lacA	1.07E-01	2.27E-01	2.98E-01	-4.48E-03	4.30E-03	4.40E-02	
group_5900	1.07E-01	4.97E-01	9.89E-01	-8.85E-05	6.20E-03	6.04E-04	
group_5091	1.07E-01	3.61E-01	9.46E-01	3.63E-03	5.31E-02	2.89E-03	
group_4630	1.07E-01	4.97E-01	9.19E-01	4.04E-04	4.00E-03	4.28E-03	
kbaY_2	1.05E-01	8.63E-02	4.23E-01	-3.02E-02	3.77E-02	3.39E-02	bad-chisq
group_3958	1.07E-01	2.31E-02	9.90E-01	6.86E-05	5.30E-03	5.47E-04	bad-chisq
group_3487	1.07E-01	2.27E-01	9.58E-01	-2.14E-04	4.01E-03	2.25E-03	
melE_2~~~melE_1	1.05E-01	8.63E-02	4.23E-01	-3.02E-02	3.77E-02	3.39E-02	bad-chisq
group_2638	1.07E-01	2.31E-02	7.81E-01	9.50E-03	3.41E-02	1.18E-02	bad-chisq
dxs_2~~~dxs_3	1.05E-01	8.63E-02	4.23E-01	-3.02E-02	3.77E-02	3.39E-02	bad-chisq
iolA~~~bauC~~~mmsA	1.05E-01	8.63E-02	4.23E-01	-3.02E-02	3.77E-02	3.39E-02	bad-chisq
group_1957	1.05E-01	8.63E-02	4.23E-01	-3.02E-02	3.77E-02	3.39E-02	bad-chisq
group_1868	1.07E-01	8.83E-01	7.95E-01	-6.29E-04	2.42E-03	1.10E-02	
group_1796	1.05E-01	8.63E-02	4.23E-01	-3.02E-02	3.77E-02	3.39E-02	bad-chisq
yeiL	1.07E-01	2.31E-02	7.81E-01	9.50E-03	3.41E-02	1.18E-02	bad-chisq
group_1435	1.05E-01	8.63E-02	4.23E-01	-3.02E-02	3.77E-02	3.39E-02	bad-chisq
bglG~~~licT	1.05E-01	2.45E-02	2.37E-01	4.76E-02	4.02E-02	5.00E-02	bad-chisq
melC_3~~~melC_2~~~melC_4	1.05E-01	8.63E-02	4.23E-01	-3.02E-02	3.77E-02	3.39E-02	bad-chisq
ydjH_2~~~ydjH_1	1.05E-01	8.63E-02	4.23E-01	-3.02E-02	3.77E-02	3.39E-02	bad-chisq
group_1273	1.05E-01	8.63E-02	4.23E-01	-3.02E-02	3.77E-02	3.39E-02	bad-chisq
group_14776	1.05E-01	2.45E-02	9.64E-01	1.99E-04	4.34E-03	1.93E-03	bad-chisq
trxA_2~~~trxA_1~~~trxA_3~~~trxA	1.05E-01	3.38E-01	9.48E-01	1.52E-04	2.31E-03	2.79E-03	
group_12362	1.05E-01	2.38E-01	9.24E-01	-2.35E-04	2.46E-03	4.05E-03	
group_12155	1.05E-01	2.38E-01	9.24E-01	-2.35E-04	2.46E-03	4.05E-03	
group_11530	1.05E-01	2.45E-02	1.77E-01	3.64E-02	2.70E-02	5.70E-02	bad-chisq
group_11505	1.05E-01	1.35E-01	9.65E-01	-1.32E-04	2.97E-03	1.88E-03	
group_11470	1.05E-01	6.71E-01	5.52E-01	-1.33E-03	2.23E-03	2.51E-02	
group_11020	1.05E-01	8.63E-02	9.80E-01	5.59E-05	2.24E-03	1.06E-03	bad-chisq
group_10326	1.05E-01	5.19E-01	9.98E-01	-1.11E-05	3.80E-03	1.24E-04	
group_8965	1.05E-01	2.45E-02	9.61E-01	2.97E-04	6.07E-03	2.07E-03	bad-chisq
group_8007	1.05E-01	9.12E-01	5.73E-01	6.40E-02	1.13E-01	2.39E-02	
group_7489	1.05E-01	5.19E-01	9.56E-01	-1.06E-04	1.94E-03	2.32E-03	
group_7487	1.05E-01	6.71E-01	9.65E-01	2.92E-03	6.58E-02	1.87E-03	
group_7085	1.03E-01	9.11E-02	9.88E-01	3.72E-05	2.49E-03	6.31E-04	bad-chisq
group_6826	1.05E-01	8.63E-02	9.63E-01	1.01E-04	2.19E-03	1.95E-03	bad-chisq
cutC_2~~~cutC_4~~~pflD~~~cutC_1~~~pflD_2	1.05E-01	2.38E-01	9.96E-01	1.51E-04	3.23E-02	1.97E-04	
group_6546	1.05E-01	2.38E-01	9.96E-01	1.51E-04	3.23E-02	1.97E-04	
group_6438	1.05E-01	1.35E-01	9.40E-01	-3.56E-03	4.69E-02	3.21E-03	
group_6334	1.05E-01	5.19E-01	9.23E-01	3.87E-04	4.00E-03	4.10E-03	
group_6149	1.05E-01	4.25E-02	6.63E-01	-2.63E-02	6.03E-02	1.84E-02	
tal_1~~~tal_2	1.05E-01	8.63E-02	2.77E-01	4.11E-02	3.78E-02	4.60E-02	bad-chisq
group_5831	1.05E-01	8.63E-02	9.81E-01	-7.27E-05	3.02E-03	1.02E-03	bad-chisq
pgk~~~pgk_1~~~pgk_2~~~pgk_3	1.05E-01	6.71E-01	8.51E-01	-7.68E-03	4.09E-02	7.93E-03	
group_5403	1.05E-01	5.19E-01	1.75E-09	-1.51E-01	2.47E-02	2.51E-01	
group_4597	1.05E-01	8.63E-02	4.73E-01	2.54E-03	3.54E-03	3.03E-02	bad-chisq
group_4079	1.03E-01	9.11E-02	4.37E-01	-2.84E-02	3.66E-02	3.29E-02	bad-chisq
group_3539	1.05E-01	5.19E-01	9.24E-01	3.79E-04	3.99E-03	4.01E-03	
group_3467	1.05E-01	9.12E-01	8.22E-01	-8.98E-04	4.00E-03	9.50E-03	
group_3326	1.05E-01	2.38E-01	9.76E-01	-8.03E-05	2.67E-03	1.27E-03	
bssD~~~bssD_1~~~cutD~~~cutD_1	1.05E-01	2.38E-01	9.96E-01	1.51E-04	3.23E-02	1.97E-04	
group_2877	1.05E-01	9.12E-01	8.04E-01	-6.01E-04	2.42E-03	1.05E-02	
group_2206	1.05E-01	2.38E-01	2.98E-01	-4.48E-03	4.30E-03	4.40E-02	
group_818	1.05E-01	3.38E-01	8.31E-01	-5.20E-04	2.43E-03	9.03E-03	
rhaR_13	1.03E-01	9.11E-02	4.37E-01	-2.84E-02	3.66E-02	3.29E-02	bad-chisq
group_14240	1.03E-01	2.50E-01	2.98E-09	-1.49E-01	2.47E-02	2.47E-01	
group_12820	1.03E-01	5.41E-01	9.43E-01	2.40E-04	3.36E-03	3.02E-03	
group_12691	1.03E-01	2.50E-01	9.65E-01	-7.18E-05	1.62E-03	1.87E-03	
group_12591	1.03E-01	2.50E-01	9.81E-01	5.92E-05	2.49E-03	1.01E-03	
scrK_3~~~scrK_2~~~scrK_1	1.03E-01	2.58E-02	7.30E-01	1.49E-03	4.33E-03	1.46E-02	bad-chisq
group_12146	1.03E-01	2.50E-01	9.46E-01	-1.41E-04	2.07E-03	2.88E-03	
group_11244	1.03E-01	8.76E-03	8.76E-01	-6.31E-04	4.05E-03	6.59E-03	
group_11059	1.03E-01	9.11E-02	9.21E-01	5.20E-04	5.24E-03	4.19E-03	bad-chisq
group_10630	1.02E-01	5.63E-01	9.22E-01	-3.28E-04	3.37E-03	4.12E-03	
group_10594	1.03E-01	2.50E-01	9.82E-01	7.35E-05	3.23E-03	9.64E-04	
group_10416	1.03E-01	2.50E-01	6.97E-01	6.28E-04	1.61E-03	1.65E-02	
mnmA~~~mnmA_2	1.03E-01	5.41E-01	9.97E-01	-1.52E-05	4.06E-03	1.58E-04	
group_9716	1.03E-01	5.41E-01	8.53E-01	7.47E-04	4.02E-03	7.85E-03	
group_8851	1.03E-01	1.58E-03	9.93E-01	-9.04E-04	1.06E-01	3.61E-04	
rhaR_4~~~rhaR_5~~~rhaR_6~~~rhaR_2~~~rhaR_1	1.03E-01	9.11E-02	9.96E-01	1.86E-04	3.31E-02	2.38E-04	bad-chisq
group_6676	1.03E-01	5.41E-01	9.24E-01	3.79E-04	4.00E-03	4.02E-03	
group_6341	1.03E-01	1.23E-01	9.88E-01	-1.85E-03	1.28E-01	6.10E-04	
group_6060	1.03E-01	5.41E-01	8.82E-01	8.83E-04	5.96E-03	6.26E-03	
rbsB~~~purR	1.03E-01	2.50E-01	9.92E-01	-3.37E-04	3.29E-02	4.33E-04	
group_5422	1.03E-01	2.50E-01	7.95E-01	-7.78E-04	2.99E-03	1.10E-02	
group_4193	1.03E-01	9.11E-02	3.52E-02	6.94E-02	3.29E-02	8.89E-02	bad-chisq
group_4120	1.03E-01	5.41E-01	9.24E-01	3.79E-04	4.00E-03	4.02E-03	
group_2240	1.03E-01	9.42E-01	8.22E-01	-9.01E-04	3.99E-03	9.54E-03	
group_1930	1.03E-01	5.41E-01	9.20E-01	4.04E-04	4.00E-03	4.27E-03	
group_1023	1.03E-01	5.41E-01	9.24E-01	3.79E-04	3.99E-03	4.02E-03	
group_229	1.03E-01	5.41E-01	8.55E-01	-8.34E-04	4.58E-03	7.71E-03	
group_14310	1.02E-01	2.62E-01	7.95E-01	-7.78E-04	2.99E-03	1.10E-02	
group_14238	1.02E-01	5.63E-01	9.43E-01	2.40E-04	3.36E-03	3.02E-03	
group_14082	1.02E-01	5.63E-01	9.43E-01	2.39E-04	3.36E-03	3.00E-03	
group_13935	1.02E-01	5.63E-01	9.43E-01	2.39E-04	3.36E-03	3.00E-03	
group_13397	1.02E-01	5.63E-01	9.43E-01	2.39E-04	3.36E-03	3.00E-03	
group_12245	1.02E-01	9.72E-01	4.34E-01	2.63E-03	3.36E-03	3.31E-02	
group_12171	1.02E-01	5.63E-01	8.78E-01	-3.43E-04	2.23E-03	6.50E-03	
galE_1~~~galE	1.02E-01	1.11E-01	8.80E-01	-6.57E-04	4.35E-03	6.38E-03	
group_11429	1.02E-01	6.11E-01	9.13E-01	-5.79E-04	5.32E-03	4.60E-03	
group_11375	1.02E-01	2.73E-02	2.73E-01	4.73E-03	4.31E-03	4.64E-02	bad-chisq
azoR~~~azoR_1~~~azoR_2	1.02E-01	2.62E-01	9.59E-01	-2.25E-04	4.34E-03	2.20E-03	
group_10760	1.02E-01	2.62E-01	9.49E-01	-2.18E-04	3.39E-03	2.71E-03	
group_10533	9.98E-02	5.81E-01	7.75E-01	-7.63E-04	2.67E-03	1.21E-02	
lytC	1.02E-01	5.63E-01	8.51E-01	-1.20E-02	6.36E-02	7.95E-03	
group_10373	1.02E-01	2.62E-01	9.74E-01	5.93E-05	1.83E-03	1.37E-03	
group_10231	1.02E-01	9.72E-01	7.04E-01	7.10E-04	1.87E-03	1.61E-02	
group_10115	1.02E-01	9.72E-01	9.87E-01	-7.96E-04	4.98E-02	6.76E-04	
group_9770	1.02E-01	9.61E-02	9.78E-01	8.38E-04	2.98E-02	1.19E-03	bad-chisq
noc_2~~~spo0C~~~noc_3~~~noc_1~~~noc_5	1.02E-01	2.93E-01	8.65E-01	-3.37E-04	1.98E-03	7.20E-03	
group_8250	1.02E-01	5.63E-01	5.68E-01	-1.34E-03	2.34E-03	2.42E-02	
group_7856	1.02E-01	2.62E-01	9.68E-01	1.37E-04	3.37E-03	1.71E-03	
group_7756	1.02E-01	5.63E-01	9.20E-01	4.04E-04	4.00E-03	4.27E-03	
group_7397	1.02E-01	3.26E-02	6.90E-01	-1.22E-02	3.05E-02	1.69E-02	
group_7222	1.02E-01	9.61E-02	4.73E-01	2.54E-03	3.54E-03	3.04E-02	bad-chisq
araH~~~rbsC_3	1.02E-01	2.62E-01	9.96E-01	-3.30E-05	6.10E-03	2.29E-04	
group_6886	1.02E-01	2.73E-02	7.48E-01	1.39E-03	4.33E-03	1.36E-02	bad-chisq
group_6699	1.02E-01	9.61E-02	9.58E-01	-1.57E-04	2.97E-03	2.23E-03	bad-chisq
group_6577	1.02E-01	5.63E-01	1.75E-01	-4.62E-02	3.40E-02	5.74E-02	
group_6257	9.98E-02	1.01E-01	6.92E-01	7.85E-04	1.98E-03	1.68E-02	bad-chisq
group_6054	1.02E-01	2.87E-09	8.54E-01	-6.22E-04	3.38E-03	7.77E-03	
group_5555	1.02E-01	5.63E-01	9.12E-01	-2.63E-04	2.36E-03	4.70E-03	
group_5373	1.02E-01	5.63E-01	9.43E-01	2.39E-04	3.36E-03	3.00E-03	
group_4649	1.02E-01	5.63E-01	9.43E-01	2.39E-04	3.36E-03	3.00E-03	
aroE_2~~~aroE_1	1.02E-01	2.62E-01	9.96E-01	-3.30E-05	6.10E-03	2.29E-04	
pdxB	1.02E-01	9.61E-02	9.07E-01	4.05E-03	3.46E-02	4.94E-03	bad-chisq
group_4173	1.02E-01	2.93E-01	9.11E-01	6.97E-03	6.21E-02	4.75E-03	
group_3942	1.02E-01	2.73E-02	8.90E-01	5.12E-04	3.69E-03	5.87E-03	bad-chisq
glkA_2~~~glkA	1.02E-01	2.62E-01	9.92E-01	-3.25E-04	3.24E-02	4.25E-04	
group_2670	1.02E-01	2.62E-01	9.71E-01	-1.22E-03	3.34E-02	1.54E-03	
tal_1	1.02E-01	9.61E-02	2.71E-01	4.27E-02	3.87E-02	4.66E-02	bad-chisq
group_2062	1.02E-01	5.63E-01	9.43E-01	2.40E-04	3.36E-03	3.02E-03	
rbsC_2	1.02E-01	2.62E-01	9.71E-01	-1.22E-03	3.34E-02	1.54E-03	
bglB	1.02E-01	2.73E-02	7.78E-01	9.72E-03	3.44E-02	1.19E-02	bad-chisq
xylR~~~rhaR_1	1.02E-01	5.63E-01	1.75E-01	-4.62E-02	3.40E-02	5.74E-02	
group_1022	1.02E-01	5.63E-01	9.24E-01	3.80E-04	4.00E-03	4.02E-03	
group_1021	1.02E-01	5.63E-01	9.24E-01	3.80E-04	4.00E-03	4.02E-03	
group_14683	9.98E-02	5.87E-01	9.43E-01	2.39E-04	3.37E-03	3.00E-03	
group_13396	9.98E-02	1.01E-01	9.53E-01	-3.60E-04	6.11E-03	2.49E-03	bad-chisq
insK_2~~~insK	9.98E-02	2.75E-01	8.39E-01	8.15E-04	4.02E-03	8.57E-03	
group_12449	9.98E-02	1.01E-01	9.76E-01	7.17E-05	2.39E-03	1.27E-03	bad-chisq
group_11597	9.98E-02	2.89E-02	8.98E-01	5.58E-04	4.34E-03	5.43E-03	bad-chisq
group_11392	9.98E-02	2.75E-01	9.94E-01	4.89E-05	6.16E-03	3.36E-04	
group_10739	9.98E-02	2.75E-01	9.10E-01	-2.68E-04	2.36E-03	4.81E-03	
group_10727	9.98E-02	5.81E-01	7.15E-01	1.08E-03	2.96E-03	1.55E-02	
group_10610	9.98E-02	5.87E-01	6.67E-01	-1.85E-03	4.31E-03	1.82E-02	
group_10147	9.98E-02	2.75E-01	9.82E-01	-7.26E-05	3.15E-03	9.75E-04	
msrAB~~~msrB	9.98E-02	2.89E-02	9.70E-01	7.91E-05	2.12E-03	1.58E-03	bad-chisq
group_10079	9.98E-02	2.89E-02	9.75E-01	1.24E-04	4.02E-03	1.30E-03	bad-chisq
lacG~~~araQ_5~~~melC_3	9.98E-02	2.75E-01	9.65E-01	-1.49E-03	3.45E-02	1.83E-03	
group_9803	9.98E-02	2.89E-02	9.94E-01	1.95E-05	2.46E-03	3.36E-04	bad-chisq
group_9588	9.98E-02	5.87E-01	8.79E-01	-4.91E-04	3.23E-03	6.43E-03	
aptA~~~aptA_4	9.98E-02	5.87E-01	3.64E-01	-7.77E-02	8.56E-02	3.84E-02	
group_9358	9.98E-02	5.87E-01	8.95E-01	-3.92E-04	2.96E-03	5.59E-03	
group_9124	9.98E-02	2.75E-01	9.92E-01	6.24E-05	6.20E-03	4.26E-04	
xerC_16	9.98E-02	1.01E-01	9.83E-01	9.46E-05	4.35E-03	9.20E-04	bad-chisq
yfcJ	9.98E-02	2.75E-01	9.82E-01	-7.47E-04	3.36E-02	9.40E-04	
srlR_2~~~srlR~~~glpR	9.98E-02	2.75E-01	9.82E-01	-7.47E-04	3.36E-02	9.40E-04	
hpdA~~~hpdA_2	9.98E-02	2.75E-01	9.82E-01	-7.47E-04	3.36E-02	9.40E-04	
group_7401	9.98E-02	5.87E-01	9.95E-01	-4.10E-05	6.16E-03	2.82E-04	
group_7334	9.98E-02	2.72E-01	9.70E-01	4.71E-03	1.24E-01	1.61E-03	
group_6977	9.98E-02	5.87E-01	9.44E-01	2.37E-04	3.37E-03	2.98E-03	
smc_3~~~smc_4~~~smc_2~~~smc_1	9.98E-02	5.87E-01	9.43E-01	2.39E-04	3.36E-03	3.00E-03	
group_6797	9.98E-02	2.75E-01	9.82E-01	-7.47E-04	3.36E-02	9.40E-04	
ce_1~~~ce_2	9.98E-02	1.01E-01	9.09E-01	3.85E-03	3.38E-02	4.82E-03	bad-chisq
ade_2~~~ade_1~~~adeC	9.98E-02	2.75E-01	9.74E-01	2.00E-04	6.08E-03	1.39E-03	
group_5987	9.98E-02	2.89E-02	8.82E-01	3.69E-04	2.49E-03	6.27E-03	bad-chisq
group_5692	9.98E-02	5.87E-01	9.24E-01	3.80E-04	4.00E-03	4.02E-03	
group_5579	9.98E-02	2.89E-02	2.73E-01	4.73E-03	4.31E-03	4.64E-02	bad-chisq
group_5011	9.98E-02	5.87E-01	9.44E-01	2.36E-04	3.36E-03	2.96E-03	
group_4953	9.98E-02	2.89E-02	7.77E-01	9.77E-03	3.46E-02	1.20E-02	bad-chisq
group_4224	9.98E-02	2.89E-02	7.77E-01	9.77E-03	3.46E-02	1.20E-02	bad-chisq
group_4121	9.98E-02	2.89E-02	8.44E-01	5.73E-03	2.92E-02	8.31E-03	bad-chisq
cutC_2~~~pflD~~~cutC_3	9.98E-02	2.75E-01	9.82E-01	-7.47E-04	3.36E-02	9.40E-04	
group_3479	9.98E-02	1.01E-01	9.99E-01	4.09E-06	2.81E-03	6.15E-05	bad-chisq
xynA1_3	9.98E-02	1.01E-01	9.56E-01	-1.88E-04	3.37E-03	2.36E-03	bad-chisq
group_2794	9.98E-02	2.89E-02	8.88E-01	3.34E-04	2.36E-03	5.97E-03	bad-chisq
group_2156	9.98E-02	2.89E-02	7.77E-01	9.77E-03	3.46E-02	1.20E-02	bad-chisq
ulaG	9.98E-02	2.89E-02	7.77E-01	9.77E-03	3.46E-02	1.20E-02	bad-chisq
kdgK_2~~~kdgK_3	9.98E-02	2.89E-02	7.77E-01	9.77E-03	3.46E-02	1.20E-02	bad-chisq
group_937	9.98E-02	2.89E-02	7.77E-01	9.77E-03	3.46E-02	1.20E-02	bad-chisq
group_912	9.98E-02	2.89E-02	7.77E-01	9.77E-03	3.46E-02	1.20E-02	bad-chisq
group_15002	9.80E-02	1.07E-01	9.86E-01	-6.10E-05	3.56E-03	7.25E-04	bad-chisq
group_13910	9.80E-02	3.05E-02	7.70E-01	1.07E-02	3.64E-02	1.24E-02	bad-chisq
group_12628	9.80E-02	1.07E-01	6.38E-01	9.98E-04	2.12E-03	1.99E-02	bad-chisq
lacX_1~~~lacX~~~lacX_2	9.80E-02	3.05E-02	8.13E-01	7.02E-04	2.97E-03	1.00E-02	bad-chisq
group_12034	9.80E-02	6.11E-01	6.76E-01	6.74E-04	1.61E-03	1.77E-02	
group_11783	9.63E-02	5.22E-01	9.68E-01	1.63E-04	4.03E-03	1.71E-03	
group_11618	9.80E-02	6.11E-01	7.22E-01	6.24E-04	1.75E-03	1.50E-02	
group_11555	9.63E-02	9.34E-01	4.36E-01	2.67E-02	3.43E-02	3.29E-02	
group_11080	9.80E-02	9.65E-01	8.01E-01	2.95E-02	1.17E-01	1.07E-02	
group_11019	9.80E-02	9.40E-05	8.89E-01	-1.38E-01	9.90E-01	5.91E-03	
bin3_1	9.80E-02	1.07E-01	3.55E-01	5.61E-03	6.06E-03	3.91E-02	bad-chisq
group_10833	9.80E-02	8.30E-06	9.33E-01	-1.97E-02	2.34E-01	3.57E-03	
group_10719	9.80E-02	5.52E-01	7.14E-01	1.08E-03	2.96E-03	1.55E-02	
group_10448	9.80E-02	2.89E-01	8.86E-01	-4.85E-04	3.37E-03	6.08E-03	
yteP_6~~~yteP_1~~~yteP_4~~~yteP_5	9.80E-02	2.89E-01	9.66E-01	-1.41E-03	3.35E-02	1.78E-03	
group_9579	9.80E-02	2.89E-01	9.43E-01	-2.67E-04	3.76E-03	3.01E-03	
malQ_1	9.80E-02	6.11E-01	9.65E-01	-9.51E-05	2.16E-03	1.86E-03	
group_9437	9.80E-02	1.07E-01	8.83E-01	4.95E-04	3.37E-03	6.20E-03	bad-chisq
smc_1~~~sbcC	9.80E-02	8.94E-02	1.66E-22	-3.67E-01	3.59E-02	3.96E-01	
tyrS_2~~~tyrS_1~~~tyrS	9.80E-02	2.44E-02	9.82E-01	1.23E-04	5.33E-03	9.76E-04	
group_8142	9.80E-02	1.07E-01	9.86E-01	-6.10E-05	3.56E-03	7.25E-04	bad-chisq
group_8046	9.63E-02	1.13E-01	9.79E-01	-8.84E-05	3.37E-03	1.11E-03	bad-chisq
group_7976	9.63E-02	1.13E-01	9.31E-01	2.46E-04	2.86E-03	3.64E-03	bad-chisq
group_7492	9.80E-02	2.51E-01	8.36E-01	-7.41E-03	3.58E-02	8.75E-03	
clpP_2~~~clpP_3~~~clpP_1	9.80E-02	6.11E-01	9.43E-01	2.42E-04	3.36E-03	3.04E-03	
smc_3~~~smc_2	9.80E-02	2.89E-01	8.12E-01	-9.57E-04	4.02E-03	1.01E-02	
group_6858	9.63E-02	9.34E-01	8.49E-01	-4.51E-04	2.38E-03	8.03E-03	
xerC_1~~~xerC_2	9.80E-02	3.05E-02	9.20E-01	4.00E-04	4.01E-03	4.22E-03	bad-chisq
group_6802	9.80E-02	3.05E-02	7.70E-01	1.07E-02	3.64E-02	1.24E-02	bad-chisq
iolU~~~iolU_2	9.80E-02	2.89E-01	9.82E-01	-7.52E-04	3.33E-02	9.54E-04	
xerC_1~~~xerC_10	9.63E-02	3.03E-01	9.03E-01	-4.11E-04	3.37E-03	5.16E-03	
group_5740	9.80E-02	3.05E-02	7.77E-01	9.96E-03	3.51E-02	1.20E-02	bad-chisq
group_5190	9.63E-02	1.13E-01	9.23E-01	-3.25E-04	3.37E-03	4.08E-03	bad-chisq
group_4968	9.80E-02	6.11E-01	9.43E-01	2.39E-04	3.37E-03	3.00E-03	
baiH	9.80E-02	1.07E-01	9.44E-01	2.49E-03	3.52E-02	2.99E-03	bad-chisq
group_4149	9.63E-02	3.03E-01	6.19E-01	-1.04E-03	2.09E-03	2.10E-02	
group_4077	9.80E-02	6.11E-01	9.43E-01	2.39E-04	3.36E-03	3.00E-03	
group_3655	9.63E-02	3.03E-01	9.12E-01	2.86E-04	2.59E-03	4.68E-03	
rihA_3	9.80E-02	3.05E-02	7.70E-01	1.07E-02	3.64E-02	1.24E-02	bad-chisq
group_3059	9.80E-02	3.05E-02	7.70E-01	1.07E-02	3.64E-02	1.24E-02	bad-chisq
group_2882	9.80E-02	3.05E-02	7.70E-01	1.07E-02	3.64E-02	1.24E-02	bad-chisq
tas	9.80E-02	3.05E-02	7.70E-01	1.07E-02	3.64E-02	1.24E-02	bad-chisq
adhR	9.80E-02	1.07E-01	8.61E-01	-6.42E-03	3.67E-02	7.40E-03	bad-chisq
group_2223	9.80E-02	3.05E-02	7.70E-01	1.07E-02	3.64E-02	1.24E-02	bad-chisq
group_1711	9.80E-02	3.05E-02	7.70E-01	1.07E-02	3.64E-02	1.24E-02	bad-chisq
group_1699	9.80E-02	3.05E-02	7.70E-01	1.07E-02	3.64E-02	1.24E-02	bad-chisq
rbsA_2~~~rbsA_4~~~araG~~~rbsA_1~~~rbsA_5	9.80E-02	3.05E-02	7.70E-01	1.07E-02	3.64E-02	1.24E-02	bad-chisq
group_1400	9.80E-02	3.05E-02	7.70E-01	1.07E-02	3.64E-02	1.24E-02	bad-chisq
group_1369	9.80E-02	3.05E-02	7.70E-01	1.07E-02	3.64E-02	1.24E-02	bad-chisq
group_761	9.80E-02	1.07E-01	8.27E-01	-1.33E-03	6.08E-03	9.23E-03	bad-chisq
rbsA_2	9.80E-02	3.05E-02	7.70E-01	1.07E-02	3.64E-02	1.24E-02	bad-chisq
group_14613	9.63E-02	1.13E-01	9.48E-01	-2.82E-04	4.33E-03	2.75E-03	bad-chisq
group_14566	9.63E-02	1.13E-01	9.69E-01	-1.68E-04	4.33E-03	1.65E-03	bad-chisq
group_12340	9.63E-02	9.34E-01	9.79E-01	-1.57E-04	5.98E-03	1.11E-03	
group_11875	9.63E-02	9.34E-01	6.77E-01	-1.26E-03	3.03E-03	1.76E-02	
group_11782	9.45E-02	9.01E-01	9.67E-01	1.65E-04	4.03E-03	1.73E-03	
group_11011	9.63E-02	9.34E-01	8.99E-01	-7.59E-04	6.01E-03	5.35E-03	
group_10436	9.63E-02	1.13E-01	9.69E-01	-1.68E-04	4.33E-03	1.65E-03	bad-chisq
group_10418	9.63E-02	6.24E-04	9.76E-01	1.01E-03	3.36E-02	1.27E-03	
ecfG	9.63E-02	6.36E-01	8.35E-01	-7.41E-04	3.56E-03	8.82E-03	
group_9919	9.63E-02	2.32E-01	7.38E-01	2.24E-02	6.68E-02	1.42E-02	
group_9757	9.63E-02	3.03E-01	4.43E-01	4.52E-01	5.88E-01	3.25E-02	
group_9618	9.63E-02	3.22E-02	9.82E-01	7.38E-05	3.22E-03	9.69E-04	bad-chisq
group_9512	9.63E-02	9.34E-01	9.09E-01	-4.48E-04	3.90E-03	4.86E-03	
group_9350	9.63E-02	2.32E-01	9.89E-01	4.69E-05	3.31E-03	5.99E-04	
group_8465	9.63E-02	3.22E-02	9.51E-01	2.19E-04	3.55E-03	2.61E-03	bad-chisq
group_8437	9.63E-02	1.13E-01	9.56E-01	-1.33E-04	2.42E-03	2.32E-03	bad-chisq
group_8211	9.63E-02	3.22E-02	9.81E-01	5.04E-05	2.11E-03	1.01E-03	bad-chisq
group_8195	9.63E-02	3.22E-02	9.03E-01	5.29E-04	4.32E-03	5.18E-03	bad-chisq
group_7996	9.45E-02	3.40E-02	9.41E-01	3.43E-04	4.60E-03	3.15E-03	bad-chisq
group_7808	9.63E-02	3.03E-01	9.64E-02	2.62E-01	1.57E-01	7.03E-02	
group_7494	9.63E-02	6.97E-05	7.63E-01	-8.04E-02	2.67E-01	1.27E-02	
group_6296	9.63E-02	1.13E-01	9.69E-01	-1.68E-04	4.33E-03	1.65E-03	bad-chisq
group_4898	9.63E-02	1.13E-01	9.69E-01	-1.68E-04	4.33E-03	1.65E-03	bad-chisq
group_4642	9.63E-02	3.22E-02	7.68E-01	1.09E-02	3.69E-02	1.25E-02	bad-chisq
group_4361	9.63E-02	3.22E-02	7.68E-01	1.09E-02	3.68E-02	1.25E-02	bad-chisq
ngcG	9.63E-02	1.13E-01	3.52E-01	3.31E-02	3.56E-02	3.93E-02	bad-chisq
group_4016	9.63E-02	1.13E-01	3.52E-01	3.31E-02	3.56E-02	3.93E-02	bad-chisq
group_2802	9.63E-02	3.22E-02	3.00E-01	3.67E-03	3.54E-03	4.38E-02	bad-chisq
group_2654	9.63E-02	1.13E-01	3.52E-01	3.31E-02	3.56E-02	3.93E-02	bad-chisq
purR_2~~~exuR_1	9.63E-02	3.22E-02	2.57E-02	8.70E-02	3.89E-02	9.42E-02	bad-chisq
group_2367	9.63E-02	3.22E-02	7.68E-01	1.09E-02	3.68E-02	1.25E-02	bad-chisq
group_2278	9.63E-02	1.13E-01	9.69E-01	-1.68E-04	4.33E-03	1.65E-03	bad-chisq
group_2166	9.63E-02	1.13E-01	9.52E-01	-2.64E-04	4.36E-03	2.56E-03	bad-chisq
group_1789	9.63E-02	3.22E-02	7.68E-01	1.09E-02	3.68E-02	1.25E-02	bad-chisq
group_1773	9.63E-02	1.13E-01	3.52E-01	3.31E-02	3.56E-02	3.93E-02	bad-chisq
group_1720	9.63E-02	3.22E-02	2.33E-01	3.81E-02	3.19E-02	5.04E-02	bad-chisq
gloB_2	9.63E-02	1.13E-01	3.52E-01	3.31E-02	3.56E-02	3.93E-02	bad-chisq
group_1275	9.63E-02	6.36E-01	8.26E-01	6.51E-04	2.96E-03	9.31E-03	
rhaA_1	9.63E-02	3.22E-02	7.68E-01	1.09E-02	3.68E-02	1.25E-02	bad-chisq
group_15493	9.27E-02	3.34E-01	5.97E-01	-1.17E-03	2.22E-03	2.24E-02	
group_15416	9.45E-02	9.01E-01	5.42E-01	1.32E-03	2.16E-03	2.58E-02	
group_15384	9.45E-02	3.40E-02	9.05E-01	4.10E-03	3.42E-02	5.07E-03	bad-chisq
group_15136	9.45E-02	1.19E-01	9.69E-01	-1.68E-04	4.33E-03	1.65E-03	bad-chisq
group_14784	9.45E-02	1.19E-01	9.47E-01	-3.06E-04	4.57E-03	2.84E-03	bad-chisq
group_13737	9.45E-02	3.40E-02	7.69E-01	1.08E-02	3.66E-02	1.24E-02	bad-chisq
group_12651	9.45E-02	3.40E-03	8.85E-01	-3.75E-04	2.60E-03	6.10E-03	
group_12567	9.45E-02	3.40E-02	9.28E-01	2.91E-04	3.22E-03	3.83E-03	bad-chisq
MENG~~~COQ5_1~~~COQ5_4~~~COQ5_6~~~COQ5_3	9.27E-02	3.59E-02	9.75E-01	7.62E-05	2.39E-03	1.35E-03	bad-chisq
group_12484	9.45E-02	6.62E-01	2.09E-01	7.60E-03	6.04E-03	5.32E-02	
ykoD_2~~~ykoD_1~~~ecfA1_2~~~ykoD~~~uvrA_2~~~artM	9.45E-02	1.19E-01	6.47E-01	1.02E-03	2.23E-03	1.94E-02	bad-chisq
group_12211	9.45E-02	9.01E-01	8.88E-01	-4.74E-04	3.37E-03	5.96E-03	
steT	9.45E-02	4.84E-04	9.67E-01	7.04E-03	1.72E-01	1.73E-03	
aaaT	9.45E-02	6.62E-01	7.15E-01	3.53E-02	9.66E-02	1.55E-02	
group_11256	9.45E-02	2.13E-01	2.54E-07	-1.28E-01	2.45E-02	2.16E-01	
group_11217	9.45E-02	3.18E-01	9.95E-01	3.33E-05	5.37E-03	2.62E-04	
mtlD_2~~~mtlD_1	9.45E-02	9.01E-01	8.35E-01	-7.40E-04	3.55E-03	8.80E-03	
group_10077	9.45E-02	2.31E-07	3.82E-01	-6.36E-01	7.27E-01	3.70E-02	
group_9850	9.45E-02	1.19E-01	9.63E-01	-1.23E-04	2.67E-03	1.94E-03	bad-chisq
group_8781	9.45E-02	3.18E-01	8.75E-01	-4.21E-04	2.68E-03	6.66E-03	
ydbD	9.45E-02	3.18E-01	9.74E-01	-1.47E-04	4.57E-03	1.36E-03	
group_6807	9.45E-02	1.19E-01	9.79E-01	1.04E-04	4.02E-03	1.10E-03	bad-chisq
group_6386	9.45E-02	6.62E-01	8.36E-01	-5.44E-04	2.63E-03	8.73E-03	
fabG_2~~~fabG_1	9.45E-02	1.19E-01	9.43E-01	2.50E-03	3.53E-02	3.00E-03	bad-chisq
group_5584	9.27E-02	3.34E-01	9.27E-01	2.70E-04	2.96E-03	3.87E-03	
group_5399	9.45E-02	6.62E-01	9.11E-01	-2.63E-04	2.36E-03	4.70E-03	
group_5290	9.45E-02	6.62E-01	7.99E-01	8.72E-03	3.43E-02	1.08E-02	
group_4345	9.45E-02	1.19E-01	9.68E-01	9.42E-05	2.36E-03	1.69E-03	bad-chisq
group_2750	9.45E-02	1.19E-01	9.48E-01	-2.82E-04	4.33E-03	2.76E-03	bad-chisq
group_2749	9.45E-02	1.19E-01	9.48E-01	-2.82E-04	4.33E-03	2.76E-03	bad-chisq
pflD_1~~~cutC_1~~~pflD_2~~~cutC_2~~~dctM	9.45E-02	3.40E-02	2.38E-02	8.99E-02	3.97E-02	9.54E-02	bad-chisq
group_2562	9.45E-02	1.19E-01	9.43E-01	2.50E-03	3.53E-02	3.00E-03	bad-chisq
group_2444	9.45E-02	1.19E-01	9.92E-01	3.29E-04	3.43E-02	4.05E-04	bad-chisq
lagD	9.45E-02	3.40E-02	9.05E-01	4.10E-03	3.42E-02	5.07E-03	bad-chisq
panE	9.45E-02	3.40E-02	2.38E-02	8.99E-02	3.97E-02	9.54E-02	bad-chisq
group_14949	9.27E-02	3.59E-02	9.05E-01	4.11E-03	3.43E-02	5.07E-03	bad-chisq
group_12675	9.27E-02	8.69E-01	9.88E-01	-3.33E-05	2.21E-03	6.36E-04	
group_12580	9.27E-02	6.89E-01	6.37E-01	-9.85E-04	2.08E-03	2.00E-02	
group_12221	9.27E-02	1.26E-01	9.54E-01	9.97E-05	1.73E-03	2.44E-03	bad-chisq
group_11529	9.27E-02	6.89E-01	8.87E-01	-3.41E-04	2.40E-03	6.02E-03	
group_11359	9.27E-02	1.26E-01	9.48E-01	-1.94E-04	2.96E-03	2.77E-03	bad-chisq
group_11344	9.27E-02	6.89E-01	8.11E-01	2.97E-02	1.24E-01	1.01E-02	
ymdB_4~~~ymdB_1~~~ymdB_2	9.27E-02	6.89E-01	9.67E-01	1.97E-03	4.69E-02	1.77E-03	
nlhH~~~aes_2~~~aes_1	9.09E-02	2.81E-04	6.42E-01	-2.82E-03	6.05E-03	1.97E-02	
group_10541	9.27E-02	6.89E-01	8.12E-01	6.67E-02	2.81E-01	1.01E-02	
group_10360	9.27E-02	3.34E-01	9.81E-01	4.81E-05	2.03E-03	1.00E-03	
dag~~~allB	9.27E-02	1.52E-02	7.34E-01	-1.57E-02	4.60E-02	1.44E-02	
murAB_1~~~murAB~~~murA2~~~murAA_1~~~murAA_2	9.27E-02	8.69E-01	9.38E-01	-3.42E-04	4.38E-03	3.31E-03	
group_9417	9.27E-02	3.34E-01	9.87E-01	3.81E-05	2.42E-03	6.65E-04	
COQ5_3~~~COQ5_2~~~COQ5_4	9.27E-02	3.34E-01	2.79E-01	-4.67E-03	4.31E-03	4.58E-02	
ydiP~~~hhaIM	9.27E-02	1.26E-01	8.66E-01	-4.13E-04	2.46E-03	7.11E-03	bad-chisq
group_8783	9.27E-02	3.34E-01	8.66E-01	-5.00E-04	2.97E-03	7.13E-03	
group_8359	9.27E-02	8.69E-01	9.86E-01	5.00E-05	2.81E-03	7.53E-04	
group_8343	9.27E-02	4.65E-01	5.97E-01	2.42E-02	4.58E-02	2.24E-02	
group_7990	9.27E-02	3.34E-01	9.54E-01	-1.64E-04	2.87E-03	2.42E-03	
group_7060	9.27E-02	1.26E-01	5.06E-01	2.24E-03	3.36E-03	2.81E-02	bad-chisq
group_6828	9.27E-02	1.26E-01	9.59E-01	1.85E-04	3.56E-03	2.19E-03	bad-chisq
group_6350	9.27E-02	6.89E-01	9.50E-01	1.86E-04	2.96E-03	2.67E-03	
group_6317	9.27E-02	4.65E-01	9.10E-01	4.02E-04	3.54E-03	4.80E-03	
group_6137	9.27E-02	6.89E-01	9.50E-01	1.86E-04	2.96E-03	2.66E-03	
group_5799	9.27E-02	1.26E-01	9.44E-01	2.42E-03	3.47E-02	2.95E-03	bad-chisq
ybdM	9.27E-02	6.89E-01	9.50E-01	1.86E-04	2.96E-03	2.67E-03	
group_3253	9.27E-02	3.59E-02	9.62E-01	1.12E-04	2.34E-03	2.02E-03	bad-chisq
malL_2	9.27E-02	1.26E-01	9.56E-01	-2.42E-04	4.34E-03	2.36E-03	bad-chisq
group_2117	9.27E-02	6.89E-01	9.47E-01	2.65E-04	4.00E-03	2.80E-03	
group_1712	9.27E-02	1.26E-01	9.44E-01	2.42E-03	3.47E-02	2.95E-03	bad-chisq
gfo_1	9.27E-02	1.26E-01	9.44E-01	2.42E-03	3.47E-02	2.95E-03	bad-chisq
group_14437	9.09E-02	7.16E-01	9.50E-01	1.85E-04	2.96E-03	2.65E-03	
group_13982	9.09E-02	1.32E-01	9.57E-01	-2.20E-04	4.04E-03	2.30E-03	bad-chisq
group_13342	9.09E-02	3.50E-01	8.29E-01	-8.69E-04	4.02E-03	9.14E-03	
group_12606	8.91E-02	8.02E-01	8.48E-01	-7.66E-04	4.01E-03	8.09E-03	
group_12433	8.91E-02	1.40E-01	9.79E-01	-6.24E-05	2.32E-03	1.14E-03	bad-chisq
group_12405	8.91E-02	4.01E-02	9.13E-01	2.71E-04	2.48E-03	4.61E-03	bad-chisq
group_11817	9.09E-02	1.32E-01	9.61E-01	-2.14E-04	4.34E-03	2.08E-03	bad-chisq
group_11507	9.09E-02	3.50E-01	1.61E-12	-2.22E-01	3.07E-02	2.92E-01	
proX	9.09E-02	2.20E-03	9.90E-01	-4.93E-03	4.11E-01	5.08E-04	
group_10217	9.09E-02	8.36E-01	8.92E-01	-8.23E-04	6.05E-03	5.75E-03	
group_9862	8.91E-02	4.01E-02	9.36E-01	1.84E-04	2.29E-03	3.40E-03	bad-chisq
group_9261	9.09E-02	2.81E-04	8.35E-01	-2.08E-01	9.96E-01	8.81E-03	
rppH	9.09E-02	1.32E-01	9.87E-01	4.56E-05	2.86E-03	6.75E-04	bad-chisq
group_8928	9.09E-02	3.50E-01	4.85E-01	-2.25E-03	3.22E-03	2.95E-02	
group_8421	9.09E-02	3.50E-01	4.85E-01	-2.25E-03	3.22E-03	2.95E-02	
group_8302	9.09E-02	4.36E-01	7.76E-01	-7.81E-03	2.75E-02	1.20E-02	
xerC_6~~~xerC_12~~~xerC_5~~~xerC~~~xerC_3	9.09E-02	1.32E-01	9.92E-01	-2.05E-05	2.10E-03	4.13E-04	bad-chisq
group_7789	9.09E-02	3.50E-01	9.54E-01	-1.64E-04	2.87E-03	2.42E-03	
group_7706	9.09E-02	3.80E-02	9.96E-01	9.93E-06	2.04E-03	2.06E-04	bad-chisq
group_7645	9.09E-02	8.36E-01	9.30E-01	-4.64E-04	5.30E-03	3.71E-03	
group_6351	9.09E-02	7.16E-01	9.41E-01	2.64E-04	3.54E-03	3.15E-03	
group_6326	9.09E-02	4.36E-01	9.10E-01	4.02E-04	3.54E-03	4.80E-03	
group_5885	9.09E-02	7.16E-01	9.46E-01	2.71E-04	4.00E-03	2.87E-03	
group_5779	9.09E-02	1.32E-01	9.55E-01	-2.43E-04	4.34E-03	2.37E-03	bad-chisq
group_5455	9.09E-02	7.16E-01	9.50E-01	1.85E-04	2.96E-03	2.65E-03	
group_5392	9.09E-02	1.32E-01	9.90E-01	-2.56E-05	2.07E-03	5.24E-04	bad-chisq
recU	9.09E-02	4.36E-01	9.10E-01	4.02E-04	3.54E-03	4.80E-03	
group_4370	9.09E-02	8.36E-01	9.00E-01	4.47E-04	3.54E-03	5.34E-03	
mtgA_2~~~rhmA	9.09E-02	1.32E-01	8.96E-01	8.00E-04	6.12E-03	5.53E-03	bad-chisq
group_1514	9.09E-02	3.50E-01	9.48E-01	-1.94E-04	2.96E-03	2.77E-03	
rhaS_3~~~rssB_2	9.09E-02	1.32E-01	9.55E-01	-2.43E-04	4.34E-03	2.37E-03	bad-chisq
glpE_1~~~glpE~~~pspE	8.91E-02	8.02E-01	5.96E-01	9.97E-04	1.88E-03	2.24E-02	
group_14859	8.91E-02	1.40E-01	9.60E-01	-1.29E-04	2.59E-03	2.11E-03	bad-chisq
group_14309	8.73E-02	1.47E-01	9.80E-01	-7.02E-05	2.83E-03	1.05E-03	bad-chisq
group_12590	8.73E-02	4.23E-02	9.27E-01	3.26E-04	3.56E-03	3.87E-03	bad-chisq
group_12501	8.91E-02	1.40E-01	9.84E-01	-6.25E-05	3.08E-03	8.58E-04	bad-chisq
group_12154	8.91E-02	4.01E-02	5.14E-01	1.54E-03	2.36E-03	2.76E-02	bad-chisq
group_12124	8.91E-02	4.01E-02	9.12E-01	4.43E-04	4.01E-03	4.68E-03	bad-chisq
group_12066	8.91E-02	1.40E-01	9.69E-01	-7.52E-05	1.93E-03	1.65E-03	bad-chisq
bin3_2~~~bin3	8.91E-02	4.09E-01	9.88E-01	6.75E-05	4.34E-03	6.58E-04	
group_11687	8.91E-02	7.45E-01	9.85E-01	-1.19E-03	6.44E-02	7.78E-04	
galK_1~~~galK_2	8.91E-02	8.02E-01	7.19E-01	2.23E-03	6.19E-03	1.52E-02	
group_11436	8.73E-02	7.74E-01	7.44E-01	1.13E-02	3.45E-02	1.38E-02	
group_10208	8.91E-02	7.45E-01	9.44E-01	3.14E-02	4.47E-01	2.97E-03	
dapX~~~aspC_1~~~aspC~~~aruH	8.91E-02	4.09E-01	9.93E-01	6.40E-04	7.66E-02	3.53E-04	
group_10003	8.91E-02	1.40E-01	9.61E-01	1.67E-04	3.40E-03	2.07E-03	bad-chisq
yjhC	8.73E-02	4.23E-02	5.44E-01	1.39E-03	2.29E-03	2.56E-02	bad-chisq
group_9435	8.91E-02	1.40E-01	9.22E-01	2.86E-04	2.91E-03	4.16E-03	bad-chisq
group_8887	8.73E-02	4.23E-02	9.27E-01	3.25E-04	3.56E-03	3.86E-03	bad-chisq
murD_2~~~murD~~~murD_1	8.91E-02	7.45E-01	9.99E-01	9.28E-06	6.19E-03	6.34E-05	
group_8660	8.91E-02	4.01E-02	8.99E-01	5.50E-04	4.34E-03	5.36E-03	bad-chisq
intQ_3~~~xerC_9~~~xerC_2~~~xerC_5~~~xerC_4	8.91E-02	4.01E-02	4.65E-01	2.30E-03	3.14E-03	3.09E-02	bad-chisq
group_7869	8.91E-02	4.09E-01	9.86E-01	2.55E-03	1.50E-01	7.17E-04	
uviA	8.91E-02	3.67E-01	9.49E-01	-1.32E-04	2.06E-03	2.72E-03	
group_6971	8.91E-02	4.01E-02	8.98E-01	5.58E-04	4.34E-03	5.43E-03	bad-chisq
group_6621	8.91E-02	8.02E-01	9.00E-01	4.46E-04	3.54E-03	5.32E-03	
group_6408	8.73E-02	7.74E-01	8.86E-01	-3.71E-04	2.60E-03	6.05E-03	
group_6169	8.91E-02	1.40E-01	9.78E-01	-6.13E-05	2.17E-03	1.19E-03	bad-chisq
group_6085	8.91E-02	1.40E-01	9.45E-01	2.39E-03	3.45E-02	2.93E-03	bad-chisq
group_5822	8.91E-02	1.07E-02	7.10E-01	-1.71E-02	4.60E-02	1.57E-02	
group_5500	8.91E-02	3.67E-01	9.07E-01	-7.15E-04	6.14E-03	4.92E-03	
group_4827	8.91E-02	1.40E-01	8.61E-01	5.01E-04	2.85E-03	7.42E-03	bad-chisq
group_4546	8.91E-02	8.02E-01	9.30E-01	2.95E-04	3.37E-03	3.70E-03	
group_4061	8.91E-02	1.40E-01	9.84E-01	5.19E-05	2.52E-03	8.69E-04	bad-chisq
gfo_2~~~gfo_3~~~iolG	8.91E-02	1.40E-01	9.46E-01	2.29E-03	3.37E-02	2.87E-03	bad-chisq
group_3589	8.91E-02	3.67E-01	9.10E-01	-4.39E-04	3.88E-03	4.79E-03	
group_1187	8.91E-02	1.40E-01	9.32E-01	5.23E-04	6.10E-03	3.63E-03	bad-chisq
group_14782	8.56E-02	1.55E-01	9.82E-01	-5.75E-05	2.57E-03	9.48E-04	bad-chisq
group_14274	8.56E-02	1.55E-01	9.82E-01	-5.75E-05	2.57E-03	9.48E-04	bad-chisq
group_12978	8.73E-02	4.23E-02	8.39E-01	6.56E-03	3.23E-02	8.58E-03	bad-chisq
group_12739	8.73E-02	7.74E-01	1.00E+00	2.01E-06	4.06E-03	2.09E-05	
group_12194	8.73E-02	4.23E-02	9.27E-01	3.26E-04	3.56E-03	3.87E-03	bad-chisq
group_12031	8.73E-02	3.85E-01	9.07E-01	-7.13E-04	6.07E-03	4.97E-03	
group_11778	8.73E-02	3.85E-01	8.63E-01	-4.53E-04	2.62E-03	7.32E-03	
murJ_1~~~murJ_2~~~murJ_3~~~mdtK_2~~~mdtK_1~~~mdtK	8.73E-02	3.81E-01	9.03E-01	5.03E-03	4.13E-02	5.15E-03	
group_11575	8.73E-02	1.47E-01	9.68E-01	-1.44E-04	3.55E-03	1.72E-03	bad-chisq
group_10875	8.73E-02	3.81E-01	9.47E-01	-1.95E-04	2.96E-03	2.79E-03	
group_10557	8.73E-02	1.56E-04	8.74E-01	-4.80E-03	3.04E-02	6.69E-03	
group_10487	8.73E-02	8.83E-03	9.89E-01	-7.60E-04	5.30E-02	6.07E-04	
glnA_1~~~glnA~~~glnA_2	8.73E-02	7.74E-01	9.85E-01	9.81E-05	5.38E-03	7.72E-04	
group_10329	8.73E-02	1.47E-01	9.85E-01	4.49E-05	2.46E-03	7.72E-04	bad-chisq
mro~~~mro_1	8.73E-02	8.83E-03	4.08E-01	-7.94E-02	9.59E-02	3.50E-02	
group_10060	8.56E-02	4.47E-02	9.32E-01	2.92E-04	3.42E-03	3.61E-03	bad-chisq
group_10045	8.73E-02	7.74E-01	4.34E-01	2.65E-03	3.38E-03	3.31E-02	
group_9890	8.73E-02	7.69E-01	5.91E-01	1.56E-03	2.90E-03	2.27E-02	
group_9713	8.73E-02	7.69E-01	9.75E-01	5.24E-03	1.69E-01	1.31E-03	
group_9572	8.73E-02	7.69E-01	8.99E-01	1.06E-02	8.41E-02	5.35E-03	
group_8638	8.73E-02	1.47E-01	9.55E-01	-2.26E-04	4.00E-03	2.39E-03	bad-chisq
group_7894	8.73E-02	4.23E-02	9.65E-01	9.03E-05	2.06E-03	1.85E-03	bad-chisq
group_7633	8.73E-02	4.23E-02	9.46E-01	2.72E-04	4.01E-03	2.87E-03	bad-chisq
group_7479	8.73E-02	7.74E-01	7.76E-01	-1.74E-03	6.09E-03	1.21E-02	
group_7394	8.73E-02	7.74E-01	5.96E-01	1.22E-03	2.30E-03	2.24E-02	
group_6691	8.56E-02	1.55E-01	9.32E-01	-5.23E-04	6.10E-03	3.63E-03	bad-chisq
group_6139	8.73E-02	7.74E-01	7.59E-01	-1.24E-03	4.02E-03	1.30E-02	
group_5968	8.73E-02	1.47E-01	9.32E-01	-5.22E-04	6.13E-03	3.60E-03	bad-chisq
epsN_1~~~epsN	8.73E-02	1.47E-01	8.44E-01	-7.94E-03	4.02E-02	8.35E-03	bad-chisq
group_5104	8.56E-02	1.55E-01	9.99E-01	4.39E-06	3.03E-03	6.13E-05	bad-chisq
group_4916	8.73E-02	1.47E-01	9.55E-01	-2.47E-04	4.34E-03	2.41E-03	bad-chisq
putP_2	8.73E-02	4.16E-02	8.44E-01	-8.72E-03	4.43E-02	8.33E-03	
group_4000	8.73E-02	4.23E-02	9.89E-01	5.62E-05	4.03E-03	5.90E-04	bad-chisq
group_3886	8.73E-02	1.47E-01	9.32E-01	-5.22E-04	6.13E-03	3.60E-03	bad-chisq
group_3419	8.73E-02	8.83E-03	7.17E-01	-1.62E-02	4.48E-02	1.53E-02	
group_2664	8.73E-02	1.47E-01	9.32E-01	-5.22E-04	6.13E-03	3.60E-03	bad-chisq
cgt	8.73E-02	1.47E-01	9.55E-01	-2.47E-04	4.34E-03	2.41E-03	bad-chisq
melD_4~~~melD_2	8.73E-02	1.47E-01	9.55E-01	-2.47E-04	4.34E-03	2.41E-03	bad-chisq
group_12681	8.56E-02	4.47E-02	7.44E-01	9.88E-04	3.03E-03	1.38E-02	bad-chisq
group_12588	8.38E-02	4.72E-02	9.31E-01	3.10E-04	3.56E-03	3.69E-03	bad-chisq
group_12396	8.56E-02	3.55E-01	1.00E+00	1.82E-06	4.02E-03	1.92E-05	
group_12327	8.56E-02	8.04E-01	7.46E-01	-1.70E-03	5.26E-03	1.37E-02	
group_12239	8.56E-02	1.55E-01	8.70E-10	1.46E-01	2.34E-02	2.55E-01	bad-chisq
group_12156	8.56E-02	1.55E-01	9.78E-01	-6.74E-05	2.50E-03	1.14E-03	bad-chisq
rppH_2	8.56E-02	8.04E-01	9.49E-01	2.27E-03	3.56E-02	2.69E-03	
group_11502	8.56E-02	7.35E-01	5.36E-01	4.78E-02	7.72E-02	2.62E-02	
arlS~~~sasA_2~~~sasA_10~~~sasA_9~~~sasA_3~~~walK_2~~~walK_1~~~sasA_11~~~cusS	8.56E-02	1.55E-01	9.13E-01	-2.35E-04	2.14E-03	4.64E-03	bad-chisq
group_10933	8.56E-02	4.04E-01	5.42E-01	-1.74E-03	2.86E-03	2.58E-02	
draG	8.56E-02	8.04E-01	9.99E-01	8.92E-06	6.19E-03	6.09E-05	
group_10561	8.56E-02	7.35E-01	8.64E-01	1.83E-01	1.06E+00	7.27E-03	
group_10300	8.56E-02	7.35E-01	8.42E-01	-5.51E-04	2.76E-03	8.44E-03	
group_10260	8.38E-02	1.64E-01	9.84E-01	-6.32E-05	3.09E-03	8.66E-04	bad-chisq
group_10104	8.56E-02	7.35E-01	9.97E-01	-8.01E-06	2.20E-03	1.54E-04	
group_10007	8.56E-02	4.04E-01	2.09E-01	-4.35E-02	3.46E-02	5.31E-02	
group_9876	8.38E-02	1.64E-01	9.36E-01	1.93E-04	2.40E-03	3.41E-03	bad-chisq
group_9853	8.56E-02	4.47E-02	9.75E-01	1.24E-04	4.02E-03	1.31E-03	bad-chisq
nusB_2~~~mglA_4~~~mglA_1~~~mglA_3	8.56E-02	8.04E-01	9.99E-01	8.92E-06	5.02E-03	7.52E-05	
group_8306	8.56E-02	3.55E-01	8.99E-01	-3.79E-03	2.99E-02	5.37E-03	
group_8255	8.38E-02	4.72E-02	9.65E-01	1.49E-04	3.38E-03	1.87E-03	bad-chisq
group_7382	8.56E-02	4.47E-02	7.45E-01	1.07E-02	3.27E-02	1.38E-02	bad-chisq
group_7265	8.56E-02	4.04E-01	8.88E-01	-8.58E-04	6.10E-03	5.95E-03	
group_6358	8.56E-02	1.55E-01	9.80E-01	7.29E-05	2.86E-03	1.08E-03	bad-chisq
hpr_2	8.56E-02	1.55E-01	9.58E-01	3.25E-04	6.12E-03	2.24E-03	bad-chisq
group_5543	8.38E-02	4.72E-02	9.56E-01	1.74E-04	3.15E-03	2.34E-03	bad-chisq
sasA_1~~~sasA_7~~~sasA_6~~~tcrY~~~walK_2~~~sasA_3	8.56E-02	4.04E-01	4.16E-01	6.31E-02	7.75E-02	3.44E-02	
group_4646	8.38E-02	4.24E-01	8.55E-01	-4.33E-04	2.38E-03	7.71E-03	
wecA	8.56E-02	4.04E-01	9.06E-01	-5.93E-04	4.99E-03	5.02E-03	
group_3710	8.56E-02	4.04E-01	8.00E-01	-1.53E-03	6.06E-03	1.07E-02	
arcA	8.56E-02	1.55E-01	9.57E-01	2.16E-04	4.02E-03	2.28E-03	bad-chisq
msmE_1	8.56E-02	1.55E-01	9.55E-01	-2.47E-04	4.34E-03	2.41E-03	bad-chisq
rhaR_6~~~rhaR_1	8.56E-02	1.55E-01	9.57E-01	2.16E-04	4.02E-03	2.28E-03	bad-chisq
group_2424	8.56E-02	4.04E-01	8.00E-01	-1.54E-03	6.06E-03	1.07E-02	
ycjP~~~ngcG_3	8.38E-02	4.72E-02	5.63E-01	1.33E-03	2.29E-03	2.45E-02	bad-chisq
group_859	8.56E-02	3.59E-02	8.47E-01	-8.36E-03	4.33E-02	8.16E-03	
group_12639	8.38E-02	3.07E-02	8.63E-01	-3.85E-04	2.23E-03	7.30E-03	
group_12624	8.38E-02	3.29E-01	9.88E-01	-5.95E-05	4.02E-03	6.26E-04	
group_12432	8.38E-02	4.72E-02	5.93E-01	1.09E-03	2.04E-03	2.26E-02	bad-chisq
group_12191	8.38E-02	4.24E-01	9.97E-01	-9.32E-06	2.86E-03	1.38E-04	
group_11725	8.38E-02	3.29E-01	8.59E-01	-2.72E-02	1.54E-01	7.50E-03	
group_11699	8.38E-02	5.90E-03	8.80E-01	-5.38E-04	3.56E-03	6.39E-03	
group_11629	8.38E-02	8.35E-01	1.51E-01	5.50E-01	3.83E-01	6.07E-02	
cmpR~~~cysL_2~~~cysL	8.38E-02	1.17E-01	9.66E-01	5.37E-03	1.26E-01	1.80E-03	
group_11363	8.38E-02	1.64E-01	9.40E-01	2.67E-04	3.56E-03	3.17E-03	bad-chisq
group_11289	8.38E-02	4.72E-02	9.75E-01	1.55E-04	5.00E-03	1.32E-03	bad-chisq
group_11021	8.38E-02	1.17E-01	7.96E-01	3.06E-02	1.18E-01	1.09E-02	
luxS	8.38E-02	1.17E-01	7.96E-01	3.06E-02	1.18E-01	1.09E-02	
group_10941	8.38E-02	7.01E-01	1.71E-02	-7.25E-01	3.03E-01	1.01E-01	
ymdB_1~~~ymdB_3~~~ymdB_2	8.38E-02	7.01E-01	4.14E-01	-2.33E-03	2.85E-03	3.45E-02	
group_10662	8.20E-02	4.44E-01	9.36E-01	-2.37E-04	2.97E-03	3.38E-03	
group_10324	8.38E-02	1.64E-01	1.00E+00	3.23E-07	3.39E-03	4.03E-06	bad-chisq
group_10212	8.38E-02	8.24E-05	6.04E-01	-3.19E-03	6.15E-03	2.20E-02	
group_9887	8.20E-02	2.61E-02	9.82E-01	-8.35E-05	3.68E-03	9.59E-04	
group_9436	8.20E-02	8.67E-01	5.62E-01	1.42E-03	2.45E-03	2.45E-02	
group_9227	8.38E-02	4.24E-01	3.99E-01	-3.05E-02	3.61E-02	3.57E-02	
cssS~~~sasA_3~~~sasA_8~~~rcsC~~~sasA_13~~~sasA_6~~~sasA_11~~~sasA_1	8.38E-02	4.72E-02	5.18E-01	1.59E-03	2.45E-03	2.73E-02	bad-chisq
mepA_2	8.38E-02	8.35E-01	9.39E-01	4.71E-04	6.19E-03	3.22E-03	
group_8828	8.38E-02	2.86E-10	6.10E-02	-6.74E-02	3.59E-02	7.91E-02	
group_8642	8.20E-02	4.98E-02	9.39E-01	2.17E-04	2.81E-03	3.26E-03	bad-chisq
group_8628	8.38E-02	4.24E-01	9.70E-01	-1.53E-03	4.10E-02	1.58E-03	
group_8540	8.38E-02	4.72E-02	9.87E-01	4.26E-05	2.68E-03	6.73E-04	bad-chisq
group_8242	8.38E-02	8.35E-01	9.46E-01	4.16E-04	6.10E-03	2.89E-03	
resA~~~resA_1~~~resA_2	8.38E-02	4.72E-02	9.60E-01	1.15E-04	2.30E-03	2.11E-03	bad-chisq
group_7831	8.20E-02	1.73E-01	9.78E-01	-1.22E-04	4.34E-03	1.19E-03	bad-chisq
group_7830	8.20E-02	4.98E-02	9.18E-01	4.45E-04	4.34E-03	4.34E-03	bad-chisq
group_7773	8.38E-02	4.72E-02	3.89E-01	3.15E-03	3.66E-03	3.64E-02	bad-chisq
group_7290	8.20E-02	4.98E-02	9.18E-01	4.45E-04	4.34E-03	4.34E-03	bad-chisq
group_7274	8.38E-02	1.17E-01	9.01E-01	6.58E-04	5.31E-03	5.24E-03	
group_7124	8.38E-02	4.72E-02	9.57E-01	1.31E-04	2.46E-03	2.26E-03	bad-chisq
group_6832	8.38E-02	4.72E-02	9.89E-01	6.70E-05	5.02E-03	5.64E-04	bad-chisq
group_6658	8.38E-02	4.24E-01	8.17E-01	-9.32E-04	4.02E-03	9.81E-03	
group_6312	8.38E-02	4.24E-01	9.59E-01	-1.18E-04	2.31E-03	2.17E-03	
group_5626	8.38E-02	8.35E-01	9.43E-01	2.54E-04	3.54E-03	3.03E-03	
group_5505	8.38E-02	4.72E-02	9.73E-01	2.03E-04	6.07E-03	1.41E-03	bad-chisq
group_5097	8.38E-02	8.35E-01	8.20E-01	-6.64E-04	2.91E-03	9.65E-03	
group_4413	8.38E-02	4.24E-01	5.91E-01	-1.60E-02	2.98E-02	2.27E-02	
group_4388	8.38E-02	4.24E-01	5.91E-01	-1.60E-02	2.98E-02	2.27E-02	
group_4303	8.20E-02	1.73E-01	6.77E-01	8.55E-04	2.05E-03	1.76E-02	bad-chisq
group_3635	8.20E-02	4.98E-02	5.88E-01	1.17E-03	2.15E-03	2.29E-02	bad-chisq
group_3549	8.38E-02	4.24E-01	5.91E-01	-1.60E-02	2.98E-02	2.27E-02	
group_3541	8.38E-02	8.35E-01	9.65E-01	-1.44E-04	3.30E-03	1.84E-03	
group_3329	8.38E-02	8.35E-01	9.55E-01	-1.22E-04	2.16E-03	2.39E-03	
group_2380	8.38E-02	4.72E-02	9.57E-01	2.19E-04	4.02E-03	2.30E-03	bad-chisq
group_2266	8.38E-02	4.72E-02	9.96E-01	9.79E-06	2.08E-03	1.99E-04	bad-chisq
group_1402	8.20E-02	4.98E-02	5.63E-01	1.33E-03	2.29E-03	2.45E-02	bad-chisq
group_792	8.20E-02	4.98E-02	5.63E-01	1.33E-03	2.29E-03	2.45E-02	bad-chisq
group_14643	8.20E-02	1.73E-01	9.27E-01	-2.45E-04	2.68E-03	3.86E-03	bad-chisq
group_12650	8.20E-02	8.67E-01	9.17E-01	-3.23E-04	3.08E-03	4.43E-03	
group_12415	8.20E-02	1.73E-01	8.83E-01	3.76E-04	2.55E-03	6.23E-03	bad-chisq
group_12399	8.20E-02	4.44E-01	9.93E-01	2.26E-05	2.46E-03	3.89E-04	
group_12196	8.20E-02	4.98E-02	9.92E-01	3.72E-05	3.55E-03	4.43E-04	bad-chisq
group_11476	8.20E-02	8.67E-01	4.48E-02	-6.43E-02	3.20E-02	8.48E-02	
nahK_2~~~nahK	8.20E-02	6.67E-01	9.95E-01	-1.11E-03	1.73E-01	2.71E-04	
group_11050	8.20E-02	4.44E-01	9.81E-01	1.24E-04	5.36E-03	9.82E-04	
group_11026	8.20E-02	8.67E-01	9.42E-01	2.88E-03	3.97E-02	3.07E-03	
group_10748	8.20E-02	1.73E-01	9.61E-01	-1.55E-04	3.15E-03	2.08E-03	bad-chisq
group_10675	8.20E-02	4.98E-02	9.53E-01	2.36E-04	4.03E-03	2.48E-03	bad-chisq
topB~~~topB_5~~~topB_1~~~topB_2	8.20E-02	1.73E-01	9.63E-01	-1.29E-04	2.81E-03	1.95E-03	bad-chisq
group_10548	8.20E-02	4.98E-02	9.93E-01	2.88E-05	3.16E-03	3.86E-04	bad-chisq
yjcS	8.20E-02	4.98E-02	9.70E-01	1.05E-04	2.81E-03	1.58E-03	bad-chisq
group_10438	8.20E-02	4.44E-01	9.66E-01	2.26E-04	5.35E-03	1.79E-03	
group_10404	8.02E-02	5.26E-02	9.46E-01	1.37E-04	2.03E-03	2.85E-03	bad-chisq
group_9811	8.20E-02	8.67E-01	2.34E-01	5.14E-01	4.31E-01	5.03E-02	
group_9768	8.20E-02	1.04E-01	9.50E-01	-6.60E-03	1.05E-01	2.67E-03	
egsA	8.20E-02	1.04E-01	7.07E-01	4.23E-02	1.13E-01	1.59E-02	
sphR~~~walR_2~~~walR_3	8.20E-02	1.04E-01	9.03E-01	-4.20E-03	3.44E-02	5.17E-03	
group_9390	8.20E-02	6.67E-01	9.96E-01	-2.94E-05	5.39E-03	2.31E-04	
group_9228	8.20E-02	4.98E-02	9.67E-01	1.49E-04	3.55E-03	1.77E-03	bad-chisq
group_9169	8.02E-02	1.82E-01	9.62E-01	-2.39E-04	5.01E-03	2.02E-03	bad-chisq
group_9057	8.20E-02	4.44E-01	8.64E-01	-5.07E-04	2.97E-03	7.23E-03	
group_8727	8.20E-02	4.44E-01	7.83E-01	-1.46E-03	5.29E-03	1.17E-02	
xerC_16~~~xerC_1~~~xerD_4~~~xerC_3~~~xerC_2~~~xerD_2~~~xerD_1	8.20E-02	8.67E-01	9.13E-01	-5.75E-04	5.27E-03	4.62E-03	
group_8471	8.20E-02	1.73E-01	9.68E-01	-9.31E-05	2.28E-03	1.72E-03	bad-chisq
group_8043	8.02E-02	5.26E-02	8.84E-01	8.91E-04	6.09E-03	6.19E-03	bad-chisq
group_8002	8.02E-02	5.26E-02	9.18E-01	4.46E-04	4.35E-03	4.34E-03	bad-chisq
mdcB~~~citG	8.20E-02	6.67E-01	9.96E-01	-5.64E-04	1.14E-01	2.09E-04	
group_6932	8.20E-02	6.67E-01	3.34E-01	-3.25E-03	3.37E-03	4.08E-02	
group_6881	8.02E-02	4.65E-01	8.55E-01	-4.33E-04	2.38E-03	7.71E-03	
group_6763	8.20E-02	4.98E-02	9.57E-01	2.19E-04	4.02E-03	2.30E-03	bad-chisq
group_6396	8.02E-02	9.00E-01	5.63E-01	1.42E-03	2.45E-03	2.45E-02	
citC	8.20E-02	6.67E-01	9.96E-01	-5.64E-04	1.14E-01	2.09E-04	
group_6228	8.20E-02	1.73E-01	9.47E-01	1.96E-04	2.97E-03	2.80E-03	bad-chisq
group_6176	8.20E-02	3.90E-06	3.07E-01	-3.97E-02	3.88E-02	4.32E-02	
group_6047	8.20E-02	4.98E-02	9.57E-01	2.19E-04	4.02E-03	2.30E-03	bad-chisq
group_5788	8.20E-02	4.98E-02	9.57E-01	2.19E-04	4.02E-03	2.30E-03	bad-chisq
group_5696	8.20E-02	1.73E-01	8.72E-01	4.20E-04	2.60E-03	6.84E-03	bad-chisq
group_5689	8.20E-02	8.67E-01	7.43E-01	-1.75E-03	5.32E-03	1.39E-02	
phnF	8.20E-02	1.73E-01	9.68E-01	-1.28E-04	3.16E-03	1.72E-03	bad-chisq
group_4891	8.20E-02	1.73E-01	9.42E-01	3.87E-04	5.30E-03	3.09E-03	bad-chisq
citF_2~~~citF	8.20E-02	6.67E-01	9.96E-01	-5.64E-04	1.14E-01	2.09E-04	
group_4355	8.02E-02	5.26E-02	5.88E-01	1.17E-03	2.15E-03	2.29E-02	bad-chisq
group_3386	8.20E-02	6.67E-01	9.00E-01	4.45E-04	3.55E-03	5.31E-03	
btsS	8.20E-02	4.44E-01	5.89E-01	-1.62E-02	2.99E-02	2.29E-02	
group_3283	8.02E-02	5.26E-02	5.63E-01	1.33E-03	2.29E-03	2.44E-02	bad-chisq
group_3237	8.02E-02	5.26E-02	5.88E-01	1.17E-03	2.15E-03	2.29E-02	bad-chisq
livH_1	8.20E-02	4.98E-02	9.57E-01	2.19E-04	4.02E-03	2.30E-03	bad-chisq
livH_3~~~livH_2	8.20E-02	4.98E-02	9.57E-01	2.19E-04	4.02E-03	2.30E-03	bad-chisq
group_1258	8.20E-02	4.44E-01	5.89E-01	-1.62E-02	2.99E-02	2.29E-02	
group_824	8.20E-02	8.67E-01	9.89E-01	1.76E-03	1.30E-01	5.73E-04	
group_607	8.20E-02	1.73E-01	9.62E-01	-1.33E-04	2.82E-03	2.00E-03	bad-chisq
group_15064	8.02E-02	9.00E-01	7.35E-01	1.96E-01	5.80E-01	1.43E-02	
group_14359	7.84E-02	1.92E-01	9.23E-01	-3.77E-04	3.89E-03	4.10E-03	bad-chisq
group_12690	8.02E-02	1.82E-01	8.01E-01	-1.52E-03	6.00E-03	1.07E-02	bad-chisq
dnaI~~~dnaI_1	8.02E-02	5.26E-02	4.38E-01	2.18E-03	2.80E-03	3.28E-02	bad-chisq
group_12638	8.02E-02	2.79E-01	9.87E-01	6.50E-05	4.03E-03	6.81E-04	
noc_2~~~noc_4~~~noc_3	7.84E-02	9.33E-01	9.04E-01	-3.32E-04	2.76E-03	5.09E-03	
group_11716	8.02E-02	5.26E-02	9.73E-01	1.79E-04	5.28E-03	1.43E-03	bad-chisq
group_11531	8.02E-02	9.18E-02	9.17E-01	-1.45E-02	1.39E-01	4.42E-03	
group_11506	7.84E-02	5.55E-02	9.19E-01	5.07E-04	4.98E-03	4.31E-03	bad-chisq
group_11360	8.02E-02	9.00E-01	9.41E-01	-3.97E-04	5.36E-03	3.13E-03	
irtA~~~hepA~~~irtA_1~~~msbA_1~~~msbA	7.84E-02	2.56E-01	9.95E-01	-2.02E-05	3.38E-03	2.53E-04	
lacX	8.02E-02	3.33E-09	2.85E-01	-8.09E-01	7.55E-01	4.52E-02	
group_11261	8.02E-02	9.00E-01	9.76E-01	7.52E-05	2.52E-03	1.26E-03	
group_10226	8.02E-02	6.33E-01	9.56E-01	1.78E-04	3.22E-03	2.33E-03	
vat~~~cat	8.02E-02	5.26E-02	2.42E-01	5.87E-03	5.01E-03	4.95E-02	bad-chisq
group_9924	8.02E-02	9.00E-01	9.84E-01	3.32E-03	1.69E-01	8.31E-04	
group_9754	8.02E-02	1.82E-01	9.55E-01	1.45E-04	2.57E-03	2.39E-03	bad-chisq
group_9564	8.02E-02	9.00E-01	9.34E-01	1.77E-02	2.13E-01	3.52E-03	
group_9422	8.02E-02	4.65E-01	9.13E-01	-2.62E-04	2.40E-03	4.62E-03	
group_9132	8.02E-02	1.09E-07	8.31E-01	3.02E-02	1.41E-01	9.02E-03	
yknY~~~yknY_2	8.02E-02	9.00E-01	9.93E-01	3.50E-05	3.79E-03	3.91E-04	
group_9074	8.02E-02	4.65E-01	9.32E-01	-3.45E-04	4.03E-03	3.62E-03	
group_8862	8.02E-02	9.00E-01	9.82E-01	-5.17E-05	2.32E-03	9.43E-04	
dnaG_2~~~dnaG_4~~~dnaG_1	8.02E-02	1.82E-01	9.62E-01	-1.93E-04	4.02E-03	2.03E-03	bad-chisq
group_8615	7.84E-02	1.92E-01	9.77E-01	-1.23E-04	4.33E-03	1.20E-03	bad-chisq
group_8501	8.02E-02	1.82E-01	9.79E-01	-7.82E-05	2.96E-03	1.12E-03	bad-chisq
xerC_2~~~xerC_3~~~xerC_9	8.02E-02	1.82E-01	9.84E-01	1.05E-04	5.32E-03	8.35E-04	bad-chisq
pyrP	8.02E-02	1.82E-01	9.90E-01	7.94E-05	6.16E-03	5.45E-04	bad-chisq
clpP_1~~~clpP_2	7.84E-02	1.92E-01	9.82E-01	-8.01E-05	3.56E-03	9.53E-04	bad-chisq
group_6957	8.02E-02	5.26E-02	8.25E-01	6.10E-04	2.76E-03	9.34E-03	bad-chisq
group_6801	8.02E-02	4.65E-01	8.17E-01	-9.33E-04	4.02E-03	9.81E-03	
group_6136	8.02E-02	1.82E-01	9.38E-01	-2.40E-04	3.08E-03	3.30E-03	bad-chisq
group_6115	8.02E-02	1.82E-01	2.49E-01	4.40E-02	3.81E-02	4.87E-02	bad-chisq
group_5961	8.02E-02	1.82E-01	9.37E-01	-2.37E-04	3.00E-03	3.35E-03	bad-chisq
group_5859	8.02E-02	1.82E-01	1.57E-20	-3.74E-01	3.87E-02	3.78E-01	bad-chisq
group_5847	8.02E-02	9.00E-01	9.84E-01	3.32E-03	1.69E-01	8.31E-04	
group_5768	8.02E-02	9.00E-01	9.87E-01	2.91E-03	1.76E-01	7.00E-04	
pgdA_1	8.02E-02	5.26E-02	9.57E-01	2.18E-04	4.02E-03	2.30E-03	bad-chisq
group_4624	8.02E-02	7.10E-11	9.07E-01	-4.71E-04	4.04E-03	4.93E-03	
pgdA_1~~~pgdA_2	8.02E-02	5.26E-02	9.57E-01	2.18E-04	4.02E-03	2.30E-03	bad-chisq
btuD_5~~~btuD_2	8.02E-02	1.82E-01	8.26E-01	-8.93E-03	4.07E-02	9.28E-03	bad-chisq
group_4476	8.02E-02	1.82E-01	8.26E-01	-8.93E-03	4.07E-02	9.28E-03	bad-chisq
citD_2~~~citD	8.02E-02	9.00E-01	9.86E-01	3.05E-03	1.71E-01	7.57E-04	
group_4409	8.02E-02	9.00E-01	1.00E+00	2.82E-06	5.38E-03	2.22E-05	
group_4258	7.84E-02	1.92E-01	9.65E-01	-9.97E-05	2.27E-03	1.85E-03	bad-chisq
pglC~~~pglC_2	8.02E-02	1.82E-01	8.22E-01	-9.25E-03	4.11E-02	9.52E-03	bad-chisq
group_3911	8.02E-02	1.82E-01	1.57E-20	-3.74E-01	3.87E-02	3.78E-01	bad-chisq
sasA_4	8.02E-02	1.82E-01	1.57E-20	-3.74E-01	3.87E-02	3.78E-01	bad-chisq
ftsX	8.02E-02	9.00E-01	9.84E-01	3.32E-03	1.69E-01	8.31E-04	
citE	8.02E-02	9.00E-01	9.86E-01	3.05E-03	1.71E-01	7.57E-04	
group_3615	8.02E-02	5.26E-02	9.95E-01	1.79E-05	2.63E-03	2.87E-04	bad-chisq
group_3542	8.02E-02	9.00E-01	9.84E-01	3.32E-03	1.69E-01	8.31E-04	
group_3050	8.02E-02	9.00E-01	9.84E-01	3.32E-03	1.69E-01	8.31E-04	
group_2991	8.02E-02	1.82E-01	9.73E-01	-1.37E-04	4.04E-03	1.43E-03	bad-chisq
group_2932	8.02E-02	1.82E-01	8.26E-01	-8.93E-03	4.07E-02	9.28E-03	bad-chisq
group_2931	7.84E-02	5.55E-02	9.34E-01	2.56E-04	3.09E-03	3.50E-03	bad-chisq
scrK	8.02E-02	9.00E-01	9.84E-01	3.32E-03	1.69E-01	8.31E-04	
recD2_1~~~recD2_3~~~recD2_2~~~recD2_4	7.84E-02	1.92E-01	9.65E-01	-9.92E-05	2.27E-03	1.84E-03	bad-chisq
hprA	8.02E-02	5.26E-02	9.57E-01	2.19E-04	4.03E-03	2.30E-03	bad-chisq
group_2650	8.02E-02	1.82E-01	8.26E-01	-8.93E-03	4.07E-02	9.28E-03	bad-chisq
group_2251	7.84E-02	1.92E-01	9.82E-01	-5.76E-05	2.57E-03	9.49E-04	bad-chisq
group_2070	8.02E-02	9.00E-01	9.84E-01	3.32E-03	1.69E-01	8.31E-04	
hflX	7.84E-02	9.33E-01	9.12E-01	1.31E-01	1.18E+00	4.70E-03	
oppF_4~~~oppF_2	8.02E-02	1.82E-01	1.57E-20	-3.74E-01	3.87E-02	3.78E-01	bad-chisq
group_1899	8.02E-02	1.82E-01	8.26E-01	-8.93E-03	4.07E-02	9.28E-03	bad-chisq
guaD_2~~~guaD_1	8.02E-02	1.82E-01	9.62E-01	-1.35E-04	2.82E-03	2.03E-03	bad-chisq
ydcV	8.02E-02	9.00E-01	9.84E-01	3.32E-03	1.69E-01	8.31E-04	
group_1716	8.02E-02	1.82E-01	1.57E-20	-3.74E-01	3.87E-02	3.78E-01	bad-chisq
oppD_4~~~oppD_2	8.02E-02	1.82E-01	1.57E-20	-3.74E-01	3.87E-02	3.78E-01	bad-chisq
group_1685	8.02E-02	1.82E-01	8.26E-01	-8.93E-03	4.07E-02	9.28E-03	bad-chisq
gsiD_1	8.02E-02	1.82E-01	1.57E-20	-3.74E-01	3.87E-02	3.78E-01	bad-chisq
arnC_2	8.02E-02	1.82E-01	8.26E-01	-8.93E-03	4.07E-02	9.28E-03	bad-chisq
yheH_2	8.02E-02	6.33E-01	4.72E-01	-5.06E-01	7.02E-01	3.04E-02	
group_1426	8.02E-02	9.00E-01	9.82E-01	5.53E-03	2.43E-01	9.65E-04	
group_1270	8.02E-02	1.82E-01	9.35E-01	-3.54E-04	4.33E-03	3.45E-03	bad-chisq
group_1227	8.02E-02	5.26E-02	9.84E-01	1.04E-04	5.29E-03	8.29E-04	bad-chisq
group_1072	8.02E-02	9.00E-01	9.84E-01	3.32E-03	1.69E-01	8.31E-04	
group_952	8.02E-02	5.26E-02	9.57E-01	2.18E-04	4.02E-03	2.30E-03	bad-chisq
cheB_3	8.02E-02	4.65E-01	5.39E-01	-2.07E-02	3.37E-02	2.60E-02	
group_416	8.02E-02	9.00E-01	9.84E-01	3.32E-03	1.69E-01	8.31E-04	
group_15576	7.84E-02	5.99E-01	6.75E-01	6.99E-04	1.67E-03	1.77E-02	
braC~~~livK	7.84E-02	5.55E-02	9.58E-01	2.14E-04	4.02E-03	2.25E-03	bad-chisq
group_15414	7.84E-02	9.33E-01	9.12E-01	1.31E-01	1.18E+00	4.70E-03	
group_14289	7.84E-02	9.33E-01	9.12E-01	1.31E-01	1.18E+00	4.70E-03	
group_14166	7.84E-02	9.33E-01	9.12E-01	1.31E-01	1.18E+00	4.70E-03	
group_14033	7.84E-02	9.33E-01	9.12E-01	1.31E-01	1.18E+00	4.70E-03	
group_13713	7.84E-02	9.33E-01	9.12E-01	1.31E-01	1.18E+00	4.70E-03	
group_13186	7.84E-02	5.55E-02	3.72E-01	3.03E-02	3.39E-02	3.78E-02	bad-chisq
group_12621	7.84E-02	9.33E-01	9.98E-01	-1.03E-05	4.03E-03	1.09E-04	
group_12411	7.84E-02	2.56E-01	9.97E-01	2.05E-05	6.03E-03	1.44E-04	
group_12134	7.84E-02	5.55E-02	8.91E-01	3.66E-03	2.68E-02	5.79E-03	bad-chisq
group_11834	7.66E-02	5.11E-01	8.58E-01	-5.04E-04	2.81E-03	7.59E-03	
group_11825	7.84E-02	9.33E-01	9.12E-01	1.31E-01	1.18E+00	4.70E-03	
group_11808	7.84E-02	4.88E-01	9.85E-01	4.41E-05	2.28E-03	8.17E-04	
group_11653	7.84E-02	9.33E-01	9.83E-01	1.66E-03	7.61E-02	9.21E-04	
group_11557	7.84E-02	9.33E-01	9.12E-01	1.31E-01	1.18E+00	4.70E-03	
group_11399	7.84E-02	9.33E-01	9.54E-01	-8.94E-03	1.56E-01	2.43E-03	
group_11324	7.84E-02	9.33E-01	9.87E-01	1.38E-03	8.57E-02	6.79E-04	
yafP	7.84E-02	3.00E-03	9.94E-01	1.49E-05	2.15E-03	2.94E-04	
group_10756	7.84E-02	9.33E-01	9.12E-01	1.31E-01	1.18E+00	4.70E-03	
group_10665	7.84E-02	8.06E-02	9.17E-01	-2.28E-04	2.17E-03	4.43E-03	
group_10452	7.84E-02	9.33E-01	9.65E-01	9.39E-03	2.16E-01	1.84E-03	
group_10250	7.84E-02	9.33E-01	9.12E-01	1.31E-01	1.18E+00	4.70E-03	
group_10158	7.84E-02	9.33E-01	9.97E-01	4.23E-04	1.27E-01	1.40E-04	
group_9836	7.84E-02	1.92E-01	8.72E-01	-8.07E-04	5.02E-03	6.80E-03	bad-chisq
sigW_4	7.84E-02	9.33E-01	9.12E-01	1.31E-01	1.18E+00	4.70E-03	
group_9622	7.84E-02	8.06E-02	8.94E-01	-1.77E-02	1.33E-01	5.64E-03	
group_9607	7.66E-02	5.11E-01	8.48E-01	-3.70E-04	1.92E-03	8.13E-03	
group_9376	7.66E-02	9.68E-01	9.47E-01	-2.26E-04	3.43E-03	2.79E-03	
group_9068	7.66E-02	2.03E-01	9.72E-01	-8.50E-05	2.46E-03	1.46E-03	bad-chisq
ykoD~~~btuD_4	7.84E-02	9.33E-01	9.93E-01	3.50E-05	3.79E-03	3.91E-04	
group_8357	7.84E-02	9.33E-01	9.12E-01	1.31E-01	1.18E+00	4.70E-03	
group_8263	7.84E-02	5.55E-02	9.87E-01	4.70E-05	2.97E-03	6.69E-04	bad-chisq
group_7767	7.84E-02	9.33E-01	8.31E-01	3.14E-02	1.47E-01	9.05E-03	
group_7682	7.84E-02	1.92E-01	9.73E-01	-1.38E-04	4.04E-03	1.44E-03	bad-chisq
group_7576	7.84E-02	9.33E-01	8.89E-01	-3.32E-04	2.37E-03	5.92E-03	
gdhIV	7.84E-02	1.92E-01	3.55E-01	-3.40E-02	3.66E-02	3.92E-02	bad-chisq
group_7112	7.84E-02	9.33E-01	9.95E-01	7.50E-04	1.25E-01	2.54E-04	
group_7093	7.84E-02	5.99E-01	9.94E-01	2.70E-05	3.58E-03	3.19E-04	
group_6726	7.84E-02	9.33E-01	9.12E-01	1.31E-01	1.18E+00	4.70E-03	
group_6254	7.84E-02	1.92E-01	9.73E-01	-1.35E-04	4.04E-03	1.42E-03	bad-chisq
group_6132	7.84E-02	9.33E-01	9.12E-01	1.31E-01	1.18E+00	4.70E-03	
group_5947	7.84E-02	9.33E-01	9.12E-01	1.31E-01	1.18E+00	4.70E-03	
group_5887	7.84E-02	9.33E-01	9.12E-01	1.31E-01	1.18E+00	4.70E-03	
bag	7.84E-02	9.33E-01	9.98E-01	-1.42E-05	6.20E-03	9.68E-05	
group_5694	7.84E-02	9.33E-01	9.12E-01	1.31E-01	1.18E+00	4.70E-03	
araA_1~~~araA_2	7.84E-02	9.33E-01	9.12E-01	1.31E-01	1.18E+00	4.70E-03	
group_5354	7.84E-02	9.33E-01	9.12E-01	1.31E-01	1.18E+00	4.70E-03	
group_5309	7.84E-02	1.92E-01	8.19E-01	-9.58E-03	4.18E-02	9.70E-03	bad-chisq
group_5111	7.84E-02	9.33E-01	9.92E-01	7.87E-04	8.23E-02	4.04E-04	
group_4899	7.84E-02	9.33E-01	9.12E-01	1.31E-01	1.18E+00	4.70E-03	
group_4815	7.84E-02	9.33E-01	9.12E-01	1.31E-01	1.18E+00	4.70E-03	
group_4704	7.84E-02	9.33E-01	9.12E-01	1.31E-01	1.18E+00	4.70E-03	
moaA_3~~~moaA~~~moaA1~~~moaA_2	7.84E-02	9.33E-01	9.12E-01	1.31E-01	1.18E+00	4.70E-03	
group_4592	7.84E-02	9.33E-01	9.12E-01	1.31E-01	1.18E+00	4.70E-03	
mshA_1~~~mgtA	7.84E-02	1.92E-01	8.19E-01	-9.58E-03	4.18E-02	9.70E-03	bad-chisq
group_4301	7.84E-02	9.33E-01	9.12E-01	1.31E-01	1.18E+00	4.70E-03	
group_4183	7.84E-02	1.92E-01	9.73E-01	-1.38E-04	4.04E-03	1.44E-03	bad-chisq
divIB	7.84E-02	9.33E-01	9.92E-01	1.27E-03	1.30E-01	4.16E-04	
yccF	7.84E-02	9.33E-01	9.12E-01	1.31E-01	1.18E+00	4.70E-03	
araC_1	7.84E-02	9.33E-01	9.12E-01	1.31E-01	1.18E+00	4.70E-03	
group_3826	7.84E-02	9.33E-01	9.12E-01	1.31E-01	1.18E+00	4.70E-03	
group_3716	7.84E-02	4.88E-01	9.80E-01	1.55E-04	6.05E-03	1.09E-03	
group_3697	7.84E-02	9.33E-01	7.70E-01	3.92E-02	1.34E-01	1.24E-02	
group_3696	7.84E-02	9.33E-01	9.92E-01	1.04E-03	1.04E-01	4.25E-04	
group_3384	7.84E-02	9.33E-01	9.12E-01	1.31E-01	1.18E+00	4.70E-03	
group_3102	7.84E-02	1.92E-01	9.62E-01	-1.35E-04	2.82E-03	2.03E-03	bad-chisq
group_2925	7.84E-02	1.92E-01	9.73E-01	1.38E-04	4.03E-03	1.45E-03	bad-chisq
oppB	7.84E-02	9.33E-01	9.12E-01	1.31E-01	1.18E+00	4.70E-03	
group_2660	7.84E-02	9.33E-01	9.12E-01	1.31E-01	1.18E+00	4.70E-03	
group_2642	7.84E-02	9.33E-01	9.12E-01	1.31E-01	1.18E+00	4.70E-03	
group_2490	7.84E-02	9.33E-01	9.12E-01	1.31E-01	1.18E+00	4.70E-03	
lsrB	7.84E-02	9.33E-01	9.12E-01	1.31E-01	1.18E+00	4.70E-03	
lsrD	7.84E-02	9.33E-01	9.12E-01	1.31E-01	1.18E+00	4.70E-03	
group_2385	7.84E-02	1.92E-01	9.62E-01	-1.35E-04	2.82E-03	2.03E-03	bad-chisq
group_2290	7.84E-02	9.33E-01	9.12E-01	1.31E-01	1.18E+00	4.70E-03	
group_2231	7.84E-02	9.33E-01	9.12E-01	1.31E-01	1.18E+00	4.70E-03	
group_2230	7.84E-02	9.33E-01	9.12E-01	1.31E-01	1.18E+00	4.70E-03	
group_2199	7.84E-02	9.33E-01	9.12E-01	1.31E-01	1.18E+00	4.70E-03	
group_2196	7.84E-02	9.33E-01	9.12E-01	1.31E-01	1.18E+00	4.70E-03	
group_1928	7.84E-02	9.33E-01	9.12E-01	1.31E-01	1.18E+00	4.70E-03	
group_1927	7.84E-02	1.92E-01	1.88E-01	4.99E-02	3.79E-02	5.56E-02	bad-chisq
group_1912	7.84E-02	1.92E-01	4.41E-21	-3.72E-01	3.79E-02	3.83E-01	bad-chisq
aspC_1~~~dapX	7.84E-02	9.33E-01	9.92E-01	1.04E-03	1.04E-01	4.25E-04	
asnC	7.66E-02	5.86E-02	9.66E-01	1.27E-04	3.00E-03	1.80E-03	bad-chisq
nanB	7.66E-02	5.86E-02	9.51E-01	1.42E-04	2.30E-03	2.61E-03	bad-chisq
group_1695	7.84E-02	9.33E-01	9.12E-01	1.31E-01	1.18E+00	4.70E-03	
group_1632	7.84E-02	9.33E-01	9.12E-01	1.31E-01	1.18E+00	4.70E-03	
oppD_2	7.84E-02	9.33E-01	9.12E-01	1.31E-01	1.18E+00	4.70E-03	
group_1552	7.84E-02	9.33E-01	9.12E-01	1.31E-01	1.18E+00	4.70E-03	
oppC	7.84E-02	9.33E-01	9.12E-01	1.31E-01	1.18E+00	4.70E-03	
group_1321	7.84E-02	9.33E-01	9.12E-01	1.31E-01	1.18E+00	4.70E-03	
group_1290	7.84E-02	9.33E-01	9.12E-01	1.31E-01	1.18E+00	4.70E-03	
group_1288	7.84E-02	9.33E-01	9.12E-01	1.31E-01	1.18E+00	4.70E-03	
group_1283	7.84E-02	9.33E-01	9.12E-01	1.31E-01	1.18E+00	4.70E-03	
group_1200	7.84E-02	9.33E-01	9.12E-01	1.31E-01	1.18E+00	4.70E-03	
araC_1~~~araC_2	7.84E-02	9.33E-01	9.12E-01	1.31E-01	1.18E+00	4.70E-03	
group_1113	7.66E-02	2.03E-01	9.49E-01	-1.60E-04	2.51E-03	2.70E-03	bad-chisq
group_1071	7.84E-02	9.33E-01	9.12E-01	1.31E-01	1.18E+00	4.70E-03	
group_156	7.84E-02	4.88E-01	8.92E-01	-8.24E-04	6.08E-03	5.73E-03	
group_15316	7.66E-02	9.68E-01	9.99E-01	-5.16E-06	6.21E-03	3.52E-05	
group_15014	7.66E-02	2.03E-01	9.41E-01	-1.98E-04	2.68E-03	3.13E-03	bad-chisq
group_14847	7.66E-02	9.68E-01	9.99E-01	-5.16E-06	6.21E-03	3.52E-05	
group_14616	7.66E-02	9.68E-01	1.00E+00	2.03E-06	5.39E-03	1.59E-05	
group_14333	7.66E-02	9.68E-01	1.00E+00	2.03E-06	5.39E-03	1.59E-05	
group_14185	7.66E-02	9.68E-01	5.97E-01	9.22E-02	1.74E-01	2.24E-02	
group_13962	7.49E-02	5.35E-01	9.30E-01	-2.48E-04	2.81E-03	3.73E-03	
group_13859	7.66E-02	9.68E-01	9.78E-01	7.99E-03	2.93E-01	1.15E-03	
group_13694	7.66E-02	5.11E-01	8.17E-01	-8.04E-03	3.48E-02	9.78E-03	
group_13595	7.66E-02	9.68E-01	9.96E-01	8.65E-04	1.82E-01	2.01E-04	
group_12649	7.66E-02	7.04E-02	9.38E-01	-4.06E-03	5.25E-02	3.27E-03	
group_12598	7.66E-02	5.65E-01	9.81E-01	9.34E-05	4.03E-03	9.81E-04	
group_12587	7.66E-02	2.03E-01	5.45E-01	1.47E-03	2.42E-03	2.56E-02	bad-chisq
group_12555	7.66E-02	5.86E-02	9.15E-01	2.40E-04	2.24E-03	4.54E-03	bad-chisq
group_12209	7.66E-02	5.86E-02	9.31E-01	3.08E-04	3.56E-03	3.66E-03	bad-chisq
group_12041	7.66E-02	9.68E-01	9.77E-01	7.34E-04	2.53E-02	1.23E-03	
group_11909	7.66E-02	5.11E-01	5.04E-01	-2.24E-02	3.35E-02	2.83E-02	
group_11906	7.49E-02	5.35E-01	8.42E-01	-4.50E-04	2.25E-03	8.44E-03	
group_11603	7.66E-02	2.03E-01	9.78E-01	8.04E-05	2.97E-03	1.15E-03	bad-chisq
group_11143	7.66E-02	2.33E-01	9.01E-01	-7.60E-04	6.10E-03	5.26E-03	
hcp_2~~~hcp	7.66E-02	7.04E-02	9.95E-01	-4.12E-05	6.19E-03	2.81E-04	
group_10955	7.66E-02	5.86E-02	2.29E-01	6.32E-03	5.25E-03	5.08E-02	bad-chisq
group_10843	7.66E-02	9.68E-01	9.15E-01	-9.18E-03	8.61E-02	4.51E-03	
noc_2~~~spo0C~~~noc_5~~~noc~~~noc_1	7.49E-02	2.14E-01	5.79E-01	1.27E-03	2.28E-03	2.35E-02	bad-chisq
toxA	7.66E-02	2.03E-01	9.61E-01	-1.14E-04	2.32E-03	2.09E-03	bad-chisq
group_10345	7.66E-02	9.68E-01	8.08E-01	-3.88E-02	1.59E-01	1.03E-02	
hdfR_1~~~hdfR_2~~~hdfR	7.66E-02	5.11E-01	9.75E-01	1.17E-04	3.68E-03	1.34E-03	
group_9104	7.66E-02	5.86E-02	9.77E-01	1.04E-04	3.55E-03	1.24E-03	bad-chisq
group_9079	7.66E-02	9.68E-01	9.93E-01	3.48E-05	3.79E-03	3.89E-04	
group_8922	7.66E-02	5.86E-02	9.14E-01	4.14E-03	3.82E-02	4.59E-03	bad-chisq
sigA_1~~~sigE_2~~~sigA_3~~~sigA_2~~~rpoD~~~sigE_1	7.66E-02	5.86E-02	9.81E-01	6.18E-05	2.60E-03	1.01E-03	bad-chisq
mgsR	7.49E-02	9.97E-01	2.73E-01	-4.73E-03	4.31E-03	4.63E-02	
group_8764	7.66E-02	2.03E-01	9.82E-01	-5.77E-05	2.57E-03	9.52E-04	bad-chisq
group_8665	7.66E-02	9.68E-01	9.92E-01	3.60E-05	3.79E-03	4.03E-04	
group_8626	7.66E-02	2.03E-01	9.95E-01	3.64E-05	5.31E-03	2.90E-04	bad-chisq
xerC_5~~~xerC_4~~~xerC_6	7.66E-02	5.86E-02	9.83E-01	5.32E-05	2.46E-03	9.13E-04	bad-chisq
group_8314	7.66E-02	5.11E-01	9.58E-01	1.44E-04	2.72E-03	2.24E-03	
group_8175	7.49E-02	9.97E-01	4.24E-01	-2.37E-03	2.96E-03	3.38E-02	
group_8174	7.66E-02	9.68E-01	9.91E-01	2.12E-03	1.99E-01	4.51E-04	
group_8163	7.66E-02	2.03E-01	5.68E-01	-1.45E-02	2.54E-02	2.42E-02	bad-chisq
group_7323	7.66E-02	2.03E-01	4.02E-01	-3.37E-03	4.02E-03	3.55E-02	bad-chisq
group_7217	7.66E-02	5.65E-01	5.95E-01	-3.22E-03	6.05E-03	2.25E-02	
group_7176	7.66E-02	2.03E-01	5.02E-21	-3.71E-01	3.78E-02	3.83E-01	bad-chisq
natR	7.66E-02	9.68E-01	8.67E-01	-3.17E-02	1.89E-01	7.09E-03	
group_6853	7.66E-02	9.68E-01	9.18E-01	-2.87E-02	2.79E-01	4.35E-03	
group_6521	7.66E-02	5.86E-02	8.82E-01	5.62E-03	3.79E-02	6.27E-03	bad-chisq
group_6343	7.66E-02	9.68E-01	1.00E+00	2.03E-06	5.39E-03	1.59E-05	
group_6199	7.66E-02	9.68E-01	8.67E-01	-3.17E-02	1.89E-01	7.09E-03	
group_6107	7.66E-02	5.11E-01	9.33E-01	-2.42E-04	2.86E-03	3.58E-03	
group_5991	7.66E-02	9.68E-01	9.18E-01	-2.87E-02	2.79E-01	4.35E-03	
group_5973	7.66E-02	9.68E-01	1.00E+00	2.03E-06	5.39E-03	1.59E-05	
scpB_2~~~rssB_2~~~cusR	7.66E-02	5.11E-01	1.54E-01	5.54E-01	3.88E-01	6.03E-02	
group_5962	7.66E-02	9.68E-01	9.93E-01	7.09E-04	7.81E-02	3.84E-04	
group_5773	7.66E-02	9.68E-01	9.18E-01	-2.87E-02	2.79E-01	4.35E-03	
group_5643	7.66E-02	9.68E-01	9.92E-01	1.28E-03	1.31E-01	4.13E-04	
group_5506	7.66E-02	9.68E-01	1.00E+00	2.03E-06	5.39E-03	1.59E-05	
group_5345	7.49E-02	5.35E-01	9.30E-01	-2.48E-04	2.81E-03	3.73E-03	
group_5260	7.66E-02	9.68E-01	9.92E-01	1.28E-03	1.31E-01	4.13E-04	
group_5220	7.66E-02	9.68E-01	9.65E-01	-5.32E-03	1.23E-01	1.83E-03	
group_5009	7.66E-02	9.68E-01	9.83E-01	5.42E-03	2.50E-01	9.19E-04	
group_4695	7.66E-02	9.68E-01	1.00E+00	2.03E-06	5.39E-03	1.59E-05	
group_4550	7.66E-02	2.03E-01	9.77E-01	-1.15E-04	4.04E-03	1.20E-03	bad-chisq
group_4541	7.66E-02	2.03E-01	9.53E-01	-3.65E-04	6.14E-03	2.52E-03	bad-chisq
lacZ~~~lacZ_2	7.66E-02	9.68E-01	9.18E-01	-2.87E-02	2.79E-01	4.35E-03	
xynA1_2	7.66E-02	9.68E-01	9.35E-01	-1.95E-02	2.38E-01	3.46E-03	
group_4018	7.49E-02	5.35E-01	9.14E-01	-3.86E-04	3.56E-03	4.58E-03	
yitJ_2~~~yitJ_1	7.66E-02	9.68E-01	9.96E-01	8.65E-04	1.82E-01	2.01E-04	
rhaR_6~~~rhaR_7~~~araC_1~~~rhaR_4	7.66E-02	9.68E-01	9.83E-01	4.85E-03	2.27E-01	9.01E-04	
btuD_2~~~msbA_1~~~btuD_7	7.66E-02	9.68E-01	8.67E-01	-3.17E-02	1.89E-01	7.09E-03	
citS	7.66E-02	9.68E-01	8.67E-01	-3.17E-02	1.89E-01	7.09E-03	
group_3275	7.66E-02	9.68E-01	9.96E-01	-3.17E-05	6.20E-03	2.16E-04	
group_3226	7.66E-02	9.68E-01	9.18E-01	-2.87E-02	2.79E-01	4.35E-03	
group_3163	7.66E-02	9.68E-01	8.67E-01	-3.17E-02	1.89E-01	7.09E-03	
group_3010	7.66E-02	9.68E-01	1.00E+00	2.03E-06	5.39E-03	1.59E-05	
group_2949	7.49E-02	6.19E-02	9.86E-01	4.73E-05	2.73E-03	7.33E-04	bad-chisq
group_2651	7.66E-02	9.68E-01	8.67E-01	-3.17E-02	1.89E-01	7.09E-03	
group_2611	7.66E-02	2.03E-01	9.34E-01	-2.48E-04	3.00E-03	3.51E-03	bad-chisq
group_2496	7.49E-02	6.19E-02	9.80E-01	1.04E-04	4.04E-03	1.08E-03	bad-chisq
group_2255	7.66E-02	2.03E-01	9.33E-01	-5.13E-04	6.12E-03	3.55E-03	bad-chisq
group_2061	7.66E-02	5.11E-01	8.71E-01	-4.23E-04	2.60E-03	6.88E-03	
group_2049	7.66E-02	9.68E-01	8.67E-01	-3.17E-02	1.89E-01	7.09E-03	
araQ_5~~~araQ_3	7.66E-02	9.68E-01	9.18E-01	-2.87E-02	2.79E-01	4.35E-03	
group_1661	7.66E-02	9.68E-01	8.67E-01	-3.17E-02	1.89E-01	7.09E-03	
ccpA_1~~~ccpA_2	7.66E-02	9.68E-01	8.67E-01	-3.17E-02	1.89E-01	7.09E-03	
fucU	7.66E-02	9.68E-01	9.93E-01	7.09E-04	7.81E-02	3.84E-04	
group_1291	7.66E-02	9.68E-01	9.98E-01	-1.42E-05	6.21E-03	9.69E-05	
group_1243	7.66E-02	9.68E-01	8.08E-01	-3.88E-02	1.59E-01	1.03E-02	
zupT	7.66E-02	5.11E-01	3.53E-08	9.81E-01	1.75E-01	2.30E-01	
ctpE	7.66E-02	9.68E-01	8.08E-01	-3.88E-02	1.59E-01	1.03E-02	
group_15003	7.49E-02	5.35E-01	5.78E-01	9.54E-02	1.71E-01	2.35E-02	
group_14818	7.49E-02	2.11E-01	9.87E-01	-9.58E-04	5.87E-02	6.90E-04	
group_14325	7.49E-02	9.97E-01	9.54E-01	-9.49E-03	1.66E-01	2.42E-03	
group_14235	7.49E-02	9.97E-01	9.94E-01	-4.43E-05	6.20E-03	3.02E-04	
group_13835	7.49E-02	5.35E-01	8.63E-01	-7.45E-04	4.32E-03	7.29E-03	
group_13818	7.31E-02	2.25E-01	4.87E-01	2.47E-03	3.55E-03	2.94E-02	bad-chisq
group_13188	7.49E-02	2.14E-01	9.82E-01	-5.76E-05	2.57E-03	9.49E-04	bad-chisq
group_12807	7.49E-02	9.97E-01	9.70E-01	-4.11E-03	1.08E-01	1.61E-03	
group_12698	7.49E-02	2.14E-01	6.23E-01	-2.00E-02	4.06E-02	2.08E-02	bad-chisq
group_12605	7.49E-02	2.11E-01	9.88E-01	-6.12E-05	4.02E-03	6.44E-04	
group_12246	7.49E-02	9.97E-01	9.73E-01	2.06E-04	6.00E-03	1.45E-03	
group_12210	7.49E-02	6.19E-02	9.31E-01	3.08E-04	3.56E-03	3.66E-03	bad-chisq
group_11997	7.49E-02	5.35E-01	9.16E-01	-4.24E-04	4.03E-03	4.45E-03	
group_11966	7.49E-02	5.31E-01	9.95E-01	2.46E-05	4.02E-03	2.59E-04	
group_11544	7.49E-02	2.14E-01	9.42E-01	3.84E-04	5.27E-03	3.08E-03	bad-chisq
group_11376	7.49E-02	1.97E-08	9.66E-01	-1.46E-03	3.45E-02	1.79E-03	
xerD_1~~~xerC_10~~~xerC_7~~~xerC_5~~~xerC_6~~~xerC_4	7.49E-02	1.81E-03	1.49E-03	-1.52E-01	4.75E-02	1.34E-01	
group_10820	7.49E-02	9.97E-01	7.18E-01	-1.24E-02	3.43E-02	1.53E-02	
group_10442	7.49E-02	5.35E-01	9.88E-01	5.94E-05	4.04E-03	6.23E-04	
dnaG_2~~~dnaG_4~~~dnaG_1~~~dnaG_6~~~dnaG_5~~~dnaG_3	7.49E-02	6.19E-02	9.72E-01	9.42E-05	2.73E-03	1.46E-03	bad-chisq
sasA_1~~~rcsC_1~~~sasA_10~~~sasA_11~~~sasA_17	7.31E-02	6.54E-02	3.90E-01	2.94E-03	3.42E-03	3.63E-02	bad-chisq
group_9830	7.49E-02	6.19E-02	9.74E-01	1.05E-04	3.17E-03	1.40E-03	bad-chisq
group_9605	7.49E-02	5.35E-01	5.35E-01	2.68E-03	4.32E-03	2.62E-02	
group_9421	7.49E-02	6.19E-02	9.93E-01	3.39E-05	3.67E-03	3.91E-04	bad-chisq
group_9348	7.49E-02	2.14E-01	8.84E-01	4.94E-04	3.38E-03	6.19E-03	bad-chisq
xerC_1~~~xerC_6~~~xerC_2~~~xerC_4~~~xerC_3~~~xerD_3~~~xerD_1	7.49E-02	6.10E-02	8.13E-01	1.25E-03	5.28E-03	1.00E-02	
group_9193	7.49E-02	5.35E-01	1.86E-01	8.01E-03	6.05E-03	5.59E-02	
group_8624	7.49E-02	9.97E-01	2.50E-01	-4.99E-03	4.33E-03	4.87E-02	
group_8505	7.49E-02	5.31E-01	8.99E-01	-7.75E-04	6.10E-03	5.37E-03	
group_8197	7.49E-02	9.97E-01	9.35E-01	-1.78E-04	2.19E-03	3.45E-03	
group_7664	7.49E-02	9.97E-01	1.00E+00	-3.88E-06	6.21E-03	2.64E-05	
ecfT_2	7.31E-02	6.54E-02	2.60E-01	3.59E-02	3.18E-02	4.76E-02	bad-chisq
group_7218	7.49E-02	2.14E-01	9.75E-01	-1.67E-04	5.32E-03	1.33E-03	bad-chisq
group_7056	7.49E-02	9.97E-01	9.93E-01	7.25E-04	8.78E-02	3.49E-04	
noc_3~~~noc_1~~~noc_2	7.49E-02	6.19E-02	9.87E-01	4.89E-05	2.97E-03	6.97E-04	bad-chisq
group_6779	7.49E-02	9.97E-01	8.66E-01	7.30E-04	4.34E-03	7.12E-03	
metAA~~~metAA_1~~~metAS~~~metAA_2	7.49E-02	2.14E-01	8.46E-01	8.48E-04	4.36E-03	8.23E-03	bad-chisq
group_6628	7.49E-02	9.97E-01	6.53E-01	-6.05E-02	1.34E-01	1.90E-02	
group_6410	7.49E-02	1.97E-08	5.64E-02	-7.05E-02	3.69E-02	8.06E-02	
group_6155	7.49E-02	6.19E-02	8.31E-01	5.47E-03	2.56E-02	9.04E-03	bad-chisq
pglF_1~~~pglF~~~pglF_2	7.49E-02	5.35E-01	9.84E-01	1.06E-04	5.38E-03	8.31E-04	
group_5275	7.49E-02	5.35E-01	9.84E-01	1.06E-04	5.38E-03	8.31E-04	
group_5042	7.49E-02	9.97E-01	1.00E+00	-2.31E-06	6.16E-03	1.58E-05	
group_4946	7.49E-02	5.35E-01	5.78E-01	9.54E-02	1.71E-01	2.35E-02	
aes_1	7.31E-02	5.61E-01	9.46E-01	-1.69E-04	2.51E-03	2.84E-03	
group_4729	7.31E-02	2.25E-01	9.56E-01	-1.30E-04	2.33E-03	2.36E-03	bad-chisq
group_4641	7.49E-02	5.35E-01	4.27E-01	-2.71E-02	3.42E-02	3.36E-02	
group_4559	7.49E-02	2.14E-01	9.78E-01	-6.41E-05	2.33E-03	1.16E-03	bad-chisq
garD	7.49E-02	9.97E-01	8.45E-01	2.10E-02	1.07E-01	8.29E-03	
group_4124	7.49E-02	9.97E-01	9.96E-01	-3.04E-05	6.20E-03	2.07E-04	
group_3925	7.49E-02	5.35E-01	9.39E-01	-1.90E-04	2.49E-03	3.23E-03	
group_3616	7.49E-02	6.19E-02	9.79E-01	1.63E-04	6.08E-03	1.14E-03	bad-chisq
group_3609	7.31E-02	6.54E-02	4.87E-01	2.05E-03	2.95E-03	2.94E-02	bad-chisq
group_3531	7.49E-02	6.19E-02	8.42E-01	1.06E-03	5.28E-03	8.45E-03	bad-chisq
araQ_4	7.49E-02	9.97E-01	2.19E-01	-8.93E-02	7.26E-02	5.19E-02	
araP	7.49E-02	2.14E-01	9.78E-01	-6.41E-05	2.33E-03	1.16E-03	bad-chisq
group_2708	7.49E-02	9.97E-01	8.34E-01	-3.54E-02	1.69E-01	8.86E-03	
ywqE~~~ywqE_2	7.49E-02	5.35E-01	9.84E-01	1.06E-04	5.38E-03	8.31E-04	
group_2689	7.49E-02	9.97E-01	2.19E-01	-8.93E-02	7.26E-02	5.19E-02	
rbsB	7.31E-02	2.25E-01	9.56E-01	-1.30E-04	2.33E-03	2.36E-03	bad-chisq
ysdC	7.49E-02	6.19E-02	8.76E-01	4.80E-03	3.07E-02	6.62E-03	bad-chisq
group_1816	7.49E-02	5.35E-01	5.78E-01	9.54E-02	1.71E-01	2.35E-02	
rhaA_1~~~rhaA_2	7.31E-02	2.25E-01	9.56E-01	-1.30E-04	2.33E-03	2.36E-03	bad-chisq
yteP_6~~~yteP_5	7.49E-02	9.97E-01	2.19E-01	-8.93E-02	7.26E-02	5.19E-02	
coaD_2~~~coaD_1	7.49E-02	9.97E-01	9.72E-01	-5.13E-03	1.49E-01	1.46E-03	
group_1481	7.49E-02	2.14E-01	9.92E-01	-2.54E-05	2.60E-03	4.13E-04	bad-chisq
rbsC_1	7.31E-02	2.25E-01	9.56E-01	-1.30E-04	2.33E-03	2.36E-03	bad-chisq
group_1375	7.49E-02	5.35E-01	9.84E-01	1.06E-04	5.38E-03	8.31E-04	
group_944	7.49E-02	2.14E-01	9.78E-01	-6.41E-05	2.33E-03	1.16E-03	bad-chisq
group_690	7.31E-02	2.25E-01	9.56E-01	-1.30E-04	2.33E-03	2.36E-03	bad-chisq
group_631	7.49E-02	5.35E-01	9.84E-01	1.06E-04	5.38E-03	8.31E-04	
group_13936	7.31E-02	9.61E-01	7.58E-01	-2.11E-02	6.83E-02	1.30E-02	
group_12782	7.31E-02	2.25E-01	2.98E-01	3.91E-02	3.75E-02	4.40E-02	bad-chisq
group_12714	7.31E-02	5.61E-01	7.79E-01	2.81E-02	1.00E-01	1.18E-02	
group_12548	7.31E-02	1.91E-01	9.82E-01	-1.37E-04	6.05E-03	9.60E-04	
group_12212	7.31E-02	4.97E-01	8.84E-01	-5.68E-04	3.88E-03	6.18E-03	
group_11963	7.31E-02	1.91E-01	9.72E-01	2.13E-04	6.06E-03	1.49E-03	
mscL_1~~~mscL~~~mscL_2	7.31E-02	5.24E-02	9.96E-01	-2.72E-05	5.07E-03	2.27E-04	
sasA_9	7.31E-02	6.54E-02	7.25E-01	1.17E-02	3.33E-02	1.49E-02	bad-chisq
group_11790	7.31E-02	2.25E-01	9.73E-01	-1.21E-04	3.56E-03	1.44E-03	bad-chisq
rhaM_2~~~rhaM_3~~~rhaM	7.31E-02	4.97E-01	9.52E-01	3.70E-04	6.08E-03	2.57E-03	
group_11114	7.31E-02	9.61E-01	8.54E-01	-1.47E-02	7.95E-02	7.80E-03	
COQ5_5~~~COQ5_1~~~yrhH~~~COQ5_6~~~COQ5_3	7.13E-02	2.38E-01	9.88E-01	3.31E-05	2.13E-03	6.57E-04	bad-chisq
group_10359	7.31E-02	2.25E-01	9.19E-01	5.46E-04	5.35E-03	4.31E-03	bad-chisq
mobA_2	7.31E-02	5.61E-01	5.46E-01	-1.86E-03	3.07E-03	2.56E-02	
potA_2~~~btuD_4~~~potA~~~btuD_3~~~potA_1	7.31E-02	4.97E-01	4.69E-01	-3.42E-02	4.72E-02	3.07E-02	
group_9653	7.31E-02	2.25E-01	9.23E-01	-3.64E-04	3.76E-03	4.09E-03	bad-chisq
group_9602	7.31E-02	9.61E-01	7.89E-01	-9.03E-04	3.38E-03	1.13E-02	
group_9425	7.31E-02	2.25E-01	9.57E-01	2.35E-04	4.37E-03	2.27E-03	bad-chisq
recD	7.31E-02	1.91E-01	8.42E-01	-7.06E-04	3.55E-03	8.41E-03	
yxlF~~~btuD_11	7.13E-02	2.38E-01	4.54E-01	2.57E-03	3.42E-03	3.17E-02	bad-chisq
xerC_6~~~xerC_7~~~xerC_4~~~xerC_12	7.31E-02	5.61E-01	9.86E-01	6.63E-05	3.69E-03	7.61E-04	
ycsE_2~~~cof~~~ycsE	7.31E-02	9.61E-01	9.12E-01	-9.98E-03	9.03E-02	4.67E-03	
group_7220	7.31E-02	2.25E-01	3.20E-01	4.31E-03	4.33E-03	4.21E-02	bad-chisq
araC_3	7.31E-02	9.61E-01	1.00E+00	8.57E-07	5.37E-03	6.75E-06	
rhaR_4~~~rhaR_1~~~rhaR_7~~~rhaR_6	7.31E-02	2.25E-01	1.11E-01	3.62E-01	2.27E-01	6.74E-02	bad-chisq
group_5640	7.31E-02	5.61E-01	7.52E-01	4.45E-02	1.41E-01	1.34E-02	
group_4999	7.31E-02	2.25E-01	2.98E-01	3.91E-02	3.75E-02	4.40E-02	bad-chisq
group_4673	7.31E-02	9.61E-01	8.81E-01	-1.31E-02	8.79E-02	6.31E-03	
leuC_2~~~leuC_1	7.31E-02	2.25E-01	2.98E-01	3.91E-02	3.75E-02	4.40E-02	bad-chisq
group_4163	7.31E-02	5.61E-01	9.93E-01	5.39E-05	6.20E-03	3.68E-04	
group_4155	7.31E-02	2.25E-01	2.43E-01	-4.20E-02	3.59E-02	4.94E-02	bad-chisq
group_3778	7.31E-02	9.61E-01	1.00E+00	-3.86E-06	6.19E-03	2.63E-05	
group_3674	7.31E-02	6.54E-02	9.49E-01	3.87E-04	6.10E-03	2.68E-03	bad-chisq
group_3030	7.31E-02	9.61E-01	9.30E-01	-8.69E-03	9.89E-02	3.72E-03	
group_2834	7.31E-02	2.25E-01	9.78E-01	-6.41E-05	2.33E-03	1.16E-03	bad-chisq
group_2776	7.31E-02	9.61E-01	9.30E-01	-8.69E-03	9.89E-02	3.72E-03	
opuBA	7.31E-02	5.61E-01	9.93E-01	5.39E-05	6.20E-03	3.68E-04	
group_2083	7.31E-02	9.61E-01	9.72E-01	-3.41E-03	9.82E-02	1.47E-03	
group_1382	7.31E-02	2.90E-12	8.88E-03	-9.99E-02	3.81E-02	1.10E-01	
group_1314	7.31E-02	2.25E-01	1.11E-01	3.62E-01	2.27E-01	6.74E-02	bad-chisq
group_1298	7.31E-02	2.25E-01	1.11E-01	3.62E-01	2.27E-01	6.74E-02	bad-chisq
group_1295	7.13E-02	2.38E-01	9.76E-01	-7.46E-05	2.51E-03	1.26E-03	bad-chisq
melA_1	7.31E-02	9.61E-01	1.00E+00	8.57E-07	5.37E-03	6.75E-06	
group_14442	7.13E-02	5.87E-01	9.16E-01	-2.82E-04	2.68E-03	4.44E-03	
group_13699	6.95E-02	7.28E-02	9.37E-01	2.69E-04	3.42E-03	3.32E-03	bad-chisq
group_12331	7.13E-02	4.64E-01	9.68E-01	-2.47E-04	6.11E-03	1.71E-03	
dnaB_1~~~dnaB~~~dnaC_2~~~radA_1	7.13E-02	4.64E-01	9.49E-01	-3.40E-04	5.30E-03	2.71E-03	
group_12157	7.13E-02	2.38E-01	9.66E-01	-1.15E-04	2.72E-03	1.79E-03	bad-chisq
group_12040	7.13E-02	9.25E-01	9.19E-01	6.17E-04	6.05E-03	4.32E-03	
group_12015	7.13E-02	4.64E-01	9.97E-01	-3.12E-04	7.35E-02	1.80E-04	
group_11858	7.13E-02	9.25E-01	8.11E-01	-2.12E-02	8.82E-02	1.01E-02	
group_11288	7.13E-02	2.38E-01	9.03E-01	-6.11E-04	5.01E-03	5.17E-03	bad-chisq
group_11098	7.13E-02	2.38E-01	9.50E-01	1.41E-04	2.24E-03	2.67E-03	bad-chisq
lgt_2~~~lgt_1~~~lgt_4	7.13E-02	9.25E-01	9.57E-01	2.48E-04	4.61E-03	2.27E-03	
bcrC	6.95E-02	7.28E-02	9.34E-01	4.11E-04	4.98E-03	3.49E-03	bad-chisq
group_10434	6.95E-02	2.51E-01	6.43E-01	-1.53E-02	3.31E-02	1.96E-02	bad-chisq
group_10299	7.13E-02	5.87E-01	9.02E-01	-4.67E-04	3.77E-03	5.24E-03	
group_10288	7.13E-02	5.87E-01	7.20E-01	-2.18E-03	6.07E-03	1.52E-02	
purR_1~~~purR_3	7.13E-02	4.64E-01	8.99E-01	-7.77E-04	6.11E-03	5.38E-03	
group_10001	7.13E-02	4.64E-01	6.35E-01	-4.56E-02	9.60E-02	2.01E-02	
group_9816	7.13E-02	2.38E-01	9.42E-01	1.84E-04	2.52E-03	3.09E-03	bad-chisq
group_9794	7.13E-02	4.64E-01	9.21E-01	2.38E-04	2.40E-03	4.19E-03	
group_9724	7.13E-02	2.38E-01	9.20E-01	-6.15E-04	6.15E-03	4.23E-03	bad-chisq
group_9708	7.13E-02	2.38E-01	9.18E-01	-6.32E-04	6.15E-03	4.35E-03	bad-chisq
yheS~~~yheS_1~~~yheS_2	7.13E-02	5.18E-06	3.62E-01	-4.98E-02	5.46E-02	3.85E-02	
group_9432	7.13E-02	1.71E-01	3.72E-41	6.82E-01	4.67E-02	5.26E-01	
group_8425	7.13E-02	4.47E-02	8.84E-01	1.08E-02	7.42E-02	6.17E-03	
group_8413	7.13E-02	5.87E-01	8.88E-01	4.74E-04	3.37E-03	5.94E-03	
group_8170	6.95E-02	7.28E-02	9.66E-01	1.42E-04	3.30E-03	1.82E-03	bad-chisq
group_7935	7.13E-02	2.38E-01	9.85E-01	-6.94E-05	3.67E-03	8.00E-04	bad-chisq
group_7744	7.13E-02	2.38E-01	9.36E-01	2.40E-04	2.98E-03	3.40E-03	bad-chisq
group_7343	7.13E-02	9.25E-01	8.98E-01	-1.20E-02	9.32E-02	5.45E-03	
group_6954	7.13E-02	9.25E-01	9.74E-01	-2.69E-03	8.32E-02	1.37E-03	
group_6836	7.13E-02	9.25E-01	9.86E-01	-1.33E-03	7.58E-02	7.45E-04	
group_6602	7.13E-02	5.87E-01	6.67E-01	8.26E-04	1.92E-03	1.82E-02	
group_6381	7.13E-02	4.64E-01	6.09E-01	-1.88E-03	3.66E-03	2.17E-02	
group_6377	7.13E-02	9.25E-01	9.51E-01	3.72E-04	6.09E-03	2.58E-03	
group_6183	7.13E-02	6.90E-02	9.80E-01	8.45E-05	3.30E-03	1.08E-03	bad-chisq
group_6166	7.13E-02	2.38E-01	7.79E-01	8.67E-03	3.09E-02	1.19E-02	bad-chisq
group_6031	6.95E-02	7.28E-02	5.27E-01	1.86E-02	2.94E-02	2.68E-02	bad-chisq
group_5926	7.13E-02	6.90E-02	4.29E-01	2.73E-03	3.44E-03	3.35E-02	bad-chisq
mii	7.13E-02	2.38E-01	4.34E-01	2.98E-02	3.81E-02	3.31E-02	bad-chisq
group_5808	7.13E-02	9.25E-01	9.86E-01	-1.33E-03	7.58E-02	7.45E-04	
group_5776	7.13E-02	9.25E-01	8.45E-01	-5.32E-02	2.72E-01	8.27E-03	
ydjF_1	6.95E-02	2.51E-01	9.52E-01	-1.51E-04	2.51E-03	2.54E-03	bad-chisq
group_5457	7.13E-02	5.87E-01	9.16E-01	-2.82E-04	2.68E-03	4.44E-03	
group_5303	6.95E-02	2.51E-01	4.88E-01	2.47E-03	3.55E-03	2.94E-02	bad-chisq
btuD_8~~~mglA_6~~~rbsA_6~~~rbsA_2	6.95E-02	2.51E-01	9.52E-01	-1.51E-04	2.52E-03	2.54E-03	bad-chisq
group_4350	7.13E-02	6.90E-02	9.16E-01	2.74E-04	2.60E-03	4.46E-03	bad-chisq
group_4171	7.13E-02	2.38E-01	3.75E-01	-3.05E-02	3.43E-02	3.75E-02	bad-chisq
group_3820	6.95E-02	2.51E-01	9.91E-01	-3.25E-05	2.86E-03	4.81E-04	bad-chisq
group_3588	7.13E-02	2.38E-01	8.96E-01	-5.64E-04	4.33E-03	5.51E-03	bad-chisq
group_3557	7.13E-02	9.25E-01	7.01E-01	6.77E-04	1.76E-03	1.62E-02	
group_2998	7.13E-02	6.90E-02	9.80E-01	1.53E-04	6.13E-03	1.06E-03	bad-chisq
group_2997	7.13E-02	6.90E-02	9.84E-01	9.87E-05	5.03E-03	8.30E-04	bad-chisq
group_2595	7.13E-02	9.25E-01	8.45E-01	-5.32E-02	2.72E-01	8.27E-03	
group_2205	7.13E-02	9.25E-01	8.45E-01	-5.32E-02	2.72E-01	8.27E-03	
bcrR	7.13E-02	9.25E-01	9.19E-01	-6.28E-04	6.18E-03	4.29E-03	
potA_1	7.13E-02	9.25E-01	8.45E-01	-5.32E-02	2.72E-01	8.27E-03	
thi4_2	7.13E-02	9.25E-01	9.57E-01	-3.27E-03	6.07E-02	2.28E-03	
suhB	7.13E-02	9.25E-01	8.45E-01	-5.32E-02	2.72E-01	8.27E-03	
group_1823	7.13E-02	2.38E-01	6.04E-01	-1.80E-02	3.46E-02	2.20E-02	bad-chisq
group_1804	6.95E-02	2.51E-01	9.78E-01	-6.43E-05	2.33E-03	1.17E-03	bad-chisq
group_1694	6.95E-02	2.51E-01	9.76E-01	-7.46E-05	2.51E-03	1.26E-03	bad-chisq
sigR	7.13E-02	5.87E-01	8.60E-01	1.39E-02	7.86E-02	7.48E-03	
group_1368	6.95E-02	2.51E-01	9.76E-01	-7.46E-05	2.51E-03	1.26E-03	bad-chisq
group_613	6.95E-02	2.51E-01	9.76E-01	-7.46E-05	2.51E-03	1.26E-03	bad-chisq
group_470	7.13E-02	9.25E-01	8.45E-01	-5.32E-02	2.72E-01	8.27E-03	
group_388	7.13E-02	9.25E-01	8.45E-01	-5.32E-02	2.72E-01	8.27E-03	
group_311	6.95E-02	2.51E-01	9.76E-01	-7.46E-05	2.51E-03	1.26E-03	bad-chisq
group_15377	6.95E-02	6.14E-01	9.93E-01	5.13E-05	6.18E-03	3.51E-04	
group_15004	6.95E-02	6.14E-01	9.91E-01	6.88E-05	6.14E-03	4.73E-04	
group_14382	6.95E-02	6.14E-01	9.94E-01	3.19E-05	4.37E-03	3.09E-04	
group_12910	6.95E-02	8.88E-01	7.24E-01	-2.48E-02	7.02E-02	1.49E-02	
group_12636	6.95E-02	1.52E-01	9.51E-01	-3.74E-04	6.09E-03	2.60E-03	
group_12257	6.95E-02	2.51E-01	6.41E-01	-1.29E-02	2.76E-02	1.98E-02	bad-chisq
group_12224	6.95E-02	8.88E-01	9.24E-01	-1.93E-04	2.02E-03	4.03E-03	
group_12131	6.95E-02	2.51E-01	9.73E-01	-9.09E-05	2.73E-03	1.41E-03	bad-chisq
group_12028	6.95E-02	2.51E-01	4.81E-01	6.75E-02	9.57E-02	2.98E-02	bad-chisq
group_11859	6.95E-02	8.88E-01	9.86E-01	-1.10E-04	6.19E-03	7.53E-04	
group_11736	6.95E-02	3.78E-02	8.22E-01	2.92E-02	1.30E-01	9.54E-03	
group_11550	6.95E-02	7.60E-04	6.81E-01	4.36E-02	1.06E-01	1.74E-02	
group_11485	6.95E-02	1.52E-01	9.81E-01	-9.00E-05	3.76E-03	1.01E-03	
group_11479	6.95E-02	6.49E-03	8.79E-01	4.23E-02	2.79E-01	6.42E-03	
group_11403	6.95E-02	8.88E-01	6.37E-01	-5.00E-02	1.06E-01	2.00E-02	
group_10877	6.95E-02	8.88E-01	4.64E-01	4.60E-02	6.28E-02	3.10E-02	
rsgA_2~~~rsgA_1	6.95E-02	3.78E-02	8.40E-01	1.14E-02	5.65E-02	8.52E-03	
group_10128	6.95E-02	6.14E-01	9.65E-01	1.91E-04	4.38E-03	1.84E-03	
group_9929	6.95E-02	3.78E-02	6.52E-01	-1.92E-01	4.25E-01	1.91E-02	
group_9517	6.95E-02	6.14E-01	8.72E-01	-5.72E-04	3.54E-03	6.83E-03	
group_9375	6.95E-02	2.51E-01	9.76E-01	-1.16E-04	3.90E-03	1.26E-03	bad-chisq
group_9316	6.95E-02	6.14E-01	9.87E-01	-5.94E-05	3.56E-03	7.05E-04	
ytrF	6.95E-02	8.88E-01	9.89E-01	7.27E-05	5.32E-03	5.78E-04	
group_9131	6.95E-02	8.88E-01	9.77E-01	9.32E-05	3.30E-03	1.20E-03	
group_8906	6.95E-02	6.14E-01	4.68E-01	-2.08E-03	2.86E-03	3.07E-02	
ypdB	6.95E-02	2.51E-01	4.95E-01	-2.16E-03	3.17E-03	2.89E-02	bad-chisq
rbsK_2~~~rbsK	6.95E-02	3.78E-02	7.92E-01	-6.26E-02	2.37E-01	1.12E-02	
group_8434	6.95E-02	8.88E-01	6.67E-01	-3.81E-02	8.84E-02	1.82E-02	
topB_1~~~topB_3~~~topB_2~~~topB	6.95E-02	6.14E-01	9.88E-01	3.23E-05	2.11E-03	6.47E-04	
group_8309	6.95E-02	8.88E-01	9.77E-01	-1.82E-04	6.20E-03	1.24E-03	
tnpR	6.95E-02	2.51E-01	6.24E-01	1.21E-03	2.46E-03	2.07E-02	bad-chisq
group_8196	6.77E-02	6.43E-01	5.12E-01	2.22E-03	3.38E-03	2.78E-02	
IntTn_3~~~xerC_18~~~xerC_2	6.95E-02	7.28E-02	8.68E-01	7.22E-04	4.36E-03	7.01E-03	bad-chisq
group_7863	6.95E-02	8.88E-01	9.96E-01	-1.92E-05	4.05E-03	2.01E-04	
group_7683	6.77E-02	7.69E-02	9.34E-01	2.85E-04	3.43E-03	3.52E-03	bad-chisq
group_7451	6.95E-02	8.88E-01	9.12E-01	-6.80E-04	6.17E-03	4.66E-03	
group_7447	6.77E-02	6.43E-01	8.53E-01	7.47E-04	4.02E-03	7.86E-03	
group_7413	6.95E-02	2.51E-01	9.91E-01	6.79E-05	6.05E-03	4.75E-04	bad-chisq
group_7166	6.95E-02	8.88E-01	8.08E-01	-1.47E-03	6.08E-03	1.03E-02	
group_6811	6.95E-02	3.78E-02	8.88E-01	-4.20E-02	2.99E-01	5.94E-03	
group_6776	6.95E-02	8.88E-01	9.75E-01	-1.95E-04	6.19E-03	1.33E-03	
group_6292	6.95E-02	2.51E-01	9.36E-01	-2.84E-04	3.55E-03	3.38E-03	bad-chisq
livF_3~~~livK~~~braC	6.95E-02	2.51E-01	3.14E-01	3.67E-02	3.65E-02	4.25E-02	bad-chisq
phoR_1~~~rcsC~~~rcsC_1~~~rcsC_2	6.95E-02	8.88E-01	7.64E-01	-1.45E-02	4.83E-02	1.27E-02	
group_5977	6.95E-02	6.14E-01	9.94E-01	3.19E-05	4.37E-03	3.09E-04	
group_5942	6.95E-02	2.51E-01	7.19E-01	2.20E-03	6.10E-03	1.52E-02	bad-chisq
group_5941	6.77E-02	7.69E-02	9.88E-01	3.64E-05	2.41E-03	6.38E-04	bad-chisq
group_5838	6.95E-02	8.88E-01	6.88E-01	-6.08E-02	1.51E-01	1.70E-02	
group_5829	6.95E-02	7.28E-02	7.05E-01	1.47E-02	3.89E-02	1.60E-02	bad-chisq
group_5724	6.77E-02	6.43E-01	6.44E-01	1.21E-03	2.61E-03	1.95E-02	
group_5691	6.95E-02	2.51E-01	6.60E-01	1.28E-03	2.91E-03	1.86E-02	bad-chisq
leuC_2~~~dmdA~~~hacA	6.95E-02	8.88E-01	8.31E-01	-3.15E-02	1.47E-01	9.03E-03	
group_4632	6.95E-02	7.28E-02	8.67E-01	1.02E-03	6.10E-03	7.07E-03	bad-chisq
soj_2~~~soj_1	6.95E-02	7.28E-02	9.51E-01	1.82E-04	2.97E-03	2.59E-03	bad-chisq
group_4054	6.95E-02	2.51E-01	9.53E-01	-3.59E-04	6.10E-03	2.49E-03	bad-chisq
group_3448	6.95E-02	3.78E-02	7.58E-01	-9.04E-02	2.93E-01	1.31E-02	
group_2981	6.95E-02	4.32E-01	2.19E-01	4.83E-02	3.92E-02	5.20E-02	
group_2938	6.95E-02	7.28E-02	1.28E-05	5.45E-01	1.24E-01	1.83E-01	bad-chisq
group_2768	6.95E-02	6.14E-01	9.78E-01	1.68E-04	6.14E-03	1.16E-03	
group_2575	6.77E-02	2.64E-01	9.52E-01	-1.51E-04	2.51E-03	2.54E-03	bad-chisq
lacF	6.77E-02	7.69E-02	8.89E-01	6.95E-04	4.98E-03	5.90E-03	bad-chisq
group_2408	6.95E-02	2.51E-01	6.72E-01	-1.57E-02	3.71E-02	1.79E-02	bad-chisq
purR_1~~~ccpA_2	6.95E-02	6.14E-01	7.14E-06	6.75E-01	1.49E-01	1.88E-01	
group_299	6.95E-02	8.88E-01	9.12E-01	-6.80E-04	6.17E-03	4.66E-03	
group_291	6.95E-02	7.28E-02	8.10E-01	1.27E-03	5.29E-03	1.02E-02	bad-chisq
group_14668	6.77E-02	3.17E-02	3.48E-01	-7.93E-01	8.44E-01	3.97E-02	
group_14517	6.77E-02	3.17E-02	3.48E-01	-7.93E-01	8.44E-01	3.97E-02	
group_13911	6.77E-02	7.69E-02	9.76E-01	7.80E-05	2.56E-03	1.29E-03	bad-chisq
rsxB_2	6.77E-02	7.69E-02	8.09E-01	1.29E-03	5.32E-03	1.02E-02	bad-chisq
group_13492	6.77E-02	3.17E-02	3.48E-01	-7.93E-01	8.44E-01	3.97E-02	
group_13471	6.77E-02	7.69E-02	8.98E-01	7.79E-04	6.08E-03	5.42E-03	bad-chisq
group_13339	6.77E-02	3.17E-02	9.08E-01	-1.29E-02	1.12E-01	4.88E-03	
group_12791	6.77E-02	2.64E-01	6.69E-01	-1.59E-02	3.71E-02	1.81E-02	bad-chisq
group_12603	6.77E-02	2.64E-01	9.46E-01	-1.82E-04	2.67E-03	2.89E-03	bad-chisq
group_12160	6.77E-02	2.64E-01	9.73E-01	-8.49E-05	2.50E-03	1.44E-03	bad-chisq
group_12042	6.60E-02	1.18E-01	5.06E-01	2.67E-03	4.02E-03	2.81E-02	
group_11069	6.77E-02	2.64E-01	6.81E-01	-1.08E-02	2.62E-02	1.74E-02	bad-chisq
group_11000	6.77E-02	7.69E-02	9.88E-01	7.83E-05	5.03E-03	6.59E-04	bad-chisq
group_10336	6.77E-02	7.69E-02	5.05E-01	1.84E-03	2.76E-03	2.82E-02	bad-chisq
nuoE~~~hndA	6.77E-02	1.35E-01	9.48E-01	5.04E-03	7.70E-02	2.77E-03	
vat~~~vat_1	6.77E-02	3.99E-01	9.94E-01	4.21E-04	5.56E-02	3.20E-04	
group_9777	6.77E-02	6.43E-01	9.37E-01	-1.49E-04	1.88E-03	3.36E-03	
group_9744	6.60E-02	6.73E-01	9.96E-01	-1.58E-05	2.83E-03	2.36E-04	
group_9537	6.77E-02	2.64E-01	9.52E-01	2.25E-03	3.74E-02	2.55E-03	bad-chisq
group_9525	6.77E-02	7.69E-02	9.52E-01	2.61E-04	4.35E-03	2.54E-03	bad-chisq
group_9299	6.77E-02	2.64E-01	9.14E-01	-4.39E-04	4.04E-03	4.60E-03	bad-chisq
group_9265	6.77E-02	6.43E-01	9.16E-01	-2.18E-04	2.07E-03	4.46E-03	
group_9238	6.77E-02	2.64E-01	9.80E-01	-9.67E-05	3.89E-03	1.05E-03	bad-chisq
group_9225	6.77E-02	7.69E-02	9.23E-01	2.87E-04	2.97E-03	4.10E-03	bad-chisq
group_8911	6.77E-02	6.43E-01	9.97E-01	-1.40E-05	3.55E-03	1.67E-04	
group_8692	6.60E-02	2.79E-01	9.81E-01	-8.37E-05	3.43E-03	1.03E-03	bad-chisq
group_8645	6.77E-02	8.50E-01	8.17E-02	-5.26E-02	3.02E-02	7.36E-02	
group_8527	6.77E-02	7.69E-02	4.54E-01	2.22E-03	2.96E-03	3.17E-02	bad-chisq
group_8340	6.77E-02	1.35E-01	9.54E-01	2.53E-04	4.34E-03	2.46E-03	
group_8286	6.77E-02	7.69E-02	4.26E-01	2.68E-03	3.37E-03	3.37E-02	bad-chisq
group_8235	6.77E-02	6.43E-01	9.11E-01	-3.54E-04	3.17E-03	4.72E-03	
dnaG_3~~~dnaG_1~~~dnaG_2~~~dnaG_6	6.77E-02	7.69E-02	9.68E-01	9.49E-05	2.37E-03	1.69E-03	bad-chisq
group_7953	6.77E-02	3.17E-02	9.50E-01	-8.53E-03	1.35E-01	2.68E-03	
group_7940	6.77E-02	6.43E-01	9.66E-01	1.73E-04	4.03E-03	1.81E-03	
group_7745	6.77E-02	6.43E-01	9.76E-01	-9.69E-05	3.17E-03	1.29E-03	
group_7741	6.60E-02	6.73E-01	9.00E-01	-2.92E-04	2.33E-03	5.29E-03	
group_7734	6.77E-02	7.69E-02	9.36E-01	2.93E-04	3.66E-03	3.38E-03	bad-chisq
group_7507	6.77E-02	2.64E-01	9.01E-01	-5.38E-04	4.32E-03	5.26E-03	bad-chisq
group_7348	6.77E-02	8.50E-01	8.69E-01	-2.36E-02	1.43E-01	6.98E-03	
group_7168	6.77E-02	3.17E-02	9.50E-01	-8.53E-03	1.35E-01	2.68E-03	
group_7156	6.77E-02	7.69E-02	9.08E-01	3.71E-04	3.21E-03	4.89E-03	bad-chisq
group_6894	6.77E-02	7.69E-02	9.92E-01	3.91E-05	4.04E-03	4.10E-04	bad-chisq
group_6722	6.77E-02	6.43E-01	5.22E-01	-2.55E-02	3.97E-02	2.71E-02	
group_6649	6.77E-02	3.17E-02	9.50E-01	-8.53E-03	1.35E-01	2.68E-03	
group_6409	6.60E-02	2.79E-01	9.58E-01	-1.10E-04	2.08E-03	2.23E-03	bad-chisq
group_6102	6.77E-02	1.68E-13	8.07E-03	-1.06E-01	4.01E-02	1.12E-01	
group_6059	6.77E-02	7.69E-02	6.29E-01	1.68E-02	3.47E-02	2.04E-02	bad-chisq
group_5939	6.77E-02	2.64E-01	6.69E-01	-1.59E-02	3.71E-02	1.81E-02	bad-chisq
group_5901	6.77E-02	3.17E-02	3.48E-01	-7.93E-01	8.44E-01	3.97E-02	
abgB_1~~~abgB_3~~~abgB_2	6.77E-02	7.69E-02	8.09E-01	1.29E-03	5.32E-03	1.02E-02	bad-chisq
group_5645	6.77E-02	3.17E-02	3.48E-01	-7.93E-01	8.44E-01	3.97E-02	
group_5612	6.77E-02	7.69E-02	9.82E-01	9.32E-05	4.03E-03	9.78E-04	bad-chisq
group_5571	6.77E-02	7.69E-02	9.30E-01	5.38E-04	6.14E-03	3.70E-03	bad-chisq
fadR~~~lutR	6.77E-02	1.94E-06	5.48E-02	-7.06E-02	3.67E-02	8.11E-02	
group_5199	6.77E-02	3.17E-02	3.48E-01	-7.93E-01	8.44E-01	3.97E-02	
group_4864	6.77E-02	3.17E-02	3.48E-01	-7.93E-01	8.44E-01	3.97E-02	
group_4807	6.77E-02	6.43E-01	6.52E-01	9.28E-04	2.06E-03	1.91E-02	
group_4802	6.60E-02	2.79E-01	9.95E-01	-1.63E-05	2.60E-03	2.66E-04	bad-chisq
group_4780	6.77E-02	3.17E-02	3.48E-01	-7.93E-01	8.44E-01	3.97E-02	
group_4614	6.77E-02	3.17E-02	9.35E-01	-1.40E-02	1.73E-01	3.43E-03	
murR	6.77E-02	3.99E-01	9.76E-01	1.31E-04	4.38E-03	1.27E-03	
group_4498	6.77E-02	3.17E-02	3.48E-01	-7.93E-01	8.44E-01	3.97E-02	
group_4423	6.77E-02	3.17E-02	3.48E-01	-7.93E-01	8.44E-01	3.97E-02	
group_4416	6.77E-02	2.64E-01	9.41E-01	-3.41E-04	4.57E-03	3.16E-03	bad-chisq
aptA	6.77E-02	3.17E-02	3.48E-01	-7.93E-01	8.44E-01	3.97E-02	
group_4206	6.77E-02	8.50E-01	7.67E-01	-4.29E-02	1.45E-01	1.25E-02	
manA	6.77E-02	3.17E-02	3.48E-01	-7.93E-01	8.44E-01	3.97E-02	
group_3788	6.77E-02	8.50E-01	9.87E-01	-8.70E-05	5.37E-03	6.85E-04	
group_3506	6.77E-02	6.43E-01	9.48E-01	-4.03E-04	6.18E-03	2.76E-03	
group_3363	6.77E-02	3.17E-02	3.48E-01	-7.93E-01	8.44E-01	3.97E-02	
msbA_2	6.77E-02	6.43E-01	9.86E-01	9.56E-05	5.38E-03	7.51E-04	
aptB	6.77E-02	3.17E-02	3.48E-01	-7.93E-01	8.44E-01	3.97E-02	
thpA_1	6.77E-02	2.64E-01	6.69E-01	-1.59E-02	3.71E-02	1.81E-02	bad-chisq
xylB_3~~~xylB_2~~~glpK	6.77E-02	3.17E-02	3.48E-01	-7.93E-01	8.44E-01	3.97E-02	
group_2779	6.77E-02	2.64E-01	6.69E-01	-1.59E-02	3.71E-02	1.81E-02	bad-chisq
rbsA_3~~~rbsA_4~~~rbsA_5	6.77E-02	2.64E-01	6.69E-01	-1.59E-02	3.71E-02	1.81E-02	bad-chisq
mglC	6.77E-02	3.17E-02	3.48E-01	-7.93E-01	8.44E-01	3.97E-02	
mglA_2~~~mglA_4~~~xylG_3~~~mglA_3~~~araG	6.77E-02	3.17E-02	3.48E-01	-7.93E-01	8.44E-01	3.97E-02	
mglB	6.77E-02	3.17E-02	3.48E-01	-7.93E-01	8.44E-01	3.97E-02	
group_1826	6.77E-02	3.17E-02	3.48E-01	-7.93E-01	8.44E-01	3.97E-02	
group_1755	6.77E-02	3.17E-02	3.48E-01	-7.93E-01	8.44E-01	3.97E-02	
group_1587	6.77E-02	8.50E-01	9.99E-01	-8.03E-06	5.37E-03	6.33E-05	
group_1489	6.77E-02	6.43E-01	9.26E-01	3.72E-03	4.02E-02	3.91E-03	
group_1392	6.60E-02	2.79E-01	9.54E-01	-1.55E-04	2.70E-03	2.43E-03	bad-chisq
gghA~~~bglA_1	6.77E-02	7.69E-02	8.09E-01	1.29E-03	5.32E-03	1.02E-02	bad-chisq
group_85	6.77E-02	3.17E-02	3.48E-01	-7.93E-01	8.44E-01	3.97E-02	
group_15568	6.60E-02	2.63E-02	1.92E-01	-2.09E-01	1.60E-01	5.52E-02	
group_15440	6.60E-02	8.12E-02	7.47E-01	1.20E-02	3.72E-02	1.36E-02	bad-chisq
group_15236	6.60E-02	1.18E-01	9.87E-01	-9.86E-05	6.09E-03	6.84E-04	
group_14307	6.60E-02	6.73E-01	9.92E-01	2.62E-05	2.68E-03	4.14E-04	
group_14242	6.60E-02	2.79E-01	9.83E-01	7.55E-05	3.55E-03	8.99E-04	bad-chisq
group_13338	6.60E-02	2.63E-02	8.81E-01	-2.00E-02	1.34E-01	6.33E-03	
group_13074	6.60E-02	2.63E-02	8.69E-01	-2.45E-02	1.49E-01	6.98E-03	
group_12412	6.60E-02	2.79E-01	9.96E-01	-1.30E-05	2.71E-03	2.03E-04	bad-chisq
group_12380	6.60E-02	8.12E-02	9.42E-01	2.34E-04	3.22E-03	3.07E-03	bad-chisq
nfrA1	6.60E-02	6.73E-01	8.08E-02	8.86E-02	5.07E-02	7.38E-02	
group_11654	6.60E-02	2.79E-01	9.81E-01	-7.32E-05	3.03E-03	1.02E-03	bad-chisq
group_11643	6.60E-02	2.79E-01	7.18E-01	1.28E-02	3.56E-02	1.53E-02	bad-chisq
rhaR_16~~~rhaR_15~~~rhaR_17~~~rhaR_2	6.60E-02	2.79E-01	9.93E-01	-2.47E-05	2.90E-03	3.61E-04	bad-chisq
group_11586	6.60E-02	2.79E-01	9.59E-01	-1.52E-04	2.98E-03	2.16E-03	bad-chisq
group_11556	6.60E-02	2.79E-01	5.24E-01	1.74E-03	2.73E-03	2.69E-02	bad-chisq
group_10966	6.60E-02	3.93E-03	9.06E-01	3.69E-03	3.13E-02	4.98E-03	
group_10881	6.60E-02	3.93E-03	9.93E-01	5.21E-04	6.02E-02	3.66E-04	
bcrA~~~bcrA_2~~~bcrA_1	6.60E-02	1.14E-06	8.52E-01	6.87E-03	3.68E-02	7.90E-03	
group_10626	6.60E-02	2.79E-01	1.30E-01	7.98E-02	5.26E-02	6.41E-02	bad-chisq
group_10155	6.60E-02	6.73E-01	2.71E-01	-2.60E-02	2.36E-02	4.65E-02	
group_10111	6.60E-02	2.63E-02	7.76E-01	-2.30E-02	8.08E-02	1.21E-02	
vat~~~vatD~~~vat_2~~~dapH~~~dapH_2~~~vat_1	6.60E-02	2.79E-01	9.76E-01	6.40E-05	2.10E-03	1.29E-03	bad-chisq
group_9647	6.60E-02	2.61E-05	2.57E-01	-6.74E-02	5.93E-02	4.80E-02	
dag~~~dan_1	6.60E-02	8.11E-01	8.27E-01	-1.17E-03	5.35E-03	9.26E-03	
group_9356	6.60E-02	3.68E-01	9.08E-01	-3.44E-04	2.97E-03	4.91E-03	
group_8552	6.60E-02	6.73E-01	9.90E-01	3.50E-05	2.68E-03	5.53E-04	
group_8393	6.60E-02	8.12E-02	9.52E-01	1.63E-04	2.70E-03	2.56E-03	bad-chisq
xerC_1~~~xerC_5~~~xerC_2~~~IntTn_2	6.60E-02	8.11E-01	9.80E-01	8.01E-05	3.22E-03	1.05E-03	
group_7030	6.60E-02	3.68E-01	3.24E-01	-2.90E-02	2.94E-02	4.17E-02	
group_6937	6.60E-02	8.12E-02	9.92E-01	2.52E-05	2.46E-03	4.33E-04	bad-chisq
group_6895	6.42E-02	2.94E-01	6.78E-01	8.54E-04	2.05E-03	1.76E-02	bad-chisq
group_6869	6.60E-02	2.79E-01	2.75E-01	-3.85E-02	3.52E-02	4.62E-02	bad-chisq
yjjG	6.42E-02	8.57E-02	8.04E-01	8.05E-03	3.25E-02	1.05E-02	bad-chisq
group_6852	6.60E-02	2.63E-02	7.21E-01	-1.15E-01	3.21E-01	1.51E-02	
xerC_9~~~xerC_8~~~xerC_1~~~xerC_2	6.60E-02	8.12E-02	9.65E-01	1.51E-04	3.42E-03	1.87E-03	bad-chisq
group_6570	6.60E-02	3.68E-01	8.63E-01	3.23E-02	1.87E-01	7.32E-03	
group_6556	6.60E-02	6.73E-01	9.91E-01	-3.15E-05	2.86E-03	4.66E-04	
group_6522	6.60E-02	2.63E-02	1.92E-01	-2.09E-01	1.60E-01	5.52E-02	
group_6474	6.60E-02	6.73E-01	9.96E-01	1.36E-05	2.81E-03	2.05E-04	
group_6145	6.60E-02	2.63E-02	8.70E-01	-2.32E-02	1.42E-01	6.91E-03	
group_6110	6.60E-02	2.63E-02	1.92E-01	-2.09E-01	1.60E-01	5.52E-02	
group_6101	6.60E-02	6.73E-01	8.35E-01	-1.27E-03	6.12E-03	8.81E-03	
group_6080	6.60E-02	2.79E-01	8.07E-01	-8.06E-04	3.30E-03	1.03E-02	bad-chisq
allR~~~xynR_2	6.60E-02	2.63E-02	8.87E-01	-1.81E-02	1.28E-01	5.99E-03	
group_5770	6.60E-02	8.11E-01	8.94E-01	-2.25E-02	1.69E-01	5.64E-03	
group_5262	6.60E-02	2.63E-02	8.69E-01	-2.45E-02	1.49E-01	6.98E-03	
group_4890	6.60E-02	1.18E-01	9.35E-01	-1.93E-02	2.35E-01	3.48E-03	
group_4254	6.60E-02	8.12E-02	4.52E-02	7.26E-02	3.61E-02	8.46E-02	bad-chisq
group_4140	6.60E-02	8.12E-02	8.31E-01	1.31E-03	6.12E-03	9.05E-03	bad-chisq
group_3673	6.60E-02	2.63E-02	7.21E-01	-1.15E-01	3.21E-01	1.51E-02	
group_3455	6.60E-02	2.63E-02	9.01E-01	-1.41E-02	1.13E-01	5.28E-03	
group_3426	6.60E-02	8.11E-01	9.14E-01	-6.67E-04	6.16E-03	4.57E-03	
group_3158	6.60E-02	6.73E-01	9.93E-01	2.63E-05	3.09E-03	3.61E-04	
group_3045	6.60E-02	8.11E-01	9.72E-01	-2.20E-04	6.20E-03	1.50E-03	
group_2994	6.60E-02	6.73E-01	8.08E-02	8.86E-02	5.07E-02	7.38E-02	
group_2962	6.60E-02	8.11E-01	9.14E-01	-6.67E-04	6.16E-03	4.57E-03	
group_2883	6.60E-02	2.63E-02	1.92E-01	-2.09E-01	1.60E-01	5.52E-02	
group_2796	6.42E-02	2.94E-01	9.45E-01	-1.74E-04	2.52E-03	2.92E-03	bad-chisq
rhaS_2~~~rhaS_1~~~rhaR_8	6.60E-02	3.68E-01	9.32E-01	4.56E-04	5.34E-03	3.62E-03	
cbiG	6.60E-02	2.63E-02	1.92E-01	-2.09E-01	1.60E-01	5.52E-02	
group_2283	6.60E-02	8.12E-02	9.53E-01	1.37E-04	2.31E-03	2.51E-03	bad-chisq
group_2268	6.60E-02	6.73E-01	9.42E-01	-2.13E-04	2.92E-03	3.09E-03	
mro_1	6.60E-02	6.73E-01	8.08E-02	8.86E-02	5.07E-02	7.38E-02	
group_1897	6.60E-02	1.18E-01	5.07E-01	1.79E-01	2.70E-01	2.81E-02	
group_1885	6.60E-02	2.63E-02	1.92E-01	-2.09E-01	1.60E-01	5.52E-02	
cbiD_1~~~cbiD	6.60E-02	2.63E-02	1.92E-01	-2.09E-01	1.60E-01	5.52E-02	
rhaS_3~~~rhaS_1	6.60E-02	8.12E-02	1.02E-01	5.92E-02	3.61E-02	6.92E-02	bad-chisq
iadA	6.60E-02	8.11E-01	9.67E-01	1.81E-04	4.38E-03	1.74E-03	
group_1603	6.60E-02	2.63E-02	7.44E-01	-9.62E-02	2.94E-01	1.38E-02	
rsxB_1	6.60E-02	6.73E-01	8.08E-02	8.86E-02	5.07E-02	7.38E-02	
group_1401	6.60E-02	8.12E-02	9.80E-01	8.38E-05	3.38E-03	1.05E-03	bad-chisq
group_1338	6.60E-02	8.12E-02	8.24E-01	8.62E-04	3.87E-03	9.42E-03	bad-chisq
patB	6.60E-02	2.63E-02	1.92E-01	-2.09E-01	1.60E-01	5.52E-02	
group_729	6.60E-02	2.63E-02	1.92E-01	-2.09E-01	1.60E-01	5.52E-02	
group_15099	6.42E-02	8.57E-02	9.64E-01	1.97E-04	4.35E-03	1.92E-03	bad-chisq
group_15007	6.42E-02	7.72E-01	7.71E-01	-1.78E-03	6.10E-03	1.23E-02	
group_14672	6.24E-02	9.05E-02	5.20E-01	2.48E-02	3.86E-02	2.72E-02	bad-chisq
group_13174	6.42E-02	2.15E-02	7.61E-01	-8.36E-02	2.74E-01	1.29E-02	
group_12646	6.42E-02	2.94E-01	9.86E-01	5.27E-05	3.00E-03	7.43E-04	bad-chisq
ftnA~~~ftn	6.42E-02	8.57E-02	6.37E-01	8.39E-04	1.78E-03	2.00E-02	bad-chisq
group_11948	6.42E-02	2.94E-01	9.83E-01	7.55E-05	3.55E-03	8.98E-04	bad-chisq
group_11471	6.42E-02	8.57E-02	9.83E-01	5.52E-05	2.58E-03	9.05E-04	bad-chisq
group_10975	6.42E-02	2.94E-01	8.94E-01	5.39E-04	4.04E-03	5.65E-03	bad-chisq
group_10670	6.42E-02	2.94E-01	9.50E-01	3.81E-04	6.04E-03	2.67E-03	bad-chisq
group_10612	6.42E-02	7.04E-01	9.84E-01	6.89E-05	3.38E-03	8.63E-04	
group_10524	6.42E-02	7.04E-01	8.81E-01	-3.50E-04	2.34E-03	6.32E-03	
group_10446	6.42E-02	7.04E-01	6.93E-01	1.84E-02	4.65E-02	1.67E-02	
group_10184	6.42E-02	3.37E-01	9.46E-01	-1.75E-04	2.60E-03	2.85E-03	
group_10132	6.42E-02	6.47E-07	7.18E-01	1.41E-02	3.90E-02	1.53E-02	
rsxC~~~hndC~~~rsxB_1~~~rsxB_5	6.42E-02	7.72E-01	6.92E-01	3.28E-02	8.28E-02	1.68E-02	
group_10110	6.42E-02	8.57E-02	9.73E-01	7.59E-05	2.21E-03	1.45E-03	bad-chisq
phnV~~~sugB	6.42E-02	7.72E-01	4.70E-01	4.79E-02	6.63E-02	3.06E-02	
group_10040	6.42E-02	8.57E-02	9.87E-01	8.33E-05	5.29E-03	6.66E-04	bad-chisq
group_9909	6.42E-02	7.04E-01	8.58E-01	-7.22E-04	4.03E-03	7.58E-03	
group_9638	6.42E-02	8.57E-02	5.99E-01	1.10E-03	2.08E-03	2.23E-02	bad-chisq
group_9361	6.24E-02	9.05E-02	9.20E-01	2.98E-04	2.97E-03	4.24E-03	bad-chisq
group_9270	6.42E-02	2.94E-01	5.07E-01	-1.97E-03	2.97E-03	2.80E-02	bad-chisq
group_9152	6.42E-02	8.57E-02	9.23E-01	2.86E-04	2.97E-03	4.08E-03	bad-chisq
group_8867	6.42E-02	7.04E-01	4.73E-01	-2.05E-03	2.86E-03	3.04E-02	
group_8754	6.42E-02	3.37E-01	8.62E-01	-6.77E-04	3.89E-03	7.37E-03	
group_8651	6.42E-02	3.37E-01	7.53E-01	2.74E-02	8.72E-02	1.33E-02	
group_8508	6.42E-02	2.15E-02	8.20E-01	-4.66E-02	2.05E-01	9.63E-03	
rpsA	6.42E-02	8.57E-02	9.13E-01	2.49E-04	2.28E-03	4.61E-03	bad-chisq
group_8283	6.42E-02	8.57E-02	9.50E-01	1.84E-04	2.91E-03	2.67E-03	bad-chisq
group_8138	6.42E-02	2.94E-01	9.06E-01	4.00E-04	3.38E-03	5.00E-03	bad-chisq
group_8020	6.42E-02	2.15E-02	2.45E-01	-1.66E-01	1.42E-01	4.91E-02	
group_7952	6.42E-02	7.04E-01	9.87E-01	4.33E-05	2.63E-03	6.97E-04	
group_7949	6.42E-02	7.72E-01	8.62E-01	-6.74E-04	3.88E-03	7.34E-03	
group_7679	6.42E-02	1.03E-01	9.65E-01	-5.65E-03	1.27E-01	1.88E-03	
group_7602	6.42E-02	8.57E-02	5.89E-01	2.06E-02	3.80E-02	2.29E-02	bad-chisq
noc_2~~~noc_1	6.42E-02	7.04E-01	8.76E-01	5.55E-04	3.55E-03	6.60E-03	
treA_2~~~treA_1~~~treA	6.42E-02	7.72E-01	8.64E-01	-6.80E-03	3.98E-02	7.23E-03	
ancA_2	6.42E-02	8.57E-02	9.94E-01	2.38E-05	3.09E-03	3.26E-04	bad-chisq
group_7073	6.42E-02	2.15E-02	8.68E-01	-2.49E-02	1.50E-01	7.04E-03	
group_6989	6.42E-02	8.57E-02	9.79E-01	9.12E-05	3.38E-03	1.14E-03	bad-chisq
group_6979	6.42E-02	2.94E-01	7.79E-01	7.63E-03	2.72E-02	1.19E-02	bad-chisq
pflD~~~cutC_1~~~pflD_3	6.42E-02	7.72E-01	4.74E-01	-7.12E-02	9.94E-02	3.03E-02	
group_6839	6.42E-02	7.72E-01	9.87E-01	-1.03E-04	6.13E-03	7.13E-04	
group_6494	6.42E-02	1.03E-01	9.11E-01	5.08E-03	4.57E-02	4.71E-03	
cysH_3~~~cysH	6.42E-02	2.94E-01	2.49E-01	-6.11E-03	5.30E-03	4.87E-02	bad-chisq
group_6223	6.42E-02	7.72E-01	2.40E-01	-7.51E-02	6.39E-02	4.97E-02	
crnA	6.42E-02	8.57E-02	9.35E-01	2.85E-03	3.47E-02	3.48E-03	bad-chisq
group_5988	6.42E-02	2.15E-02	2.45E-01	-1.66E-01	1.42E-01	4.91E-02	
hbd~~~fadJ~~~fadB	6.42E-02	2.15E-02	8.95E-01	-1.56E-02	1.18E-01	5.57E-03	
group_5754	6.42E-02	2.94E-01	9.82E-01	-4.08E-05	1.77E-03	9.76E-04	bad-chisq
group_5356	6.42E-02	3.37E-01	9.38E-01	1.25E-02	1.60E-01	3.29E-03	
group_5353	6.42E-02	8.57E-02	8.78E-01	6.64E-04	4.33E-03	6.48E-03	bad-chisq
group_5271	6.42E-02	2.94E-01	9.67E-01	1.79E-04	4.36E-03	1.74E-03	bad-chisq
group_5076	6.42E-02	2.15E-02	9.26E-01	8.81E-03	9.47E-02	3.94E-03	
group_4937	6.42E-02	7.72E-01	9.96E-01	-2.38E-05	5.36E-03	1.88E-04	
atpB_2	6.42E-02	8.57E-02	5.00E-01	2.10E-02	3.10E-02	2.86E-02	bad-chisq
group_4341	6.42E-02	7.72E-01	9.87E-01	-1.03E-04	6.13E-03	7.13E-04	
group_4286	6.42E-02	2.15E-02	8.97E-01	-1.43E-02	1.11E-01	5.48E-03	
group_4073	6.42E-02	2.94E-01	5.08E-01	-2.75E-02	4.15E-02	2.80E-02	bad-chisq
group_3960	6.42E-02	7.04E-01	2.65E-01	-2.64E-02	2.37E-02	4.72E-02	
group_3392	6.42E-02	2.94E-01	9.96E-01	1.41E-05	2.53E-03	2.36E-04	bad-chisq
group_3213	6.42E-02	8.57E-02	2.12E-02	1.06E-01	4.59E-02	9.73E-02	bad-chisq
group_3203	6.42E-02	2.15E-02	9.17E-01	-8.75E-03	8.37E-02	4.42E-03	
group_3134	6.42E-02	7.72E-01	9.87E-01	-1.03E-04	6.13E-03	7.13E-04	
glmS_2~~~purF	6.42E-02	7.04E-01	9.85E-01	5.81E-05	3.09E-03	7.95E-04	
mglA_1~~~btuD_1	6.42E-02	7.04E-01	5.76E-02	1.05E-01	5.53E-02	8.02E-02	
ycjP~~~melC_1	6.42E-02	7.04E-01	2.45E-01	-2.86E-02	2.46E-02	4.92E-02	
group_2505	6.42E-02	2.94E-01	1.92E-01	-7.83E-03	6.00E-03	5.51E-02	bad-chisq
glxK	6.42E-02	2.15E-02	8.95E-01	-1.56E-02	1.18E-01	5.57E-03	
group_2243	6.42E-02	7.04E-01	5.76E-02	1.05E-01	5.53E-02	8.02E-02	
group_2182	6.42E-02	7.04E-01	5.76E-02	1.05E-01	5.53E-02	8.02E-02	
group_2139	6.42E-02	2.15E-02	7.61E-01	-8.36E-02	2.74E-01	1.29E-02	
frlC~~~frlC_1	6.42E-02	2.15E-02	8.40E-01	-3.67E-02	1.82E-01	8.54E-03	
chvE	6.42E-02	2.15E-02	8.40E-01	-3.67E-02	1.82E-01	8.54E-03	
group_1701	6.42E-02	7.72E-01	9.87E-01	-1.03E-04	6.13E-03	7.13E-04	
cof~~~frlD	6.42E-02	2.15E-02	2.45E-01	-1.66E-01	1.42E-01	4.91E-02	
cutC_2~~~cutC_1	6.42E-02	7.04E-01	5.76E-02	1.05E-01	5.53E-02	8.02E-02	
cobD_1	6.42E-02	1.03E-01	3.19E-01	-1.35E-01	1.35E-01	4.22E-02	
patA_1	6.42E-02	2.15E-02	8.73E-01	-1.11E-02	6.95E-02	6.77E-03	
rbsC_3~~~rbsC_5	6.42E-02	7.04E-01	5.76E-02	1.05E-01	5.53E-02	8.02E-02	
yajO	6.42E-02	7.04E-01	2.19E-01	1.17E-01	9.54E-02	5.20E-02	
group_1050	6.42E-02	7.72E-01	9.89E-01	-8.15E-05	6.18E-03	5.58E-04	
group_875	6.42E-02	7.72E-01	3.58E-01	-4.69E-02	5.10E-02	3.89E-02	
group_723	6.42E-02	2.15E-02	8.73E-01	-1.11E-02	6.95E-02	6.77E-03	
ade_2	6.42E-02	7.72E-01	3.58E-01	-4.69E-02	5.10E-02	3.89E-02	
group_14704	6.24E-02	7.37E-01	9.66E-01	3.47E-03	8.08E-02	1.81E-03	
group_14518	6.24E-02	7.32E-01	8.39E-02	4.82E-02	2.78E-02	7.30E-02	
group_12697	6.24E-02	9.05E-02	9.37E-01	2.61E-04	3.29E-03	3.36E-03	bad-chisq
group_12483	6.24E-02	3.10E-01	9.28E-01	3.66E-04	4.06E-03	3.81E-03	bad-chisq
group_12153	6.24E-02	8.93E-02	9.53E-01	-1.43E-04	2.42E-03	2.50E-03	
group_11780	6.24E-02	7.37E-01	5.80E-01	3.72E-02	6.73E-02	2.34E-02	
group_11779	6.24E-02	3.57E-07	9.82E-01	9.31E-05	4.04E-03	9.74E-04	
group_11547	6.24E-02	7.37E-01	9.86E-01	-7.64E-05	4.37E-03	7.40E-04	
group_11509	6.24E-02	3.10E-01	9.90E-01	-3.61E-05	2.90E-03	5.27E-04	bad-chisq
cat3~~~cmlA~~~cat3_2~~~cat3_1~~~clpP_1~~~clpP_2~~~clpP_3	6.24E-02	3.57E-07	9.41E-01	-3.05E-03	4.12E-02	3.14E-03	
group_11390	6.24E-02	3.10E-01	9.83E-01	1.34E-04	6.19E-03	9.14E-04	bad-chisq
group_11188	6.24E-02	7.37E-01	4.69E-01	-2.29E-03	3.16E-03	3.07E-02	
group_11134	6.24E-02	3.10E-01	9.11E-01	3.31E-04	2.96E-03	4.73E-03	bad-chisq
gpr_1~~~gpr_2	6.24E-02	7.37E-01	6.23E-01	2.06E-01	4.19E-01	2.08E-02	
group_11107	6.24E-02	3.10E-01	9.55E-01	1.13E-04	1.99E-03	2.41E-03	bad-chisq
group_11045	6.24E-02	3.10E-01	9.95E-01	2.12E-05	3.10E-03	2.89E-04	bad-chisq
group_10731	6.24E-02	3.10E-01	9.07E-01	4.40E-04	3.77E-03	4.93E-03	bad-chisq
group_10700	6.24E-02	8.93E-02	9.07E-01	-8.51E-03	7.29E-02	4.94E-03	
parA_1~~~bchL~~~soj_2~~~soj_1	6.24E-02	9.05E-02	9.48E-01	2.22E-04	3.39E-03	2.77E-03	bad-chisq
group_10335	6.24E-02	3.10E-01	3.35E-01	4.80E-03	4.97E-03	4.08E-02	bad-chisq
group_10041	6.24E-02	9.05E-02	9.34E-01	5.04E-04	6.06E-03	3.52E-03	bad-chisq
group_10020	6.24E-02	9.05E-02	9.80E-01	1.55E-03	6.27E-02	1.04E-03	bad-chisq
group_9859	6.24E-02	9.05E-02	9.80E-01	1.55E-03	6.27E-02	1.04E-03	bad-chisq
COQ5_4~~~COQ5_7~~~COQ5_2	6.24E-02	3.10E-01	6.17E-01	9.35E-04	1.87E-03	2.11E-02	bad-chisq
group_9583	6.24E-02	3.10E-01	9.40E-01	-3.26E-04	4.34E-03	3.18E-03	bad-chisq
group_9412	6.24E-02	3.10E-01	9.78E-01	-7.52E-05	2.68E-03	1.19E-03	bad-chisq
group_9269	6.24E-02	3.10E-01	5.07E-01	-1.97E-03	2.97E-03	2.81E-02	bad-chisq
group_9029	6.24E-02	3.10E-01	8.75E-01	8.34E-04	5.30E-03	6.65E-03	bad-chisq
group_8979	6.06E-02	9.55E-02	9.45E-01	1.75E-04	2.53E-03	2.94E-03	bad-chisq
group_8849	6.24E-02	9.05E-02	9.35E-01	2.02E-04	2.46E-03	3.47E-03	bad-chisq
group_8478	6.06E-02	7.71E-01	8.34E-01	-9.65E-04	4.60E-03	8.87E-03	
group_8347	6.24E-02	3.10E-01	9.09E-01	-4.98E-04	4.34E-03	4.86E-03	bad-chisq
group_8337	6.24E-02	7.32E-01	9.32E-01	-2.00E-04	2.33E-03	3.63E-03	
group_8160	6.24E-02	3.10E-01	9.87E-01	4.42E-05	2.77E-03	6.75E-04	bad-chisq
group_7677	6.24E-02	9.05E-02	9.41E-01	1.94E-04	2.60E-03	3.16E-03	bad-chisq
group_6757	6.24E-02	1.74E-02	8.43E-01	-3.53E-02	1.78E-01	8.37E-03	
group_6695	6.24E-02	9.05E-02	3.19E-01	4.35E-03	4.36E-03	4.22E-02	bad-chisq
group_6246	6.24E-02	3.10E-01	9.72E-01	-1.27E-04	3.56E-03	1.51E-03	bad-chisq
group_6024	6.24E-02	3.10E-01	2.68E-01	3.95E-02	3.56E-02	4.69E-02	bad-chisq
group_6023	6.24E-02	3.10E-01	9.68E-01	-8.62E-05	2.15E-03	1.70E-03	bad-chisq
leuC_1~~~hacA	6.24E-02	3.10E-01	5.32E-01	-2.26E-02	3.61E-02	2.65E-02	bad-chisq
group_5748	6.24E-02	7.37E-01	9.06E-01	-3.64E-04	3.09E-03	4.99E-03	
group_5332	6.24E-02	3.10E-01	9.90E-01	-5.31E-05	4.33E-03	5.19E-04	bad-chisq
group_4411	6.24E-02	1.74E-02	9.08E-01	-1.18E-02	1.02E-01	4.88E-03	
group_4287	6.24E-02	1.74E-02	8.95E-01	-1.57E-02	1.19E-01	5.59E-03	
livH_2~~~livH_1~~~livH_3	6.24E-02	9.05E-02	2.49E-01	4.29E-02	3.72E-02	4.87E-02	bad-chisq
rhaR_10~~~araC_1~~~araC_2~~~rhaS_5~~~rhaS_3~~~rhaS_6~~~rhaS_4	6.06E-02	3.27E-01	9.45E-01	-1.74E-04	2.52E-03	2.92E-03	bad-chisq
group_3763	6.24E-02	9.05E-02	9.91E-01	4.44E-05	3.89E-03	4.83E-04	bad-chisq
phoB~~~baeR~~~phoB_2~~~walR_3~~~walR_5	6.24E-02	9.05E-02	4.39E-01	2.29E-03	2.96E-03	3.27E-02	bad-chisq
frlC_3~~~xylB_2	6.24E-02	1.74E-02	3.75E-01	-9.67E-02	1.09E-01	3.75E-02	
group_3001	6.24E-02	1.74E-02	8.43E-01	-3.53E-02	1.78E-01	8.37E-03	
frlB_2	6.24E-02	1.74E-02	4.06E-01	-8.48E-02	1.02E-01	3.51E-02	
frlB_1	6.24E-02	1.74E-02	8.43E-01	-3.53E-02	1.78E-01	8.37E-03	
ecfG~~~sigW	6.24E-02	9.05E-02	9.90E-01	3.18E-05	2.59E-03	5.18E-04	bad-chisq
DmdB	6.24E-02	7.32E-01	7.57E-01	-2.77E-02	8.93E-02	1.31E-02	
xylG_4	6.24E-02	1.74E-02	8.43E-01	-3.53E-02	1.78E-01	8.37E-03	
btuD_7	6.24E-02	1.74E-02	9.23E-01	-6.85E-03	7.06E-02	4.11E-03	
group_1560	6.24E-02	1.74E-02	8.94E-01	-1.52E-02	1.14E-01	5.64E-03	
group_1279	6.24E-02	7.37E-01	2.44E-01	-2.88E-02	2.47E-02	4.93E-02	
xylB_2~~~xylB_1	6.24E-02	7.37E-01	6.50E-02	9.94E-02	5.38E-02	7.80E-02	
group_1041	6.24E-02	3.10E-01	9.91E-01	-3.10E-05	2.86E-03	4.58E-04	bad-chisq
group_793	6.24E-02	9.05E-02	9.40E-01	1.00E-02	1.34E-01	3.16E-03	bad-chisq
group_15413	6.06E-02	3.27E-01	5.02E-01	6.87E-02	1.02E-01	2.84E-02	bad-chisq
group_14644	6.06E-02	9.55E-02	7.30E-01	1.43E-02	4.14E-02	1.46E-02	bad-chisq
group_13286	6.06E-02	9.55E-02	9.13E-01	2.49E-04	2.28E-03	4.60E-03	bad-chisq
fucU_2	6.06E-02	3.27E-01	9.65E-01	-1.59E-03	3.61E-02	1.86E-03	bad-chisq
group_12229	6.06E-02	7.71E-01	9.22E-01	6.57E-03	6.75E-02	4.12E-03	
group_12225	6.06E-02	3.27E-01	8.85E-01	-5.81E-04	4.03E-03	6.11E-03	bad-chisq
group_12055	6.06E-02	1.39E-02	9.67E-01	-1.62E-04	3.90E-03	1.76E-03	
group_11850	6.06E-02	3.27E-01	9.82E-01	8.45E-05	3.69E-03	9.69E-04	bad-chisq
group_11847	5.88E-02	3.45E-01	9.86E-01	4.91E-05	2.89E-03	7.18E-04	bad-chisq
group_11402	6.06E-02	3.27E-01	9.38E-01	4.79E-04	6.14E-03	3.30E-03	bad-chisq
group_10876	6.06E-02	6.92E-01	9.45E-01	-1.45E-04	2.11E-03	2.92E-03	
yjdF_2~~~yjdF	6.06E-02	2.79E-01	9.60E-01	3.08E-04	6.16E-03	2.12E-03	
group_10664	6.06E-02	7.71E-01	9.57E-01	-3.30E-04	6.08E-03	2.29E-03	
group_10649	6.06E-02	7.71E-01	4.49E-01	2.06E-02	2.71E-02	3.20E-02	
xylP_1~~~xylP	6.06E-02	3.27E-01	9.73E-01	1.30E-04	3.90E-03	1.41E-03	bad-chisq
bglB~~~bglB_5	6.06E-02	3.27E-01	9.77E-01	1.14E-04	3.90E-03	1.23E-03	bad-chisq
lgt_2~~~lgt_1~~~lgt_3	6.06E-02	3.27E-01	9.63E-01	-9.55E-05	2.05E-03	1.97E-03	bad-chisq
group_10095	6.06E-02	3.27E-01	9.87E-01	-4.43E-05	2.73E-03	6.85E-04	bad-chisq
araC~~~rhaR_2~~~rhaS_3~~~rssB~~~rssB_1~~~cheB~~~cheY~~~yesS	6.06E-02	1.65E-03	5.78E-01	-4.60E-02	8.28E-02	2.35E-02	
group_9553	6.06E-02	6.92E-01	9.61E-01	-1.56E-04	3.23E-03	2.05E-03	
ydjF_2~~~glpR	6.06E-02	6.92E-01	8.80E-01	1.03E-02	6.82E-02	6.39E-03	
group_9255	6.06E-02	2.79E-01	9.08E-01	-2.67E-04	2.32E-03	4.87E-03	
group_8931	6.06E-02	1.65E-03	5.40E-01	-5.11E-02	8.33E-02	2.60E-02	
group_8923	6.06E-02	7.71E-01	4.94E-01	2.43E-03	3.55E-03	2.90E-02	
group_8475	6.06E-02	3.27E-01	9.09E-01	3.03E-04	2.65E-03	4.85E-03	bad-chisq
pre	6.06E-02	3.27E-01	9.77E-01	1.27E-04	4.34E-03	1.23E-03	bad-chisq
group_8123	6.06E-02	9.55E-02	9.07E-01	3.95E-04	3.38E-03	4.95E-03	bad-chisq
group_8066	6.06E-02	9.55E-02	9.19E-01	3.12E-04	3.09E-03	4.28E-03	bad-chisq
group_8001	6.06E-02	9.55E-02	9.19E-01	3.12E-04	3.08E-03	4.28E-03	bad-chisq
group_7909	5.88E-02	1.01E-01	1.63E-01	4.86E-02	3.48E-02	5.90E-02	bad-chisq
group_7558	6.06E-02	3.27E-01	9.91E-01	3.00E-05	2.69E-03	4.72E-04	bad-chisq
ligK	6.06E-02	1.39E-02	9.04E-01	-1.24E-02	1.02E-01	5.11E-03	
ygeW~~~ygeW_2	6.06E-02	6.92E-01	7.56E-01	-1.64E-03	5.27E-03	1.32E-02	
group_7347	5.88E-02	1.01E-01	9.61E-01	1.41E-04	2.86E-03	2.09E-03	bad-chisq
group_7276	6.06E-02	9.55E-02	9.33E-01	2.07E-04	2.46E-03	3.56E-03	bad-chisq
group_7148	6.06E-02	7.65E-02	7.23E-01	-2.41E-02	6.77E-02	1.50E-02	
group_7017	5.88E-02	1.01E-01	9.54E-01	1.51E-04	2.60E-03	2.45E-03	bad-chisq
group_6898	6.06E-02	3.27E-01	4.98E-01	2.72E-02	4.02E-02	2.87E-02	bad-chisq
group_6748	6.06E-02	9.55E-02	9.96E-01	1.39E-05	3.04E-03	1.94E-04	bad-chisq
group_6323	5.88E-02	1.01E-01	9.83E-01	5.96E-05	2.86E-03	8.79E-04	bad-chisq
group_5964	5.88E-02	1.01E-01	9.68E-01	1.39E-04	3.43E-03	1.71E-03	bad-chisq
group_5783	6.06E-02	7.65E-02	8.35E-01	1.83E-02	8.77E-02	8.83E-03	
group_5641	6.06E-02	2.79E-01	9.85E-01	1.34E-03	7.26E-02	7.80E-04	
group_5223	6.06E-02	9.55E-02	9.86E-01	7.08E-05	3.91E-03	7.65E-04	bad-chisq
group_5090	6.06E-02	2.79E-01	5.98E-01	5.53E-02	1.05E-01	2.23E-02	
group_4892	6.06E-02	1.39E-02	2.96E-01	-1.18E-01	1.13E-01	4.42E-02	
group_4708	6.06E-02	6.92E-01	6.89E-01	-3.76E-02	9.40E-02	1.69E-02	
group_4547	6.06E-02	6.92E-01	6.71E-01	5.50E-02	1.29E-01	1.80E-02	
group_4125	6.06E-02	1.90E-07	2.35E-01	-5.02E-02	4.22E-02	5.02E-02	
epsD~~~mshA_2	6.06E-02	6.92E-01	9.84E-01	-1.22E-04	6.14E-03	8.43E-04	
group_3970	6.06E-02	6.92E-01	6.89E-01	-3.76E-02	9.40E-02	1.69E-02	
btuD_4~~~mglA_4~~~mglA_3	6.06E-02	3.27E-01	9.65E-01	-1.59E-03	3.61E-02	1.86E-03	bad-chisq
group_3744	5.88E-02	1.01E-01	7.75E-01	8.70E-03	3.04E-02	1.21E-02	bad-chisq
group_3547	6.06E-02	3.27E-01	5.01E-01	-2.26E-02	3.37E-02	2.84E-02	bad-chisq
group_3473	6.06E-02	3.27E-01	9.39E-01	3.08E-03	4.05E-02	3.22E-03	bad-chisq
group_3417	6.06E-02	9.55E-02	9.13E-01	4.42E-03	4.03E-02	4.63E-03	bad-chisq
group_2969	6.06E-02	3.27E-01	9.65E-01	-1.59E-03	3.61E-02	1.86E-03	bad-chisq
araD~~~araD_1~~~sgbE	6.06E-02	6.92E-01	1.81E-01	-7.80E-02	5.83E-02	5.65E-02	
iolA~~~mmsA~~~bauC	6.06E-02	6.92E-01	6.90E-01	-2.99E-02	7.50E-02	1.68E-02	
group_2614	6.06E-02	3.27E-01	6.43E-01	-1.85E-02	3.99E-02	1.96E-02	bad-chisq
group_2593	6.06E-02	6.92E-01	6.89E-01	-3.76E-02	9.40E-02	1.69E-02	
group_2592	6.06E-02	6.92E-01	6.89E-01	-3.76E-02	9.40E-02	1.69E-02	
group_2499	6.06E-02	6.92E-01	6.89E-01	-3.76E-02	9.40E-02	1.69E-02	
thpA	6.06E-02	3.27E-01	9.65E-01	-1.59E-03	3.61E-02	1.86E-03	bad-chisq
group_2430	6.06E-02	9.55E-02	9.85E-01	4.52E-05	2.41E-03	7.95E-04	bad-chisq
adh2_1	6.06E-02	3.27E-01	9.65E-01	-1.59E-03	3.61E-02	1.86E-03	bad-chisq
group_2114	6.06E-02	3.27E-01	1.53E-01	5.58E-02	3.90E-02	6.03E-02	bad-chisq
group_1671	6.06E-02	2.79E-01	9.68E-01	1.62E-04	4.05E-03	1.70E-03	
prpC_2~~~prpC	6.06E-02	9.55E-02	9.13E-01	4.42E-03	4.03E-02	4.63E-03	bad-chisq
group_1437	6.06E-02	1.39E-02	4.95E-01	-5.00E-02	7.31E-02	2.89E-02	
rhaR_3~~~rhaR_4~~~rssB	6.06E-02	6.92E-01	6.89E-01	-3.76E-02	9.40E-02	1.69E-02	
purR~~~rbsB~~~purR_2	6.06E-02	3.27E-01	9.65E-01	-1.59E-03	3.61E-02	1.86E-03	bad-chisq
group_1098	6.06E-02	7.71E-01	9.77E-01	8.41E-05	2.86E-03	1.24E-03	
group_865	6.06E-02	9.55E-02	9.13E-01	4.42E-03	4.03E-02	4.63E-03	bad-chisq
group_425	6.06E-02	3.27E-01	7.68E-01	1.28E-03	4.33E-03	1.25E-02	bad-chisq
group_93	6.06E-02	6.92E-01	6.89E-01	-3.76E-02	9.40E-02	1.69E-02	
group_15570	5.88E-02	1.01E-01	5.48E-01	3.34E-02	5.55E-02	2.54E-02	bad-chisq
group_15102	5.88E-02	1.01E-01	9.95E-01	2.28E-05	3.56E-03	2.71E-04	bad-chisq
group_14712	5.88E-02	1.01E-01	9.41E-01	3.15E-03	4.24E-02	3.14E-03	bad-chisq
group_14312	5.88E-02	8.06E-01	8.89E-01	-4.44E-04	3.17E-03	5.92E-03	
group_12853	5.88E-02	8.06E-01	9.44E-02	8.18E-02	4.88E-02	7.07E-02	
group_12795	5.70E-02	3.65E-01	9.03E-01	-5.59E-04	4.60E-03	5.14E-03	bad-chisq
rpoS~~~rpoS_3	5.88E-02	3.45E-01	4.94E-01	2.27E-02	3.33E-02	2.89E-02	bad-chisq
group_12423	5.88E-02	1.01E-01	4.96E-01	1.69E-03	2.49E-03	2.88E-02	bad-chisq
group_12288	5.88E-02	8.06E-01	9.46E-01	2.97E-04	4.35E-03	2.89E-03	
group_12215	5.88E-02	1.01E-01	9.83E-01	6.12E-05	2.83E-03	9.17E-04	bad-chisq
group_12192	5.70E-02	8.42E-01	9.70E-01	8.47E-05	2.24E-03	1.60E-03	
yjmC~~~dlgD	5.88E-02	6.49E-02	9.97E-01	-1.76E-04	5.56E-02	1.34E-04	
group_12097	5.88E-02	6.49E-02	8.85E-01	3.98E-03	2.74E-02	6.14E-03	
group_11957	5.88E-02	6.49E-02	8.54E-01	1.12E-03	6.05E-03	7.80E-03	
group_11554	5.88E-02	6.52E-01	9.48E-01	1.02E-02	1.57E-01	2.73E-03	
cysK~~~cysK1	5.88E-02	6.52E-01	8.41E-01	2.50E-02	1.25E-01	8.47E-03	
xerD_5~~~xerD_1~~~xerD_3~~~xerC_2~~~xerD_2	5.88E-02	3.45E-01	7.58E-01	8.10E-03	2.63E-02	1.30E-02	bad-chisq
group_11365	5.88E-02	8.06E-01	9.81E-01	-9.57E-05	4.04E-03	1.00E-03	
dnaG_2~~~dnaG_10~~~dnaG_4~~~dnaG_3~~~dnaG_1~~~dnaG_7	5.88E-02	8.06E-01	9.80E-01	8.26E-05	3.37E-03	1.04E-03	
group_11119	5.88E-02	3.45E-01	4.88E-01	2.06E-03	2.97E-03	2.93E-02	bad-chisq
group_10914	5.88E-02	3.45E-01	8.74E-01	6.89E-04	4.33E-03	6.72E-03	bad-chisq
group_10793	5.88E-02	3.45E-01	9.63E-01	-9.63E-05	2.06E-03	1.97E-03	bad-chisq
group_10698	5.88E-02	3.45E-01	9.93E-01	1.92E-05	2.10E-03	3.86E-04	bad-chisq
group_10644	5.88E-02	1.01E-01	8.90E-01	7.39E-03	5.36E-02	5.83E-03	bad-chisq
group_10605	5.88E-02	6.52E-01	6.26E-01	-1.88E-02	3.85E-02	2.06E-02	
rhaR_6~~~yesS~~~cheB	5.88E-02	8.06E-01	2.33E-01	-3.01E-02	2.52E-02	5.04E-02	
group_10171	5.88E-02	2.51E-01	8.94E-01	-3.94E-04	2.96E-03	5.64E-03	
group_9498	5.88E-02	1.01E-01	2.99E-01	4.53E-03	4.36E-03	4.39E-02	bad-chisq
noc_9~~~noc_3~~~noc_1	5.88E-02	8.06E-01	4.46E-01	2.58E-03	3.37E-03	3.23E-02	
group_9002	5.88E-02	8.06E-01	9.40E-01	-4.54E-04	6.08E-03	3.16E-03	
group_9000	5.88E-02	3.45E-01	9.32E-01	4.50E-04	5.31E-03	3.59E-03	bad-chisq
group_8996	5.70E-02	8.42E-01	9.73E-01	-9.84E-05	2.87E-03	1.45E-03	
group_8990	5.88E-02	6.52E-01	7.02E-01	1.10E-03	2.86E-03	1.62E-02	
group_8535	5.88E-02	3.45E-01	7.42E-01	1.12E-02	3.39E-02	1.39E-02	bad-chisq
group_8468	5.70E-02	1.06E-01	5.80E-01	1.82E-02	3.28E-02	2.34E-02	bad-chisq
group_8224	5.88E-02	8.06E-01	7.55E-01	-1.90E-03	6.09E-03	1.32E-02	
group_8220	5.88E-02	3.45E-01	9.55E-01	2.45E-04	4.36E-03	2.38E-03	bad-chisq
group_8217	5.88E-02	6.49E-02	4.94E-01	-4.15E-03	6.07E-03	2.89E-02	
group_8096	5.88E-02	1.01E-01	9.83E-01	1.10E-04	5.01E-03	9.27E-04	bad-chisq
group_7849	5.88E-02	3.45E-01	2.53E-01	-4.18E-02	3.65E-02	4.83E-02	bad-chisq
group_7842	5.88E-02	1.01E-01	9.67E-01	2.19E-04	5.30E-03	1.75E-03	bad-chisq
group_7826	5.88E-02	1.01E-01	9.35E-01	2.00E-04	2.46E-03	3.44E-03	bad-chisq
group_7598	5.88E-02	1.01E-01	9.74E-01	1.08E-04	3.30E-03	1.38E-03	bad-chisq
group_7562	5.88E-02	3.45E-01	9.08E-01	-3.82E-04	3.29E-03	4.90E-03	bad-chisq
soj_3	5.88E-02	6.52E-01	7.64E-01	6.31E-04	2.10E-03	1.27E-02	
group_7482	5.88E-02	1.01E-01	8.86E-01	3.98E-04	2.76E-03	6.09E-03	bad-chisq
group_7371	5.88E-02	3.45E-01	2.53E-01	-4.18E-02	3.65E-02	4.83E-02	bad-chisq
group_7041	5.88E-02	3.45E-01	2.53E-01	-4.18E-02	3.65E-02	4.83E-02	bad-chisq
group_7024	5.88E-02	3.45E-01	9.46E-01	-4.12E-04	6.12E-03	2.85E-03	bad-chisq
group_6907	5.88E-02	6.52E-01	4.36E-01	-2.31E-03	2.96E-03	3.29E-02	
lacA_1~~~lacA~~~dapH	5.88E-02	8.06E-01	9.95E-01	-3.65E-05	6.10E-03	2.53E-04	
group_6562	5.88E-02	6.52E-01	9.61E-01	4.16E-03	8.59E-02	2.05E-03	
group_6475	5.88E-02	3.45E-01	2.53E-01	-4.18E-02	3.65E-02	4.83E-02	bad-chisq
group_6306	5.88E-02	3.45E-01	9.08E-01	-3.82E-04	3.29E-03	4.90E-03	bad-chisq
group_6213	5.88E-02	2.51E-01	9.97E-01	-1.90E-05	5.31E-03	1.52E-04	
leuC_1~~~dmdA~~~leuC_2~~~leuC_3	5.88E-02	3.45E-01	4.96E-01	2.42E-02	3.55E-02	2.88E-02	bad-chisq
xerC_8~~~xerC_3~~~xerC_6	5.88E-02	3.45E-01	9.60E-01	2.55E-04	5.03E-03	2.14E-03	bad-chisq
group_5726	5.88E-02	3.45E-01	9.44E-01	-2.39E-04	3.38E-03	2.99E-03	bad-chisq
group_5568	5.88E-02	6.52E-01	9.73E-01	1.49E-04	4.34E-03	1.45E-03	
group_5530	5.88E-02	1.01E-01	9.96E-01	1.10E-05	2.41E-03	1.93E-04	bad-chisq
btuD_3~~~bglB_3~~~bglB_1~~~bglB_4	5.70E-02	1.06E-01	5.56E-01	2.32E-02	3.94E-02	2.49E-02	bad-chisq
group_5082	5.88E-02	3.45E-01	9.90E-01	-5.48E-05	4.33E-03	5.35E-04	bad-chisq
group_4536	5.88E-02	3.45E-01	1.00E+00	2.33E-07	6.18E-03	1.60E-06	bad-chisq
group_4491	5.88E-02	2.51E-01	9.97E-01	-1.90E-05	5.31E-03	1.52E-04	
ngcG_3	5.88E-02	3.45E-01	8.18E-01	1.00E-03	4.34E-03	9.76E-03	bad-chisq
group_4314	5.88E-02	3.45E-01	4.92E-01	2.80E-02	4.07E-02	2.90E-02	bad-chisq
oppC_1	5.88E-02	2.51E-01	9.72E-01	1.41E-04	4.05E-03	1.47E-03	
group_4091	5.88E-02	8.06E-01	9.41E-01	-2.17E-04	2.92E-03	3.15E-03	
group_4060	5.88E-02	1.01E-01	9.25E-01	2.69E-04	2.86E-03	3.97E-03	bad-chisq
group_3833	5.88E-02	2.51E-01	9.97E-01	-1.90E-05	5.31E-03	1.52E-04	
cutD_1	5.88E-02	8.06E-01	9.44E-02	8.18E-02	4.88E-02	7.07E-02	
group_3596	5.88E-02	6.52E-01	9.30E-01	-5.41E-04	6.11E-03	3.74E-03	
group_3196	5.70E-02	3.65E-01	9.12E-01	-6.69E-04	6.09E-03	4.65E-03	bad-chisq
group_3177	5.88E-02	2.51E-01	9.68E-01	1.62E-04	4.04E-03	1.70E-03	
group_3131	5.88E-02	6.52E-01	9.61E-01	4.16E-03	8.59E-02	2.05E-03	
gsiC_2	5.88E-02	2.51E-01	9.72E-01	1.41E-04	4.05E-03	1.47E-03	
group_2579	5.88E-02	2.51E-01	9.72E-01	1.41E-04	4.05E-03	1.47E-03	
gsiA~~~oppF_2	5.88E-02	2.51E-01	9.72E-01	1.41E-04	4.05E-03	1.47E-03	
group_2407	5.88E-02	1.01E-01	9.48E-01	2.64E-04	4.02E-03	2.78E-03	bad-chisq
group_2372	5.88E-02	3.45E-01	4.92E-01	2.80E-02	4.07E-02	2.90E-02	bad-chisq
group_2082	5.70E-02	3.65E-01	9.03E-01	-5.59E-04	4.60E-03	5.14E-03	bad-chisq
ngcF_2	5.88E-02	3.45E-01	8.18E-01	1.00E-03	4.34E-03	9.76E-03	bad-chisq
group_1721	5.88E-02	3.45E-01	8.18E-01	1.00E-03	4.34E-03	9.76E-03	bad-chisq
bacC	5.88E-02	2.51E-01	9.68E-01	1.62E-04	4.04E-03	1.70E-03	
group_1683	5.88E-02	1.10E-02	9.31E-01	-5.54E-03	6.35E-02	3.69E-03	
group_1649	5.88E-02	1.01E-01	9.01E-01	5.72E-03	4.60E-02	5.26E-03	bad-chisq
group_1404	5.88E-02	3.45E-01	4.92E-01	2.80E-02	4.07E-02	2.90E-02	bad-chisq
group_1385	5.88E-02	2.51E-01	9.72E-01	1.41E-04	4.05E-03	1.47E-03	
araA_1	5.88E-02	8.06E-01	9.44E-02	8.18E-02	4.88E-02	7.07E-02	
group_14780	5.70E-02	8.42E-01	9.97E-01	9.46E-06	2.97E-03	1.35E-04	
yhcH	5.70E-02	2.24E-01	9.72E-01	1.41E-04	4.04E-03	1.47E-03	
group_12556	5.70E-02	5.45E-02	9.69E-01	2.36E-04	6.08E-03	1.64E-03	
group_12372	5.70E-02	3.65E-01	2.28E-01	6.36E-03	5.27E-03	5.10E-02	bad-chisq
group_12243	5.70E-02	6.11E-01	9.53E-01	-3.16E-04	5.31E-03	2.52E-03	
group_12190	5.70E-02	3.65E-01	9.87E-01	6.36E-05	4.03E-03	6.69E-04	bad-chisq
group_12132	5.70E-02	1.06E-01	9.76E-01	9.82E-05	3.30E-03	1.26E-03	bad-chisq
sigE_1	5.70E-02	8.42E-01	8.41E-01	-1.07E-03	5.32E-03	8.48E-03	
group_11804	5.70E-02	6.11E-01	6.47E-01	2.78E-03	6.06E-03	1.94E-02	
group_11794	5.70E-02	3.65E-01	9.73E-01	-1.13E-04	3.38E-03	1.42E-03	bad-chisq
group_11628	5.70E-02	3.65E-01	8.96E-01	-6.96E-04	5.32E-03	5.53E-03	bad-chisq
group_11391	5.70E-02	3.65E-01	9.98E-01	1.02E-05	5.37E-03	8.06E-05	bad-chisq
group_11171	5.70E-02	3.65E-01	9.82E-01	8.23E-05	3.57E-03	9.75E-04	bad-chisq
group_11113	5.70E-02	8.42E-01	7.14E-05	6.36E-01	1.59E-01	1.67E-01	
group_10954	5.70E-02	3.65E-01	9.63E-01	1.14E-04	2.45E-03	1.97E-03	bad-chisq
xerC_2~~~xerC_3~~~intQ~~~xerC_5~~~xerC_4	5.70E-02	1.06E-01	9.88E-01	5.29E-05	3.39E-03	6.61E-04	bad-chisq
group_8653	5.70E-02	2.24E-01	9.23E-01	-3.90E-04	4.03E-03	4.10E-03	
group_8456	5.70E-02	1.06E-01	9.35E-01	3.25E-03	3.97E-02	3.46E-03	bad-chisq
group_8405	5.70E-02	8.42E-01	9.85E-01	-6.32E-05	3.30E-03	8.08E-04	
group_8239	5.70E-02	1.06E-01	9.13E-01	3.71E-04	3.38E-03	4.64E-03	bad-chisq
group_8087	5.70E-02	1.06E-01	9.14E-01	3.64E-04	3.38E-03	4.55E-03	bad-chisq
group_7924	5.53E-02	8.80E-01	9.89E-01	3.32E-05	2.46E-03	5.70E-04	
group_7880	5.70E-02	8.42E-01	9.51E-01	3.80E-04	6.19E-03	2.59E-03	
group_7800	5.70E-02	1.06E-01	8.85E-01	3.98E-04	2.76E-03	6.09E-03	bad-chisq
group_7485	5.70E-02	8.42E-01	1.69E-37	6.27E-01	4.54E-02	5.04E-01	
group_7478	5.70E-02	3.65E-01	9.30E-01	4.72E-04	5.33E-03	3.74E-03	bad-chisq
group_7236	5.70E-02	2.24E-01	8.78E-01	-3.51E-04	2.29E-03	6.49E-03	
group_6733	5.70E-02	1.06E-01	8.89E-01	5.14E-03	3.68E-02	5.90E-03	bad-chisq
group_6589	5.70E-02	8.42E-01	8.87E-01	1.82E-02	1.28E-01	6.03E-03	
group_6177	5.70E-02	8.53E-03	7.67E-01	-1.11E-02	3.75E-02	1.25E-02	
group_6122	5.70E-02	1.06E-01	9.28E-01	2.50E-04	2.76E-03	3.82E-03	bad-chisq
group_5876	5.70E-02	8.42E-01	9.51E-01	3.80E-04	6.19E-03	2.59E-03	
group_5868	5.70E-02	3.65E-01	9.90E-01	-5.68E-05	4.33E-03	5.55E-04	bad-chisq
group_5801	5.70E-02	1.06E-01	9.15E-01	4.36E-03	4.09E-02	4.52E-03	bad-chisq
nagB_3~~~nagB~~~gamA	5.70E-02	3.65E-01	9.10E-01	-3.50E-04	3.08E-03	4.80E-03	bad-chisq
group_5149	5.70E-02	1.06E-01	9.87E-01	4.20E-05	2.53E-03	7.02E-04	bad-chisq
group_5107	5.70E-02	3.65E-01	9.82E-01	-5.72E-05	2.52E-03	9.58E-04	bad-chisq
group_4814	5.53E-02	1.12E-01	4.09E-01	3.17E-02	3.84E-02	3.49E-02	bad-chisq
srkA	5.70E-02	6.11E-01	3.20E-01	-3.64E-02	3.66E-02	4.21E-02	
group_4754	5.53E-02	1.12E-01	9.89E-01	3.71E-05	2.60E-03	6.04E-04	bad-chisq
group_4490	5.70E-02	2.24E-01	9.97E-01	-2.31E-05	5.31E-03	1.84E-04	
group_4485	5.70E-02	1.06E-01	5.81E-01	1.29E-03	2.33E-03	2.34E-02	bad-chisq
group_4408	5.70E-02	2.24E-01	9.97E-01	-2.31E-05	5.31E-03	1.84E-04	
group_4088	5.70E-02	5.45E-02	3.35E-05	-1.44E-01	3.45E-02	1.74E-01	
group_4067	5.70E-02	1.06E-01	9.78E-01	7.73E-05	2.76E-03	1.19E-03	bad-chisq
spsB	5.70E-02	8.42E-01	9.51E-01	3.80E-04	6.19E-03	2.59E-03	
yjfF	5.70E-02	3.65E-01	4.01E-01	-5.43E-02	6.46E-02	3.56E-02	bad-chisq
group_3758	5.70E-02	8.42E-01	2.27E-01	-3.07E-02	2.53E-02	5.11E-02	
group_3066	5.70E-02	1.06E-01	9.28E-01	2.50E-04	2.76E-03	3.82E-03	bad-chisq
group_2755	5.70E-02	8.42E-01	9.57E-01	-1.24E-04	2.31E-03	2.27E-03	
group_2723	5.70E-02	6.11E-01	9.05E-01	-7.31E-04	6.12E-03	5.06E-03	
nanA	5.70E-02	2.24E-01	9.72E-01	1.41E-04	4.04E-03	1.47E-03	
group_2387	5.70E-02	1.06E-01	7.73E-01	1.26E-03	4.35E-03	1.22E-02	bad-chisq
group_2271	5.70E-02	6.11E-01	9.83E-01	-1.34E-04	6.13E-03	9.23E-04	
group_2075	5.70E-02	8.42E-01	9.87E-01	-3.44E-05	2.18E-03	6.69E-04	
group_2072	5.70E-02	8.42E-01	9.51E-01	3.80E-04	6.19E-03	2.59E-03	
group_1838	5.70E-02	1.06E-01	9.50E-01	3.83E-04	6.05E-03	2.67E-03	bad-chisq
group_1429	5.70E-02	6.11E-01	4.96E-01	-6.11E-02	8.98E-02	2.88E-02	
group_1276	5.70E-02	2.24E-01	9.40E-01	2.79E-03	3.73E-02	3.16E-03	
group_1222	5.70E-02	1.06E-01	7.73E-01	1.26E-03	4.35E-03	1.22E-02	bad-chisq
group_838	5.70E-02	8.42E-01	2.27E-01	-3.07E-02	2.53E-02	5.11E-02	
group_701	5.70E-02	2.24E-01	9.72E-01	1.41E-04	4.04E-03	1.47E-03	
group_680	5.70E-02	3.65E-01	8.18E-01	1.00E-03	4.35E-03	9.76E-03	bad-chisq
group_113	5.70E-02	1.06E-01	7.73E-01	1.26E-03	4.35E-03	1.22E-02	bad-chisq
group_15512	5.53E-02	3.85E-01	8.81E-01	-4.37E-03	2.92E-02	6.32E-03	bad-chisq
group_15482	5.53E-02	5.71E-01	9.52E-01	-3.18E-04	5.31E-03	2.53E-03	
group_14515	5.53E-02	8.80E-01	9.19E-01	6.63E-03	6.51E-02	4.31E-03	
group_14063	5.53E-02	3.85E-01	9.43E-01	-2.15E-04	2.99E-03	3.05E-03	bad-chisq
group_13283	5.53E-02	1.12E-01	9.47E-01	4.10E-04	6.13E-03	2.83E-03	bad-chisq
group_13210	5.53E-02	3.85E-01	9.00E-01	1.03E-02	8.17E-02	5.32E-03	bad-chisq
irtA~~~btuD_1	5.53E-02	3.85E-01	9.57E-01	-1.52E-04	2.81E-03	2.30E-03	bad-chisq
xerD_3~~~xerD_2	5.53E-02	1.12E-01	9.12E-01	5.52E-04	4.99E-03	4.68E-03	bad-chisq
group_12165	5.53E-02	3.85E-01	1.78E-01	-3.91E-02	2.90E-02	5.69E-02	bad-chisq
group_12109	5.53E-02	8.80E-01	9.45E-01	-1.38E-04	2.00E-03	2.93E-03	
group_12108	5.53E-02	8.80E-01	9.44E-01	-1.51E-04	2.15E-03	2.96E-03	
group_12067	5.53E-02	1.12E-01	4.78E-01	1.93E-03	2.72E-03	3.00E-02	bad-chisq
group_11949	5.53E-02	1.99E-01	9.81E-01	-1.45E-04	6.06E-03	1.01E-03	
lolD_2~~~lolD~~~bceA~~~bceA_2~~~ytrE~~~yknY	5.53E-02	1.12E-01	6.00E-01	1.19E-03	2.27E-03	2.22E-02	bad-chisq
group_11853	5.53E-02	1.12E-01	5.32E-01	1.68E-03	2.68E-03	2.65E-02	bad-chisq
group_11832	5.53E-02	3.85E-01	8.48E-01	1.17E-03	6.11E-03	8.12E-03	bad-chisq
group_11659	5.53E-02	4.52E-02	9.57E-01	7.48E-03	1.39E-01	2.27E-03	
group_11658	5.53E-02	4.52E-02	9.57E-01	7.48E-03	1.39E-01	2.27E-03	
rsrIM_3~~~dpnA~~~dpnA_2	5.53E-02	8.80E-01	9.79E-01	6.91E-05	2.60E-03	1.12E-03	
group_10942	5.53E-02	3.85E-01	8.26E-01	8.58E-04	3.90E-03	9.31E-03	bad-chisq
group_10890	5.53E-02	4.52E-02	8.42E-01	-8.05E-04	4.03E-03	8.44E-03	
group_10840	5.53E-02	1.12E-01	9.90E-01	3.48E-05	2.86E-03	5.15E-04	bad-chisq
group_10697	5.53E-02	3.85E-01	6.60E-01	8.38E-04	1.90E-03	1.86E-02	bad-chisq
group_10687	5.53E-02	5.83E-04	8.31E-01	-2.18E-01	1.02E+00	9.03E-03	
group_10667	5.53E-02	3.85E-01	9.90E-01	4.84E-05	4.03E-03	5.08E-04	bad-chisq
group_10616	5.53E-02	3.85E-01	9.69E-01	1.33E-04	3.38E-03	1.66E-03	bad-chisq
group_10572	5.53E-02	8.80E-01	9.41E-01	-2.63E-04	3.56E-03	3.12E-03	
group_10304	5.53E-02	3.85E-01	9.99E-01	2.64E-06	2.32E-03	4.80E-05	bad-chisq
group_10282	5.53E-02	3.85E-01	9.43E-01	-2.15E-04	2.99E-03	3.05E-03	bad-chisq
znuB_1~~~znuB_2	5.53E-02	3.85E-01	8.55E-01	4.70E-04	2.56E-03	7.76E-03	bad-chisq
mepH	5.53E-02	8.80E-01	8.77E-01	-4.61E-04	2.97E-03	6.56E-03	
group_10075	5.53E-02	3.85E-01	8.60E-01	7.15E-04	4.04E-03	7.47E-03	bad-chisq
mprA~~~tcrA~~~rcsC_2~~~mprA_1	5.35E-02	1.19E-01	3.48E-01	3.79E-02	4.04E-02	3.97E-02	bad-chisq
group_9954	5.53E-02	3.85E-01	9.89E-01	4.07E-05	2.86E-03	6.00E-04	bad-chisq
group_9582	5.53E-02	8.80E-01	5.07E-01	2.05E-03	3.09E-03	2.81E-02	
group_9554	5.53E-02	3.85E-01	4.55E-01	-2.53E-03	3.38E-03	3.16E-02	bad-chisq
group_9526	5.53E-02	5.71E-01	1.82E-01	-8.63E-02	6.45E-02	5.65E-02	
group_9473	5.53E-02	3.85E-01	9.76E-01	-1.20E-04	4.04E-03	1.25E-03	bad-chisq
group_9404	5.53E-02	2.07E-12	3.82E-02	-8.60E-02	4.14E-02	8.75E-02	
group_9288	5.53E-02	8.80E-01	9.99E-01	-3.94E-06	2.32E-03	7.18E-05	
group_9224	5.53E-02	3.85E-01	9.29E-01	-3.18E-04	3.56E-03	3.78E-03	bad-chisq
group_8909	5.53E-02	5.71E-01	9.72E-01	-2.11E-04	6.10E-03	1.47E-03	
fucU~~~fucU_1	5.53E-02	3.22E-05	9.99E-01	1.05E-05	6.18E-03	7.19E-05	
ttdB	5.53E-02	4.52E-02	7.67E-01	-1.12E-02	3.79E-02	1.25E-02	
group_8519	5.53E-02	3.85E-01	9.93E-01	1.75E-05	1.94E-03	3.80E-04	bad-chisq
rhaS_4~~~rhaS_2~~~rhaS_1~~~melR	5.53E-02	8.80E-01	6.39E-01	-3.79E-02	8.08E-02	1.98E-02	
group_7825	5.53E-02	5.71E-01	9.91E-01	-6.02E-05	5.34E-03	4.77E-04	
thrS~~~thrS_1	5.53E-02	8.80E-01	9.08E-01	6.13E-04	5.33E-03	4.86E-03	
rhaR_1~~~rhaR_5	5.53E-02	3.85E-01	9.71E-01	1.83E-04	5.01E-03	1.55E-03	bad-chisq
group_6533	5.53E-02	1.12E-01	9.28E-01	2.49E-04	2.76E-03	3.81E-03	bad-chisq
nagC~~~nanK	5.53E-02	3.85E-01	7.27E-02	8.70E-02	4.84E-02	7.58E-02	bad-chisq
group_6369	5.53E-02	5.71E-01	9.10E-01	1.14E-02	1.01E-01	4.77E-03	
group_6319	5.53E-02	1.12E-01	9.72E-01	1.52E-04	4.35E-03	1.48E-03	bad-chisq
group_6278	5.35E-02	1.19E-01	9.40E-01	2.15E-04	2.86E-03	3.18E-03	bad-chisq
dgoT	5.53E-02	3.85E-01	8.39E-02	-1.09E-01	6.32E-02	7.31E-02	bad-chisq
group_6049	5.53E-02	4.52E-02	9.74E-01	-3.03E-03	9.27E-02	1.38E-03	
group_5967	5.53E-02	2.07E-12	1.19E-01	-4.76E-02	3.05E-02	6.58E-02	
group_5913	5.53E-02	4.52E-02	8.16E-01	2.20E-02	9.45E-02	9.83E-03	
group_5877	5.53E-02	3.85E-01	9.89E-01	-5.78E-04	4.34E-02	5.63E-04	bad-chisq
group_5603	5.53E-02	8.80E-01	9.65E-01	1.91E-04	4.35E-03	1.86E-03	
group_5536	5.35E-02	1.19E-01	9.74E-01	9.81E-05	3.01E-03	1.38E-03	bad-chisq
group_5211	5.53E-02	8.80E-01	4.18E-01	7.47E-02	9.23E-02	3.42E-02	
group_4782	5.53E-02	3.85E-01	9.92E-01	-2.21E-05	2.28E-03	4.09E-04	bad-chisq
group_4705	5.53E-02	3.85E-01	9.49E-01	3.40E-04	5.32E-03	2.71E-03	bad-chisq
group_4698	5.53E-02	3.85E-01	4.14E-01	8.76E-02	1.07E-01	3.45E-02	bad-chisq
group_4534	5.53E-02	4.52E-02	9.74E-01	-3.03E-03	9.27E-02	1.38E-03	
group_4513	5.53E-02	1.12E-01	9.72E-01	1.51E-04	4.35E-03	1.47E-03	bad-chisq
haeIIIM_1~~~haeIIIM	5.53E-02	5.71E-01	6.36E-01	3.95E-02	8.36E-02	2.00E-02	
group_4249	5.53E-02	3.85E-01	4.80E-01	2.67E-02	3.79E-02	2.99E-02	bad-chisq
group_3752	5.35E-02	4.06E-01	8.96E-01	-6.05E-04	4.61E-03	5.55E-03	bad-chisq
ttdA_1	5.53E-02	4.52E-02	7.67E-01	-1.12E-02	3.79E-02	1.25E-02	
group_3065	5.53E-02	1.12E-01	9.28E-01	2.49E-04	2.76E-03	3.81E-03	bad-chisq
group_2737	5.53E-02	1.12E-01	9.50E-01	3.82E-04	6.05E-03	2.67E-03	bad-chisq
group_2665	5.53E-02	8.80E-01	8.26E-01	-1.17E-03	5.33E-03	9.28E-03	
group_2586	5.53E-02	1.12E-01	1.83E-02	5.45E-01	2.30E-01	9.96E-02	bad-chisq
group_2531	5.53E-02	8.80E-01	2.27E-01	-3.08E-02	2.55E-02	5.10E-02	
group_2315	5.53E-02	1.12E-01	5.49E-01	1.51E-03	2.51E-03	2.53E-02	bad-chisq
group_2272	5.53E-02	5.71E-01	7.28E-01	-1.85E-03	5.33E-03	1.47E-02	
yybR_2	5.53E-02	5.71E-01	8.92E-01	-8.32E-04	6.12E-03	5.76E-03	
group_2152	5.53E-02	1.12E-01	9.50E-01	3.82E-04	6.05E-03	2.67E-03	bad-chisq
group_2035	5.53E-02	1.12E-01	1.83E-02	5.45E-01	2.30E-01	9.96E-02	bad-chisq
group_1973	5.53E-02	3.85E-01	9.46E-01	4.14E-04	6.10E-03	2.87E-03	bad-chisq
nanR_1~~~lutR	5.53E-02	5.71E-01	7.28E-01	-1.85E-03	5.33E-03	1.47E-02	
group_1025	5.53E-02	1.12E-01	9.13E-01	4.41E-04	4.03E-03	4.63E-03	bad-chisq
group_753	5.35E-02	4.06E-01	8.96E-01	-6.05E-04	4.61E-03	5.55E-03	bad-chisq
group_14948	5.35E-02	1.19E-01	5.51E-01	1.50E-03	2.51E-03	2.52E-02	bad-chisq
group_14915	5.35E-02	1.19E-01	9.50E-01	3.81E-04	6.06E-03	2.66E-03	bad-chisq
group_14336	5.35E-02	4.06E-01	8.77E-01	-6.69E-04	4.33E-03	6.53E-03	bad-chisq
group_14186	5.35E-02	4.06E-01	9.63E-01	-1.13E-04	2.40E-03	1.99E-03	bad-chisq
group_14004	5.35E-02	1.19E-01	9.50E-01	3.83E-04	6.06E-03	2.68E-03	bad-chisq
group_13736	5.35E-02	1.19E-01	8.81E-01	8.01E-04	5.35E-03	6.33E-03	bad-chisq
group_13515	5.35E-02	1.19E-01	9.50E-01	3.83E-04	6.06E-03	2.68E-03	bad-chisq
group_13218	5.35E-02	4.06E-01	9.26E-01	-2.46E-04	2.64E-03	3.95E-03	bad-chisq
group_12526	5.35E-02	9.19E-01	9.97E-01	2.06E-05	5.30E-03	1.64E-04	
group_12079	5.17E-02	1.25E-01	1.45E-01	8.82E-03	6.05E-03	6.15E-02	bad-chisq
group_11944	5.35E-02	9.19E-01	9.53E-01	-3.14E-04	5.32E-03	2.50E-03	
group_11844	5.35E-02	1.19E-01	9.92E-01	3.59E-05	3.55E-03	4.27E-04	bad-chisq
group_11444	5.35E-02	4.06E-01	5.89E-01	4.33E-02	8.00E-02	2.29E-02	bad-chisq
group_11442	5.35E-02	9.19E-01	5.91E-01	1.33E-03	2.46E-03	2.28E-02	
group_11415	5.35E-02	9.19E-01	9.38E-01	-3.39E-04	4.35E-03	3.29E-03	
group_10958	5.35E-02	4.06E-01	6.02E-01	-2.72E-02	5.21E-02	2.21E-02	bad-chisq
group_10924	5.17E-02	4.29E-01	9.64E-01	-1.54E-04	3.38E-03	1.93E-03	bad-chisq
xerC_11~~~xerC_7~~~xerC_1~~~xerC_3~~~xerC_9~~~xerC_8	5.35E-02	1.19E-01	8.66E-01	7.34E-04	4.34E-03	7.15E-03	bad-chisq
group_10892	5.35E-02	1.19E-01	9.28E-01	2.68E-04	2.97E-03	3.82E-03	bad-chisq
dctM~~~dctM_1~~~dctM_3~~~dctM_2	5.35E-02	1.75E-01	8.11E-01	-1.47E-03	6.15E-03	1.01E-02	
group_10767	5.35E-02	4.06E-01	5.33E-01	9.42E-02	1.51E-01	2.63E-02	bad-chisq
group_10707	5.35E-02	3.69E-02	8.90E-01	1.32E-02	9.55E-02	5.85E-03	
group_10620	5.35E-02	1.19E-01	9.79E-01	1.62E-03	6.03E-02	1.14E-03	bad-chisq
group_10508	5.35E-02	4.06E-01	6.83E-01	7.27E-04	1.78E-03	1.73E-02	bad-chisq
group_10424	5.35E-02	5.30E-01	8.23E-01	-1.36E-03	6.11E-03	9.44E-03	
group_10182	5.35E-02	4.06E-01	9.70E-01	-7.27E-05	1.94E-03	1.58E-03	bad-chisq
znuA	5.35E-02	4.06E-01	7.56E-01	1.35E-03	4.34E-03	1.32E-02	bad-chisq
group_10053	5.35E-02	1.19E-01	9.09E-01	4.46E-04	3.92E-03	4.81E-03	bad-chisq
group_9776	5.35E-02	4.06E-01	9.93E-01	1.60E-05	1.91E-03	3.54E-04	bad-chisq
pdhR~~~lutR	5.35E-02	9.19E-01	4.25E-01	5.27E-01	6.59E-01	3.38E-02	
group_9753	5.35E-02	1.19E-01	9.09E-01	4.46E-04	3.92E-03	4.81E-03	bad-chisq
group_9240	5.35E-02	9.19E-01	4.80E-01	5.57E-02	7.88E-02	2.99E-02	
group_9077	5.35E-02	9.19E-01	7.92E-01	6.26E-02	2.37E-01	1.12E-02	
group_9035	5.35E-02	1.19E-01	9.17E-01	6.45E-04	6.16E-03	4.43E-03	bad-chisq
group_8976	5.35E-02	4.06E-01	9.71E-01	1.29E-04	3.57E-03	1.53E-03	bad-chisq
group_8964	5.35E-02	9.19E-01	9.41E-01	-2.64E-04	3.56E-03	3.13E-03	
group_8933	5.35E-02	5.30E-01	9.36E-01	3.70E-04	4.57E-03	3.42E-03	
group_8856	5.35E-02	4.06E-01	8.73E-01	6.37E-03	3.98E-02	6.77E-03	bad-chisq
group_8784	5.35E-02	9.19E-01	4.80E-01	5.57E-02	7.88E-02	2.99E-02	
group_8773	5.35E-02	1.19E-01	6.07E-02	5.75E-02	3.06E-02	7.92E-02	bad-chisq
group_8667	5.35E-02	4.06E-01	9.66E-01	-1.33E-03	3.09E-02	1.82E-03	bad-chisq
ylmB	5.35E-02	1.75E-01	8.11E-01	-1.47E-03	6.15E-03	1.01E-02	
group_8436	5.35E-02	4.06E-01	9.48E-01	-2.85E-04	4.36E-03	2.77E-03	bad-chisq
group_8366	5.35E-02	4.06E-01	7.22E-01	1.44E-02	4.03E-02	1.51E-02	bad-chisq
group_8231	5.35E-02	5.30E-01	9.06E-01	-4.62E-04	3.90E-03	5.02E-03	
xdhA_2~~~xdhA_1	5.35E-02	4.06E-01	9.03E-01	5.48E-03	4.52E-02	5.13E-03	bad-chisq
group_7284	5.35E-02	9.19E-01	4.80E-01	5.57E-02	7.88E-02	2.99E-02	
group_7097	5.35E-02	4.06E-01	4.92E-02	1.42E-01	7.22E-02	8.31E-02	bad-chisq
group_6596	5.35E-02	4.06E-01	9.13E-01	4.73E-03	4.33E-02	4.63E-03	bad-chisq
group_6572	5.35E-02	3.69E-02	6.84E-01	-2.39E-02	5.88E-02	1.72E-02	
group_6554	5.35E-02	4.06E-01	9.80E-01	-5.50E-05	2.22E-03	1.05E-03	bad-chisq
group_6523	5.35E-02	9.19E-01	8.47E-01	3.37E-02	1.74E-01	8.18E-03	
group_6427	5.35E-02	9.19E-01	9.85E-01	7.61E-05	4.04E-03	7.97E-04	
group_6090	5.35E-02	4.06E-01	9.74E-01	-1.09E-04	3.40E-03	1.36E-03	bad-chisq
group_5932	5.35E-02	9.19E-01	7.22E-01	-1.27E-03	3.56E-03	1.50E-02	
group_5749	5.35E-02	4.06E-01	8.55E-01	-1.11E-03	6.06E-03	7.73E-03	bad-chisq
rsxB_6~~~rsxB_4	5.35E-02	4.06E-01	9.47E-01	-1.41E-04	2.11E-03	2.82E-03	bad-chisq
group_5549	5.35E-02	1.75E-01	8.97E-01	-7.88E-04	6.08E-03	5.48E-03	
group_5518	5.35E-02	9.19E-01	9.34E-01	-2.03E-04	2.47E-03	3.48E-03	
group_5385	5.35E-02	1.19E-01	8.60E-01	7.16E-04	4.04E-03	7.48E-03	bad-chisq
group_5233	5.35E-02	9.19E-01	5.58E-01	5.28E-02	9.02E-02	2.48E-02	
group_5230	5.35E-02	4.06E-01	9.67E-01	-1.29E-03	3.09E-02	1.76E-03	bad-chisq
group_4879	5.35E-02	4.06E-01	4.72E-01	1.97E-02	2.74E-02	3.04E-02	bad-chisq
group_4603	5.35E-02	9.19E-01	9.56E-01	3.44E-04	6.18E-03	2.35E-03	
group_4211	5.35E-02	1.19E-01	9.17E-01	4.27E-03	4.12E-02	4.39E-03	bad-chisq
group_4174	5.35E-02	9.19E-01	1.02E-15	-2.65E-01	3.20E-02	3.30E-01	
group_3884	5.35E-02	5.30E-01	9.60E-01	2.91E-03	5.83E-02	2.11E-03	
chvE_2~~~chvE_1~~~sbpA	5.35E-02	5.30E-01	8.23E-01	-1.68E-02	7.52E-02	9.47E-03	
group_3252	5.35E-02	9.19E-01	9.19E-01	9.05E-03	8.92E-02	4.29E-03	
group_3014	5.35E-02	9.19E-01	7.18E-01	8.43E-02	2.33E-01	1.53E-02	
group_2817	5.35E-02	9.19E-01	4.80E-01	5.57E-02	7.88E-02	2.99E-02	
iolS	5.35E-02	9.19E-01	4.80E-01	5.57E-02	7.88E-02	2.99E-02	
norR	5.35E-02	1.75E-01	9.44E-01	2.58E-03	3.65E-02	2.99E-03	
group_2507	5.35E-02	4.06E-01	7.55E-01	-1.07E-02	3.42E-02	1.32E-02	bad-chisq
group_2472	5.35E-02	5.30E-01	9.07E-01	2.85E-02	2.45E-01	4.92E-03	
group_2368	5.35E-02	1.19E-01	9.12E-01	2.52E-04	2.29E-03	4.66E-03	bad-chisq
group_2328	5.35E-02	4.06E-01	9.89E-01	-5.73E-05	4.34E-03	5.59E-04	bad-chisq
group_2307	5.35E-02	5.30E-01	4.87E-01	-5.82E-02	8.38E-02	2.94E-02	
group_2285	5.35E-02	9.19E-01	4.80E-01	5.57E-02	7.88E-02	2.99E-02	
group_2201	5.35E-02	1.19E-01	8.81E-01	8.01E-04	5.35E-03	6.33E-03	bad-chisq
group_2162	5.35E-02	1.19E-01	9.50E-01	3.83E-04	6.06E-03	2.68E-03	bad-chisq
group_1984	5.35E-02	9.19E-01	4.80E-01	5.57E-02	7.88E-02	2.99E-02	
group_1969	5.35E-02	4.06E-01	9.89E-01	-5.73E-05	4.34E-03	5.59E-04	bad-chisq
rbsA_6~~~rbsA_1	5.35E-02	9.19E-01	8.21E-01	-1.21E-03	5.33E-03	9.59E-03	
group_1277	5.35E-02	4.06E-01	1.15E-01	-6.05E-02	3.83E-02	6.66E-02	bad-chisq
nanK_1	5.35E-02	1.19E-01	6.33E-01	1.72E-02	3.59E-02	2.02E-02	bad-chisq
group_1234	5.35E-02	4.06E-01	7.55E-01	-1.07E-02	3.42E-02	1.32E-02	bad-chisq
group_1221	5.35E-02	9.19E-01	4.80E-01	5.57E-02	7.88E-02	2.99E-02	
group_1139	5.35E-02	1.19E-01	6.57E-01	1.59E-02	3.59E-02	1.88E-02	bad-chisq
group_796	5.35E-02	1.19E-01	9.17E-01	4.27E-03	4.12E-02	4.39E-03	bad-chisq
group_662	5.35E-02	9.19E-01	4.80E-01	5.57E-02	7.88E-02	2.99E-02	
group_15569	5.17E-02	1.25E-01	3.36E-01	9.17E-02	9.51E-02	4.07E-02	bad-chisq
group_15567	5.17E-02	9.60E-01	9.21E-01	8.58E-03	8.70E-02	4.17E-03	
group_15137	5.17E-02	9.60E-01	3.58E-01	7.60E-01	8.26E-01	3.89E-02	
group_15041	5.17E-02	4.29E-01	9.89E-01	-5.76E-05	4.34E-03	5.62E-04	bad-chisq
group_14667	5.17E-02	9.60E-01	9.31E-01	-2.12E-04	2.47E-03	3.64E-03	
group_14647	5.17E-02	4.29E-01	9.89E-01	-5.76E-05	4.34E-03	5.62E-04	bad-chisq
group_14169	5.17E-02	1.25E-01	8.67E-01	6.79E-04	4.05E-03	7.09E-03	bad-chisq
group_13377	5.17E-02	1.25E-01	9.64E-01	1.95E-04	4.34E-03	1.90E-03	bad-chisq
group_13154	5.17E-02	1.25E-01	9.53E-01	2.50E-03	4.26E-02	2.49E-03	bad-chisq
group_12619	5.17E-02	1.25E-01	9.27E-01	1.99E-04	2.18E-03	3.86E-03	bad-chisq
group_12084	5.17E-02	4.90E-01	9.41E-01	-1.66E-04	2.24E-03	3.12E-03	
group_12075	4.99E-02	4.53E-01	9.33E-01	5.15E-04	6.14E-03	3.55E-03	bad-chisq
group_12073	4.99E-02	4.53E-01	9.33E-01	5.15E-04	6.14E-03	3.55E-03	bad-chisq
group_12070	4.99E-02	4.53E-01	9.33E-01	5.15E-04	6.14E-03	3.55E-03	bad-chisq
group_11943	5.17E-02	9.60E-01	6.89E-01	-1.40E-02	3.51E-02	1.69E-02	
group_11880	4.99E-02	4.53E-01	9.33E-01	5.15E-04	6.14E-03	3.55E-03	bad-chisq
group_11879	4.99E-02	4.53E-01	9.33E-01	5.15E-04	6.14E-03	3.55E-03	bad-chisq
group_11839	5.17E-02	9.60E-01	9.82E-01	-1.22E-04	5.32E-03	9.67E-04	
group_11605	5.17E-02	2.98E-02	9.78E-01	2.86E-03	1.03E-01	1.17E-03	
sigA_1~~~fliA~~~sigA_2~~~rpoS_1	5.17E-02	4.90E-01	9.64E-01	-2.38E-04	5.32E-03	1.89E-03	
group_11449	5.17E-02	2.57E-04	9.67E-01	-1.24E-04	2.98E-03	1.76E-03	
spo0A_3~~~spo0A_4	5.17E-02	9.60E-01	3.58E-01	7.60E-01	8.26E-01	3.89E-02	
adh_2~~~adh_1	5.17E-02	1.25E-01	8.75E-01	8.40E-04	5.35E-03	6.64E-03	bad-chisq
group_10988	5.17E-02	2.98E-02	8.73E-02	1.05E-01	6.14E-02	7.22E-02	
group_10692	5.17E-02	4.29E-01	5.36E-01	1.66E-03	2.69E-03	2.62E-02	bad-chisq
bchL~~~soj_2~~~btuD_3	5.17E-02	1.25E-01	9.93E-01	2.50E-05	2.68E-03	3.95E-04	bad-chisq
group_10240	5.17E-02	4.29E-01	9.38E-01	-2.39E-04	3.09E-03	3.27E-03	bad-chisq
group_10213	5.17E-02	1.25E-01	9.96E-01	1.60E-05	3.02E-03	2.24E-04	bad-chisq
group_9944	5.17E-02	1.25E-01	4.45E-01	2.27E-03	2.97E-03	3.23E-02	bad-chisq
rhaR_4~~~rhaS_1	5.17E-02	9.60E-01	9.03E-01	1.34E-02	1.10E-01	5.14E-03	
group_9826	5.17E-02	9.60E-01	7.28E-01	-1.51E-03	4.34E-03	1.47E-02	
group_9795	5.17E-02	1.25E-01	9.61E-01	1.73E-04	3.56E-03	2.06E-03	bad-chisq
actP~~~ctpC_2~~~silP~~~copA_2~~~ctpC_1	5.17E-02	1.25E-01	9.76E-01	7.96E-05	2.60E-03	1.30E-03	bad-chisq
group_9552	5.17E-02	4.90E-01	4.32E-19	-3.25E-01	3.51E-02	3.65E-01	
group_8958	5.17E-02	9.60E-01	9.06E-01	-2.93E-02	2.48E-01	4.99E-03	
group_8760	5.17E-02	1.25E-01	6.39E-01	1.37E-02	2.91E-02	1.98E-02	bad-chisq
group_8711	5.17E-02	1.25E-01	9.96E-01	1.58E-05	3.02E-03	2.21E-04	bad-chisq
groL_2~~~groL	5.17E-02	4.90E-01	9.69E-01	1.07E-04	2.73E-03	1.65E-03	
group_8647	5.17E-02	9.60E-01	9.51E-01	-2.68E-04	4.37E-03	2.59E-03	
group_8426	5.17E-02	4.29E-01	8.89E-01	-7.42E-04	5.31E-03	5.92E-03	bad-chisq
group_8344	5.17E-02	4.90E-01	9.40E-01	2.69E-04	3.57E-03	3.19E-03	
group_7817	5.17E-02	9.60E-01	3.58E-01	7.60E-01	8.26E-01	3.89E-02	
group_7737	5.17E-02	4.29E-01	9.85E-01	-6.13E-05	3.23E-03	8.02E-04	bad-chisq
group_7390	5.17E-02	4.90E-01	9.97E-01	-2.23E-05	5.32E-03	1.77E-04	
group_7384	5.17E-02	1.25E-01	9.65E-01	1.45E-04	3.30E-03	1.86E-03	bad-chisq
group_7351	5.17E-02	9.60E-01	3.58E-01	7.60E-01	8.26E-01	3.89E-02	
group_7111	5.17E-02	4.29E-01	9.62E-01	-1.46E-03	3.10E-02	1.99E-03	bad-chisq
group_6873	5.17E-02	9.60E-01	3.58E-01	7.60E-01	8.26E-01	3.89E-02	
group_6842	5.17E-02	4.29E-01	8.82E-01	6.46E-04	4.36E-03	6.27E-03	bad-chisq
group_6840	5.17E-02	4.29E-01	9.87E-01	6.96E-05	4.36E-03	6.74E-04	bad-chisq
uehB	5.17E-02	1.52E-01	8.11E-01	-1.47E-03	6.15E-03	1.01E-02	
group_6730	5.17E-02	1.25E-01	4.87E-01	1.86E-03	2.67E-03	2.94E-02	bad-chisq
group_6684	5.17E-02	1.25E-01	9.58E-01	1.69E-04	3.23E-03	2.22E-03	bad-chisq
group_6569	5.17E-02	1.25E-01	9.87E-01	5.00E-05	2.97E-03	7.12E-04	bad-chisq
group_6509	5.17E-02	1.25E-01	4.88E-01	2.47E-02	3.56E-02	2.93E-02	bad-chisq
tdh_2~~~gatD_1~~~yjmD_2~~~gatD_2	4.99E-02	1.33E-01	8.34E-01	7.08E-04	3.38E-03	8.85E-03	bad-chisq
group_6224	5.17E-02	1.25E-01	9.01E-29	4.73E-01	4.01E-02	4.46E-01	bad-chisq
group_6212	5.17E-02	1.52E-01	9.96E-01	-2.55E-05	5.32E-03	2.03E-04	
group_5716	4.99E-02	4.53E-01	4.38E-01	3.13E-03	4.03E-03	3.28E-02	bad-chisq
group_5711	5.17E-02	4.29E-01	9.89E-01	-5.76E-05	4.34E-03	5.62E-04	bad-chisq
group_5700	5.17E-02	4.29E-01	6.15E-01	3.54E-02	7.03E-02	2.13E-02	bad-chisq
group_5699	5.17E-02	9.60E-01	9.21E-01	8.58E-03	8.70E-02	4.17E-03	
group_5672	5.17E-02	4.29E-01	8.69E-01	-1.01E-03	6.09E-03	6.99E-03	bad-chisq
group_5594	5.17E-02	4.29E-01	9.89E-01	-5.76E-05	4.34E-03	5.62E-04	bad-chisq
group_5269	5.17E-02	9.60E-01	3.58E-01	7.60E-01	8.26E-01	3.89E-02	
group_5231	5.17E-02	4.29E-01	9.61E-01	-1.52E-03	3.12E-02	2.06E-03	bad-chisq
group_5165	5.17E-02	1.25E-01	9.64E-01	1.95E-04	4.34E-03	1.90E-03	bad-chisq
rbsK_1~~~rbsK	5.17E-02	9.60E-01	9.73E-01	2.27E-03	6.78E-02	1.42E-03	
group_5046	5.17E-02	1.25E-01	9.72E-01	1.51E-04	4.35E-03	1.47E-03	bad-chisq
group_4954	5.17E-02	9.60E-01	3.58E-01	7.60E-01	8.26E-01	3.89E-02	
group_4948	5.17E-02	4.29E-01	9.43E-01	-2.02E-04	2.82E-03	3.04E-03	bad-chisq
group_4863	5.17E-02	9.60E-01	3.58E-01	7.60E-01	8.26E-01	3.89E-02	
lptB_2	5.17E-02	4.29E-01	9.99E-01	5.14E-06	6.20E-03	3.50E-05	bad-chisq
group_4598	5.17E-02	9.60E-01	3.58E-01	7.60E-01	8.26E-01	3.89E-02	
group_4572	5.17E-02	4.29E-01	9.89E-01	-5.76E-05	4.34E-03	5.62E-04	bad-chisq
group_4523	5.17E-02	1.25E-01	9.58E-01	2.15E-04	4.05E-03	2.25E-03	bad-chisq
group_4218	5.17E-02	9.60E-01	3.58E-01	7.60E-01	8.26E-01	3.89E-02	
btuD_1~~~btuD_5	5.17E-02	1.52E-01	1.19E-02	-8.02E-02	3.18E-02	1.06E-01	
group_3987	5.17E-02	9.60E-01	3.58E-01	7.60E-01	8.26E-01	3.89E-02	
yesO~~~yesO_1~~~yesO_2	5.17E-02	1.25E-01	8.57E-01	7.84E-04	4.35E-03	7.62E-03	bad-chisq
group_3857	5.17E-02	4.29E-01	9.87E-01	6.98E-05	4.36E-03	6.77E-04	bad-chisq
group_3629	4.99E-02	4.53E-01	9.51E-01	-2.09E-04	3.39E-03	2.61E-03	bad-chisq
pucR_1~~~pucR~~~pucR_2	5.17E-02	1.52E-01	8.11E-01	-1.47E-03	6.15E-03	1.01E-02	
group_3459	5.17E-02	9.60E-01	3.58E-01	7.60E-01	8.26E-01	3.89E-02	
pknD_5~~~pknD_1~~~pknD_6~~~pknD_3	5.17E-02	1.25E-01	9.53E-01	2.50E-03	4.26E-02	2.49E-03	bad-chisq
group_3279	5.17E-02	1.25E-01	9.96E-01	1.43E-05	2.85E-03	2.12E-04	bad-chisq
group_3144	5.17E-02	1.52E-01	9.96E-01	-2.53E-05	5.32E-03	2.02E-04	
group_2622	5.17E-02	9.60E-01	3.58E-01	7.60E-01	8.26E-01	3.89E-02	
group_2570	4.99E-02	9.98E-01	3.81E-02	-6.39E-02	3.07E-02	8.76E-02	
mro	5.17E-02	9.60E-01	3.58E-01	7.60E-01	8.26E-01	3.89E-02	
group_2313	5.17E-02	1.25E-01	9.50E-01	3.78E-04	6.06E-03	2.64E-03	bad-chisq
bga	5.17E-02	4.29E-01	7.51E-01	-1.10E-02	3.47E-02	1.34E-02	bad-chisq
group_2060	4.99E-02	1.33E-01	9.85E-01	4.90E-05	2.68E-03	7.74E-04	bad-chisq
hdpA~~~hdpA_2	5.17E-02	1.25E-01	9.51E-01	3.30E-04	5.36E-03	2.60E-03	bad-chisq
dcyD~~~cuyA_2	5.17E-02	1.25E-01	9.97E-01	2.15E-05	5.37E-03	1.69E-04	bad-chisq
bceB	5.17E-02	2.98E-02	9.29E-01	4.79E-03	5.39E-02	3.76E-03	
group_1535	5.17E-02	9.60E-01	3.58E-01	7.60E-01	8.26E-01	3.89E-02	
araQ_2	5.17E-02	4.29E-01	7.58E-01	-1.04E-02	3.37E-02	1.31E-02	bad-chisq
group_364	5.17E-02	1.25E-01	9.88E-01	6.59E-05	4.35E-03	6.41E-04	bad-chisq
group_15504	4.99E-02	9.98E-01	9.08E-01	1.19E-02	1.04E-01	4.87E-03	
group_15425	4.99E-02	9.98E-01	8.87E-01	4.29E-02	3.02E-01	6.01E-03	
group_15278	4.99E-02	4.53E-01	9.75E-01	1.91E-04	6.11E-03	1.32E-03	bad-chisq
group_14916	4.99E-02	1.33E-01	9.42E-01	4.43E-04	6.10E-03	3.07E-03	bad-chisq
group_14700	4.99E-02	9.98E-01	5.99E-01	-1.65E-02	3.13E-02	2.23E-02	
group_14007	4.99E-02	1.33E-01	9.49E-01	3.98E-04	6.18E-03	2.72E-03	bad-chisq
group_13698	4.99E-02	4.53E-01	7.57E-01	9.30E-03	3.00E-02	1.31E-02	bad-chisq
group_13618	4.99E-02	1.33E-01	9.79E-01	1.66E-04	6.20E-03	1.13E-03	bad-chisq
group_13305	4.99E-02	1.33E-01	9.50E-01	3.84E-04	6.06E-03	2.68E-03	bad-chisq
group_13277	4.99E-02	9.98E-01	8.87E-01	4.29E-02	3.02E-01	6.01E-03	
group_13212	4.99E-02	9.98E-01	9.08E-01	1.19E-02	1.04E-01	4.87E-03	
group_13117	4.99E-02	9.98E-01	8.27E-01	4.75E-02	2.17E-01	9.24E-03	
group_12402	4.99E-02	4.53E-01	5.24E-01	2.10E-03	3.30E-03	2.70E-02	bad-chisq
cydD~~~irtB~~~btuD_2	4.99E-02	1.31E-01	9.53E-01	1.68E-04	2.87E-03	2.48E-03	
group_12180	4.81E-02	1.40E-01	1.41E-01	8.95E-03	6.08E-03	6.22E-02	bad-chisq
group_12179	4.81E-02	1.40E-01	1.41E-01	8.95E-03	6.08E-03	6.22E-02	bad-chisq
group_12178	4.81E-02	1.40E-01	1.41E-01	8.95E-03	6.08E-03	6.22E-02	bad-chisq
group_12174	4.99E-02	1.33E-01	9.02E-01	4.15E-04	3.38E-03	5.20E-03	bad-chisq
group_12167	4.99E-02	9.98E-01	5.51E-01	1.84E-03	3.09E-03	2.52E-02	
group_12058	4.99E-02	4.53E-01	7.41E-01	1.25E-02	3.77E-02	1.40E-02	bad-chisq
group_11892	4.81E-02	1.40E-01	1.41E-01	8.95E-03	6.08E-03	6.22E-02	bad-chisq
group_11882	4.81E-02	4.78E-01	9.33E-01	5.15E-04	6.14E-03	3.55E-03	bad-chisq
group_11881	4.81E-02	4.78E-01	9.33E-01	5.15E-04	6.14E-03	3.55E-03	bad-chisq
group_11829	4.99E-02	4.53E-01	9.82E-01	-6.97E-05	3.10E-03	9.53E-04	bad-chisq
group_11796	4.99E-02	1.33E-01	9.68E-01	1.12E-04	2.77E-03	1.72E-03	bad-chisq
group_11777	4.99E-02	9.98E-01	8.87E-01	4.29E-02	3.02E-01	6.01E-03	
ltrA_3~~~ltrA_2~~~ltrA_1~~~ltrA	4.99E-02	4.53E-01	9.29E-01	-3.49E-04	3.89E-03	3.80E-03	bad-chisq
group_11358	4.99E-02	4.53E-01	9.26E-01	5.68E-04	6.14E-03	3.92E-03	bad-chisq
group_11335	4.99E-02	1.33E-01	9.80E-01	1.03E-04	4.06E-03	1.07E-03	bad-chisq
gppA~~~ppx~~~ppx1	4.99E-02	4.53E-01	9.88E-01	4.26E-05	2.87E-03	6.28E-04	bad-chisq
noc_3~~~noc_2~~~noc_1~~~noc_5	4.99E-02	9.98E-01	9.73E-01	1.26E-04	3.66E-03	1.46E-03	
group_11154	4.99E-02	9.98E-01	9.20E-01	1.10E-02	1.10E-01	4.25E-03	
rbsA_1~~~rbsA_5~~~rbsA_6~~~mglA_2	4.99E-02	9.98E-01	9.89E-01	9.94E-04	7.01E-02	6.00E-04	
group_10244	4.99E-02	1.33E-01	9.93E-01	3.53E-05	4.04E-03	3.70E-04	bad-chisq
group_10086	4.99E-02	1.33E-01	9.63E-01	1.67E-04	3.57E-03	1.98E-03	bad-chisq
group_9881	4.99E-02	4.50E-01	9.68E-01	-1.13E-04	2.86E-03	1.68E-03	
rpoC_2~~~rpoC	4.99E-02	1.33E-01	9.48E-01	2.59E-03	3.98E-02	2.75E-03	bad-chisq
group_9584	4.99E-02	1.33E-01	2.38E-01	6.60E-02	5.59E-02	4.99E-02	bad-chisq
group_9487	4.99E-02	1.33E-01	9.88E-01	3.87E-05	2.61E-03	6.28E-04	bad-chisq
group_9458	4.99E-02	4.50E-01	9.91E-01	-7.04E-05	6.12E-03	4.87E-04	
group_9374	4.81E-02	1.40E-01	2.97E-01	4.53E-03	4.34E-03	4.41E-02	bad-chisq
group_9314	4.99E-02	4.53E-01	9.48E-01	3.45E-04	5.31E-03	2.75E-03	bad-chisq
group_9191	4.99E-02	1.33E-01	5.41E-01	1.64E-03	2.68E-03	2.59E-02	bad-chisq
group_8864	4.99E-02	4.53E-01	9.60E-01	-1.45E-04	2.86E-03	2.15E-03	bad-chisq
group_8536	4.99E-02	1.33E-01	9.65E-01	1.35E-04	3.09E-03	1.85E-03	bad-chisq
group_8482	4.99E-02	4.53E-01	9.78E-01	1.28E-04	4.59E-03	1.18E-03	bad-chisq
group_8316	4.99E-02	2.56E-03	1.77E-01	-5.63E-02	4.16E-02	5.71E-02	
group_8040	4.99E-02	4.53E-01	8.07E-03	-2.39E-01	8.99E-02	1.12E-01	bad-chisq
group_7732	4.99E-02	4.53E-01	9.08E-01	6.98E-04	6.06E-03	4.87E-03	bad-chisq
group_7523	4.99E-02	9.98E-01	8.87E-01	4.29E-02	3.02E-01	6.01E-03	
btuD_8~~~ykoD~~~btuD_4	4.99E-02	1.33E-01	9.46E-01	2.74E-04	4.04E-03	2.87E-03	bad-chisq
group_7357	4.99E-02	4.53E-01	7.06E-01	2.00E-02	5.32E-02	1.59E-02	bad-chisq
group_7283	4.99E-02	9.98E-01	9.84E-01	1.04E-03	5.06E-02	8.66E-04	
group_7223	4.81E-02	4.78E-01	9.33E-01	5.15E-04	6.14E-03	3.55E-03	bad-chisq
group_7087	4.81E-02	4.78E-01	9.48E-01	-2.16E-04	3.31E-03	2.76E-03	bad-chisq
group_7004	4.99E-02	9.98E-01	8.87E-01	4.29E-02	3.02E-01	6.01E-03	
group_6897	4.99E-02	4.50E-01	9.99E-01	-2.93E-06	2.86E-03	4.34E-05	
group_6729	4.99E-02	1.33E-01	9.71E-01	1.82E-04	5.01E-03	1.54E-03	bad-chisq
group_6702	4.99E-02	1.33E-01	9.64E-01	1.95E-04	4.34E-03	1.90E-03	bad-chisq
group_6622	4.99E-02	4.53E-01	8.49E-01	8.27E-04	4.35E-03	8.05E-03	bad-chisq
group_6604	4.99E-02	9.98E-01	7.68E-01	8.35E-02	2.83E-01	1.25E-02	
group_6485	4.99E-02	9.98E-01	9.69E-01	-2.37E-04	6.13E-03	1.64E-03	
group_6315	4.99E-02	9.98E-01	8.64E-01	-7.46E-04	4.35E-03	7.25E-03	
group_6079	4.99E-02	9.98E-01	8.87E-01	4.29E-02	3.02E-01	6.01E-03	
group_6064	4.99E-02	4.50E-01	8.03E-01	-1.52E-03	6.11E-03	1.05E-02	
group_5867	4.99E-02	4.53E-01	9.88E-01	-4.38E-05	2.81E-03	6.58E-04	bad-chisq
group_5853	4.99E-02	1.33E-01	9.97E-01	2.14E-05	5.37E-03	1.69E-04	bad-chisq
fucK_1~~~xylB_2~~~xylB_1~~~xylB_5	4.99E-02	1.33E-01	9.55E-01	3.43E-04	6.11E-03	2.37E-03	bad-chisq
group_5677	4.99E-02	4.53E-01	9.92E-01	-4.35E-05	4.33E-03	4.25E-04	bad-chisq
group_5616	4.99E-02	9.98E-01	8.87E-01	4.29E-02	3.02E-01	6.01E-03	
group_5512	4.99E-02	1.33E-01	9.64E-01	1.95E-04	4.34E-03	1.91E-03	bad-chisq
group_5469	4.99E-02	4.50E-01	8.39E-01	7.45E-03	3.65E-02	8.62E-03	
group_5028	4.99E-02	4.53E-01	7.19E-01	1.48E-02	4.11E-02	1.52E-02	bad-chisq
group_5026	4.99E-02	9.98E-01	7.34E-01	1.08E-01	3.18E-01	1.44E-02	
group_4554	4.99E-02	9.98E-01	8.87E-01	4.29E-02	3.02E-01	6.01E-03	
group_4502	4.99E-02	9.98E-01	9.56E-01	3.43E-04	6.18E-03	2.35E-03	
group_4437	4.99E-02	9.98E-01	7.31E-01	1.13E-01	3.27E-01	1.46E-02	
group_4405	4.99E-02	9.98E-01	8.87E-01	4.29E-02	3.02E-01	6.01E-03	
group_4349	4.99E-02	1.33E-01	9.71E-01	1.80E-04	5.01E-03	1.51E-03	bad-chisq
group_4240	4.99E-02	4.80E-14	6.49E-01	-2.04E-02	4.48E-02	1.92E-02	
mshA_1~~~gtfA	4.99E-02	9.98E-01	9.69E-01	-2.37E-04	6.13E-03	1.64E-03	
group_4092	4.99E-02	9.98E-01	8.53E-01	-9.89E-04	5.34E-03	7.84E-03	
group_4064	4.99E-02	9.98E-01	8.19E-01	9.31E-02	4.07E-01	9.67E-03	
group_3907	4.99E-02	1.33E-01	2.24E-01	1.45E-01	1.19E-01	5.14E-02	bad-chisq
group_3878	4.99E-02	9.98E-01	9.56E-01	3.43E-04	6.18E-03	2.35E-03	
group_3699	4.99E-02	1.33E-01	9.71E-01	1.82E-04	5.01E-03	1.54E-03	bad-chisq
group_3633	4.99E-02	1.33E-01	9.65E-01	1.93E-04	4.34E-03	1.88E-03	bad-chisq
group_3610	4.99E-02	9.98E-01	8.27E-01	4.75E-02	2.17E-01	9.24E-03	
metK_1~~~metK_5~~~metK~~~metK_2	4.99E-02	1.33E-01	9.64E-01	1.38E-04	3.09E-03	1.89E-03	bad-chisq
group_3595	4.99E-02	9.98E-01	9.52E-01	-2.44E-04	4.05E-03	2.55E-03	
group_3511	4.99E-02	4.53E-01	7.54E-01	-1.07E-02	3.42E-02	1.32E-02	bad-chisq
iaaH	4.99E-02	9.98E-01	8.46E-01	-1.04E-03	5.34E-03	8.21E-03	
group_3157	4.99E-02	9.98E-01	7.24E-01	1.15E-01	3.26E-01	1.49E-02	
group_3100	4.99E-02	9.98E-01	9.58E-01	2.63E-03	4.95E-02	2.24E-03	
ceo	4.99E-02	9.98E-01	8.27E-01	4.75E-02	2.17E-01	9.24E-03	
cpsY	4.99E-02	4.53E-01	1.00E+00	-9.20E-07	6.13E-03	6.35E-06	bad-chisq
tagU_3	4.99E-02	9.98E-01	8.87E-01	4.29E-02	3.02E-01	6.01E-03	
group_2508	4.99E-02	4.53E-01	7.53E-01	-1.09E-02	3.45E-02	1.33E-02	bad-chisq
group_2365	4.99E-02	4.53E-01	9.00E-01	-4.46E-04	3.56E-03	5.30E-03	bad-chisq
rspB	4.99E-02	1.31E-01	7.04E-01	-2.33E-03	6.12E-03	1.61E-02	
group_2092	4.99E-02	1.31E-01	9.44E-01	2.58E-03	3.65E-02	2.99E-03	
group_1954	4.99E-02	4.53E-01	9.88E-01	-4.38E-05	2.81E-03	6.58E-04	bad-chisq
nfdA	4.99E-02	4.50E-01	8.39E-01	7.45E-03	3.65E-02	8.62E-03	
group_1619	4.99E-02	1.31E-01	7.04E-01	-2.33E-03	6.12E-03	1.61E-02	
yjeM	4.99E-02	1.31E-01	9.44E-01	2.58E-03	3.65E-02	2.99E-03	
group_1208	4.99E-02	1.33E-01	9.71E-01	1.82E-04	5.01E-03	1.54E-03	bad-chisq
group_974	4.99E-02	4.53E-01	9.46E-01	2.09E-04	3.09E-03	2.86E-03	bad-chisq
group_586	4.99E-02	4.53E-01	7.54E-01	-1.07E-02	3.42E-02	1.32E-02	bad-chisq
group_581	4.99E-02	4.53E-01	7.53E-01	-1.09E-02	3.45E-02	1.33E-02	bad-chisq
group_354	4.99E-02	4.53E-01	7.54E-01	-1.07E-02	3.42E-02	1.32E-02	bad-chisq
group_15197	4.81E-02	1.40E-01	4.51E-01	5.58E-02	7.40E-02	3.19E-02	bad-chisq
group_14125	4.81E-02	1.12E-01	2.97E-32	-5.46E-01	4.33E-02	4.71E-01	
group_14058	4.81E-02	1.40E-01	9.76E-01	9.73E-05	3.23E-03	1.27E-03	bad-chisq
group_13988	4.81E-02	9.54E-01	6.71E-01	-1.52E-02	3.59E-02	1.80E-02	
group_13605	4.81E-02	1.40E-01	9.04E-01	5.03E-03	4.18E-02	5.08E-03	bad-chisq
group_13472	4.81E-02	4.78E-01	9.89E-01	-5.78E-05	4.34E-03	5.63E-04	bad-chisq
group_13235	4.81E-02	9.54E-01	9.07E-01	-3.52E-04	3.02E-03	4.92E-03	
group_13091	4.81E-02	4.78E-01	9.89E-01	-5.78E-05	4.34E-03	5.63E-04	bad-chisq
group_12793	4.81E-02	1.40E-01	9.87E-01	5.01E-05	2.97E-03	7.12E-04	bad-chisq
group_12279	4.63E-02	9.39E-02	9.89E-01	4.57E-05	3.38E-03	5.71E-04	
group_11895	4.63E-02	1.48E-01	1.41E-01	8.96E-03	6.08E-03	6.22E-02	bad-chisq
group_11894	4.63E-02	1.48E-01	1.41E-01	8.96E-03	6.08E-03	6.22E-02	bad-chisq
group_11800	4.81E-02	4.10E-01	7.98E-01	-1.35E-03	5.28E-03	1.08E-02	
group_11702	4.81E-02	4.78E-01	9.76E-01	5.55E-03	1.85E-01	1.27E-03	bad-chisq
group_11459	4.81E-02	3.21E-06	5.79E-02	-1.00E-01	5.27E-02	8.01E-02	
group_11438	4.81E-02	4.78E-01	9.84E-01	5.52E-05	2.76E-03	8.45E-04	bad-chisq
group_11314	4.81E-02	1.40E-01	9.88E-01	9.50E-05	6.20E-03	6.48E-04	bad-chisq
group_11095	4.81E-02	1.40E-01	9.60E-01	1.78E-04	3.57E-03	2.11E-03	bad-chisq
group_10651	4.81E-02	4.78E-01	3.76E-01	3.35E-03	3.78E-03	3.74E-02	bad-chisq
araA_2~~~araA_6~~~araA_5	4.81E-02	1.40E-01	9.21E-01	6.08E-04	6.12E-03	4.20E-03	bad-chisq
group_10489	4.81E-02	1.40E-01	9.64E-01	1.62E-04	3.57E-03	1.92E-03	bad-chisq
trxB~~~trxB_1	4.81E-02	1.79E-03	2.66E-01	-5.56E-03	4.99E-03	4.71E-02	
group_10224	4.81E-02	4.78E-01	4.62E-01	2.00E-02	2.72E-02	3.11E-02	bad-chisq
group_10172	4.81E-02	1.84E-02	8.16E-01	-1.42E-03	6.12E-03	9.83E-03	
group_9923	4.63E-02	5.05E-01	8.95E-01	5.31E-04	4.03E-03	5.57E-03	bad-chisq
group_9635	4.81E-02	4.78E-01	9.89E-01	-5.90E-05	4.34E-03	5.75E-04	bad-chisq
group_9604	4.81E-02	1.40E-01	9.98E-01	6.61E-06	2.44E-03	1.14E-04	bad-chisq
group_9100	4.81E-02	1.40E-01	9.71E-01	1.80E-04	5.01E-03	1.52E-03	bad-chisq
fucK~~~fucK_1	4.81E-02	9.54E-01	7.06E-01	-2.31E-03	6.13E-03	1.59E-02	
xerC_5~~~xerC_9~~~xerC_12~~~xerC_7~~~xerC_16	4.81E-02	1.40E-01	9.92E-01	3.78E-05	3.77E-03	4.24E-04	bad-chisq
group_8603	4.81E-02	4.78E-01	9.84E-01	1.23E-04	6.08E-03	8.54E-04	bad-chisq
group_8585	4.81E-02	1.40E-01	9.57E-01	1.43E-04	2.68E-03	2.26E-03	bad-chisq
gntR	4.81E-02	1.12E-01	2.97E-32	-5.46E-01	4.33E-02	4.71E-01	
axe2_1	4.81E-02	1.40E-01	6.35E-01	2.33E-02	4.91E-02	2.01E-02	bad-chisq
group_7502	4.81E-02	9.54E-01	9.67E-01	2.56E-04	6.09E-03	1.78E-03	
ysdC_3~~~ysdC_2	4.81E-02	1.40E-01	9.97E-01	2.14E-05	5.37E-03	1.69E-04	bad-chisq
group_6928	4.81E-02	1.40E-01	9.74E-01	8.65E-05	2.69E-03	1.36E-03	bad-chisq
xynR_1~~~xynR_3	4.81E-02	4.78E-01	9.88E-01	1.63E-03	1.12E-01	6.14E-04	bad-chisq
group_6847	4.81E-02	4.10E-01	7.82E-02	-6.01E-02	3.41E-02	7.44E-02	
group_6792	4.81E-02	1.40E-01	8.57E-01	7.83E-04	4.35E-03	7.61E-03	bad-chisq
group_6294	4.81E-02	4.78E-01	9.70E-01	-9.87E-05	2.60E-03	1.60E-03	bad-chisq
rpe_2~~~alsE	4.63E-02	1.48E-01	8.05E-01	9.96E-04	4.03E-03	1.04E-02	bad-chisq
group_6074	4.81E-02	9.54E-01	8.07E-01	5.72E-02	2.34E-01	1.03E-02	
group_5980	4.81E-02	9.54E-01	8.41E-01	-8.72E-04	4.35E-03	8.48E-03	
group_5816	4.81E-02	9.54E-01	7.06E-01	-2.31E-03	6.13E-03	1.59E-02	
group_5812	4.81E-02	9.54E-01	9.67E-01	-2.54E-04	6.13E-03	1.75E-03	
group_5654	4.81E-02	1.40E-01	3.47E-01	4.04E-02	4.29E-02	3.98E-02	bad-chisq
group_5590	4.81E-02	9.54E-01	9.30E-01	1.90E-02	2.18E-01	3.70E-03	
group_5423	4.81E-02	1.40E-01	9.65E-01	1.18E-04	2.71E-03	1.84E-03	bad-chisq
group_5352	4.81E-02	1.40E-01	9.23E-01	3.00E-04	3.09E-03	4.10E-03	bad-chisq
group_5301	4.81E-02	9.54E-01	9.87E-01	-3.44E-05	2.15E-03	6.77E-04	
group_5083	4.81E-02	4.78E-01	9.89E-01	-5.78E-05	4.34E-03	5.63E-04	bad-chisq
group_4951	4.81E-02	1.40E-01	9.71E-01	1.80E-04	5.01E-03	1.52E-03	bad-chisq
group_4941	4.81E-02	9.54E-01	6.12E-01	-3.06E-03	6.03E-03	2.15E-02	
group_4878	4.81E-02	4.78E-01	4.62E-01	2.00E-02	2.72E-02	3.11E-02	bad-chisq
bmrA~~~hepA	4.81E-02	9.54E-01	9.27E-01	2.08E-02	2.27E-01	3.88E-03	
group_4512	4.81E-02	1.40E-01	6.35E-01	2.33E-02	4.91E-02	2.01E-02	bad-chisq
mshD_1	4.81E-02	1.40E-01	6.35E-01	2.33E-02	4.91E-02	2.01E-02	bad-chisq
group_4326	4.81E-02	4.78E-01	9.61E-01	-1.67E-04	3.39E-03	2.08E-03	bad-chisq
group_4035	4.81E-02	1.40E-01	9.78E-01	1.10E-04	4.04E-03	1.15E-03	bad-chisq
group_3980	4.81E-02	1.40E-01	6.35E-01	2.33E-02	4.91E-02	2.01E-02	bad-chisq
aptA_3~~~aptA_2~~~aptA_1	4.81E-02	1.12E-01	7.02E-01	-2.34E-03	6.12E-03	1.62E-02	
group_3951	4.81E-02	1.40E-01	9.71E-01	1.80E-04	5.01E-03	1.52E-03	bad-chisq
group_3948	4.81E-02	4.10E-01	8.39E-01	7.39E-03	3.64E-02	8.58E-03	
group_3915	4.81E-02	9.54E-01	9.23E-01	2.26E-02	2.35E-01	4.08E-03	
group_3800	4.81E-02	1.40E-01	9.71E-01	1.80E-04	5.01E-03	1.52E-03	bad-chisq
araQ_5	4.81E-02	1.40E-01	6.35E-01	2.33E-02	4.91E-02	2.01E-02	bad-chisq
group_3698	4.81E-02	1.40E-01	9.71E-01	1.82E-04	5.01E-03	1.54E-03	bad-chisq
group_3652	4.81E-02	9.54E-01	9.11E-01	2.68E-02	2.39E-01	4.74E-03	
group_3574	4.81E-02	1.12E-01	2.97E-32	-5.46E-01	4.33E-02	4.71E-01	
trxB_1	4.81E-02	9.54E-01	9.67E-01	-2.59E-04	6.16E-03	1.78E-03	
group_3468	4.81E-02	1.40E-01	9.71E-01	1.80E-04	5.01E-03	1.52E-03	bad-chisq
group_3438	4.81E-02	9.54E-01	8.55E-01	3.14E-02	1.72E-01	7.72E-03	
group_3346	4.81E-02	1.40E-01	9.71E-01	1.80E-04	5.01E-03	1.52E-03	bad-chisq
gmd~~~wbgU	4.81E-02	9.54E-01	9.11E-01	2.68E-02	2.39E-01	4.74E-03	
group_3278	4.81E-02	9.54E-01	9.22E-01	2.23E-02	2.28E-01	4.14E-03	
group_3189	4.81E-02	1.40E-01	9.71E-01	1.80E-04	5.01E-03	1.52E-03	bad-chisq
group_3154	4.81E-02	1.40E-01	9.90E-01	3.76E-05	2.98E-03	5.34E-04	bad-chisq
group_3146	4.81E-02	1.40E-01	9.85E-01	6.19E-05	3.30E-03	7.93E-04	bad-chisq
group_2967	4.81E-02	4.78E-01	9.55E-01	-1.94E-04	3.43E-03	2.39E-03	bad-chisq
group_2929	4.81E-02	4.78E-01	9.14E-01	-4.73E-04	4.36E-03	4.59E-03	bad-chisq
group_2727	4.81E-02	1.40E-01	6.35E-01	2.33E-02	4.91E-02	2.01E-02	bad-chisq
group_2669	4.81E-02	1.40E-01	6.35E-01	2.33E-02	4.91E-02	2.01E-02	bad-chisq
group_2246	4.81E-02	1.40E-01	6.35E-01	2.33E-02	4.91E-02	2.01E-02	bad-chisq
ghrB	4.81E-02	1.12E-01	2.97E-32	-5.46E-01	4.33E-02	4.71E-01	
group_1962	4.81E-02	4.10E-01	7.06E-01	-2.32E-03	6.12E-03	1.60E-02	
group_1923	4.63E-02	1.48E-01	3.30E-01	3.14E-02	3.22E-02	4.12E-02	bad-chisq
group_1909	4.81E-02	1.40E-01	9.88E-01	7.55E-05	5.02E-03	6.36E-04	bad-chisq
group_1842	4.81E-02	1.40E-01	9.71E-01	1.80E-04	5.01E-03	1.52E-03	bad-chisq
group_1832	4.63E-02	5.05E-01	9.56E-01	-1.41E-04	2.57E-03	2.33E-03	bad-chisq
group_1805	4.81E-02	1.40E-01	9.73E-01	1.46E-04	4.35E-03	1.41E-03	bad-chisq
group_1800	4.81E-02	4.78E-01	9.84E-01	1.20E-04	6.13E-03	8.32E-04	bad-chisq
yteP_3~~~yteP_2	4.81E-02	1.40E-01	6.35E-01	2.33E-02	4.91E-02	2.01E-02	bad-chisq
group_1772	4.81E-02	1.40E-01	6.35E-01	2.33E-02	4.91E-02	2.01E-02	bad-chisq
nagB_2~~~nagB_1	4.81E-02	1.40E-01	6.35E-01	2.33E-02	4.91E-02	2.01E-02	bad-chisq
gfo~~~iolX	4.81E-02	1.40E-01	6.35E-01	2.33E-02	4.91E-02	2.01E-02	bad-chisq
group_1398	4.81E-02	1.12E-01	2.97E-32	-5.46E-01	4.33E-02	4.71E-01	
ugd	4.81E-02	9.54E-01	9.11E-01	2.68E-02	2.39E-01	4.74E-03	
menC	4.81E-02	1.40E-01	6.35E-01	2.33E-02	4.91E-02	2.01E-02	bad-chisq
larA_2	4.81E-02	1.12E-01	2.97E-32	-5.46E-01	4.33E-02	4.71E-01	
group_973	4.81E-02	9.54E-01	9.77E-01	1.90E-03	6.69E-02	1.20E-03	
xylP_2	4.81E-02	1.40E-01	9.71E-01	1.80E-04	5.01E-03	1.52E-03	bad-chisq
group_596	4.81E-02	1.40E-01	6.35E-01	2.33E-02	4.91E-02	2.01E-02	bad-chisq
group_502	4.81E-02	1.40E-01	6.35E-01	2.33E-02	4.91E-02	2.01E-02	bad-chisq
group_294	4.81E-02	1.40E-01	6.35E-01	2.33E-02	4.91E-02	2.01E-02	bad-chisq
group_15244	4.63E-02	9.09E-01	6.34E-01	-1.79E-02	3.76E-02	2.02E-02	
group_14131	4.63E-02	5.05E-01	9.14E-01	-4.73E-04	4.36E-03	4.59E-03	bad-chisq
group_14109	4.63E-02	5.05E-01	9.89E-01	-5.91E-05	4.34E-03	5.76E-04	bad-chisq
group_13862	4.63E-02	5.05E-01	9.89E-01	-5.91E-05	4.34E-03	5.76E-04	bad-chisq
group_13836	4.63E-02	5.05E-01	7.30E-01	-1.14E-02	3.31E-02	1.46E-02	bad-chisq
group_13666	4.63E-02	9.09E-01	9.59E-01	6.64E-03	1.29E-01	2.18E-03	
group_13254	4.63E-02	5.05E-01	9.89E-01	-5.91E-05	4.34E-03	5.76E-04	bad-chisq
group_12601	4.46E-02	5.34E-01	8.74E-01	-4.90E-04	3.09E-03	6.71E-03	bad-chisq
group_12363	4.63E-02	5.05E-01	5.51E-01	1.84E-03	3.09E-03	2.52E-02	bad-chisq
group_12320	4.63E-02	9.09E-01	1.17E-02	-9.91E-02	3.92E-02	1.06E-01	
group_12244	4.63E-02	5.05E-01	9.72E-01	1.55E-04	4.36E-03	1.51E-03	bad-chisq
group_12086	4.63E-02	5.05E-01	9.58E-01	1.47E-04	2.76E-03	2.25E-03	bad-chisq
group_11864	4.63E-02	5.05E-01	8.53E-01	-1.12E-03	6.05E-03	7.83E-03	bad-chisq
group_11827	4.63E-02	1.48E-01	9.62E-01	1.29E-04	2.68E-03	2.03E-03	bad-chisq
group_11821	4.63E-02	1.48E-01	9.89E-01	7.51E-05	5.30E-03	5.99E-04	bad-chisq
group_11719	4.63E-02	5.05E-01	9.00E-01	-5.48E-04	4.34E-03	5.33E-03	bad-chisq
group_11566	4.63E-02	5.05E-01	4.83E-01	2.09E-03	2.97E-03	2.97E-02	bad-chisq
group_11487	4.63E-02	9.09E-01	9.71E-01	-1.05E-04	2.87E-03	1.55E-03	
proX~~~proX_2	4.63E-02	1.48E-01	8.11E-01	1.82E-02	7.62E-02	1.01E-02	bad-chisq
sgcG_2~~~sgcG	4.63E-02	1.48E-01	9.85E-01	1.30E-03	6.81E-02	8.10E-04	bad-chisq
group_11174	4.63E-02	9.09E-01	6.12E-01	-3.07E-03	6.04E-03	2.15E-02	
group_11149	4.63E-02	5.05E-01	9.98E-01	1.15E-05	4.35E-03	1.12E-04	bad-chisq
group_10838	4.63E-02	5.05E-01	6.75E-01	2.28E-02	5.43E-02	1.77E-02	bad-chisq
group_10720	4.63E-02	1.48E-01	9.23E-01	4.95E-03	5.10E-02	4.10E-03	bad-chisq
group_10684	4.63E-02	1.48E-01	9.88E-01	6.11E-05	4.04E-03	6.39E-04	bad-chisq
group_10473	4.63E-02	1.48E-01	9.66E-01	1.71E-04	4.02E-03	1.80E-03	bad-chisq
group_10450	4.63E-02	9.09E-01	3.52E-01	-4.28E-02	4.59E-02	3.94E-02	
group_10435	4.63E-02	5.05E-01	4.91E-01	1.27E-01	1.85E-01	2.91E-02	bad-chisq
IntTn~~~IntTn_2~~~IntTn_1	4.63E-02	1.21E-03	7.70E-01	-1.55E-03	5.31E-03	1.23E-02	
group_10264	4.63E-02	9.39E-02	8.72E-01	-5.00E-04	3.10E-03	6.81E-03	
group_10187	4.46E-02	1.56E-01	9.27E-01	4.59E-04	4.99E-03	3.89E-03	bad-chisq
group_10008	4.46E-02	1.56E-01	9.58E-01	1.57E-04	2.97E-03	2.23E-03	bad-chisq
xerC_11~~~xerC_17~~~xerC_5~~~xerC_3~~~xerC_4~~~xerD_2	4.63E-02	9.39E-02	1.14E-01	-7.73E-02	4.88E-02	6.68E-02	
group_9675	4.63E-02	1.48E-01	1.50E-01	8.67E-03	6.02E-03	6.08E-02	bad-chisq
group_9587	4.63E-02	5.05E-01	9.92E-01	-1.84E-03	1.82E-01	4.28E-04	bad-chisq
yoaB~~~yloB~~~kdpB_2	4.63E-02	9.09E-01	1.75E-01	-8.23E-03	6.06E-03	5.74E-02	
group_9506	4.63E-02	5.05E-01	9.89E-01	-5.91E-05	4.34E-03	5.76E-04	bad-chisq
group_9391	4.63E-02	5.05E-01	2.98E-01	-3.86E-02	3.70E-02	4.41E-02	bad-chisq
group_9212	4.63E-02	1.48E-01	9.94E-01	3.93E-05	5.36E-03	3.10E-04	bad-chisq
group_9149	4.63E-02	5.05E-01	9.14E-01	-4.73E-04	4.36E-03	4.59E-03	bad-chisq
group_9115	4.63E-02	1.48E-01	9.14E-01	4.73E-04	4.35E-03	4.59E-03	bad-chisq
group_9083	4.63E-02	5.05E-01	8.61E-01	-1.07E-03	6.12E-03	7.39E-03	bad-chisq
group_8822	4.63E-02	5.05E-01	8.97E-01	-4.61E-04	3.56E-03	5.48E-03	bad-chisq
group_8723	4.63E-02	3.71E-01	8.78E-01	-9.47E-04	6.15E-03	6.51E-03	
group_8716	4.63E-02	5.05E-01	9.65E-01	-1.57E-04	3.57E-03	1.86E-03	bad-chisq
ndoA_1	4.63E-02	5.05E-01	8.32E-01	-7.16E-04	3.38E-03	8.96E-03	bad-chisq
group_8574	4.63E-02	3.71E-01	8.43E-01	-6.76E-03	3.41E-02	8.40E-03	
group_8572	4.63E-02	5.05E-01	3.38E-01	4.17E-03	4.35E-03	4.05E-02	bad-chisq
group_8288	4.63E-02	1.48E-01	8.87E-01	7.57E-04	5.30E-03	6.03E-03	bad-chisq
group_8264	4.63E-02	9.09E-01	1.94E-22	-3.69E-01	3.62E-02	3.95E-01	
group_8236	4.63E-02	1.48E-01	3.75E-01	2.99E-03	3.37E-03	3.75E-02	bad-chisq
group_8192	4.63E-02	9.09E-01	9.81E-01	-6.95E-05	2.98E-03	9.87E-04	
group_8164	4.63E-02	5.05E-01	9.88E-01	4.31E-05	2.87E-03	6.34E-04	bad-chisq
group_7844	4.63E-02	5.05E-01	9.26E-01	-4.07E-04	4.35E-03	3.95E-03	bad-chisq
perR_3~~~perR_1~~~perR_2	4.63E-02	1.48E-01	5.13E-01	1.61E-03	2.46E-03	2.77E-02	bad-chisq
group_7240	4.63E-02	9.09E-01	9.90E-01	-2.01E-03	1.69E-01	5.04E-04	
xylG~~~rbsA_2~~~xylG_2~~~xylG_1	4.63E-02	3.71E-01	7.03E-01	-2.33E-03	6.12E-03	1.61E-02	
group_7174	4.63E-02	9.09E-01	9.74E-01	-1.04E-04	3.16E-03	1.40E-03	
group_7134	4.63E-02	3.71E-01	8.43E-01	7.73E-04	3.90E-03	8.38E-03	
group_7094	4.63E-02	9.09E-01	9.09E-01	2.80E-02	2.46E-01	4.82E-03	
group_7043	4.63E-02	9.09E-01	7.56E-01	1.03E-02	3.31E-02	1.31E-02	
group_7027	4.63E-02	9.09E-01	9.25E-01	2.36E-02	2.51E-01	3.97E-03	
group_7016	4.63E-02	5.05E-01	9.18E-01	-5.46E-04	5.32E-03	4.34E-03	bad-chisq
xerC_3~~~xerC_4~~~xerC_7	4.63E-02	1.48E-01	9.84E-01	8.66E-05	4.35E-03	8.41E-04	bad-chisq
group_6795	4.63E-02	3.71E-01	8.42E-01	7.26E-03	3.63E-02	8.45E-03	
glpR_1~~~ulaR~~~glpR	4.46E-02	1.56E-01	8.08E-01	9.79E-04	4.03E-03	1.03E-02	bad-chisq
group_6268	4.63E-02	1.48E-01	8.99E-01	5.19E-03	4.09E-02	5.36E-03	bad-chisq
group_6238	4.63E-02	3.71E-01	7.03E-01	-2.33E-03	6.12E-03	1.61E-02	
group_5898	4.63E-02	1.48E-01	9.82E-01	2.63E-03	1.17E-01	9.55E-04	bad-chisq
group_5817	4.63E-02	9.09E-01	7.04E-01	-2.33E-03	6.13E-03	1.61E-02	
group_5734	4.63E-02	5.05E-01	9.00E-01	3.09E-04	2.46E-03	5.31E-03	bad-chisq
group_5681	4.63E-02	9.39E-02	4.84E-01	-2.55E-02	3.64E-02	2.96E-02	
group_5435	4.63E-02	1.48E-01	7.66E-01	1.46E-02	4.90E-02	1.26E-02	bad-chisq
group_5344	4.63E-02	9.09E-01	9.95E-01	4.18E-05	6.10E-03	2.90E-04	
group_4829	4.63E-02	5.05E-01	9.89E-01	-5.91E-05	4.34E-03	5.76E-04	bad-chisq
group_4595	4.63E-02	9.09E-01	6.87E-01	-1.62E-03	4.02E-03	1.70E-02	
purC	4.63E-02	1.48E-01	9.31E-01	5.28E-04	6.12E-03	3.65E-03	bad-chisq
group_4227	4.63E-02	1.48E-01	6.28E-01	2.46E-02	5.07E-02	2.05E-02	bad-chisq
group_4210	4.63E-02	1.48E-01	8.99E-01	5.19E-03	4.09E-02	5.36E-03	bad-chisq
group_4161	4.63E-02	1.48E-01	6.19E-01	3.80E-02	7.65E-02	2.10E-02	bad-chisq
group_4146	4.63E-02	1.48E-01	8.99E-01	5.19E-03	4.09E-02	5.36E-03	bad-chisq
group_4076	4.63E-02	1.48E-01	9.83E-01	6.20E-05	2.92E-03	8.99E-04	bad-chisq
yoaC	4.63E-02	9.39E-02	4.98E-32	-5.43E-01	4.32E-02	4.69E-01	
group_4027	4.63E-02	1.48E-01	5.19E-01	1.82E-03	2.81E-03	2.73E-02	bad-chisq
araH_2~~~lsrC	4.63E-02	3.71E-01	7.03E-01	-2.33E-03	6.12E-03	1.61E-02	
rbsC_4~~~rbsC_3	4.63E-02	9.09E-01	9.59E-01	6.64E-03	1.29E-01	2.18E-03	
group_3936	4.63E-02	5.05E-01	9.95E-01	-3.57E-05	6.13E-03	2.46E-04	bad-chisq
epsF_2~~~epsF_1~~~epsF	4.63E-02	5.05E-01	9.88E-01	6.32E-05	4.36E-03	6.13E-04	bad-chisq
yiaO	4.63E-02	9.39E-02	8.08E-01	-1.49E-03	6.15E-03	1.03E-02	
bssD	4.63E-02	9.39E-02	4.84E-01	-2.55E-02	3.64E-02	2.96E-02	
group_3713	4.63E-02	9.09E-01	9.66E-01	-2.59E-04	6.12E-03	1.79E-03	
group_3563	4.63E-02	9.39E-02	4.56E-01	-2.97E-02	3.98E-02	3.15E-02	
group_3509	4.63E-02	1.48E-01	3.27E-01	4.16E-02	4.24E-02	4.15E-02	bad-chisq
group_3328	4.63E-02	9.09E-01	9.59E-01	6.64E-03	1.29E-01	2.18E-03	
group_3317	4.63E-02	1.48E-01	4.81E-01	2.66E-02	3.77E-02	2.98E-02	bad-chisq
group_3192	4.46E-02	1.56E-01	9.62E-01	2.22E-04	4.61E-03	2.04E-03	bad-chisq
group_3056	4.63E-02	9.09E-01	9.59E-01	6.64E-03	1.29E-01	2.18E-03	
group_2894	4.63E-02	1.48E-01	9.31E-01	5.28E-04	6.12E-03	3.65E-03	bad-chisq
purR_1~~~cytR_1~~~cytR_3	4.63E-02	2.05E-10	6.79E-01	-1.75E-02	4.23E-02	1.75E-02	
group_2773	4.63E-02	1.48E-01	4.66E-01	4.19E-02	5.74E-02	3.09E-02	bad-chisq
group_2663	4.63E-02	1.48E-01	7.13E-01	1.46E-02	3.98E-02	1.55E-02	bad-chisq
group_2491	4.63E-02	3.71E-01	2.06E-01	5.27E-02	4.16E-02	5.35E-02	
group_2434	4.63E-02	1.48E-01	8.99E-01	5.19E-03	4.09E-02	5.36E-03	bad-chisq
group_2244	4.63E-02	5.05E-01	9.07E-01	-4.73E-04	4.06E-03	4.93E-03	bad-chisq
afr_3	4.63E-02	1.48E-01	7.13E-01	1.46E-02	3.98E-02	1.55E-02	bad-chisq
group_2220	4.63E-02	5.05E-01	9.89E-01	-5.91E-05	4.34E-03	5.76E-04	bad-chisq
group_2129	4.63E-02	3.71E-01	2.06E-01	5.27E-02	4.16E-02	5.35E-02	
group_2040	4.63E-02	3.71E-01	8.14E-01	-1.44E-03	6.12E-03	9.96E-03	
group_2033	4.46E-02	1.56E-01	9.27E-01	4.59E-04	4.99E-03	3.89E-03	bad-chisq
iolC	4.63E-02	9.09E-01	9.59E-01	6.64E-03	1.29E-01	2.18E-03	
group_1760	4.63E-02	9.09E-01	9.20E-01	-3.68E-04	3.68E-03	4.23E-03	
cutC~~~cutC_1	4.63E-02	9.39E-02	4.84E-01	-2.55E-02	3.64E-02	2.96E-02	
group_1653	4.63E-02	1.48E-01	7.13E-01	1.46E-02	3.98E-02	1.55E-02	bad-chisq
fucU_1~~~fucU_2	4.63E-02	1.48E-01	8.99E-01	5.19E-03	4.09E-02	5.36E-03	bad-chisq
group_1609	4.63E-02	1.48E-01	7.13E-01	1.46E-02	3.98E-02	1.55E-02	bad-chisq
group_1561	4.63E-02	9.39E-02	8.08E-01	-1.49E-03	6.15E-03	1.03E-02	
group_1440	4.63E-02	5.05E-01	1.43E-01	-5.89E-02	4.01E-02	6.20E-02	bad-chisq
nagA	4.63E-02	1.48E-01	6.49E-01	2.15E-02	4.73E-02	1.92E-02	bad-chisq
group_1389	4.63E-02	5.05E-01	9.89E-01	-5.91E-05	4.34E-03	5.76E-04	bad-chisq
group_1034	4.63E-02	5.05E-01	9.89E-01	-5.90E-05	4.34E-03	5.75E-04	bad-chisq
atoE	4.63E-02	5.05E-01	1.43E-01	-5.89E-02	4.01E-02	6.20E-02	bad-chisq
group_684	4.63E-02	9.09E-01	9.59E-01	6.64E-03	1.29E-01	2.18E-03	
group_664	4.63E-02	1.48E-01	7.13E-01	1.46E-02	3.98E-02	1.55E-02	bad-chisq
group_614	4.63E-02	3.71E-01	2.06E-01	5.27E-02	4.16E-02	5.35E-02	
group_528	4.63E-02	1.48E-01	9.96E-01	2.63E-05	5.32E-03	2.09E-04	bad-chisq
group_490	4.63E-02	5.05E-01	9.89E-01	-5.90E-05	4.34E-03	5.75E-04	bad-chisq
group_411	4.63E-02	9.39E-02	4.84E-01	-2.55E-02	3.64E-02	2.96E-02	
bglB_3	4.63E-02	1.48E-01	7.13E-01	1.46E-02	3.98E-02	1.55E-02	bad-chisq
group_15586	4.46E-02	5.34E-01	9.40E-01	4.57E-04	6.09E-03	3.18E-03	bad-chisq
group_15481	4.46E-02	5.34E-01	6.96E-01	-1.51E-02	3.86E-02	1.65E-02	bad-chisq
group_14355	4.46E-02	8.63E-01	9.51E-01	1.00E-02	1.62E-01	2.62E-03	
group_13883	4.46E-02	1.56E-01	9.84E-01	3.95E-03	1.97E-01	8.47E-04	bad-chisq
group_13667	4.46E-02	1.56E-01	9.84E-01	3.95E-03	1.97E-01	8.47E-04	bad-chisq
group_13621	4.46E-02	1.56E-01	8.99E-01	5.34E-03	4.20E-02	5.38E-03	bad-chisq
group_13514	4.46E-02	1.56E-01	9.64E-01	1.94E-04	4.34E-03	1.89E-03	bad-chisq
group_13357	4.46E-02	1.56E-01	4.76E-01	2.72E-02	3.82E-02	3.01E-02	bad-chisq
group_12990	4.46E-02	1.56E-01	9.72E-01	1.50E-04	4.35E-03	1.46E-03	bad-chisq
group_12744	4.46E-02	1.56E-01	9.70E-01	2.01E-04	5.35E-03	1.59E-03	bad-chisq
group_12421	4.46E-02	1.05E-02	9.76E-01	1.83E-04	6.10E-03	1.27E-03	
group_12420	4.46E-02	1.05E-02	9.76E-01	1.83E-04	6.10E-03	1.27E-03	
group_12315	4.46E-02	1.56E-01	9.82E-01	9.36E-05	4.04E-03	9.79E-04	bad-chisq
group_12247	4.46E-02	8.63E-01	9.06E-01	-7.21E-04	6.09E-03	5.00E-03	
group_12220	4.46E-02	5.34E-01	5.78E-01	1.38E-03	2.47E-03	2.36E-02	bad-chisq
group_12053	4.46E-02	1.56E-01	9.64E-01	1.94E-04	4.34E-03	1.89E-03	bad-chisq
group_12043	4.46E-02	1.05E-02	9.76E-01	1.83E-04	6.10E-03	1.27E-03	
group_12036	4.46E-02	1.05E-02	9.76E-01	1.83E-04	6.10E-03	1.27E-03	
group_11972	4.46E-02	8.63E-01	9.78E-01	-1.67E-04	6.11E-03	1.15E-03	
group_11950	4.46E-02	3.33E-01	8.71E-01	-5.00E-03	3.08E-02	6.87E-03	
group_11841	4.46E-02	1.56E-01	9.95E-01	1.86E-05	2.87E-03	2.74E-04	bad-chisq
group_11822	4.46E-02	1.56E-01	5.98E-01	2.76E-02	5.23E-02	2.23E-02	bad-chisq
group_11656	4.46E-02	5.34E-01	2.60E-01	-4.72E-02	4.19E-02	4.76E-02	bad-chisq
mutS_1~~~mutS_2	4.46E-02	1.56E-01	3.60E-01	3.68E-03	4.02E-03	3.87E-02	bad-chisq
COQ5_7~~~COQ5_1	4.46E-02	5.34E-01	9.63E-01	-9.96E-05	2.17E-03	1.94E-03	bad-chisq
group_11401	4.46E-02	8.63E-01	6.40E-01	-1.72E-02	3.67E-02	1.98E-02	
group_11316	4.46E-02	1.56E-01	9.64E-01	1.94E-04	4.34E-03	1.89E-03	bad-chisq
adh_2~~~adh_4~~~adh_3~~~adh_1	4.46E-02	1.56E-01	9.89E-01	2.07E-03	1.49E-01	5.89E-04	bad-chisq
group_11161	4.46E-02	5.34E-01	9.53E-01	-2.30E-04	3.91E-03	2.48E-03	bad-chisq
group_11146	4.46E-02	1.56E-01	9.92E-01	2.94E-05	2.87E-03	4.33E-04	bad-chisq
haeIIIM~~~aplIM	4.46E-02	1.56E-01	9.78E-01	1.47E-04	5.34E-03	1.16E-03	bad-chisq
group_11117	4.46E-02	1.56E-01	9.73E-01	1.21E-04	3.56E-03	1.43E-03	bad-chisq
group_11074	4.46E-02	5.34E-01	9.49E-01	-1.36E-02	2.13E-01	2.70E-03	bad-chisq
group_10891	4.46E-02	5.34E-01	9.82E-01	-9.83E-05	4.34E-03	9.56E-04	bad-chisq
group_10752	4.46E-02	5.34E-01	8.05E-01	4.08E-02	1.65E-01	1.04E-02	bad-chisq
group_10602	4.46E-02	1.56E-01	9.83E-01	3.66E-03	1.71E-01	9.03E-04	bad-chisq
group_10462	4.46E-02	8.63E-01	8.01E-01	-9.56E-04	3.79E-03	1.07E-02	
ydjZ	4.46E-02	5.34E-01	9.87E-01	1.69E-03	1.02E-01	6.99E-04	bad-chisq
dmsB	4.46E-02	7.79E-02	4.47E-32	-5.43E-01	4.32E-02	4.69E-01	
group_10252	4.46E-02	1.56E-01	3.07E-01	4.52E-01	4.43E-01	4.32E-02	bad-chisq
group_10034	4.46E-02	1.56E-01	1.63E-01	3.93E-02	2.81E-02	5.89E-02	bad-chisq
ymdB_2~~~ymdB_3	4.46E-02	5.34E-01	9.53E-01	-3.59E-04	6.14E-03	2.47E-03	bad-chisq
group_9949	4.28E-02	1.65E-01	9.58E-01	1.56E-04	2.97E-03	2.22E-03	bad-chisq
group_9948	4.46E-02	8.63E-01	8.01E-01	-9.56E-04	3.79E-03	1.07E-02	
group_9813	4.46E-02	5.34E-01	9.62E-01	-1.61E-04	3.38E-03	2.02E-03	bad-chisq
radA_3~~~radA_1~~~radA_2	4.46E-02	8.63E-01	9.46E-01	-1.89E-04	2.81E-03	2.85E-03	
group_9558	4.46E-02	5.34E-01	3.46E-01	4.10E-03	4.35E-03	3.99E-02	bad-chisq
group_9509	4.46E-02	1.56E-01	9.06E-01	2.98E-04	2.53E-03	4.98E-03	bad-chisq
group_9471	4.46E-02	1.56E-01	9.75E-01	1.22E-04	3.90E-03	1.32E-03	bad-chisq
group_9025	4.46E-02	8.63E-01	9.88E-01	-5.06E-05	3.38E-03	6.32E-04	
group_9004	4.46E-02	1.56E-01	9.86E-01	9.08E-05	5.32E-03	7.21E-04	bad-chisq
group_8981	4.46E-02	1.56E-01	9.63E-01	2.85E-04	6.11E-03	1.97E-03	bad-chisq
group_8947	4.46E-02	8.63E-01	9.78E-01	-8.90E-05	3.16E-03	1.19E-03	
group_8926	4.46E-02	5.34E-01	8.97E-01	-4.61E-04	3.56E-03	5.48E-03	bad-chisq
yggP_1~~~yggP	4.46E-02	1.56E-01	9.99E-01	9.55E-06	6.21E-03	6.51E-05	bad-chisq
group_8666	4.46E-02	3.33E-01	2.66E-01	-4.82E-03	4.33E-03	4.70E-02	
group_8619	4.46E-02	3.33E-01	1.98E-01	-4.69E-02	3.65E-02	5.44E-02	
group_8562	4.46E-02	5.34E-01	6.28E-01	-2.23E-02	4.59E-02	2.05E-02	bad-chisq
group_8392	4.46E-02	5.34E-01	9.26E-01	-4.03E-04	4.35E-03	3.92E-03	bad-chisq
group_8313	4.46E-02	5.34E-01	4.77E-01	2.87E-03	4.03E-03	3.01E-02	bad-chisq
lytR~~~btsR	4.46E-02	8.63E-01	4.72E-01	2.57E-03	3.57E-03	3.04E-02	
group_8021	4.46E-02	1.56E-01	2.98E-01	3.32E-02	3.18E-02	4.40E-02	bad-chisq
group_7882	4.46E-02	8.63E-01	8.41E-01	-1.22E-03	6.11E-03	8.47E-03	
group_7636	4.46E-02	1.56E-01	9.86E-01	7.28E-05	4.04E-03	7.62E-04	bad-chisq
drdA	4.46E-02	7.79E-02	4.47E-32	-5.43E-01	4.32E-02	4.69E-01	
group_7445	4.46E-02	1.56E-01	3.50E-01	3.77E-03	4.03E-03	3.95E-02	bad-chisq
group_7234	4.46E-02	5.34E-01	9.19E-01	-3.04E-04	2.97E-03	4.33E-03	bad-chisq
group_7025	4.46E-02	8.63E-01	9.72E-01	1.89E-04	5.32E-03	1.50E-03	
group_6959	4.46E-02	8.63E-01	9.50E-01	1.41E-02	2.27E-01	2.63E-03	
group_6934	4.46E-02	8.63E-01	9.69E-01	1.70E-04	4.38E-03	1.64E-03	
group_6711	4.46E-02	8.63E-01	9.45E-01	1.34E-02	1.95E-01	2.91E-03	
napA~~~dmsA	4.46E-02	7.79E-02	4.47E-32	-5.43E-01	4.32E-02	4.69E-01	
deoC2	4.46E-02	7.79E-02	7.84E-01	-1.51E-02	5.52E-02	1.16E-02	
group_6388	4.46E-02	8.63E-01	8.95E-01	-4.82E-03	3.66E-02	5.57E-03	
group_6333	4.46E-02	1.56E-01	9.80E-01	9.57E-05	3.90E-03	1.04E-03	bad-chisq
group_6281	4.46E-02	3.33E-01	9.71E-01	-1.28E-03	3.54E-02	1.53E-03	
group_6270	4.46E-02	1.56E-01	8.97E-01	5.38E-03	4.17E-02	5.45E-03	bad-chisq
ngcG_3~~~dasC_2~~~araQ_4~~~araQ_2	4.46E-02	1.56E-01	8.57E-01	7.83E-04	4.35E-03	7.60E-03	bad-chisq
group_6087	4.46E-02	8.63E-01	5.44E-01	-3.67E-03	6.05E-03	2.56E-02	
group_5908	4.46E-02	5.34E-01	8.70E-01	9.96E-04	6.10E-03	6.91E-03	bad-chisq
group_5786	4.46E-02	7.79E-02	4.47E-32	-5.43E-01	4.32E-02	4.69E-01	
group_5741	4.46E-02	3.33E-01	2.00E-01	5.42E-02	4.22E-02	5.42E-02	
group_5440	4.46E-02	8.63E-01	9.51E-01	1.00E-02	1.62E-01	2.62E-03	
group_5439	4.46E-02	8.63E-01	9.51E-01	1.00E-02	1.62E-01	2.62E-03	
group_5390	4.46E-02	1.56E-01	9.96E-01	1.50E-05	3.38E-03	1.87E-04	bad-chisq
rhaM_3	4.46E-02	1.56E-01	8.99E-01	5.34E-03	4.20E-02	5.38E-03	bad-chisq
group_5103	4.46E-02	3.33E-01	7.51E-01	-1.06E-02	3.34E-02	1.35E-02	
group_4886	4.46E-02	7.79E-02	4.47E-32	-5.43E-01	4.32E-02	4.69E-01	
group_4591	4.46E-02	5.34E-01	5.82E-01	-1.80E-02	3.27E-02	2.33E-02	bad-chisq
group_4486	4.46E-02	5.34E-01	9.53E-01	-3.59E-04	6.14E-03	2.47E-03	bad-chisq
group_4448	4.46E-02	5.34E-01	4.91E-51	8.21E-01	4.92E-02	5.77E-01	bad-chisq
group_4392	4.46E-02	5.34E-01	9.91E-01	1.02E-03	9.15E-02	4.70E-04	bad-chisq
braC~~~braC_2	4.46E-02	5.34E-01	9.91E-01	1.02E-03	9.15E-02	4.70E-04	bad-chisq
serA	4.46E-02	8.63E-01	9.89E-01	-1.27E-03	9.30E-02	5.75E-04	
walR_1~~~walR_2~~~walR_7	4.46E-02	1.56E-01	9.57E-01	1.61E-04	2.97E-03	2.30E-03	bad-chisq
group_3921	4.46E-02	1.56E-01	9.98E-01	8.96E-06	3.39E-03	1.12E-04	bad-chisq
group_3836	4.46E-02	1.56E-01	6.42E-01	2.27E-02	4.87E-02	1.97E-02	bad-chisq
group_3705	4.46E-02	1.56E-01	8.57E-01	7.83E-04	4.35E-03	7.60E-03	bad-chisq
epsF~~~epsF_2	4.46E-02	8.63E-01	9.45E-01	1.34E-02	1.95E-01	2.91E-03	
group_3579	4.46E-02	5.34E-01	9.91E-01	1.02E-03	9.15E-02	4.70E-04	bad-chisq
cmpR_2	4.46E-02	8.63E-01	9.75E-01	2.93E-03	9.20E-02	1.35E-03	
group_3449	4.46E-02	1.56E-01	9.96E-01	2.53E-04	5.18E-02	2.06E-04	bad-chisq
group_3322	4.46E-02	5.34E-01	9.73E-01	-8.96E-05	2.60E-03	1.46E-03	bad-chisq
group_3233	4.46E-02	8.63E-01	9.51E-01	1.00E-02	1.62E-01	2.62E-03	
group_3081	4.46E-02	1.56E-01	9.96E-01	2.53E-04	5.18E-02	2.06E-04	bad-chisq
nasD	4.46E-02	7.79E-02	4.47E-32	-5.43E-01	4.32E-02	4.69E-01	
group_2995	4.46E-02	8.63E-01	9.51E-01	1.00E-02	1.62E-01	2.62E-03	
group_2820	4.46E-02	7.79E-02	4.47E-32	-5.43E-01	4.32E-02	4.69E-01	
cheB~~~cheB_2	4.46E-02	5.34E-01	9.89E-01	-5.90E-04	4.20E-02	5.94E-04	bad-chisq
group_2521	4.46E-02	1.56E-01	2.68E-02	1.68E-01	7.56E-02	9.35E-02	bad-chisq
group_2208	4.46E-02	1.56E-01	9.45E-01	2.72E-03	3.94E-02	2.93E-03	bad-chisq
ypdF_2	4.46E-02	1.56E-01	8.99E-01	5.34E-03	4.20E-02	5.38E-03	bad-chisq
group_2160	4.46E-02	1.56E-01	4.76E-01	2.72E-02	3.82E-02	3.01E-02	bad-chisq
group_2007	4.46E-02	1.56E-01	9.96E-01	2.53E-04	5.18E-02	2.06E-04	bad-chisq
lexA_2~~~lexA_3	4.46E-02	1.56E-01	4.82E-01	2.66E-02	3.78E-02	2.97E-02	bad-chisq
group_1847	4.46E-02	3.33E-01	2.00E-01	5.42E-02	4.22E-02	5.42E-02	
group_1488	4.46E-02	1.56E-01	4.76E-01	2.72E-02	3.82E-02	3.01E-02	bad-chisq
group_1388	4.46E-02	7.79E-02	4.47E-32	-5.43E-01	4.32E-02	4.69E-01	
group_1381	4.46E-02	7.79E-02	4.47E-32	-5.43E-01	4.32E-02	4.69E-01	
alsC	4.46E-02	1.56E-01	7.09E-01	1.51E-02	4.04E-02	1.58E-02	bad-chisq
melC_1	4.46E-02	1.56E-01	2.68E-02	1.68E-01	7.56E-02	9.35E-02	bad-chisq
group_1262	4.46E-02	1.56E-01	2.68E-02	1.68E-01	7.56E-02	9.35E-02	bad-chisq
rhaS_2~~~rssB	4.46E-02	1.56E-01	2.68E-02	1.68E-01	7.56E-02	9.35E-02	bad-chisq
group_1223	4.46E-02	1.56E-01	6.42E-01	2.27E-02	4.87E-02	1.97E-02	bad-chisq
group_930	4.46E-02	1.56E-01	2.98E-01	3.32E-02	3.18E-02	4.40E-02	bad-chisq
group_909	4.46E-02	5.34E-01	9.75E-01	-1.71E-04	5.34E-03	1.35E-03	bad-chisq
uxaC_2	4.46E-02	1.56E-01	7.11E-01	1.74E-02	4.70E-02	1.57E-02	bad-chisq
actP	4.46E-02	1.56E-01	1.00E+00	1.86E-06	4.59E-03	1.71E-05	bad-chisq
group_689	4.46E-02	7.79E-02	4.47E-32	-5.43E-01	4.32E-02	4.69E-01	
xylB_3	4.46E-02	7.79E-02	7.84E-01	-1.51E-02	5.52E-02	1.16E-02	
group_406	4.46E-02	1.56E-01	2.68E-02	1.68E-01	7.56E-02	9.35E-02	bad-chisq
smc_3	4.46E-02	1.56E-01	9.64E-01	1.94E-04	4.34E-03	1.89E-03	bad-chisq
group_15528	4.28E-02	1.65E-01	9.06E-01	1.49E-01	1.26E+00	4.99E-03	bad-chisq
group_15510	4.28E-02	7.31E-17	9.33E-02	-9.78E-02	5.82E-02	7.09E-02	
group_15432	4.28E-02	1.65E-01	9.06E-01	1.49E-01	1.26E+00	4.99E-03	bad-chisq
group_15161	4.28E-02	8.15E-01	6.08E-01	-3.12E-03	6.08E-03	2.17E-02	
group_15066	4.28E-02	1.65E-01	7.02E-01	1.87E-02	4.90E-02	1.62E-02	bad-chisq
group_15006	4.28E-02	1.65E-01	9.06E-01	1.49E-01	1.26E+00	4.99E-03	bad-chisq
group_14820	4.28E-02	1.65E-01	3.02E-01	1.05E-01	1.01E-01	4.36E-02	bad-chisq
group_14817	4.28E-02	1.65E-01	9.99E-01	4.79E-06	5.37E-03	3.77E-05	bad-chisq
group_14736	4.28E-02	1.65E-01	9.06E-01	1.49E-01	1.26E+00	4.99E-03	bad-chisq
group_14716	4.28E-02	8.15E-01	6.87E-01	-1.62E-03	4.02E-03	1.70E-02	
hup_1	4.28E-02	1.65E-01	9.09E-01	2.90E-04	2.53E-03	4.85E-03	bad-chisq
group_14290	4.28E-02	1.65E-01	9.06E-01	1.49E-01	1.26E+00	4.99E-03	bad-chisq
group_14216	4.28E-02	1.65E-01	9.94E-01	4.17E-05	5.32E-03	3.32E-04	bad-chisq
group_14188	4.28E-02	1.65E-01	9.93E-01	2.97E-05	3.39E-03	3.71E-04	bad-chisq
group_14181	4.28E-02	1.65E-01	9.95E-01	2.01E-05	3.38E-03	2.51E-04	bad-chisq
group_14151	4.28E-02	5.64E-01	9.19E-01	-4.43E-04	4.35E-03	4.31E-03	bad-chisq
group_14016	4.28E-02	8.15E-01	6.87E-01	-1.62E-03	4.02E-03	1.70E-02	
group_13939	4.28E-02	5.64E-01	9.19E-01	-4.43E-04	4.35E-03	4.31E-03	bad-chisq
group_13912	4.28E-02	5.64E-01	9.89E-01	-6.16E-05	4.34E-03	6.00E-04	bad-chisq
group_13909	4.28E-02	1.65E-01	9.06E-01	1.49E-01	1.26E+00	4.99E-03	bad-chisq
group_13781	4.28E-02	1.65E-01	9.06E-01	1.49E-01	1.26E+00	4.99E-03	bad-chisq
group_13510	4.28E-02	1.65E-01	9.06E-01	1.49E-01	1.26E+00	4.99E-03	bad-chisq
group_13400	4.28E-02	8.15E-01	6.69E-01	-1.72E-03	4.02E-03	1.81E-02	
group_13347	4.28E-02	8.15E-01	6.87E-01	-1.62E-03	4.02E-03	1.70E-02	
group_13279	4.28E-02	6.35E-02	5.30E-30	-5.10E-01	4.23E-02	4.55E-01	
group_12933	4.28E-02	1.65E-01	9.06E-01	1.49E-01	1.26E+00	4.99E-03	bad-chisq
group_12912	4.28E-02	1.65E-01	6.39E-01	2.32E-02	4.95E-02	1.99E-02	bad-chisq
group_12885	4.28E-02	1.65E-01	6.39E-01	2.32E-02	4.95E-02	1.99E-02	bad-chisq
cutS	4.28E-02	1.65E-01	7.28E-19	3.22E-01	3.50E-02	3.63E-01	bad-chisq
tadA_1	4.28E-02	1.65E-01	7.28E-19	3.22E-01	3.50E-02	3.63E-01	bad-chisq
group_12824	4.28E-02	1.65E-01	9.38E-01	4.76E-04	6.12E-03	3.29E-03	bad-chisq
group_12792	4.28E-02	1.65E-01	9.06E-01	1.49E-01	1.26E+00	4.99E-03	bad-chisq
group_12512	4.28E-02	6.35E-02	9.58E-01	3.18E-04	6.10E-03	2.21E-03	
group_12430	4.10E-02	1.75E-01	4.43E-01	2.53E-03	3.29E-03	3.25E-02	bad-chisq
group_12425	4.28E-02	7.67E-03	9.75E-01	1.92E-04	6.10E-03	1.33E-03	
group_12185	4.10E-02	1.75E-01	3.34E-01	3.90E-03	4.03E-03	4.09E-02	bad-chisq
group_12110	4.28E-02	7.67E-03	9.76E-01	1.83E-04	6.10E-03	1.27E-03	
group_12068	4.28E-02	1.65E-01	9.75E-01	1.37E-04	4.38E-03	1.32E-03	bad-chisq
group_12037	4.28E-02	7.67E-03	9.77E-01	1.79E-04	6.11E-03	1.24E-03	
clpP_4	4.28E-02	7.67E-03	9.76E-01	1.83E-04	6.10E-03	1.27E-03	
group_11960	4.28E-02	2.96E-01	9.58E-01	3.20E-04	6.11E-03	2.22E-03	
group_11900	4.10E-02	1.75E-01	9.22E-01	6.03E-04	6.12E-03	4.17E-03	bad-chisq
group_11899	4.10E-02	1.75E-01	9.22E-01	6.03E-04	6.12E-03	4.17E-03	bad-chisq
group_11898	4.10E-02	1.75E-01	9.22E-01	6.03E-04	6.12E-03	4.17E-03	bad-chisq
group_11897	4.10E-02	1.75E-01	9.22E-01	6.03E-04	6.12E-03	4.17E-03	bad-chisq
group_11896	4.10E-02	1.75E-01	9.22E-01	6.03E-04	6.12E-03	4.17E-03	bad-chisq
group_11889	4.10E-02	1.75E-01	1.42E-01	8.97E-03	6.10E-03	6.20E-02	bad-chisq
group_11888	4.10E-02	1.75E-01	9.30E-01	5.39E-04	6.16E-03	3.70E-03	bad-chisq
group_11887	4.10E-02	1.75E-01	1.42E-01	8.97E-03	6.10E-03	6.20E-02	bad-chisq
group_11830	4.28E-02	1.65E-01	9.06E-01	1.49E-01	1.26E+00	4.99E-03	bad-chisq
phoA	4.28E-02	1.65E-01	9.95E-01	1.85E-05	2.87E-03	2.72E-04	bad-chisq
xerC_2~~~xerC_5~~~xerC_7	4.28E-02	5.64E-01	9.20E-01	-4.39E-04	4.35E-03	4.27E-03	bad-chisq
yfkJ_2~~~yfkJ~~~yfkJ_1	4.28E-02	8.15E-01	9.66E-01	-1.88E-04	4.37E-03	1.82E-03	
group_11568	4.28E-02	5.64E-01	9.99E-01	4.41E-06	6.20E-03	3.01E-05	bad-chisq
group_11564	4.28E-02	5.64E-01	9.76E-01	-1.80E-04	6.11E-03	1.25E-03	bad-chisq
mntR_1~~~mntR_2	4.28E-02	1.65E-01	9.93E-01	2.16E-05	2.41E-03	3.79E-04	bad-chisq
group_11448	4.28E-02	5.64E-01	9.64E-01	-1.39E-04	3.10E-03	1.89E-03	bad-chisq
group_11311	4.28E-02	5.64E-01	9.90E-01	-3.68E-05	2.98E-03	5.22E-04	bad-chisq
xerC_10~~~xerC_7~~~xerC_4~~~xerC_17~~~xerC_2~~~xerC_3	4.28E-02	8.15E-01	9.65E-01	-1.93E-04	4.34E-03	1.88E-03	
group_11157	4.28E-02	1.65E-01	9.06E-01	1.49E-01	1.26E+00	4.99E-03	bad-chisq
ngoMIVR	4.28E-02	1.65E-01	9.78E-01	1.47E-04	5.34E-03	1.16E-03	bad-chisq
xanP	4.28E-02	2.96E-01	1.00E+00	-7.35E-07	5.37E-03	5.79E-06	
group_11066	4.28E-02	1.65E-01	7.67E-01	1.10E-02	3.70E-02	1.25E-02	bad-chisq
group_11029	4.28E-02	1.65E-01	9.06E-01	1.49E-01	1.26E+00	4.99E-03	bad-chisq
group_10801	4.28E-02	6.35E-02	6.15E-01	1.55E-03	3.09E-03	2.13E-02	
group_10794	4.28E-02	5.64E-01	2.52E-42	6.94E-01	4.67E-02	5.32E-01	bad-chisq
group_10792	4.28E-02	1.65E-01	4.78E-01	2.72E-02	3.83E-02	3.00E-02	bad-chisq
group_10703	4.28E-02	1.65E-01	8.99E-01	5.10E-04	4.04E-03	5.35E-03	bad-chisq
group_10691	4.28E-02	5.64E-01	9.92E-01	5.12E-05	5.37E-03	4.04E-04	bad-chisq
group_10648	4.28E-02	1.65E-01	9.63E-01	1.20E-02	2.59E-01	1.96E-03	bad-chisq
group_10552	4.28E-02	5.64E-01	9.27E-01	3.36E-04	3.69E-03	3.85E-03	bad-chisq
mntB~~~artP_2	4.28E-02	5.64E-01	7.59E-01	1.34E-03	4.35E-03	1.30E-02	bad-chisq
group_10058	4.28E-02	1.65E-01	9.99E-01	3.03E-06	4.06E-03	3.15E-05	bad-chisq
group_10013	4.28E-02	1.65E-01	9.99E-01	3.46E-06	4.06E-03	3.60E-05	bad-chisq
group_9982	4.28E-02	2.96E-01	8.05E-01	7.88E-03	3.19E-02	1.05E-02	
group_9905	4.28E-02	5.64E-01	2.41E-01	7.13E-03	6.08E-03	4.95E-02	bad-chisq
group_9792	4.28E-02	5.64E-01	9.37E-01	-2.26E-04	2.87E-03	3.33E-03	bad-chisq
group_9784	4.28E-02	1.65E-01	9.06E-01	1.49E-01	1.26E+00	4.99E-03	bad-chisq
group_9714	4.28E-02	6.35E-02	8.51E-01	-7.34E-04	3.90E-03	7.96E-03	
group_9643	4.28E-02	5.64E-01	7.31E-01	1.15E-02	3.33E-02	1.46E-02	bad-chisq
group_9527	4.28E-02	1.65E-01	9.64E-01	1.07E-04	2.37E-03	1.92E-03	bad-chisq
group_8853	4.28E-02	1.65E-01	9.06E-01	1.49E-01	1.26E+00	4.99E-03	bad-chisq
group_8793	4.28E-02	1.65E-01	9.06E-01	1.49E-01	1.26E+00	4.99E-03	bad-chisq
group_8726	4.28E-02	1.65E-01	9.06E-01	1.49E-01	1.26E+00	4.99E-03	bad-chisq
group_8632	4.28E-02	5.64E-01	9.95E-01	3.11E-05	4.60E-03	2.86E-04	bad-chisq
group_8609	4.28E-02	8.15E-01	6.99E-01	-2.37E-03	6.13E-03	1.63E-02	
group_8584	4.28E-02	1.65E-01	9.89E-01	4.67E-05	3.39E-03	5.82E-04	bad-chisq
group_8578	4.28E-02	1.65E-01	9.06E-01	1.49E-01	1.26E+00	4.99E-03	bad-chisq
group_8516	4.28E-02	8.15E-01	5.80E-01	4.50E-02	8.13E-02	2.34E-02	
nrdB	4.28E-02	5.64E-01	9.21E-01	2.50E-04	2.53E-03	4.17E-03	bad-chisq
group_8424	4.28E-02	5.64E-01	9.32E-01	-3.69E-04	4.35E-03	3.59E-03	bad-chisq
group_8304	4.28E-02	1.65E-01	8.93E-01	5.89E-04	4.36E-03	5.71E-03	bad-chisq
group_8292	4.10E-02	7.66E-01	6.21E-01	-3.01E-03	6.08E-03	2.09E-02	
group_8278	4.28E-02	8.15E-01	4.75E-01	-2.96E-02	4.13E-02	3.02E-02	
group_8269	4.28E-02	8.15E-01	5.64E-01	-3.54E-03	6.14E-03	2.44E-02	
group_8064	4.28E-02	1.65E-01	9.89E-01	4.19E-05	3.16E-03	5.61E-04	bad-chisq
group_7992	4.28E-02	1.65E-01	9.91E-01	4.38E-05	3.67E-03	5.04E-04	bad-chisq
group_7757	4.28E-02	1.65E-01	9.69E-01	1.81E-04	4.60E-03	1.66E-03	bad-chisq
group_7724	4.28E-02	1.65E-01	9.06E-01	1.49E-01	1.26E+00	4.99E-03	bad-chisq
dnaG_3~~~dnaG_1	4.28E-02	5.64E-01	8.86E-01	-8.76E-04	6.10E-03	6.07E-03	bad-chisq
IntTn~~~xerC_11~~~IntTn_1~~~xerC_4~~~xerC_3	4.28E-02	6.35E-02	9.92E-01	-3.12E-04	3.11E-02	4.24E-04	
group_7360	4.28E-02	5.64E-01	8.97E-01	-4.61E-04	3.56E-03	5.48E-03	bad-chisq
rspR	4.28E-02	1.65E-01	6.94E-01	1.37E-02	3.47E-02	1.67E-02	bad-chisq
group_7000	4.10E-02	1.75E-01	9.92E-01	3.87E-05	4.04E-03	4.05E-04	bad-chisq
egtB	4.28E-02	1.65E-01	9.06E-01	1.49E-01	1.26E+00	4.99E-03	bad-chisq
group_6961	4.28E-02	1.65E-01	9.06E-01	1.49E-01	1.26E+00	4.99E-03	bad-chisq
group_6900	4.28E-02	1.65E-01	9.58E-01	1.55E-04	2.97E-03	2.21E-03	bad-chisq
pknB	4.28E-02	1.65E-01	9.06E-01	1.49E-01	1.26E+00	4.99E-03	bad-chisq
group_6698	4.28E-02	1.65E-01	8.86E-01	3.68E-04	2.57E-03	6.06E-03	bad-chisq
group_6641	4.28E-02	1.65E-01	9.06E-01	1.49E-01	1.26E+00	4.99E-03	bad-chisq
murJ_2~~~murJ_1	4.28E-02	5.64E-01	4.16E-03	-2.79E-01	9.71E-02	1.21E-01	bad-chisq
group_6524	4.28E-02	5.64E-01	4.16E-03	-2.79E-01	9.71E-02	1.21E-01	bad-chisq
group_6499	4.28E-02	1.65E-01	9.06E-01	1.49E-01	1.26E+00	4.99E-03	bad-chisq
group_6302	4.28E-02	8.15E-01	9.86E-01	2.41E-03	1.36E-01	7.53E-04	
group_6285	4.28E-02	8.15E-01	9.87E-01	8.26E-04	5.00E-02	6.99E-04	
group_6225	4.28E-02	5.64E-01	9.65E-01	-1.57E-04	3.57E-03	1.87E-03	bad-chisq
tuf~~~tuf_1	4.28E-02	1.65E-01	9.06E-01	1.49E-01	1.26E+00	4.99E-03	bad-chisq
group_6109	4.28E-02	1.65E-01	9.06E-01	1.49E-01	1.26E+00	4.99E-03	bad-chisq
xerC_5~~~xerC_10~~~intQ~~~xerC_7~~~xerC_8	4.28E-02	8.15E-01	9.92E-01	6.29E-05	6.19E-03	4.30E-04	
mftE	4.28E-02	1.65E-01	6.39E-01	2.32E-02	4.95E-02	1.99E-02	bad-chisq
group_5985	4.28E-02	1.65E-01	9.06E-01	1.49E-01	1.26E+00	4.99E-03	bad-chisq
group_5940	4.28E-02	1.65E-01	9.98E-01	1.22E-04	5.08E-02	1.02E-04	bad-chisq
group_5886	4.28E-02	1.65E-01	9.06E-01	1.49E-01	1.26E+00	4.99E-03	bad-chisq
group_5884	4.28E-02	1.65E-01	9.06E-01	1.49E-01	1.26E+00	4.99E-03	bad-chisq
ilvK_2~~~ilvE_2~~~ilvE	4.28E-02	1.65E-01	9.99E-01	3.42E-06	5.34E-03	2.70E-05	bad-chisq
iclR	4.28E-02	8.15E-01	8.62E-01	-1.28E-02	7.41E-02	7.33E-03	
group_5627	4.28E-02	8.15E-01	6.08E-01	-3.12E-03	6.08E-03	2.17E-02	
fhuC	4.28E-02	1.65E-01	9.06E-01	1.49E-01	1.26E+00	4.99E-03	bad-chisq
group_5494	4.28E-02	1.65E-01	9.81E-01	1.30E-04	5.32E-03	1.03E-03	bad-chisq
group_5481	4.28E-02	1.65E-01	9.06E-01	1.49E-01	1.26E+00	4.99E-03	bad-chisq
group_5460	4.28E-02	1.65E-01	9.88E-01	2.41E-03	1.60E-01	6.36E-04	bad-chisq
group_5430	4.28E-02	1.65E-01	9.80E-01	6.84E-05	2.71E-03	1.07E-03	bad-chisq
group_5413	4.28E-02	1.65E-01	9.06E-01	1.49E-01	1.26E+00	4.99E-03	bad-chisq
group_5400	4.28E-02	1.65E-01	9.94E-01	4.17E-05	5.32E-03	3.32E-04	bad-chisq
group_5312	4.28E-02	1.65E-01	7.02E-01	1.31E-02	3.41E-02	1.62E-02	bad-chisq
group_5245	4.28E-02	1.65E-01	9.58E-01	1.55E-04	2.97E-03	2.21E-03	bad-chisq
group_5171	4.28E-02	8.15E-01	6.69E-01	-1.72E-03	4.02E-03	1.81E-02	
group_5170	4.28E-02	8.15E-01	6.69E-01	-1.72E-03	4.02E-03	1.81E-02	
group_5127	4.28E-02	1.65E-01	9.83E-01	7.78E-05	3.57E-03	9.21E-04	bad-chisq
group_4938	4.28E-02	1.65E-01	9.06E-01	1.49E-01	1.26E+00	4.99E-03	bad-chisq
group_4796	4.28E-02	1.65E-01	9.06E-01	1.49E-01	1.26E+00	4.99E-03	bad-chisq
group_4725	4.28E-02	8.15E-01	9.58E-01	8.46E-03	1.60E-01	2.24E-03	
group_4675	4.28E-02	1.65E-01	9.06E-01	1.49E-01	1.26E+00	4.99E-03	bad-chisq
xylG_4~~~xylG_2~~~xylG_1~~~xylG_3	4.28E-02	2.96E-01	8.24E-01	-1.20E-02	5.38E-02	9.40E-03	
group_4606	4.28E-02	1.65E-01	9.06E-01	1.49E-01	1.26E+00	4.99E-03	bad-chisq
group_4599	4.28E-02	1.65E-01	9.06E-01	1.49E-01	1.26E+00	4.99E-03	bad-chisq
group_4505	4.28E-02	5.64E-01	9.77E-01	-1.01E-04	3.49E-03	1.23E-03	bad-chisq
group_4442	4.28E-02	1.65E-01	5.34E-01	2.65E-02	4.26E-02	2.63E-02	bad-chisq
group_4360	4.28E-02	1.65E-01	9.06E-01	1.49E-01	1.26E+00	4.99E-03	bad-chisq
group_4357	4.28E-02	5.64E-01	8.46E-01	6.10E-03	3.15E-02	8.19E-03	bad-chisq
group_4322	4.28E-02	1.65E-01	9.58E-01	1.55E-04	2.97E-03	2.21E-03	bad-chisq
ycdX	4.28E-02	1.65E-01	9.06E-01	1.49E-01	1.26E+00	4.99E-03	bad-chisq
group_4255	4.28E-02	1.65E-01	2.89E-01	4.80E-02	4.52E-02	4.49E-02	bad-chisq
group_4011	4.28E-02	1.65E-01	9.06E-01	1.49E-01	1.26E+00	4.99E-03	bad-chisq
tfdR	4.28E-02	1.65E-01	9.06E-01	1.49E-01	1.26E+00	4.99E-03	bad-chisq
cntB~~~nikB	4.28E-02	1.65E-01	9.06E-01	1.49E-01	1.26E+00	4.99E-03	bad-chisq
group_3815	4.28E-02	1.65E-01	9.06E-01	1.49E-01	1.26E+00	4.99E-03	bad-chisq
npr~~~noxE	4.28E-02	6.35E-02	1.80E-31	-5.33E-01	4.29E-02	4.65E-01	
udp	4.28E-02	1.65E-01	6.39E-01	2.32E-02	4.95E-02	1.99E-02	bad-chisq
group_3762	4.28E-02	1.65E-01	9.06E-01	1.49E-01	1.26E+00	4.99E-03	bad-chisq
pglF~~~fcl	4.28E-02	8.15E-01	9.49E-01	1.07E-02	1.68E-01	2.70E-03	
group_3664	4.28E-02	1.65E-01	9.06E-01	1.49E-01	1.26E+00	4.99E-03	bad-chisq
pta_1	4.28E-02	1.65E-01	9.06E-01	1.49E-01	1.26E+00	4.99E-03	bad-chisq
RBKS_2	4.28E-02	1.65E-01	6.39E-01	2.32E-02	4.95E-02	1.99E-02	bad-chisq
group_3412	4.28E-02	1.65E-01	9.06E-01	1.49E-01	1.26E+00	4.99E-03	bad-chisq
cls_2~~~ywiE	4.28E-02	1.65E-01	9.06E-01	1.49E-01	1.26E+00	4.99E-03	bad-chisq
group_3342	4.28E-02	5.64E-01	4.16E-03	-2.79E-01	9.71E-02	1.21E-01	bad-chisq
group_3277	4.28E-02	1.65E-01	9.06E-01	1.49E-01	1.26E+00	4.99E-03	bad-chisq
group_3234	4.28E-02	1.65E-01	9.06E-01	1.49E-01	1.26E+00	4.99E-03	bad-chisq
group_2965	4.28E-02	1.65E-01	9.06E-01	1.49E-01	1.26E+00	4.99E-03	bad-chisq
group_2881	4.28E-02	1.65E-01	9.06E-01	1.49E-01	1.26E+00	4.99E-03	bad-chisq
mglA_1~~~mglA_6	4.28E-02	6.35E-02	9.20E-01	4.44E-03	4.41E-02	4.27E-03	
group_2759	4.28E-02	1.65E-01	6.39E-01	2.32E-02	4.95E-02	1.99E-02	bad-chisq
group_2616	4.28E-02	1.65E-01	9.06E-01	1.49E-01	1.26E+00	4.99E-03	bad-chisq
group_2598	4.28E-02	1.65E-01	9.06E-01	1.49E-01	1.26E+00	4.99E-03	bad-chisq
glmS_2	4.28E-02	1.65E-01	9.06E-01	1.49E-01	1.26E+00	4.99E-03	bad-chisq
group_2437	4.28E-02	1.65E-01	9.78E-01	7.86E-05	2.87E-03	1.16E-03	bad-chisq
group_2291	4.28E-02	1.65E-01	9.06E-01	1.49E-01	1.26E+00	4.99E-03	bad-chisq
pglF~~~pglF_1~~~pglF_2	4.28E-02	1.65E-01	9.06E-01	1.49E-01	1.26E+00	4.99E-03	bad-chisq
RBKS	4.28E-02	1.65E-01	9.06E-01	1.49E-01	1.26E+00	4.99E-03	bad-chisq
group_2180	4.28E-02	5.64E-01	9.96E-01	-3.14E-05	6.13E-03	2.17E-04	bad-chisq
group_2159	4.28E-02	1.65E-01	9.06E-01	1.49E-01	1.26E+00	4.99E-03	bad-chisq
group_2128	4.28E-02	1.65E-01	9.99E-01	4.79E-06	5.37E-03	3.77E-05	bad-chisq
group_2104	4.28E-02	1.65E-01	9.06E-01	1.49E-01	1.26E+00	4.99E-03	bad-chisq
group_2029	4.28E-02	1.65E-01	9.06E-01	1.49E-01	1.26E+00	4.99E-03	bad-chisq
buk2_1	4.28E-02	1.65E-01	9.06E-01	1.49E-01	1.26E+00	4.99E-03	bad-chisq
group_2017	4.28E-02	8.15E-01	6.87E-01	-1.62E-03	4.02E-03	1.70E-02	
group_2011	4.28E-02	1.65E-01	9.06E-01	1.49E-01	1.26E+00	4.99E-03	bad-chisq
hmuU_3	4.28E-02	1.65E-01	9.06E-01	1.49E-01	1.26E+00	4.99E-03	bad-chisq
wbbD	4.28E-02	1.65E-01	9.88E-01	2.34E-03	1.52E-01	6.50E-04	bad-chisq
ywqE	4.28E-02	1.65E-01	9.06E-01	1.49E-01	1.26E+00	4.99E-03	bad-chisq
udp_2~~~deoD_2	4.28E-02	1.65E-01	6.39E-01	2.32E-02	4.95E-02	1.99E-02	bad-chisq
group_1741	4.28E-02	1.65E-01	9.06E-01	1.49E-01	1.26E+00	4.99E-03	bad-chisq
group_1730	4.28E-02	1.65E-01	6.39E-01	2.32E-02	4.95E-02	1.99E-02	bad-chisq
rfuC	4.28E-02	1.65E-01	9.06E-01	1.49E-01	1.26E+00	4.99E-03	bad-chisq
group_1704	4.28E-02	1.65E-01	9.06E-01	1.49E-01	1.26E+00	4.99E-03	bad-chisq
group_1688	4.28E-02	1.65E-01	9.06E-01	1.49E-01	1.26E+00	4.99E-03	bad-chisq
group_1678	4.28E-02	1.65E-01	9.06E-01	1.49E-01	1.26E+00	4.99E-03	bad-chisq
group_1664	4.28E-02	1.65E-01	6.39E-01	2.32E-02	4.95E-02	1.99E-02	bad-chisq
group_1647	4.28E-02	1.65E-01	9.06E-01	1.49E-01	1.26E+00	4.99E-03	bad-chisq
group_1643	4.28E-02	1.65E-01	9.06E-01	1.49E-01	1.26E+00	4.99E-03	bad-chisq
group_1622	4.28E-02	1.65E-01	9.06E-01	1.49E-01	1.26E+00	4.99E-03	bad-chisq
group_1615	4.28E-02	1.65E-01	7.85E-01	1.34E-02	4.91E-02	1.15E-02	bad-chisq
ftsQ	4.28E-02	1.65E-01	9.06E-01	1.49E-01	1.26E+00	4.99E-03	bad-chisq
group_1581	4.28E-02	1.65E-01	6.39E-01	2.32E-02	4.95E-02	1.99E-02	bad-chisq
RBKS_2~~~RBKS_1	4.28E-02	1.65E-01	6.39E-01	2.32E-02	4.95E-02	1.99E-02	bad-chisq
rbsA~~~mglA_1	4.28E-02	1.65E-01	9.06E-01	1.49E-01	1.26E+00	4.99E-03	bad-chisq
purH	4.28E-02	1.65E-01	9.06E-01	1.49E-01	1.26E+00	4.99E-03	bad-chisq
group_1413	4.28E-02	8.15E-01	6.69E-01	-1.72E-03	4.02E-03	1.81E-02	
gcvPA	4.28E-02	1.65E-01	9.06E-01	1.49E-01	1.26E+00	4.99E-03	bad-chisq
group_1394	4.28E-02	1.65E-01	9.06E-01	1.49E-01	1.26E+00	4.99E-03	bad-chisq
group_1390	4.28E-02	1.65E-01	9.06E-01	1.49E-01	1.26E+00	4.99E-03	bad-chisq
aspC_1	4.28E-02	1.65E-01	9.06E-01	1.49E-01	1.26E+00	4.99E-03	bad-chisq
purR	4.28E-02	1.65E-01	6.39E-01	2.32E-02	4.95E-02	1.99E-02	bad-chisq
group_1377	4.28E-02	6.35E-02	5.30E-30	-5.10E-01	4.23E-02	4.55E-01	
group_1354	4.28E-02	1.65E-01	9.06E-01	1.49E-01	1.26E+00	4.99E-03	bad-chisq
group_1331	4.28E-02	1.65E-01	9.06E-01	1.49E-01	1.26E+00	4.99E-03	bad-chisq
moaA_2~~~moaA_3	4.28E-02	1.65E-01	9.06E-01	1.49E-01	1.26E+00	4.99E-03	bad-chisq
group_1245	4.28E-02	1.65E-01	7.28E-19	3.22E-01	3.50E-02	3.63E-01	bad-chisq
group_1203	4.28E-02	1.65E-01	9.06E-01	1.49E-01	1.26E+00	4.99E-03	bad-chisq
group_1189	4.28E-02	1.65E-01	9.06E-01	1.49E-01	1.26E+00	4.99E-03	bad-chisq
Ena	4.28E-02	1.65E-01	6.39E-01	2.32E-02	4.95E-02	1.99E-02	bad-chisq
group_948	4.28E-02	1.65E-01	9.06E-01	1.49E-01	1.26E+00	4.99E-03	bad-chisq
pepC	4.28E-02	1.65E-01	9.06E-01	1.49E-01	1.26E+00	4.99E-03	bad-chisq
mtaD_2	4.28E-02	1.65E-01	9.97E-01	2.27E-05	5.33E-03	1.80E-04	bad-chisq
group_879	4.28E-02	1.65E-01	9.06E-01	1.49E-01	1.26E+00	4.99E-03	bad-chisq
sucD	4.28E-02	6.35E-02	5.30E-30	-5.10E-01	4.23E-02	4.55E-01	
group_832	4.28E-02	1.65E-01	9.06E-01	1.49E-01	1.26E+00	4.99E-03	bad-chisq
group_768	4.28E-02	1.65E-01	9.06E-01	1.49E-01	1.26E+00	4.99E-03	bad-chisq
group_715	4.28E-02	1.65E-01	9.06E-01	1.49E-01	1.26E+00	4.99E-03	bad-chisq
group_674	4.28E-02	1.65E-01	6.39E-01	2.32E-02	4.95E-02	1.99E-02	bad-chisq
prsA	4.28E-02	1.65E-01	9.06E-01	1.49E-01	1.26E+00	4.99E-03	bad-chisq
group_618	4.28E-02	5.64E-01	9.96E-01	-3.14E-05	6.13E-03	2.17E-04	bad-chisq
hutH	4.28E-02	1.65E-01	9.91E-01	1.16E-03	1.07E-01	4.60E-04	bad-chisq
group_377	4.28E-02	1.65E-01	1.00E+00	2.61E-06	5.37E-03	2.06E-05	bad-chisq
group_361	4.28E-02	1.65E-01	9.06E-01	1.49E-01	1.26E+00	4.99E-03	bad-chisq
group_350	4.28E-02	1.65E-01	9.06E-01	1.49E-01	1.26E+00	4.99E-03	bad-chisq
gcvT	4.28E-02	1.65E-01	9.06E-01	1.49E-01	1.26E+00	4.99E-03	bad-chisq
group_15566	4.10E-02	5.43E-03	8.57E-01	-1.34E-02	7.44E-02	7.60E-03	
group_15468	4.10E-02	7.66E-01	6.69E-01	-1.72E-03	4.02E-03	1.81E-02	
group_15442	4.10E-02	1.75E-01	7.97E-01	9.23E-03	3.60E-02	1.09E-02	bad-chisq
group_15427	4.10E-02	1.75E-01	8.57E-01	1.11E-03	6.12E-03	7.65E-03	bad-chisq
group_15404	4.10E-02	7.66E-01	9.43E-01	-4.10E-03	5.72E-02	3.03E-03	
group_15359	4.10E-02	1.75E-01	9.87E-01	2.77E-03	1.72E-01	6.81E-04	bad-chisq
group_15118	4.10E-02	2.60E-01	7.00E-02	-6.35E-02	3.50E-02	7.65E-02	
group_14958	4.10E-02	7.66E-01	5.84E-01	-3.32E-03	6.05E-03	2.32E-02	
group_14849	4.10E-02	1.75E-01	1.00E+00	3.61E-06	6.21E-03	2.46E-05	bad-chisq
group_14596	4.10E-02	7.66E-01	6.69E-01	-1.72E-03	4.02E-03	1.81E-02	
group_14593	4.10E-02	5.96E-01	9.90E-01	3.04E-05	2.47E-03	5.20E-04	bad-chisq
group_13967	3.92E-02	7.15E-01	9.93E-01	-2.91E-05	3.39E-03	3.63E-04	
group_13868	4.10E-02	1.75E-01	9.14E-01	3.97E-04	3.70E-03	4.55E-03	bad-chisq
group_13579	4.10E-02	7.66E-01	6.69E-01	-1.72E-03	4.02E-03	1.81E-02	
group_13301	4.10E-02	1.75E-01	1.00E+00	3.61E-06	6.21E-03	2.46E-05	bad-chisq
group_13155	4.10E-02	5.96E-01	9.91E-01	2.16E-05	2.00E-03	4.56E-04	bad-chisq
group_13153	4.10E-02	1.75E-01	1.00E+00	3.61E-06	6.21E-03	2.46E-05	bad-chisq
group_12969	4.10E-02	1.75E-01	9.69E-01	1.80E-04	4.60E-03	1.65E-03	bad-chisq
group_12961	4.10E-02	1.75E-01	1.00E+00	3.61E-06	6.21E-03	2.46E-05	bad-chisq
group_12809	4.10E-02	1.75E-01	9.88E-01	2.46E-03	1.63E-01	6.38E-04	bad-chisq
group_12808	4.10E-02	5.96E-01	8.49E-01	1.94E-02	1.02E-01	8.05E-03	bad-chisq
group_12410	4.10E-02	5.96E-01	4.07E-01	-3.59E-03	4.33E-03	3.51E-02	bad-chisq
group_12386	4.10E-02	1.75E-01	5.17E-01	1.83E-03	2.82E-03	2.74E-02	bad-chisq
group_12226	4.10E-02	5.96E-01	9.94E-01	2.23E-05	2.97E-03	3.17E-04	bad-chisq
group_12217	4.10E-02	1.75E-01	9.09E-01	4.37E-03	3.81E-02	4.85E-03	bad-chisq
group_11893	3.92E-02	1.85E-01	1.42E-01	8.98E-03	6.11E-03	6.20E-02	bad-chisq
group_11886	3.92E-02	1.85E-01	9.30E-01	5.40E-04	6.16E-03	3.70E-03	bad-chisq
group_11878	3.92E-02	1.85E-01	1.43E-01	8.95E-03	6.10E-03	6.20E-02	bad-chisq
group_11855	4.10E-02	5.96E-01	2.05E-01	-5.93E-02	4.68E-02	5.36E-02	bad-chisq
yajO_1~~~yajO_2~~~yajO	4.10E-02	5.96E-01	9.96E-01	3.04E-05	6.16E-03	2.09E-04	bad-chisq
lolD~~~macB_1~~~btuD_8~~~lolD_3	4.10E-02	5.96E-01	9.70E-01	-1.12E-04	2.97E-03	1.60E-03	bad-chisq
dnaG_1~~~dnaG_4~~~dnaG_2	4.10E-02	5.96E-01	9.73E-01	2.05E-04	6.15E-03	1.41E-03	bad-chisq
group_11166	4.10E-02	5.96E-01	9.75E-01	9.20E-05	2.98E-03	1.31E-03	bad-chisq
group_11030	4.10E-02	1.75E-01	1.00E+00	3.61E-06	6.21E-03	2.46E-05	bad-chisq
group_11004	4.10E-02	1.75E-01	9.84E-01	2.34E-03	1.20E-01	8.24E-04	bad-chisq
group_10968	4.10E-02	1.75E-01	9.85E-01	8.00E-05	4.36E-03	7.76E-04	bad-chisq
mepA_7~~~mepA_2	4.10E-02	1.75E-01	1.00E+00	3.34E-06	6.20E-03	2.28E-05	bad-chisq
group_10806	4.10E-02	1.75E-01	7.97E-01	9.23E-03	3.60E-02	1.09E-02	bad-chisq
group_10787	4.10E-02	5.96E-01	3.64E-01	4.39E-02	4.83E-02	3.84E-02	bad-chisq
group_10479	4.10E-02	1.75E-01	4.00E-01	3.08E-03	3.66E-03	3.56E-02	bad-chisq
group_10261	4.10E-02	1.75E-01	9.86E-01	7.68E-05	4.37E-03	7.44E-04	bad-chisq
group_10157	4.10E-02	1.75E-01	8.80E-01	4.06E-04	2.68E-03	6.40E-03	bad-chisq
group_10092	4.10E-02	1.75E-01	8.97E-01	5.62E-03	4.32E-02	5.50E-03	bad-chisq
group_9939	4.10E-02	5.96E-01	2.40E-01	7.14E-03	6.08E-03	4.96E-02	bad-chisq
group_9787	4.10E-02	1.75E-01	1.00E+00	3.61E-06	6.21E-03	2.46E-05	bad-chisq
group_9751	4.10E-02	5.96E-01	9.96E-01	1.76E-05	3.56E-03	2.08E-04	bad-chisq
group_9667	4.10E-02	1.75E-01	9.83E-01	1.35E-04	6.19E-03	9.25E-04	bad-chisq
group_9385	4.10E-02	1.75E-01	9.62E-01	1.95E-04	4.05E-03	2.04E-03	bad-chisq
group_9367	4.10E-02	7.66E-01	1.93E-24	-3.98E-01	3.72E-02	4.12E-01	
group_9362	4.10E-02	5.96E-01	4.38E-01	2.70E-02	3.48E-02	3.28E-02	bad-chisq
group_9262	4.10E-02	1.75E-01	9.72E-01	1.28E-02	3.69E-01	1.46E-03	bad-chisq
group_9015	4.10E-02	5.96E-01	9.56E-01	-1.99E-04	3.57E-03	2.35E-03	bad-chisq
group_8894	4.10E-02	1.75E-01	9.03E-01	6.47E-04	5.31E-03	5.15E-03	bad-chisq
group_8863	4.10E-02	1.75E-01	9.87E-01	2.77E-03	1.72E-01	6.81E-04	bad-chisq
group_8801	4.10E-02	1.75E-01	9.84E-01	7.90E-05	4.04E-03	8.28E-04	bad-chisq
group_8721	4.10E-02	1.75E-01	9.93E-01	2.04E-05	2.39E-03	3.62E-04	bad-chisq
group_8655	4.10E-02	7.66E-01	6.69E-01	-1.72E-03	4.02E-03	1.81E-02	
group_8598	4.10E-02	7.66E-01	4.72E-01	2.57E-03	3.57E-03	3.04E-02	
group_8496	4.10E-02	1.75E-01	4.67E-01	2.85E-02	3.92E-02	3.08E-02	bad-chisq
group_8273	4.10E-02	1.75E-01	9.03E-01	6.47E-04	5.31E-03	5.15E-03	bad-chisq
group_8090	4.10E-02	1.75E-01	9.68E-01	2.45E-04	6.15E-03	1.69E-03	bad-chisq
group_7723	4.10E-02	7.66E-01	9.95E-01	-3.54E-05	6.11E-03	2.45E-04	
group_7642	4.10E-02	1.75E-01	9.47E-01	4.11E-04	6.20E-03	2.80E-03	bad-chisq
mtnN	4.10E-02	1.75E-01	1.00E+00	3.61E-06	6.21E-03	2.46E-05	bad-chisq
group_7547	4.10E-02	5.08E-02	8.41E-01	-7.19E-04	3.58E-03	8.49E-03	
group_7491	4.10E-02	1.75E-01	1.00E+00	3.61E-06	6.21E-03	2.46E-05	bad-chisq
group_7459	4.10E-02	1.75E-01	9.88E-01	2.46E-03	1.63E-01	6.38E-04	bad-chisq
group_7458	4.10E-02	1.75E-01	1.00E+00	3.16E-06	5.37E-03	2.49E-05	bad-chisq
COQ5_5~~~COQ5_2	4.10E-02	1.75E-01	5.98E-01	1.08E-03	2.05E-03	2.23E-02	bad-chisq
tnaA1_1~~~tnaA1~~~tnaA~~~tpl	4.10E-02	2.60E-01	9.36E-01	2.96E-04	3.69E-03	3.39E-03	
group_7308	4.10E-02	5.96E-01	9.54E-01	-1.61E-04	2.76E-03	2.46E-03	bad-chisq
group_7229	4.10E-02	1.75E-01	9.03E-01	2.19E-02	1.80E-01	5.14E-03	bad-chisq
group_7227	4.10E-02	1.75E-01	9.87E-01	2.83E-03	1.74E-01	6.85E-04	bad-chisq
group_7219	4.10E-02	5.96E-01	9.92E-01	4.79E-05	4.58E-03	4.43E-04	bad-chisq
group_7205	4.10E-02	7.66E-01	5.91E-01	-1.66E-02	3.10E-02	2.27E-02	
group_7078	3.92E-02	6.31E-01	9.62E-01	-1.56E-04	3.31E-03	1.99E-03	bad-chisq
yurK_2	4.10E-02	5.08E-02	8.05E-01	-1.22E-02	4.92E-02	1.05E-02	
dsdA_2~~~dsdA	4.10E-02	1.75E-01	9.18E-01	1.55E-02	1.51E-01	4.34E-03	bad-chisq
group_6517	4.10E-02	1.75E-01	1.00E+00	3.61E-06	6.21E-03	2.46E-05	bad-chisq
group_6516	4.10E-02	5.96E-01	9.72E-01	-9.00E-05	2.60E-03	1.46E-03	bad-chisq
group_6498	4.10E-02	5.43E-03	8.43E-01	9.09E-03	4.59E-02	8.36E-03	
group_6470	4.10E-02	1.75E-01	9.66E-01	2.85E-03	6.65E-02	1.81E-03	bad-chisq
ycdF	4.10E-02	1.75E-01	8.97E-01	5.62E-03	4.32E-02	5.50E-03	bad-chisq
siaT	4.10E-02	1.75E-01	4.38E-01	2.76E-02	3.55E-02	3.28E-02	bad-chisq
group_5909	4.10E-02	1.75E-01	9.91E-01	1.50E-03	1.27E-01	5.02E-04	bad-chisq
group_5872	4.10E-02	1.75E-01	9.86E-01	7.68E-05	4.37E-03	7.44E-04	bad-chisq
group_5861	4.10E-02	1.75E-01	9.87E-01	2.77E-03	1.72E-01	6.81E-04	bad-chisq
group_5833	4.10E-02	7.66E-01	9.19E-01	-3.74E-04	3.68E-03	4.30E-03	
group_5820	4.10E-02	1.75E-01	9.99E-01	2.74E-06	4.06E-03	2.85E-05	bad-chisq
group_5771	4.10E-02	1.75E-01	9.88E-01	2.46E-03	1.63E-01	6.38E-04	bad-chisq
group_5756	4.10E-02	1.75E-01	9.59E-01	2.71E-04	5.32E-03	2.16E-03	bad-chisq
group_5671	4.10E-02	1.75E-01	1.00E+00	2.61E-06	5.38E-03	2.06E-05	bad-chisq
group_5618	4.10E-02	7.66E-01	9.69E-01	-2.42E-04	6.12E-03	1.67E-03	
topB_2~~~topB_1~~~topB	4.10E-02	1.75E-01	9.95E-01	1.99E-05	3.38E-03	2.49E-04	bad-chisq
group_5027	4.10E-02	1.75E-01	9.83E-01	5.66E-03	2.68E-01	8.94E-04	bad-chisq
group_5007	4.10E-02	5.96E-01	8.28E-01	2.48E-02	1.14E-01	9.19E-03	bad-chisq
dctP	4.10E-02	1.75E-01	6.92E-01	1.39E-02	3.50E-02	1.68E-02	bad-chisq
group_4934	4.10E-02	1.75E-01	1.00E+00	3.61E-06	6.21E-03	2.46E-05	bad-chisq
group_4923	4.10E-02	5.96E-01	9.94E-01	4.85E-05	6.18E-03	3.32E-04	bad-chisq
bmrR_1	4.10E-02	1.75E-01	5.45E-01	3.62E-02	5.97E-02	2.56E-02	bad-chisq
bmrR	4.10E-02	1.75E-01	1.00E+00	3.61E-06	6.21E-03	2.46E-05	bad-chisq
group_4684	4.10E-02	1.75E-01	9.87E-01	2.83E-03	1.74E-01	6.85E-04	bad-chisq
group_4460	4.10E-02	7.66E-01	8.60E-01	-5.34E-04	3.03E-03	7.45E-03	
galT	4.10E-02	1.75E-01	9.87E-01	2.83E-03	1.74E-01	6.85E-04	bad-chisq
group_4178	4.10E-02	5.96E-01	9.67E-01	-1.22E-04	2.98E-03	1.74E-03	bad-chisq
group_4012	4.10E-02	1.75E-01	8.78E-01	4.43E-03	2.88E-02	6.50E-03	bad-chisq
ddpC	4.10E-02	1.75E-01	9.97E-01	2.16E-05	5.33E-03	1.71E-04	bad-chisq
group_3904	4.10E-02	7.66E-01	9.71E-01	-1.96E-04	5.36E-03	1.55E-03	
group_3880	4.10E-02	1.75E-01	1.00E+00	3.61E-06	6.21E-03	2.46E-05	bad-chisq
group_3816	4.10E-02	1.75E-01	1.00E+00	3.61E-06	6.21E-03	2.46E-05	bad-chisq
uxuB	4.10E-02	1.75E-01	9.62E-01	2.94E-04	6.16E-03	2.02E-03	bad-chisq
group_3739	4.10E-02	1.75E-01	1.00E+00	3.61E-06	6.21E-03	2.46E-05	bad-chisq
group_3685	4.10E-02	1.75E-01	1.00E+00	3.61E-06	6.21E-03	2.46E-05	bad-chisq
group_3504	4.10E-02	2.60E-01	3.01E-01	-3.78E-02	3.66E-02	4.37E-02	
group_3421	4.10E-02	5.96E-01	9.90E-01	7.86E-05	6.19E-03	5.38E-04	bad-chisq
pta_2	4.10E-02	1.75E-01	1.00E+00	3.16E-06	5.37E-03	2.49E-05	bad-chisq
group_3318	4.10E-02	1.75E-01	1.00E+00	3.61E-06	6.21E-03	2.46E-05	bad-chisq
group_3238	4.10E-02	5.96E-01	9.65E-01	-1.57E-04	3.57E-03	1.87E-03	bad-chisq
group_3148	4.10E-02	1.75E-01	8.72E-01	5.75E-04	3.56E-03	6.84E-03	bad-chisq
group_3137	4.10E-02	5.96E-01	8.49E-01	1.94E-02	1.02E-01	8.05E-03	bad-chisq
group_3105	4.10E-02	1.75E-01	9.03E-01	2.19E-02	1.80E-01	5.14E-03	bad-chisq
yteP_2	4.10E-02	1.75E-01	4.80E-01	3.95E-02	5.59E-02	2.99E-02	bad-chisq
group_3002	4.10E-02	5.96E-01	6.94E-03	-2.48E-01	9.15E-02	1.14E-01	bad-chisq
group_2958	4.10E-02	1.75E-01	7.81E-01	1.40E-02	5.03E-02	1.18E-02	bad-chisq
group_2922	4.10E-02	1.75E-01	9.97E-01	2.16E-05	5.33E-03	1.71E-04	bad-chisq
group_2782	4.10E-02	1.75E-01	1.00E+00	2.61E-06	5.38E-03	2.06E-05	bad-chisq
group_2771	4.10E-02	1.75E-01	6.40E-01	2.31E-02	4.93E-02	1.98E-02	bad-chisq
group_2760	4.10E-02	1.75E-01	7.97E-01	9.23E-03	3.60E-02	1.09E-02	bad-chisq
group_2748	4.10E-02	1.75E-01	9.86E-01	3.24E-03	1.86E-01	7.37E-04	bad-chisq
group_2715	4.10E-02	1.75E-01	9.58E-01	4.10E-03	7.70E-02	2.25E-03	bad-chisq
lplA	4.10E-02	1.75E-01	9.88E-01	2.46E-03	1.63E-01	6.38E-04	bad-chisq
group_2698	4.10E-02	5.96E-01	7.60E-01	1.00E-02	3.29E-02	1.29E-02	bad-chisq
group_2656	4.10E-02	9.20E-06	8.12E-01	-9.30E-03	3.91E-02	1.00E-02	
group_2629	4.10E-02	1.75E-01	9.97E-01	2.16E-05	5.33E-03	1.71E-04	bad-chisq
ysdC_2	4.10E-02	1.75E-01	9.58E-01	4.10E-03	7.70E-02	2.25E-03	bad-chisq
group_2597	4.10E-02	1.75E-01	9.87E-01	2.83E-03	1.74E-01	6.85E-04	bad-chisq
group_2495	4.10E-02	1.75E-01	9.91E-01	2.89E-03	2.48E-01	4.93E-04	bad-chisq
group_2360	3.92E-02	6.31E-01	1.65E-01	8.46E-03	6.09E-03	5.87E-02	bad-chisq
group_2288	4.10E-02	7.66E-01	6.86E-01	-1.63E-03	4.03E-03	1.71E-02	
mdrP	4.10E-02	1.75E-01	9.86E-01	3.24E-03	1.86E-01	7.37E-04	bad-chisq
purQ~~~purL	4.10E-02	1.75E-01	9.91E-01	1.50E-03	1.27E-01	5.02E-04	bad-chisq
group_2028	4.10E-02	1.75E-01	8.97E-01	5.62E-03	4.32E-02	5.50E-03	bad-chisq
group_2012	4.10E-02	1.75E-01	1.00E+00	3.61E-06	6.21E-03	2.46E-05	bad-chisq
group_1960	4.10E-02	1.75E-01	1.00E+00	3.61E-06	6.21E-03	2.46E-05	bad-chisq
group_1958	4.10E-02	7.66E-01	6.69E-01	-1.72E-03	4.02E-03	1.81E-02	
buk2_2	4.10E-02	1.75E-01	1.00E+00	3.16E-06	5.37E-03	2.49E-05	bad-chisq
group_1914	4.10E-02	1.75E-01	9.87E-01	2.83E-03	1.74E-01	6.85E-04	bad-chisq
group_1895	4.10E-02	1.75E-01	9.22E-01	3.18E-04	3.23E-03	4.16E-03	bad-chisq
group_1883	4.10E-02	1.75E-01	1.00E+00	3.61E-06	6.21E-03	2.46E-05	bad-chisq
xerC_5~~~xerC_2	4.10E-02	1.75E-01	9.03E-01	6.48E-04	5.32E-03	5.15E-03	bad-chisq
gsiC_1~~~gsiC_2	4.10E-02	1.75E-01	9.97E-01	2.16E-05	5.33E-03	1.71E-04	bad-chisq
group_1761	4.10E-02	1.75E-01	9.86E-01	3.52E-03	2.05E-01	7.26E-04	bad-chisq
hcaR	4.10E-02	1.75E-01	9.97E-01	2.16E-05	5.33E-03	1.71E-04	bad-chisq
gcvPB	4.10E-02	1.75E-01	9.88E-01	2.46E-03	1.63E-01	6.38E-04	bad-chisq
ysdC_1~~~ysdC_2	4.10E-02	1.75E-01	9.58E-01	4.10E-03	7.70E-02	2.25E-03	bad-chisq
group_1627	4.10E-02	1.75E-01	9.91E-01	1.50E-03	1.27E-01	5.02E-04	bad-chisq
group_1624	4.10E-02	1.75E-01	8.78E-01	4.43E-03	2.88E-02	6.50E-03	bad-chisq
group_1597	4.10E-02	1.75E-01	1.00E+00	3.16E-06	5.37E-03	2.49E-05	bad-chisq
group_1479	4.10E-02	1.75E-01	7.81E-01	1.40E-02	5.03E-02	1.18E-02	bad-chisq
group_1430	4.10E-02	5.96E-01	2.70E-01	1.61E-01	1.46E-01	4.66E-02	bad-chisq
galK	4.10E-02	1.75E-01	9.87E-01	2.83E-03	1.74E-01	6.85E-04	bad-chisq
gsiC	4.10E-02	1.75E-01	9.58E-01	4.10E-03	7.70E-02	2.25E-03	bad-chisq
group_1325	4.10E-02	1.75E-01	1.00E+00	2.61E-06	5.38E-03	2.06E-05	bad-chisq
rbsK	4.10E-02	1.75E-01	1.00E+00	3.61E-06	6.21E-03	2.46E-05	bad-chisq
group_1247	4.10E-02	5.96E-01	5.31E-01	1.98E-03	3.16E-03	2.65E-02	bad-chisq
group_1049	4.10E-02	1.75E-01	1.00E+00	3.61E-06	6.21E-03	2.46E-05	bad-chisq
lpd	4.10E-02	1.75E-01	9.88E-01	2.46E-03	1.63E-01	6.38E-04	bad-chisq
group_107	4.10E-02	5.96E-01	8.49E-01	-6.80E-04	3.57E-03	8.06E-03	bad-chisq
group_15527	3.74E-02	1.96E-01	3.34E-01	3.90E-03	4.03E-03	4.09E-02	bad-chisq
group_15435	3.92E-02	2.26E-01	9.57E-01	3.33E-04	6.11E-03	2.30E-03	
group_14473	3.92E-02	7.15E-01	5.84E-01	-3.32E-03	6.06E-03	2.32E-02	
group_14409	3.92E-02	1.85E-01	1.00E+00	2.59E-06	5.37E-03	2.04E-05	bad-chisq
group_14275	3.92E-02	1.85E-01	9.86E-01	5.73E-05	3.30E-03	7.34E-04	bad-chisq
group_14117	3.92E-02	7.15E-01	7.16E-01	-1.46E-03	4.02E-03	1.54E-02	
group_13869	3.74E-02	1.96E-01	9.78E-01	8.11E-05	2.98E-03	1.15E-03	bad-chisq
group_13726	3.92E-02	7.15E-01	6.69E-01	-1.72E-03	4.02E-03	1.81E-02	
group_13644	3.92E-02	1.85E-01	9.58E-01	1.56E-04	2.97E-03	2.21E-03	bad-chisq
group_13628	3.92E-02	7.15E-01	6.69E-01	-1.72E-03	4.02E-03	1.81E-02	
group_13291	3.92E-02	7.15E-01	7.16E-01	-1.46E-03	4.02E-03	1.54E-02	
group_13051	3.92E-02	7.15E-01	7.16E-01	-1.46E-03	4.02E-03	1.54E-02	
group_12964	3.92E-02	6.31E-01	2.35E-01	7.27E-03	6.11E-03	5.03E-02	bad-chisq
group_12525	3.92E-02	7.15E-01	7.16E-01	-1.46E-03	4.02E-03	1.54E-02	
group_12401	3.92E-02	7.15E-01	9.15E-01	-4.31E-04	4.05E-03	4.50E-03	
group_12242	3.92E-02	6.31E-01	9.51E-01	-1.91E-04	3.09E-03	2.62E-03	bad-chisq
group_12235	3.92E-02	6.31E-01	9.57E-01	1.54E-04	2.87E-03	2.28E-03	bad-chisq
group_12188	3.74E-02	1.96E-01	3.34E-01	3.90E-03	4.03E-03	4.09E-02	bad-chisq
group_12105	3.92E-02	3.73E-03	9.81E-01	1.43E-04	6.14E-03	9.87E-04	
group_12104	3.92E-02	2.26E-01	9.57E-01	3.33E-04	6.11E-03	2.30E-03	
group_12103	3.92E-02	2.26E-01	9.57E-01	3.33E-04	6.11E-03	2.30E-03	
group_11979	3.92E-02	7.15E-01	9.71E-01	2.23E-04	6.11E-03	1.54E-03	
group_11974	3.92E-02	6.31E-01	9.40E-01	4.56E-04	6.09E-03	3.17E-03	bad-chisq
group_11959	3.92E-02	2.26E-01	9.64E-01	2.74E-04	6.12E-03	1.89E-03	
group_11958	3.92E-02	3.99E-02	9.65E-01	2.68E-04	6.12E-03	1.86E-03	
group_11902	3.74E-02	1.96E-01	9.48E-01	2.63E-04	4.04E-03	2.75E-03	bad-chisq
group_11891	3.74E-02	1.96E-01	1.42E-01	8.98E-03	6.11E-03	6.21E-02	bad-chisq
rhaS_6~~~rhaS_2~~~rhaS_4~~~rhaR_2~~~rhaS_1	3.92E-02	6.92E-39	1.40E-02	-2.03E-01	8.24E-02	1.04E-01	
group_11819	3.92E-02	1.85E-01	9.59E-01	3.13E-04	6.14E-03	2.16E-03	bad-chisq
group_11668	3.92E-02	7.15E-01	6.69E-01	-1.46E-02	3.42E-02	1.81E-02	
graS~~~graS_2	3.92E-02	1.17E-18	1.88E-01	-2.04E-01	1.55E-01	5.57E-02	
group_11521	3.74E-02	1.96E-01	7.54E-01	1.19E-02	3.80E-02	1.33E-02	bad-chisq
group_11434	3.92E-02	1.85E-01	8.10E-01	8.64E-03	3.59E-02	1.02E-02	bad-chisq
group_11165	3.92E-02	1.80E-04	1.00E+00	-1.41E-06	4.05E-03	1.47E-05	
group_11155	3.92E-02	6.31E-01	9.65E-01	1.93E-04	4.36E-03	1.87E-03	bad-chisq
group_10960	3.92E-02	6.31E-01	5.63E-01	2.72E-02	4.70E-02	2.45E-02	bad-chisq
recD~~~recD2_3~~~recD2_1	3.92E-02	2.26E-01	1.67E-17	-2.33E-01	2.65E-02	3.49E-01	
COQ5_3~~~COQ5_1~~~COQ5_7~~~COQ5_9~~~COQ5_5	3.92E-02	3.73E-03	9.64E-01	1.53E-04	3.39E-03	1.91E-03	
group_10835	3.92E-02	7.15E-01	9.71E-01	1.57E-04	4.36E-03	1.52E-03	
group_10829	3.92E-02	6.31E-01	4.27E-01	2.93E-03	3.68E-03	3.36E-02	bad-chisq
group_10496	3.92E-02	3.73E-03	2.88E-01	-4.62E-03	4.35E-03	4.49E-02	
group_10327	3.74E-02	6.64E-01	9.14E-01	-4.72E-04	4.37E-03	4.58E-03	
group_10247	3.92E-02	6.31E-01	9.69E-01	1.32E-04	3.39E-03	1.65E-03	bad-chisq
group_10142	3.92E-02	4.41E-06	9.25E-01	-5.01E-04	5.34E-03	3.97E-03	
group_10043	3.92E-02	7.15E-01	6.69E-01	-1.72E-03	4.02E-03	1.81E-02	
group_10012	3.92E-02	1.85E-01	9.95E-01	2.09E-05	3.40E-03	2.60E-04	bad-chisq
group_9959	3.92E-02	1.85E-01	9.58E-01	3.26E-04	6.13E-03	2.25E-03	bad-chisq
hdfR_2~~~cynR	3.92E-02	1.85E-01	9.99E-01	3.11E-06	4.06E-03	3.24E-05	bad-chisq
group_9778	3.92E-02	1.85E-01	9.87E-01	6.90E-05	4.36E-03	6.70E-04	bad-chisq
soj_5~~~soj_1~~~soj_2	3.74E-02	6.67E-01	4.18E-01	2.74E-03	3.38E-03	3.42E-02	bad-chisq
group_9589	3.92E-02	7.15E-01	6.69E-01	-1.72E-03	4.02E-03	1.81E-02	
group_9327	3.92E-02	1.85E-01	9.86E-01	7.65E-05	4.37E-03	7.41E-04	bad-chisq
group_8940	3.92E-02	7.15E-01	9.77E-01	1.01E-04	3.49E-03	1.23E-03	
group_8814	3.92E-02	1.85E-01	9.92E-01	4.30E-05	4.05E-03	4.49E-04	bad-chisq
group_8697	3.92E-02	1.85E-01	9.95E-01	1.81E-05	2.87E-03	2.66E-04	bad-chisq
group_8404	3.92E-02	2.26E-01	2.54E-02	-8.14E-02	3.63E-02	9.44E-02	
group_8390	3.92E-02	1.85E-01	3.14E-01	2.95E-02	2.93E-02	4.26E-02	bad-chisq
group_8295	3.92E-02	6.31E-01	9.90E-01	5.13E-05	4.03E-03	5.38E-04	bad-chisq
group_8194	3.92E-02	6.31E-01	7.74E-01	-7.90E-03	2.75E-02	1.22E-02	bad-chisq
group_8105	3.92E-02	7.15E-01	6.69E-01	-1.72E-03	4.02E-03	1.81E-02	
group_8101	3.92E-02	1.85E-01	9.91E-01	2.19E-05	2.00E-03	4.62E-04	bad-chisq
group_8076	3.92E-02	1.85E-01	9.95E-01	2.58E-05	4.04E-03	2.71E-04	bad-chisq
group_7897	3.92E-02	1.85E-01	9.95E-01	2.72E-05	4.05E-03	2.85E-04	bad-chisq
group_7700	3.92E-02	1.85E-01	9.21E-01	3.38E-04	3.39E-03	4.22E-03	bad-chisq
eda~~~eda_2~~~eda_1	3.92E-02	1.85E-01	8.98E-01	5.60E-04	4.37E-03	5.42E-03	bad-chisq
group_7540	3.92E-02	1.85E-01	9.95E-01	1.60E-05	2.64E-03	2.56E-04	bad-chisq
group_7353	3.92E-02	1.85E-01	9.15E-01	5.66E-04	5.31E-03	4.50E-03	bad-chisq
group_7349	3.92E-02	6.31E-01	7.12E-01	1.39E-02	3.75E-02	1.56E-02	bad-chisq
group_7320	3.92E-02	1.85E-01	8.66E-01	7.37E-04	4.36E-03	7.15E-03	bad-chisq
group_7095	3.92E-02	7.15E-01	7.16E-01	-1.46E-03	4.02E-03	1.54E-02	
group_7039	3.92E-02	7.15E-01	3.97E-30	-4.89E-01	4.04E-02	4.56E-01	
group_6935	3.92E-02	6.31E-01	8.75E-01	2.83E-02	1.80E-01	6.64E-03	bad-chisq
group_6903	3.92E-02	1.85E-01	6.49E-01	9.10E-04	2.00E-03	1.92E-02	bad-chisq
group_6880	3.92E-02	1.85E-01	9.97E-01	2.65E-05	6.19E-03	1.81E-04	bad-chisq
group_6690	3.92E-02	7.15E-01	8.00E-01	1.70E-02	6.69E-02	1.07E-02	
group_6674	3.92E-02	1.85E-01	9.94E-01	1.41E-03	1.85E-01	3.21E-04	bad-chisq
group_6487	3.92E-02	6.31E-01	8.44E-01	6.34E-03	3.21E-02	8.34E-03	bad-chisq
group_6458	3.92E-02	6.31E-01	9.84E-01	6.75E-05	3.30E-03	8.66E-04	bad-chisq
group_6048	3.92E-02	1.85E-01	8.72E-01	5.75E-04	3.56E-03	6.84E-03	bad-chisq
group_5945	3.92E-02	1.85E-01	9.94E-01	1.41E-03	1.85E-01	3.21E-04	bad-chisq
group_5931	3.92E-02	6.31E-01	9.89E-01	4.28E-05	3.23E-03	5.60E-04	bad-chisq
group_5866	3.92E-02	1.85E-01	1.49E-01	4.78E-02	3.31E-02	6.09E-02	bad-chisq
group_5823	3.92E-02	1.85E-01	9.95E-01	1.13E-03	1.75E-01	2.74E-04	bad-chisq
group_5709	3.92E-02	1.85E-01	2.93E-01	3.30E-02	3.13E-02	4.45E-02	bad-chisq
group_5600	3.92E-02	6.31E-01	8.93E-01	-7.15E-04	5.34E-03	5.66E-03	bad-chisq
group_5585	3.92E-02	6.31E-01	9.40E-01	3.42E-03	4.51E-02	3.21E-03	bad-chisq
group_5378	3.92E-02	1.85E-01	9.91E-01	1.53E-03	1.28E-01	5.03E-04	bad-chisq
group_5283	3.92E-02	1.85E-01	9.54E-01	2.51E-04	4.36E-03	2.43E-03	bad-chisq
group_5272	3.92E-02	7.15E-01	6.69E-01	-1.72E-03	4.02E-03	1.81E-02	
group_5213	3.92E-02	1.85E-01	9.60E-01	3.64E-03	7.29E-02	2.11E-03	bad-chisq
group_5146	3.92E-02	7.15E-01	7.16E-01	-1.46E-03	4.02E-03	1.54E-02	
group_5085	3.92E-02	1.85E-01	9.72E-01	1.37E-03	3.96E-02	1.46E-03	bad-chisq
group_5049	3.92E-02	6.31E-01	2.76E-01	-3.44E-02	3.15E-02	4.61E-02	bad-chisq
group_4933	3.92E-02	1.85E-01	1.00E+00	3.60E-06	6.20E-03	2.46E-05	bad-chisq
group_4926	3.92E-02	1.85E-01	7.99E-01	9.06E-03	3.56E-02	1.08E-02	bad-chisq
group_4881	3.92E-02	1.85E-01	2.93E-01	3.30E-02	3.13E-02	4.45E-02	bad-chisq
group_4686	3.92E-02	1.85E-01	9.12E-01	1.80E-02	1.63E-01	4.65E-03	bad-chisq
group_4634	3.92E-02	7.15E-01	2.39E-01	8.44E-02	7.16E-02	4.98E-02	
group_4527	3.92E-02	7.15E-01	6.69E-01	-1.72E-03	4.02E-03	1.81E-02	
group_4488	3.92E-02	1.85E-01	9.58E-01	1.55E-04	2.98E-03	2.20E-03	bad-chisq
group_4209	3.92E-02	1.85E-01	9.89E-01	2.22E-03	1.54E-01	6.10E-04	bad-chisq
group_4177	3.92E-02	1.85E-01	9.87E-01	1.75E-03	1.11E-01	6.67E-04	bad-chisq
nrdE	3.92E-02	6.31E-01	9.19E-01	2.57E-04	2.53E-03	4.30E-03	bad-chisq
group_3999	3.92E-02	1.85E-01	9.37E-01	2.01E-04	2.53E-03	3.37E-03	bad-chisq
group_3848	3.92E-02	6.31E-01	9.13E-01	-4.77E-04	4.36E-03	4.62E-03	bad-chisq
group_3787	3.92E-02	1.85E-01	9.94E-01	1.41E-03	1.85E-01	3.21E-04	bad-chisq
group_3693	3.92E-02	2.26E-01	9.07E-02	-9.63E-02	5.68E-02	7.15E-02	
group_3672	3.92E-02	1.85E-01	5.91E-01	1.84E-02	3.42E-02	2.27E-02	bad-chisq
spoVG_2~~~spoVG	3.92E-02	6.31E-01	9.18E-01	-3.66E-04	3.57E-03	4.34E-03	bad-chisq
codB~~~codB_1	3.92E-02	7.15E-01	8.00E-01	1.70E-02	6.69E-02	1.07E-02	
group_3598	3.92E-02	7.15E-01	8.00E-01	1.70E-02	6.69E-02	1.07E-02	
group_3295	3.92E-02	1.85E-01	9.82E-01	6.07E-05	2.69E-03	9.55E-04	bad-chisq
group_3262	3.92E-02	1.85E-01	9.91E-01	1.67E-03	1.46E-01	4.86E-04	bad-chisq
group_3255	3.92E-02	1.85E-01	9.84E-01	4.32E-03	2.15E-01	8.51E-04	bad-chisq
nicX	3.92E-02	1.85E-01	9.92E-01	2.04E-03	2.09E-01	4.15E-04	bad-chisq
group_3132	3.92E-02	1.85E-01	9.92E-01	1.03E-03	1.05E-01	4.15E-04	bad-chisq
group_3071	3.92E-02	1.85E-01	9.91E-01	1.67E-03	1.46E-01	4.86E-04	bad-chisq
nikB	3.92E-02	1.85E-01	2.93E-01	3.30E-02	3.13E-02	4.45E-02	bad-chisq
group_2919	3.92E-02	1.85E-01	9.97E-01	2.65E-05	6.19E-03	1.81E-04	bad-chisq
group_2866	3.92E-02	1.85E-01	2.93E-01	3.30E-02	3.13E-02	4.45E-02	bad-chisq
group_2730	3.92E-02	1.85E-01	9.97E-01	2.65E-05	6.19E-03	1.81E-04	bad-chisq
group_2526	3.92E-02	7.15E-01	9.36E-01	3.24E-04	4.04E-03	3.39E-03	
cuyA_1	3.92E-02	1.85E-01	9.60E-01	3.64E-03	7.29E-02	2.11E-03	bad-chisq
group_2142	3.92E-02	1.85E-01	9.63E-01	1.67E-04	3.57E-03	1.98E-03	bad-chisq
group_2140	3.92E-02	2.26E-01	2.96E-01	-3.87E-02	3.70E-02	4.42E-02	
group_1998	3.92E-02	1.85E-01	9.37E-01	2.01E-04	2.53E-03	3.37E-03	bad-chisq
gpmA	3.92E-02	6.31E-01	7.64E-01	1.13E-02	3.75E-02	1.27E-02	bad-chisq
dapE_3~~~ylmB	3.92E-02	1.85E-01	9.97E-01	2.59E-05	6.20E-03	1.77E-04	bad-chisq
capD	3.92E-02	1.85E-01	9.93E-01	2.79E-05	3.16E-03	3.73E-04	bad-chisq
group_1520	3.92E-02	1.85E-01	1.00E+00	3.60E-06	6.20E-03	2.46E-05	bad-chisq
wbjC	3.92E-02	1.85E-01	9.93E-01	2.79E-05	3.16E-03	3.73E-04	bad-chisq
yeeO_4	3.92E-02	1.85E-01	9.91E-01	1.41E-03	1.24E-01	4.84E-04	bad-chisq
group_1201	3.92E-02	2.26E-01	9.07E-02	-9.63E-02	5.68E-02	7.15E-02	
group_1057	3.92E-02	7.15E-01	8.00E-01	1.70E-02	6.69E-02	1.07E-02	
group_907	3.92E-02	1.85E-01	2.93E-01	3.30E-02	3.13E-02	4.45E-02	bad-chisq
group_752	3.92E-02	1.85E-01	9.90E-01	2.04E-03	1.57E-01	5.51E-04	bad-chisq
group_732	3.92E-02	1.85E-01	1.00E+00	3.89E-06	6.20E-03	2.65E-05	bad-chisq
group_623	3.92E-02	1.85E-01	9.97E-01	2.65E-05	6.19E-03	1.81E-04	bad-chisq
ddpA	3.92E-02	1.85E-01	2.93E-01	3.30E-02	3.13E-02	4.45E-02	bad-chisq
group_555	3.92E-02	2.26E-01	9.07E-02	-9.63E-02	5.68E-02	7.15E-02	
group_270	3.92E-02	1.85E-01	9.92E-01	1.03E-03	1.05E-01	4.15E-04	bad-chisq
group_16	3.92E-02	1.85E-01	9.94E-01	1.41E-03	1.85E-01	3.21E-04	bad-chisq
group_21098	3.74E-02	1.96E-01	9.99E-01	4.31E-06	3.68E-03	4.95E-05	bad-chisq
group_15022	3.74E-02	1.96E-01	8.97E-01	6.87E-04	5.32E-03	5.46E-03	bad-chisq
group_15005	3.74E-02	6.67E-01	9.39E-01	3.56E-03	4.63E-02	3.25E-03	bad-chisq
def_3	3.74E-02	1.96E-01	8.89E-01	5.14E-03	3.67E-02	5.92E-03	bad-chisq
group_14391	3.74E-02	6.67E-01	8.47E-01	-6.88E-04	3.57E-03	8.15E-03	bad-chisq
group_14332	3.74E-02	6.64E-01	9.65E-01	-2.70E-04	6.13E-03	1.87E-03	
group_14205	3.74E-02	6.64E-01	6.69E-01	-1.72E-03	4.03E-03	1.81E-02	
group_14195	3.74E-02	6.67E-01	8.47E-01	-6.88E-04	3.57E-03	8.15E-03	bad-chisq
group_14194	3.74E-02	1.96E-01	9.86E-01	5.73E-05	3.30E-03	7.34E-04	bad-chisq
group_14159	3.74E-02	1.96E-01	9.82E-01	1.38E-04	6.15E-03	9.47E-04	bad-chisq
group_14006	3.74E-02	1.96E-01	4.46E-01	2.66E-02	3.49E-02	3.23E-02	bad-chisq
group_13989	3.74E-02	6.64E-01	6.69E-01	-1.72E-03	4.03E-03	1.81E-02	
group_13495	3.74E-02	6.67E-01	9.48E-01	-2.28E-03	3.47E-02	2.79E-03	bad-chisq
group_13475	3.74E-02	6.64E-01	6.61E-02	-6.54E-02	3.55E-02	7.76E-02	
group_13470	3.74E-02	6.67E-01	8.32E-01	2.55E-02	1.21E-01	8.95E-03	bad-chisq
group_13292	3.74E-02	6.64E-01	6.69E-01	-1.72E-03	4.03E-03	1.81E-02	
group_12437	3.74E-02	6.67E-01	9.71E-01	-2.23E-04	6.13E-03	1.54E-03	bad-chisq
group_12234	3.74E-02	6.67E-01	9.95E-01	3.11E-05	5.35E-03	2.46E-04	bad-chisq
group_11967	3.74E-02	1.96E-01	9.57E-01	2.34E-04	4.36E-03	2.27E-03	bad-chisq
group_11516	3.74E-02	1.96E-01	9.71E-01	1.92E-04	5.36E-03	1.52E-03	bad-chisq
topB~~~topB_2	3.74E-02	1.94E-01	8.55E-01	-6.52E-04	3.56E-03	7.74E-03	
group_11388	3.57E-02	2.07E-01	9.90E-01	3.71E-05	3.10E-03	5.06E-04	bad-chisq
group_11370	3.74E-02	8.88E-11	4.69E-01	-3.61E-02	4.98E-02	3.06E-02	
group_11243	3.74E-02	1.96E-01	9.96E-01	2.27E-05	4.04E-03	2.37E-04	bad-chisq
group_11015	3.74E-02	6.67E-01	9.56E-01	-2.22E-04	4.04E-03	2.32E-03	bad-chisq
nusG_2	3.74E-02	6.64E-01	6.69E-01	-1.72E-03	4.03E-03	1.81E-02	
group_10769	3.74E-02	1.96E-01	9.87E-01	3.58E-05	2.21E-03	6.85E-04	bad-chisq
group_10765	3.74E-02	1.96E-01	9.87E-01	8.19E-05	5.03E-03	6.88E-04	bad-chisq
gyrB_3~~~gyrB_1~~~gyrB_2	3.74E-02	1.96E-01	9.84E-01	1.20E-04	6.11E-03	8.30E-04	bad-chisq
xis	3.74E-02	6.67E-01	9.61E-01	-1.28E-04	2.61E-03	2.08E-03	bad-chisq
group_10176	3.74E-02	1.96E-01	9.38E-01	3.13E-04	4.05E-03	3.27E-03	bad-chisq
group_10118	3.74E-02	6.64E-01	6.69E-01	-1.72E-03	4.03E-03	1.81E-02	
xerC_2~~~xerC_4	3.74E-02	6.67E-01	9.03E-01	-5.34E-04	4.37E-03	5.17E-03	bad-chisq
group_10014	3.74E-02	1.96E-01	9.94E-01	1.88E-05	2.61E-03	3.05E-04	bad-chisq
group_9845	3.74E-02	6.64E-01	8.68E-01	-5.27E-04	3.16E-03	7.04E-03	
group_9808	3.74E-02	1.96E-01	9.54E-01	3.09E-04	5.31E-03	2.46E-03	bad-chisq
group_9695	3.74E-02	6.67E-01	6.24E-01	1.10E-03	2.25E-03	2.07E-02	bad-chisq
radA_2~~~dnaC_2~~~dnaC_1	3.74E-02	1.96E-01	4.64E-01	3.01E-02	4.10E-02	3.10E-02	bad-chisq
group_9575	3.74E-02	6.64E-01	2.88E-01	-5.05E-02	4.75E-02	4.49E-02	
group_9400	3.74E-02	6.67E-01	8.63E-01	-1.06E-03	6.16E-03	7.30E-03	bad-chisq
group_9336	3.74E-02	1.96E-01	9.96E-01	2.12E-05	4.05E-03	2.22E-04	bad-chisq
group_8937	3.74E-02	6.67E-01	9.59E-01	-2.76E-04	5.35E-03	2.18E-03	bad-chisq
group_8900	3.74E-02	1.96E-01	4.60E-01	3.40E-02	4.60E-02	3.13E-02	bad-chisq
group_8884	3.74E-02	1.96E-01	9.76E-01	1.24E-04	4.04E-03	1.30E-03	bad-chisq
ntpJ~~~ntpJ_2~~~ktrB~~~ktrB_1~~~ktrB_2	3.74E-02	1.96E-01	9.81E-01	7.87E-05	3.39E-03	9.83E-04	bad-chisq
group_8710	3.74E-02	6.67E-01	4.63E-01	3.55E-02	4.84E-02	3.10E-02	bad-chisq
group_8484	3.74E-02	6.64E-01	6.82E-01	-1.71E-02	4.19E-02	1.73E-02	
group_8332	3.74E-02	6.64E-01	5.17E-01	3.17E-02	4.90E-02	2.74E-02	
group_8287	3.74E-02	6.67E-01	8.46E-01	-5.31E-04	2.73E-03	8.21E-03	bad-chisq
group_8271	3.74E-02	6.67E-01	9.10E-01	-3.73E-04	3.31E-03	4.78E-03	bad-chisq
aptB_1~~~dxs_3	3.74E-02	6.64E-01	9.90E-01	5.92E-04	4.62E-02	5.42E-04	
aptA_1~~~aptA_3~~~aptA_2	3.74E-02	6.64E-01	9.90E-01	5.92E-04	4.62E-02	5.42E-04	
group_7969	3.74E-02	1.96E-01	9.60E-01	3.66E-03	7.27E-02	2.13E-03	bad-chisq
group_7914	3.74E-02	6.67E-01	9.40E-01	-2.68E-04	3.57E-03	3.17E-03	bad-chisq
group_7638	3.74E-02	6.67E-01	9.44E-01	-4.32E-04	6.09E-03	3.00E-03	bad-chisq
ydiP	3.74E-02	1.96E-01	9.83E-01	9.52E-05	4.36E-03	9.24E-04	bad-chisq
group_7352	3.74E-02	1.96E-01	9.29E-01	5.49E-04	6.15E-03	3.78E-03	bad-chisq
group_7350	3.74E-02	1.96E-01	1.00E+00	1.30E-06	4.06E-03	1.35E-05	bad-chisq
group_7292	3.74E-02	6.67E-01	9.83E-01	1.81E-03	8.43E-02	9.09E-04	bad-chisq
chuR~~~moaA_2	3.74E-02	6.67E-01	5.74E-01	-2.32E-02	4.12E-02	2.38E-02	bad-chisq
group_7022	3.74E-02	6.67E-01	5.91E-01	-2.28E-02	4.25E-02	2.27E-02	bad-chisq
group_6808	3.74E-02	1.96E-01	9.93E-01	1.01E-03	1.22E-01	3.50E-04	bad-chisq
group_6744	3.74E-02	1.96E-01	9.97E-01	1.57E-05	4.37E-03	1.52E-04	bad-chisq
group_6629	3.74E-02	1.96E-01	1.00E+00	1.25E-06	4.06E-03	1.30E-05	bad-chisq
group_6593	3.74E-02	1.96E-01	9.89E-01	2.26E-03	1.69E-01	5.65E-04	bad-chisq
sigI7	3.74E-02	1.96E-01	9.95E-01	1.80E-05	2.87E-03	2.65E-04	bad-chisq
group_6529	3.74E-02	1.96E-01	8.02E-01	1.54E-03	6.11E-03	1.06E-02	bad-chisq
btsR	3.74E-02	6.67E-01	8.47E-01	-6.88E-04	3.57E-03	8.15E-03	bad-chisq
group_6288	3.74E-02	6.67E-01	9.48E-01	2.39E-04	3.69E-03	2.74E-03	bad-chisq
group_6274	3.74E-02	6.67E-01	5.19E-01	-2.33E-02	3.61E-02	2.73E-02	bad-chisq
group_5882	3.74E-02	1.96E-01	1.00E+00	1.49E-06	4.06E-03	1.55E-05	bad-chisq
group_5738	3.57E-02	2.07E-01	9.31E-01	5.34E-04	6.17E-03	3.66E-03	bad-chisq
group_5642	3.74E-02	1.96E-01	4.60E-01	3.40E-02	4.60E-02	3.13E-02	bad-chisq
group_5535	3.74E-02	1.96E-01	4.46E-01	2.66E-02	3.49E-02	3.23E-02	bad-chisq
group_5225	3.74E-02	1.96E-01	9.51E-01	3.76E-04	6.16E-03	2.58E-03	bad-chisq
group_5201	3.74E-02	6.67E-01	9.48E-01	-2.28E-03	3.47E-02	2.79E-03	bad-chisq
group_5112	3.74E-02	6.64E-01	9.75E-01	1.93E-04	6.15E-03	1.33E-03	
group_5055	3.74E-02	1.96E-01	6.91E-01	2.45E-03	6.16E-03	1.68E-02	bad-chisq
group_5041	3.74E-02	6.67E-01	9.48E-01	-2.28E-03	3.47E-02	2.79E-03	bad-chisq
group_5023	3.74E-02	6.67E-01	8.47E-01	-6.88E-04	3.57E-03	8.15E-03	bad-chisq
group_4870	3.74E-02	1.96E-01	9.19E-01	4.69E-03	4.62E-02	4.29E-03	bad-chisq
group_4830	3.74E-02	1.96E-01	4.46E-01	2.66E-02	3.49E-02	3.23E-02	bad-chisq
group_4697	3.74E-02	1.96E-01	9.89E-01	1.89E-03	1.42E-01	5.63E-04	bad-chisq
group_4691	3.74E-02	1.96E-01	9.20E-01	2.92E-04	2.92E-03	4.23E-03	bad-chisq
group_4659	3.74E-02	1.96E-01	9.11E-01	3.85E-03	3.42E-02	4.75E-03	bad-chisq
pyrC_1~~~pyrC	3.74E-02	1.96E-01	9.53E-01	2.40E-04	4.05E-03	2.51E-03	bad-chisq
group_4508	3.74E-02	1.96E-01	9.11E-01	3.85E-03	3.42E-02	4.75E-03	bad-chisq
group_4153	3.74E-02	1.96E-01	9.95E-01	1.80E-05	2.87E-03	2.65E-04	bad-chisq
group_4004	3.74E-02	1.96E-01	1.00E+00	3.55E-06	6.20E-03	2.42E-05	bad-chisq
group_3900	3.74E-02	6.67E-01	9.25E-01	4.11E-04	4.37E-03	3.98E-03	bad-chisq
group_3897	3.74E-02	1.96E-01	9.97E-01	2.55E-05	6.20E-03	1.74E-04	bad-chisq
group_3756	3.74E-02	6.67E-01	8.47E-01	-6.88E-04	3.57E-03	8.15E-03	bad-chisq
group_3748	3.74E-02	1.96E-01	9.11E-01	3.85E-03	3.42E-02	4.75E-03	bad-chisq
bssD_2	3.74E-02	1.96E-01	4.46E-01	2.66E-02	3.49E-02	3.23E-02	bad-chisq
group_3138	3.74E-02	1.96E-01	1.00E+00	1.30E-06	4.06E-03	1.35E-05	bad-chisq
group_3127	3.74E-02	6.64E-01	6.69E-01	-1.72E-03	4.03E-03	1.81E-02	
group_3092	3.74E-02	1.96E-01	8.02E-01	4.37E-02	1.74E-01	1.06E-02	bad-chisq
uxaC_2~~~uxaC_1	3.74E-02	1.96E-01	8.02E-01	1.54E-03	6.11E-03	1.06E-02	bad-chisq
lnrL	3.74E-02	1.96E-01	9.42E-01	3.32E-03	4.53E-02	3.10E-03	bad-chisq
gsiC_3	3.74E-02	1.96E-01	6.91E-01	2.45E-03	6.16E-03	1.68E-02	bad-chisq
cutD	3.74E-02	1.96E-01	4.46E-01	2.66E-02	3.49E-02	3.23E-02	bad-chisq
group_2816	3.74E-02	1.96E-01	9.95E-01	2.14E-05	3.78E-03	2.40E-04	bad-chisq
yhdN	3.74E-02	1.96E-01	4.46E-01	2.66E-02	3.49E-02	3.23E-02	bad-chisq
iolU_3	3.74E-02	1.96E-01	4.46E-01	2.66E-02	3.49E-02	3.23E-02	bad-chisq
group_2516	3.74E-02	1.96E-01	4.46E-01	2.66E-02	3.49E-02	3.23E-02	bad-chisq
purM	3.74E-02	1.96E-01	9.32E-01	5.25E-04	6.13E-03	3.62E-03	bad-chisq
group_2318	3.74E-02	1.96E-01	9.90E-01	1.58E-03	1.31E-01	5.12E-04	bad-chisq
group_2309	3.74E-02	1.96E-01	9.81E-01	1.00E-03	4.11E-02	1.03E-03	bad-chisq
group_2260	3.74E-02	6.67E-01	8.74E-01	-6.89E-04	4.35E-03	6.70E-03	bad-chisq
group_2154	3.74E-02	6.64E-01	7.16E-01	-1.46E-03	4.02E-03	1.54E-02	
group_2110	3.74E-02	1.96E-01	1.00E+00	2.32E-06	5.37E-03	1.82E-05	bad-chisq
lacZ_3~~~lacZ_2	3.74E-02	1.96E-01	9.11E-01	3.85E-03	3.42E-02	4.75E-03	bad-chisq
gfo	3.74E-02	1.96E-01	4.46E-01	2.66E-02	3.49E-02	3.23E-02	bad-chisq
group_1878	3.74E-02	6.67E-01	8.47E-01	-6.88E-04	3.57E-03	8.15E-03	bad-chisq
lctP	3.74E-02	1.96E-01	6.91E-01	2.45E-03	6.16E-03	1.68E-02	bad-chisq
melD_3~~~melD_2	3.74E-02	1.96E-01	4.46E-01	2.66E-02	3.49E-02	3.23E-02	bad-chisq
group_1801	3.74E-02	1.96E-01	8.96E-01	5.80E-03	4.45E-02	5.51E-03	bad-chisq
group_1750	3.74E-02	1.96E-01	9.11E-01	3.85E-03	3.42E-02	4.75E-03	bad-chisq
cutC_2~~~cutC_4	3.74E-02	1.96E-01	4.46E-01	2.66E-02	3.49E-02	3.23E-02	bad-chisq
group_1710	3.74E-02	1.96E-01	1.00E+00	1.24E-06	6.20E-03	8.47E-06	bad-chisq
group_1690	3.74E-02	1.96E-01	9.42E-01	3.32E-03	4.53E-02	3.10E-03	bad-chisq
group_1674	3.74E-02	1.96E-01	4.46E-01	2.66E-02	3.49E-02	3.23E-02	bad-chisq
csdB~~~pflD_2	3.74E-02	1.96E-01	4.46E-01	2.66E-02	3.49E-02	3.23E-02	bad-chisq
group_1625	3.74E-02	6.64E-01	7.91E-01	-1.62E-03	6.11E-03	1.12E-02	
group_1621	3.74E-02	2.47E-03	8.20E-01	-9.13E-03	4.00E-02	9.65E-03	
group_1505	3.74E-02	3.05E-02	7.72E-01	-1.26E-03	4.37E-03	1.22E-02	
melD_5~~~melD_1	3.74E-02	1.96E-01	8.96E-01	5.80E-03	4.45E-02	5.51E-03	bad-chisq
group_1397	3.74E-02	1.96E-01	6.91E-01	2.45E-03	6.16E-03	1.68E-02	bad-chisq
group_1342	3.74E-02	1.96E-01	6.91E-01	2.45E-03	6.16E-03	1.68E-02	bad-chisq
group_1207	3.74E-02	1.96E-01	9.97E-01	4.52E-04	1.05E-01	1.82E-04	bad-chisq
group_1171	3.74E-02	1.96E-01	9.42E-01	3.32E-03	4.53E-02	3.10E-03	bad-chisq
group_921	3.74E-02	1.96E-01	4.46E-01	2.66E-02	3.49E-02	3.23E-02	bad-chisq
group_718	3.74E-02	6.64E-01	6.69E-01	-1.72E-03	4.03E-03	1.81E-02	
group_489	3.74E-02	1.96E-01	6.91E-01	2.45E-03	6.16E-03	1.68E-02	bad-chisq
bmrA_1	3.74E-02	6.67E-01	8.47E-01	-6.88E-04	3.57E-03	8.15E-03	bad-chisq
bmrA_2	3.74E-02	6.67E-01	8.47E-01	-6.88E-04	3.57E-03	8.15E-03	bad-chisq
group_341	3.74E-02	6.64E-01	6.69E-01	-1.72E-03	4.03E-03	1.81E-02	
group_250	3.74E-02	6.64E-01	6.69E-01	-1.72E-03	4.03E-03	1.81E-02	
cutC_5	3.74E-02	1.96E-01	4.46E-01	2.66E-02	3.49E-02	3.23E-02	bad-chisq
group_201	3.74E-02	1.96E-01	7.09E-01	1.56E-02	4.17E-02	1.58E-02	bad-chisq
group_21097	3.57E-02	2.07E-01	9.98E-01	7.86E-06	3.69E-03	9.01E-05	bad-chisq
group_15175	3.57E-02	2.07E-01	1.00E+00	2.09E-06	4.06E-03	2.17E-05	bad-chisq
group_14677	3.57E-02	2.07E-01	9.18E-01	4.90E-03	4.75E-02	4.36E-03	bad-chisq
group_14621	3.57E-02	2.07E-01	9.17E-01	3.59E-03	3.46E-02	4.39E-03	bad-chisq
group_14466	3.57E-02	2.07E-01	9.87E-01	5.39E-05	3.41E-03	6.68E-04	bad-chisq
group_14154	3.57E-02	7.06E-01	8.73E-01	-6.94E-04	4.35E-03	6.75E-03	bad-chisq
group_13278	3.57E-02	2.07E-01	1.00E+00	9.09E-07	3.40E-03	1.13E-05	bad-chisq
group_13171	3.57E-02	1.64E-01	1.29E-01	-7.76E-02	5.10E-02	6.42E-02	
group_13162	3.57E-02	7.06E-01	9.25E-01	-5.81E-04	6.18E-03	3.98E-03	bad-chisq
group_13102	3.57E-02	7.06E-01	4.01E-01	9.06E-02	1.08E-01	3.56E-02	bad-chisq
group_12940	3.57E-02	2.07E-01	9.79E-01	1.64E-04	6.17E-03	1.13E-03	bad-chisq
ylaC	3.57E-02	2.27E-02	1.70E-02	-8.58E-02	3.58E-02	1.01E-01	
group_12181	3.39E-02	2.19E-01	9.55E-01	2.31E-04	4.05E-03	2.41E-03	bad-chisq
senX3~~~sasA_8~~~sasA_12~~~sasA_3~~~sasA_9	3.57E-02	2.07E-01	5.08E-01	1.90E-03	2.86E-03	2.80E-02	bad-chisq
group_12172	3.57E-02	2.07E-01	9.90E-01	6.42E-05	5.33E-03	5.09E-04	bad-chisq
group_12082	3.57E-02	2.07E-01	9.67E-01	2.56E-04	6.10E-03	1.78E-03	bad-chisq
group_11904	3.39E-02	2.19E-01	9.55E-01	2.31E-04	4.05E-03	2.41E-03	bad-chisq
group_11901	3.39E-02	2.19E-01	9.54E-01	2.32E-04	4.05E-03	2.42E-03	bad-chisq
group_11848	3.57E-02	7.06E-01	8.68E-01	1.02E-03	6.15E-03	7.02E-03	bad-chisq
group_11536	3.57E-02	7.06E-01	9.74E-01	8.89E-05	2.76E-03	1.36E-03	bad-chisq
group_11433	3.57E-02	7.06E-01	9.83E-01	1.12E-04	5.34E-03	8.89E-04	bad-chisq
group_11385	3.57E-02	7.06E-01	9.86E-01	8.77E-05	5.02E-03	7.39E-04	bad-chisq
group_11384	3.57E-02	7.06E-01	9.86E-01	8.77E-05	5.02E-03	7.39E-04	bad-chisq
hxlR	3.57E-02	6.12E-01	9.94E-01	-3.19E-05	4.04E-03	3.34E-04	
group_10984	3.57E-02	2.07E-01	9.96E-01	1.52E-05	2.84E-03	2.27E-04	bad-chisq
group_10929	3.57E-02	2.07E-01	1.00E+00	1.89E-06	4.06E-03	1.97E-05	bad-chisq
tadA_2~~~tadA	3.57E-02	2.07E-01	1.00E+00	3.80E-07	4.06E-03	3.96E-06	bad-chisq
group_10598	3.57E-02	6.12E-01	2.37E-02	-1.12E-01	4.95E-02	9.55E-02	
group_10472	3.57E-02	6.12E-01	9.05E-01	-6.03E-04	5.03E-03	5.06E-03	
group_10433	3.57E-02	2.07E-01	9.51E-01	2.08E-04	3.39E-03	2.60E-03	bad-chisq
group_10396	3.57E-02	2.07E-01	9.95E-01	2.61E-05	4.37E-03	2.52E-04	bad-chisq
group_10376	3.57E-02	6.12E-01	3.26E-01	5.96E-03	6.07E-03	4.15E-02	
group_10372	3.57E-02	1.64E-01	4.74E-01	2.72E-02	3.79E-02	3.03E-02	
btuD_4~~~btuD_2~~~btuD_8~~~btuD_5	3.39E-02	2.19E-01	9.91E-01	3.83E-05	3.31E-03	4.89E-04	bad-chisq
group_10358	3.57E-02	5.99E-09	9.76E-01	2.45E-03	8.01E-02	1.29E-03	
group_10349	3.57E-02	1.64E-01	9.46E-01	-4.21E-04	6.19E-03	2.88E-03	
group_10338	3.57E-02	7.06E-01	8.41E-01	7.16E-04	3.57E-03	8.48E-03	bad-chisq
group_10294	3.57E-02	6.12E-01	8.66E-01	-6.06E-04	3.58E-03	7.15E-03	
group_10191	3.39E-02	2.19E-01	6.70E-01	1.67E-02	3.92E-02	1.80E-02	bad-chisq
group_10186	3.57E-02	7.06E-01	2.15E-01	7.58E-03	6.11E-03	5.24E-02	bad-chisq
xerC_1~~~xerC_15~~~xerC_5~~~xerC_8	3.57E-02	2.07E-01	9.90E-01	6.80E-05	5.34E-03	5.39E-04	bad-chisq
group_10042	3.57E-02	7.06E-01	4.61E-01	2.38E-03	3.23E-03	3.12E-02	bad-chisq
group_9764	3.57E-02	7.06E-01	1.09E-16	2.77E-01	3.24E-02	3.40E-01	bad-chisq
group_9669	3.57E-02	2.07E-01	7.30E-01	1.16E-02	3.34E-02	1.46E-02	bad-chisq
gghA~~~bglA_1~~~bglA_2~~~lacG	3.57E-02	2.07E-01	8.15E-01	1.17E-02	4.98E-02	9.91E-03	bad-chisq
group_9516	3.57E-02	2.07E-01	6.96E-01	1.66E-02	4.25E-02	1.65E-02	bad-chisq
group_9496	3.57E-02	2.07E-01	7.35E-01	2.77E-02	8.15E-02	1.43E-02	bad-chisq
adaA~~~rhaS_1~~~rhaS~~~rhaS_3~~~rhaR_7~~~rhaR_6~~~rhaR_4~~~rhaR_3	3.57E-02	2.07E-01	1.00E+00	1.15E-06	3.59E-03	1.35E-05	bad-chisq
group_9230	3.57E-02	2.07E-01	9.46E-01	4.20E-04	6.18E-03	2.88E-03	bad-chisq
IntTn_1~~~IntTn_2	3.57E-02	2.07E-01	9.46E-01	4.20E-04	6.18E-03	2.88E-03	bad-chisq
group_9153	3.57E-02	2.07E-01	1.00E+00	1.24E-06	2.24E-03	2.35E-05	bad-chisq
group_8944	3.57E-02	1.64E-01	9.02E-01	-5.38E-04	4.37E-03	5.21E-03	
group_8941	3.57E-02	2.07E-01	8.53E-01	7.95E-03	4.29E-02	7.84E-03	bad-chisq
group_8819	3.57E-02	2.07E-01	8.01E-01	8.64E-03	3.43E-02	1.06E-02	bad-chisq
xerC_3~~~xerC_13~~~xerC_4	3.57E-02	2.07E-01	9.94E-01	2.10E-05	2.60E-03	3.41E-04	bad-chisq
group_8679	3.57E-02	2.07E-01	9.03E-01	4.27E-04	3.49E-03	5.18E-03	bad-chisq
group_8569	3.57E-02	2.07E-01	9.04E-01	5.99E-03	4.96E-02	5.11E-03	bad-chisq
group_8551	3.57E-02	7.06E-01	9.96E-01	2.21E-05	5.03E-03	1.86E-04	bad-chisq
group_8433	3.57E-02	7.06E-01	7.94E-01	3.97E-02	1.52E-01	1.10E-02	bad-chisq
group_8412	3.57E-02	2.07E-01	9.17E-01	4.21E-04	4.03E-03	4.42E-03	bad-chisq
group_8370	3.57E-02	7.06E-01	9.70E-01	-2.31E-04	6.13E-03	1.59E-03	bad-chisq
group_8238	3.57E-02	2.07E-01	9.73E-01	1.46E-04	4.37E-03	1.41E-03	bad-chisq
group_8223	3.57E-02	2.07E-01	7.15E-01	1.49E-02	4.09E-02	1.54E-02	bad-chisq
group_8212	3.57E-02	7.06E-01	9.13E-01	-4.76E-04	4.37E-03	4.61E-03	bad-chisq
group_8031	3.57E-02	6.12E-01	3.81E-01	3.83E-03	4.37E-03	3.71E-02	
mshA_1~~~mshA_2	3.57E-02	2.07E-01	9.89E-01	4.55E-05	3.31E-03	5.82E-04	bad-chisq
group_7819	3.57E-02	2.07E-01	8.59E-01	1.09E-03	6.11E-03	7.53E-03	bad-chisq
group_7689	3.57E-02	2.07E-01	8.36E-01	7.76E-03	3.75E-02	8.76E-03	bad-chisq
cas5d	3.57E-02	2.07E-01	7.15E-01	1.49E-02	4.09E-02	1.54E-02	bad-chisq
group_7534	3.57E-02	8.13E-07	6.30E-01	-1.80E-02	3.74E-02	2.04E-02	
group_7526	3.57E-02	2.07E-01	9.79E-01	1.64E-04	6.17E-03	1.13E-03	bad-chisq
group_7396	3.57E-02	7.06E-01	1.93E-02	-1.87E-01	7.95E-02	9.87E-02	bad-chisq
xerD_3~~~xerD_1	3.57E-02	7.06E-01	9.63E-01	-1.22E-04	2.60E-03	1.97E-03	bad-chisq
group_7338	3.57E-02	2.07E-01	1.00E+00	2.50E-06	5.38E-03	1.96E-05	bad-chisq
group_7171	3.57E-02	2.07E-01	1.00E+00	2.50E-06	5.38E-03	1.96E-05	bad-chisq
group_7010	3.57E-02	2.07E-01	9.96E-01	2.42E-05	4.37E-03	2.34E-04	bad-chisq
sasA_4~~~sasA_6	3.57E-02	2.07E-01	9.59E-01	1.53E-04	2.97E-03	2.18E-03	bad-chisq
group_6816	3.57E-02	2.07E-01	9.99E-01	2.90E-06	2.29E-03	5.36E-05	bad-chisq
group_6747	3.57E-02	2.07E-01	9.94E-01	4.72E-05	6.07E-03	3.29E-04	bad-chisq
group_6575	3.57E-02	2.07E-01	9.98E-01	1.04E-05	4.39E-03	1.00E-04	bad-chisq
group_6551	3.57E-02	7.06E-01	9.69E-01	-1.82E-04	4.61E-03	1.67E-03	bad-chisq
group_6164	3.57E-02	2.07E-01	6.91E-01	2.45E-03	6.16E-03	1.68E-02	bad-chisq
group_6095	3.57E-02	7.06E-01	8.47E-01	2.22E-02	1.15E-01	8.18E-03	bad-chisq
ssuB	3.57E-02	6.12E-01	8.01E-01	-9.58E-04	3.79E-03	1.07E-02	
group_5892	3.57E-02	7.06E-01	4.01E-01	9.06E-02	1.08E-01	3.56E-02	bad-chisq
group_5791	3.57E-02	2.07E-01	8.60E-01	1.00E-02	5.70E-02	7.44E-03	bad-chisq
allE	3.57E-02	2.07E-01	6.91E-01	2.45E-03	6.16E-03	1.68E-02	bad-chisq
group_5313	3.57E-02	7.06E-01	7.01E-01	-1.35E-02	3.51E-02	1.63E-02	bad-chisq
group_5246	3.57E-02	2.07E-01	1.50E-01	8.71E-03	6.04E-03	6.09E-02	bad-chisq
group_4915	3.57E-02	2.07E-01	9.79E-01	1.64E-04	6.17E-03	1.13E-03	bad-chisq
group_4752	3.57E-02	7.06E-01	9.36E-01	-4.29E-04	5.32E-03	3.41E-03	bad-chisq
group_4726	3.57E-02	2.07E-01	9.79E-01	1.06E-04	4.04E-03	1.11E-03	bad-chisq
group_4664	3.57E-02	2.07E-01	8.94E-01	6.06E-03	4.55E-02	5.63E-03	bad-chisq
oppF~~~oppD_2	3.57E-02	2.07E-01	6.91E-01	2.45E-03	6.16E-03	1.68E-02	bad-chisq
ngcG_1~~~araQ_7~~~dasC_1~~~araQ_6~~~araQ_4	3.57E-02	7.06E-01	9.40E-01	-3.62E-03	4.85E-02	3.16E-03	bad-chisq
group_4414	3.57E-02	2.07E-01	9.96E-01	1.90E-05	3.40E-03	2.37E-04	bad-chisq
morA	3.57E-02	2.07E-01	9.79E-01	1.64E-04	6.17E-03	1.13E-03	bad-chisq
group_4180	3.57E-02	2.07E-01	6.91E-01	2.45E-03	6.16E-03	1.68E-02	bad-chisq
group_4132	3.57E-02	2.07E-01	8.15E-01	8.16E-03	3.49E-02	9.89E-03	bad-chisq
group_4069	3.57E-02	7.06E-01	9.40E-01	-3.62E-03	4.85E-02	3.16E-03	bad-chisq
group_4053	3.57E-02	6.12E-01	7.16E-01	-1.46E-03	4.02E-03	1.54E-02	
group_4028	3.57E-02	2.07E-01	9.93E-01	1.09E-03	1.19E-01	3.90E-04	bad-chisq
group_4009	3.57E-02	2.07E-01	9.13E-01	4.00E-03	3.67E-02	4.60E-03	bad-chisq
group_3839	3.57E-02	6.12E-01	5.35E-01	-4.92E-02	7.91E-02	2.63E-02	
group_3654	3.57E-02	2.07E-01	1.00E+00	2.50E-06	5.38E-03	1.96E-05	bad-chisq
group_3570	3.57E-02	2.07E-01	6.91E-01	2.45E-03	6.16E-03	1.68E-02	bad-chisq
group_2996	3.57E-02	2.07E-01	1.00E+00	1.01E-06	6.20E-03	6.91E-06	bad-chisq
group_2915	3.57E-02	2.07E-01	9.38E-01	3.74E-03	4.83E-02	3.28E-03	bad-chisq
group_2821	3.57E-02	7.06E-01	9.22E-01	-5.22E-04	5.33E-03	4.14E-03	bad-chisq
group_2732	3.57E-02	7.06E-01	1.58E-11	1.87E-01	2.71E-02	2.80E-01	bad-chisq
group_2627	3.57E-02	2.07E-01	7.15E-01	1.49E-02	4.09E-02	1.54E-02	bad-chisq
group_2620	3.57E-02	7.06E-01	9.99E-01	-7.55E-05	4.58E-02	6.97E-05	bad-chisq
rfuC_2~~~rfuC	3.57E-02	2.07E-01	1.08E-01	8.47E-02	5.26E-02	6.79E-02	bad-chisq
group_2543	3.57E-02	2.07E-01	9.97E-01	3.75E-04	1.10E-01	1.44E-04	bad-chisq
rbsC_5	3.57E-02	2.07E-01	9.38E-01	3.74E-03	4.83E-02	3.28E-03	bad-chisq
ascG	3.57E-02	2.07E-01	9.26E-01	4.40E-03	4.73E-02	3.94E-03	bad-chisq
group_2324	3.57E-02	7.06E-01	9.34E-01	4.17E-04	5.04E-03	3.50E-03	bad-chisq
group_2269	3.57E-02	2.07E-01	4.34E-01	6.02E-02	7.70E-02	3.31E-02	bad-chisq
ccpA	3.57E-02	2.07E-01	9.38E-01	3.74E-03	4.83E-02	3.28E-03	bad-chisq
group_2247	3.57E-02	2.07E-01	9.38E-01	3.74E-03	4.83E-02	3.28E-03	bad-chisq
group_2197	3.57E-02	7.06E-01	9.40E-01	-3.62E-03	4.85E-02	3.16E-03	bad-chisq
uxaC~~~uxaC_1	3.57E-02	2.07E-01	4.38E-01	2.77E-02	3.56E-02	3.28E-02	bad-chisq
clpP_2~~~clpP_1	3.57E-02	7.06E-01	9.49E-01	2.51E-04	3.92E-03	2.71E-03	bad-chisq
tagF	3.57E-02	7.06E-01	9.25E-01	-5.81E-04	6.18E-03	3.98E-03	bad-chisq
group_2125	3.57E-02	7.06E-01	4.01E-01	9.06E-02	1.08E-01	3.56E-02	bad-chisq
group_1901	3.57E-02	7.06E-01	3.12E-01	-3.92E-02	3.88E-02	4.27E-02	bad-chisq
uxuA	3.57E-02	2.07E-01	8.59E-01	1.09E-03	6.12E-03	7.54E-03	bad-chisq
group_1845	3.57E-02	2.07E-01	9.95E-01	8.18E-04	1.41E-01	2.45E-04	bad-chisq
abgB_1	3.57E-02	2.07E-01	6.91E-01	2.45E-03	6.16E-03	1.68E-02	bad-chisq
group_1630	3.57E-02	2.07E-01	6.91E-01	2.45E-03	6.16E-03	1.68E-02	bad-chisq
group_1450	3.57E-02	2.07E-01	1.46E-22	2.94E-01	2.88E-02	3.96E-01	bad-chisq
rfuD	3.57E-02	2.07E-01	1.08E-01	8.47E-02	5.26E-02	6.79E-02	bad-chisq
allD	3.57E-02	2.07E-01	6.91E-01	2.45E-03	6.16E-03	1.68E-02	bad-chisq
group_1211	3.57E-02	2.07E-01	9.15E-01	5.72E-04	5.34E-03	4.53E-03	bad-chisq
group_1111	3.57E-02	2.07E-01	1.00E+00	2.50E-06	5.38E-03	1.96E-05	bad-chisq
group_990	3.57E-02	7.06E-01	8.77E-04	-3.66E-01	1.09E-01	1.40E-01	bad-chisq
group_889	3.57E-02	7.06E-01	9.40E-01	-3.62E-03	4.85E-02	3.16E-03	bad-chisq
mleN	3.57E-02	2.07E-01	9.01E-01	7.71E-04	6.18E-03	5.28E-03	bad-chisq
group_866	3.57E-02	2.07E-01	6.91E-01	2.45E-03	6.16E-03	1.68E-02	bad-chisq
group_790	3.57E-02	2.07E-01	6.91E-01	2.45E-03	6.16E-03	1.68E-02	bad-chisq
group_782	3.57E-02	2.07E-01	9.96E-01	1.99E-05	4.05E-03	2.08E-04	bad-chisq
group_697	3.57E-02	2.07E-01	9.38E-01	3.74E-03	4.83E-02	3.28E-03	bad-chisq
pucR	3.57E-02	2.07E-01	6.91E-01	2.45E-03	6.16E-03	1.68E-02	bad-chisq
group_332	3.57E-02	2.07E-01	7.15E-01	1.49E-02	4.09E-02	1.54E-02	bad-chisq
group_324	3.57E-02	1.64E-01	1.29E-01	-7.76E-02	5.10E-02	6.42E-02	
group_193	3.57E-02	2.07E-01	9.37E-01	2.10E-04	2.68E-03	3.32E-03	bad-chisq
group_105	3.57E-02	1.64E-01	1.29E-01	-7.76E-02	5.10E-02	6.42E-02	
group_15216	3.39E-02	5.58E-01	6.62E-01	-1.90E-03	4.36E-03	1.85E-02	
group_15049	3.39E-02	2.19E-01	9.62E-01	1.22E-04	2.56E-03	2.02E-03	bad-chisq
group_15011	3.39E-02	7.48E-01	9.34E-01	4.16E-04	5.05E-03	3.49E-03	bad-chisq
group_14464	3.39E-02	7.48E-01	9.39E-01	3.84E-04	5.05E-03	3.22E-03	bad-chisq
ptsH_2	3.39E-02	7.48E-01	4.78E-02	-1.02E-01	5.16E-02	8.36E-02	bad-chisq
group_13532	3.39E-02	2.19E-01	8.18E-01	1.06E-02	4.58E-02	9.76E-03	bad-chisq
group_13341	3.39E-02	7.48E-01	9.53E-01	2.31E-04	3.92E-03	2.49E-03	bad-chisq
group_13215	3.39E-02	2.19E-01	9.29E-01	5.52E-04	6.16E-03	3.79E-03	bad-chisq
group_13197	3.39E-02	2.19E-01	9.15E-01	5.72E-04	5.34E-03	4.53E-03	bad-chisq
group_13173	3.39E-02	2.19E-01	1.00E+00	3.03E-06	6.20E-03	2.07E-05	bad-chisq
group_13028	3.39E-02	2.19E-01	9.62E-01	1.22E-04	2.56E-03	2.02E-03	bad-chisq
group_13007	3.39E-02	2.19E-01	9.03E-01	7.51E-04	6.18E-03	5.14E-03	bad-chisq
group_12944	3.39E-02	7.48E-01	4.78E-02	-1.02E-01	5.16E-02	8.36E-02	bad-chisq
group_12921	3.39E-02	2.19E-01	9.62E-01	1.22E-04	2.56E-03	2.02E-03	bad-chisq
dfx	3.39E-02	7.48E-01	9.37E-01	-2.33E-04	2.97E-03	3.32E-03	bad-chisq
group_12233	3.39E-02	7.48E-01	9.58E-01	2.59E-03	4.94E-02	2.22E-03	bad-chisq
group_12168	3.39E-02	2.19E-01	3.75E-01	3.45E-03	3.89E-03	3.75E-02	bad-chisq
group_12164	3.39E-02	2.19E-01	9.83E-01	8.70E-05	4.04E-03	9.10E-04	bad-chisq
group_12158	3.39E-02	2.19E-01	9.92E-01	3.72E-05	3.57E-03	4.40E-04	bad-chisq
group_12130	3.39E-02	2.19E-01	9.53E-01	3.61E-04	6.14E-03	2.49E-03	bad-chisq
group_11978	3.39E-02	5.58E-01	9.72E-01	2.14E-04	6.12E-03	1.48E-03	
group_11970	3.39E-02	7.48E-01	7.55E-01	1.05E-02	3.38E-02	1.32E-02	bad-chisq
group_11905	3.21E-02	2.32E-01	9.55E-01	2.31E-04	4.05E-03	2.41E-03	bad-chisq
group_11903	3.21E-02	2.32E-01	9.55E-01	2.31E-04	4.05E-03	2.41E-03	bad-chisq
group_11527	3.39E-02	2.19E-01	9.96E-01	1.95E-05	4.37E-03	1.89E-04	bad-chisq
group_11037	3.39E-02	2.16E-18	4.47E-05	-3.53E-01	8.58E-02	1.71E-01	
rsrIM	3.39E-02	5.58E-01	9.17E-01	-2.87E-04	2.77E-03	4.40E-03	
group_10571	3.39E-02	2.19E-01	9.96E-01	1.99E-05	3.79E-03	2.22E-04	bad-chisq
axe2_2	3.39E-02	2.19E-01	9.09E-01	3.98E-03	3.47E-02	4.85E-03	bad-chisq
group_10443	3.39E-02	7.48E-01	9.77E-01	1.53E-04	5.35E-03	1.21E-03	bad-chisq
group_10316	3.39E-02	2.19E-01	9.98E-01	5.63E-06	2.97E-03	8.02E-05	bad-chisq
group_10181	3.39E-02	7.48E-01	9.92E-01	-4.16E-04	4.01E-02	4.39E-04	bad-chisq
group_10019	3.39E-02	5.58E-01	8.04E-01	-9.45E-03	3.81E-02	1.05E-02	
group_9967	3.39E-02	7.48E-01	9.51E-01	-2.02E-04	3.30E-03	2.58E-03	bad-chisq
btuD_6~~~btuD_2	3.39E-02	2.19E-01	9.95E-01	2.25E-05	3.58E-03	2.66E-04	bad-chisq
rhaR_4~~~rhaR_12~~~rhaR_2~~~rhaR_14~~~rhaR_7	3.39E-02	2.19E-01	9.91E-01	3.89E-05	3.39E-03	4.85E-04	bad-chisq
group_9825	3.39E-02	2.19E-01	9.64E-01	1.85E-04	4.05E-03	1.94E-03	bad-chisq
group_9824	3.39E-02	2.19E-01	9.83E-01	7.13E-05	3.39E-03	8.88E-04	bad-chisq
group_9652	3.39E-02	2.19E-01	1.70E-01	5.86E-02	4.26E-02	5.81E-02	bad-chisq
group_9521	3.39E-02	7.48E-01	9.89E-01	-7.45E-04	5.21E-02	6.05E-04	bad-chisq
group_9449	3.39E-02	1.67E-09	9.79E-01	-2.81E-02	1.08E+00	1.10E-03	
group_9434	3.39E-02	1.36E-01	9.12E-01	-3.49E-04	3.16E-03	4.67E-03	
group_9393	3.39E-02	9.45E-04	3.80E-09	1.71E-01	2.86E-02	2.46E-01	
group_9249	3.39E-02	2.19E-01	7.19E-01	1.23E-02	3.42E-02	1.52E-02	bad-chisq
group_9098	3.39E-02	7.48E-01	9.93E-01	5.38E-05	6.16E-03	3.69E-04	bad-chisq
group_9055	3.21E-02	2.32E-01	4.17E-01	2.75E-03	3.38E-03	3.43E-02	bad-chisq
group_9019	3.39E-02	1.36E-01	8.58E-01	-5.53E-04	3.10E-03	7.55E-03	
group_8936	3.39E-02	7.48E-01	8.93E-01	-5.89E-04	4.36E-03	5.71E-03	bad-chisq
group_8932	3.39E-02	7.48E-01	8.93E-01	-5.89E-04	4.36E-03	5.71E-03	bad-chisq
group_8817	3.39E-02	7.48E-01	9.07E-01	3.47E-04	2.97E-03	4.94E-03	bad-chisq
group_8797	3.39E-02	2.19E-01	9.86E-01	6.41E-05	3.58E-03	7.57E-04	bad-chisq
kdsD	3.39E-02	7.48E-01	4.78E-02	-1.02E-01	5.16E-02	8.36E-02	bad-chisq
group_8639	3.39E-02	2.19E-01	9.52E-01	3.30E-03	5.52E-02	2.53E-03	bad-chisq
group_8555	3.39E-02	2.19E-01	9.21E-01	6.13E-04	6.17E-03	4.20E-03	bad-chisq
group_8503	3.39E-02	7.48E-01	4.78E-02	-1.02E-01	5.16E-02	8.36E-02	bad-chisq
group_8447	3.39E-02	2.19E-01	1.46E-01	8.89E-03	6.11E-03	6.14E-02	bad-chisq
pyrK_1~~~pyrK	3.39E-02	2.19E-01	9.51E-01	2.49E-04	4.05E-03	2.60E-03	bad-chisq
group_8381	3.39E-02	4.08E-12	6.11E-01	-2.70E-02	5.30E-02	2.15E-02	
group_8215	3.39E-02	5.58E-01	8.45E-01	-1.20E-03	6.13E-03	8.29E-03	
group_8188	3.39E-02	2.19E-01	9.35E-01	3.67E-03	4.49E-02	3.45E-03	bad-chisq
group_8069	3.39E-02	2.19E-01	9.90E-01	4.31E-05	3.31E-03	5.52E-04	bad-chisq
group_7728	3.39E-02	5.58E-01	8.97E-01	-7.95E-04	6.14E-03	5.48E-03	
group_7541	3.39E-02	2.19E-01	9.78E-01	7.40E-05	2.69E-03	1.16E-03	bad-chisq
group_7212	3.39E-02	5.58E-01	8.30E-01	-1.14E-03	5.32E-03	9.09E-03	
group_7137	3.39E-02	7.48E-01	9.45E-01	-2.53E-03	3.65E-02	2.93E-03	bad-chisq
flr	3.39E-02	2.19E-01	9.85E-01	8.27E-05	4.37E-03	7.99E-04	bad-chisq
group_7037	3.39E-02	2.19E-01	9.08E-01	4.41E-03	3.83E-02	4.86E-03	bad-chisq
group_6982	3.39E-02	2.19E-01	9.88E-01	4.15E-05	2.77E-03	6.34E-04	bad-chisq
group_6746	3.39E-02	2.19E-01	1.00E+00	3.21E-06	6.20E-03	2.19E-05	bad-chisq
group_6375	3.39E-02	2.19E-01	9.79E-01	8.40E-05	3.24E-03	1.10E-03	bad-chisq
phoP~~~phoP_3~~~phoP_1	3.39E-02	7.48E-01	9.16E-01	-4.11E-04	3.89E-03	4.46E-03	bad-chisq
group_6342	3.39E-02	7.48E-01	9.61E-01	1.82E-04	3.69E-03	2.09E-03	bad-chisq
group_6330	3.39E-02	1.64E-02	1.21E-04	-1.60E-01	4.13E-02	1.62E-01	
group_6226	3.39E-02	2.19E-01	9.86E-01	7.34E-05	4.06E-03	7.66E-04	bad-chisq
group_6174	3.39E-02	2.19E-01	9.62E-01	1.22E-04	2.56E-03	2.02E-03	bad-chisq
group_6173	3.39E-02	2.19E-01	9.54E-01	3.21E-03	5.51E-02	2.46E-03	bad-chisq
group_6147	3.39E-02	2.19E-01	9.29E-01	3.35E-03	3.76E-02	3.77E-03	bad-chisq
feoB_2	3.39E-02	1.36E-01	1.12E-01	-6.30E-02	3.96E-02	6.72E-02	
group_6106	3.39E-02	2.19E-01	9.75E-01	1.93E-04	6.10E-03	1.34E-03	bad-chisq
group_6056	3.39E-02	7.48E-01	7.88E-01	-1.17E-03	4.36E-03	1.14E-02	bad-chisq
group_5888	3.39E-02	7.48E-01	9.91E-01	-6.27E-04	5.37E-02	4.94E-04	bad-chisq
group_5873	3.39E-02	7.48E-01	8.97E-01	-7.93E-04	6.15E-03	5.46E-03	bad-chisq
group_5745	3.39E-02	2.19E-01	8.59E-01	1.09E-03	6.12E-03	7.51E-03	bad-chisq
group_5502	3.39E-02	7.48E-01	6.04E-01	1.85E-03	3.56E-03	2.19E-02	bad-chisq
group_5428	3.39E-02	2.52E-05	2.07E-01	-1.45E-01	1.15E-01	5.33E-02	
group_5224	3.39E-02	7.48E-01	4.78E-02	-1.02E-01	5.16E-02	8.36E-02	bad-chisq
group_5168	3.39E-02	7.48E-01	1.00E+00	1.82E-06	3.40E-03	2.27E-05	bad-chisq
group_5122	3.39E-02	7.48E-01	4.78E-02	-1.02E-01	5.16E-02	8.36E-02	bad-chisq
group_5062	3.39E-02	2.19E-01	9.92E-01	1.22E-03	1.27E-01	4.05E-04	bad-chisq
group_5047	3.39E-02	2.19E-01	9.94E-01	2.10E-05	2.87E-03	3.09E-04	bad-chisq
group_5029	3.39E-02	2.19E-01	8.67E-01	7.75E-03	4.62E-02	7.10E-03	bad-chisq
apsD	3.39E-02	2.19E-01	3.54E-01	4.06E-02	4.38E-02	3.92E-02	bad-chisq
group_4727	3.39E-02	2.19E-01	9.90E-01	5.54E-05	4.37E-03	5.36E-04	bad-chisq
btuD_7~~~uvrA_2~~~btuD_3	3.39E-02	2.19E-01	9.92E-01	1.22E-03	1.27E-01	4.05E-04	bad-chisq
group_4457	3.39E-02	7.48E-01	9.49E-01	-2.21E-04	3.46E-03	2.70E-03	bad-chisq
group_4376	3.39E-02	7.48E-01	9.49E-01	-2.21E-04	3.46E-03	2.70E-03	bad-chisq
group_4365	3.39E-02	2.19E-01	9.82E-01	1.41E-04	6.15E-03	9.69E-04	bad-chisq
uvrA_2~~~uvrA_1	3.39E-02	2.19E-01	6.59E-01	2.06E-02	4.67E-02	1.87E-02	bad-chisq
tdh_2~~~gutB	3.39E-02	7.48E-01	9.91E-01	-6.27E-04	5.37E-02	4.94E-04	bad-chisq
group_4102	3.39E-02	2.19E-01	9.33E-01	2.32E-04	2.77E-03	3.54E-03	bad-chisq
group_4098	3.39E-02	2.19E-01	9.73E-01	1.27E-04	3.70E-03	1.45E-03	bad-chisq
group_3920	3.39E-02	2.19E-01	9.92E-01	4.08E-05	4.04E-03	4.27E-04	bad-chisq
chbR	3.39E-02	2.19E-01	8.09E-01	8.65E-03	3.58E-02	1.02E-02	bad-chisq
group_3617	3.39E-02	2.19E-01	9.86E-01	5.77E-05	3.31E-03	7.38E-04	bad-chisq
group_3540	3.39E-02	2.19E-01	3.06E-01	3.06E-02	2.99E-02	4.33E-02	bad-chisq
group_3481	3.39E-02	5.58E-01	9.20E-01	-4.35E-04	4.36E-03	4.22E-03	
group_3475	3.39E-02	2.19E-01	9.42E-01	3.25E-03	4.50E-02	3.06E-03	bad-chisq
group_3430	3.39E-02	7.48E-01	4.36E-02	-1.06E-01	5.26E-02	8.52E-02	bad-chisq
kbaY_3~~~ydjI	3.39E-02	2.19E-01	3.54E-01	4.06E-02	4.38E-02	3.92E-02	bad-chisq
group_3398	3.39E-02	2.19E-01	3.54E-01	4.06E-02	4.38E-02	3.92E-02	bad-chisq
group_3379	3.39E-02	2.19E-01	9.28E-01	3.26E-03	3.61E-02	3.82E-03	bad-chisq
group_3122	3.39E-02	1.36E-01	1.12E-01	-6.30E-02	3.96E-02	6.72E-02	
group_2758	3.39E-02	2.19E-01	6.91E-01	2.45E-03	6.16E-03	1.68E-02	bad-chisq
cas1	3.39E-02	2.19E-01	7.16E-01	1.50E-02	4.11E-02	1.54E-02	bad-chisq
group_2320	3.39E-02	7.48E-01	9.91E-01	-6.27E-04	5.37E-02	4.94E-04	bad-chisq
group_2252	3.39E-02	7.48E-01	4.78E-02	-1.02E-01	5.16E-02	8.36E-02	bad-chisq
wecH	3.39E-02	7.48E-01	9.49E-01	-2.21E-04	3.46E-03	2.70E-03	bad-chisq
group_2073	3.39E-02	2.19E-01	9.96E-01	1.99E-05	3.79E-03	2.22E-04	bad-chisq
drdA_2	3.39E-02	7.48E-01	4.78E-02	-1.02E-01	5.16E-02	8.36E-02	bad-chisq
xecD~~~gno	3.39E-02	2.19E-01	8.59E-01	1.09E-03	6.11E-03	7.53E-03	bad-chisq
ald_1~~~ald	3.39E-02	7.48E-01	4.78E-02	-1.02E-01	5.16E-02	8.36E-02	bad-chisq
group_1815	3.39E-02	2.19E-01	9.90E-01	2.30E-03	1.83E-01	5.33E-04	bad-chisq
group_1792	3.39E-02	7.48E-01	9.49E-01	-2.21E-04	3.46E-03	2.70E-03	bad-chisq
group_1790	3.39E-02	2.19E-01	9.82E-01	1.41E-04	6.15E-03	9.69E-04	bad-chisq
group_1764	3.39E-02	7.48E-01	8.45E-01	3.03E-02	1.55E-01	8.30E-03	bad-chisq
group_1738	3.39E-02	1.36E-01	1.37E-02	-9.18E-02	3.71E-02	1.04E-01	
group_1734	3.39E-02	2.19E-01	7.78E-01	1.24E-03	4.37E-03	1.19E-02	bad-chisq
group_1639	3.39E-02	7.48E-01	9.81E-01	-1.11E-03	4.59E-02	1.02E-03	bad-chisq
group_1602	3.39E-02	2.19E-01	9.93E-01	3.09E-05	3.79E-03	3.45E-04	bad-chisq
group_1590	3.39E-02	7.48E-01	8.59E-01	-7.31E-03	4.11E-02	7.53E-03	bad-chisq
arlR~~~sphR~~~mprA	3.39E-02	5.58E-01	9.21E-01	4.24E-03	4.29E-02	4.18E-03	
group_1472	3.39E-02	2.19E-01	7.71E-01	1.56E-03	5.34E-03	1.23E-02	bad-chisq
gatC	3.39E-02	7.48E-01	4.36E-02	-1.06E-01	5.26E-02	8.52E-02	bad-chisq
group_826	3.39E-02	2.19E-01	3.54E-01	4.06E-02	4.38E-02	3.92E-02	bad-chisq
group_326	3.39E-02	2.19E-01	9.62E-01	1.22E-04	2.56E-03	2.02E-03	bad-chisq
group_268	3.39E-02	2.19E-01	9.39E-01	2.69E-03	3.50E-02	3.25E-03	bad-chisq
recD2_2	3.39E-02	2.19E-01	9.15E-01	5.72E-04	5.34E-03	4.53E-03	bad-chisq
group_15574	3.21E-02	7.92E-01	9.89E-01	-7.81E-04	5.46E-02	6.05E-04	bad-chisq
group_15551	3.21E-02	7.92E-01	6.10E-01	-3.26E-02	6.40E-02	2.16E-02	bad-chisq
group_15394	3.21E-02	7.92E-01	9.66E-01	2.60E-04	6.13E-03	1.79E-03	bad-chisq
group_15220	3.21E-02	2.32E-01	9.39E-01	4.76E-04	6.18E-03	3.26E-03	bad-chisq
group_15103	3.21E-02	2.32E-01	9.33E-01	5.19E-04	6.15E-03	3.57E-03	bad-chisq
group_14850	3.21E-02	2.32E-01	1.00E+00	2.66E-07	3.40E-03	3.31E-06	bad-chisq
group_14642	3.21E-02	2.32E-01	1.00E+00	2.66E-07	3.40E-03	3.31E-06	bad-chisq
group_14443	3.21E-02	2.32E-01	6.68E-01	2.78E-02	6.48E-02	1.81E-02	bad-chisq
group_14384	3.21E-02	2.32E-01	1.00E+00	2.66E-07	3.40E-03	3.31E-06	bad-chisq
gatB	3.21E-02	7.92E-01	4.12E-02	-1.09E-01	5.32E-02	8.62E-02	bad-chisq
group_14191	3.21E-02	2.32E-01	7.11E-01	1.56E-02	4.19E-02	1.57E-02	bad-chisq
group_13820	3.21E-02	2.32E-01	6.68E-01	2.78E-02	6.48E-02	1.81E-02	bad-chisq
group_13800	3.21E-02	2.32E-01	9.60E-01	1.93E-04	3.79E-03	2.15E-03	bad-chisq
group_13722	3.21E-02	2.32E-01	9.95E-01	2.43E-05	3.79E-03	2.71E-04	bad-chisq
group_13695	3.21E-02	5.05E-01	3.12E-22	-3.90E-01	3.85E-02	3.94E-01	
group_13693	3.21E-02	2.32E-01	1.00E+00	2.66E-07	3.40E-03	3.31E-06	bad-chisq
group_13657	3.21E-02	5.05E-01	9.36E-01	4.93E-04	6.15E-03	3.39E-03	
group_13647	3.21E-02	2.32E-01	9.95E-01	2.43E-05	3.79E-03	2.71E-04	bad-chisq
group_13413	3.03E-02	2.46E-01	9.85E-01	7.79E-05	4.05E-03	8.14E-04	bad-chisq
group_13103	3.03E-02	8.70E-02	9.92E-01	-5.37E-05	5.34E-03	4.26E-04	
group_12749	3.21E-02	2.32E-01	9.97E-01	1.35E-05	3.23E-03	1.77E-04	bad-chisq
group_12596	3.21E-02	1.10E-01	8.48E-01	-6.86E-04	3.57E-03	8.12E-03	
group_12184	3.03E-02	2.46E-01	3.33E-01	3.91E-03	4.04E-03	4.09E-02	bad-chisq
group_12102	3.21E-02	1.10E-01	7.58E-01	1.20E-02	3.90E-02	1.30E-02	
group_12038	3.21E-02	2.32E-01	7.88E-01	1.20E-02	4.47E-02	1.14E-02	bad-chisq
group_11946	3.21E-02	7.92E-01	9.27E-01	-3.67E-03	3.98E-02	3.90E-03	bad-chisq
sphR_2~~~sphR~~~phoP_1~~~regX3_2	3.21E-02	2.32E-01	4.91E-01	2.10E-03	3.04E-03	2.91E-02	bad-chisq
dnaG_1~~~dnaG_2~~~dnaG_5~~~dnaG_8	3.21E-02	5.05E-01	2.56E-10	-2.12E-01	3.29E-02	2.63E-01	
group_11560	3.21E-02	7.92E-01	9.68E-01	2.13E-04	5.34E-03	1.69E-03	bad-chisq
group_11472	3.21E-02	2.32E-01	8.13E-01	8.71E-03	3.67E-02	1.00E-02	bad-chisq
group_11175	3.21E-02	1.02E-07	9.14E-01	-5.57E-03	5.15E-02	4.58E-03	
group_11088	3.21E-02	7.92E-01	9.21E-01	-4.03E-04	4.04E-03	4.21E-03	bad-chisq
group_10949	3.21E-02	2.32E-01	8.81E-01	5.69E-03	3.79E-02	6.34E-03	bad-chisq
group_10899	3.21E-02	2.32E-01	9.92E-01	2.70E-05	2.57E-03	4.45E-04	bad-chisq
yccM	3.21E-02	5.05E-01	9.58E-01	2.31E-04	4.37E-03	2.24E-03	
group_10888	3.21E-02	2.32E-01	9.69E-01	2.10E-04	5.35E-03	1.66E-03	bad-chisq
group_10773	3.21E-02	7.92E-01	6.83E-01	-2.17E-03	5.31E-03	1.73E-02	bad-chisq
group_10706	3.21E-02	7.92E-01	6.30E-01	-2.04E-02	4.24E-02	2.04E-02	bad-chisq
recD2_4~~~recD2_2~~~recD2_1	3.21E-02	2.32E-01	9.61E-01	1.12E-04	2.29E-03	2.07E-03	bad-chisq
group_10405	3.21E-02	2.32E-01	4.38E-01	2.63E-03	3.39E-03	3.28E-02	bad-chisq
group_10374	3.21E-02	5.05E-01	9.11E-01	4.61E-03	4.14E-02	4.71E-03	
group_10342	3.21E-02	5.05E-01	6.95E-01	-2.40E-03	6.11E-03	1.66E-02	
group_10202	3.21E-02	7.92E-01	3.88E-01	3.26E-03	3.78E-03	3.65E-02	bad-chisq
group_10185	3.21E-02	7.92E-01	9.04E-01	-5.28E-04	4.37E-03	5.11E-03	bad-chisq
group_10091	3.21E-02	2.32E-01	9.98E-01	7.26E-06	2.98E-03	1.03E-04	bad-chisq
group_10054	3.21E-02	7.92E-01	5.13E-01	1.88E-03	2.86E-03	2.77E-02	bad-chisq
group_9960	3.21E-02	5.05E-01	9.74E-01	-1.08E-04	3.38E-03	1.35E-03	
group_9932	3.21E-02	2.32E-01	6.96E-01	1.67E-02	4.27E-02	1.66E-02	bad-chisq
group_9814	3.21E-02	2.32E-01	9.95E-01	1.69E-05	2.58E-03	2.78E-04	bad-chisq
group_9758	3.21E-02	7.92E-01	8.25E-01	-9.63E-04	4.36E-03	9.34E-03	bad-chisq
group_9739	3.21E-02	2.32E-01	3.68E-01	3.08E-03	3.42E-03	3.81E-02	bad-chisq
group_9661	3.21E-02	2.32E-01	9.70E-01	8.76E-05	2.35E-03	1.58E-03	bad-chisq
group_9658	3.21E-02	7.92E-01	2.61E-01	5.20E-02	4.62E-02	4.76E-02	bad-chisq
group_9426	3.21E-02	1.14E-02	8.63E-01	-9.10E-03	5.27E-02	7.31E-03	
xerD_2~~~xerD_3~~~xerC_6~~~xerD~~~xerD_1	3.21E-02	1.10E-01	9.55E-01	-2.51E-03	4.42E-02	2.40E-03	
group_9285	3.21E-02	2.32E-01	7.19E-01	1.24E-02	3.44E-02	1.52E-02	bad-chisq
group_9250	3.21E-02	2.32E-01	7.21E-01	1.24E-02	3.45E-02	1.51E-02	bad-chisq
group_9103	3.21E-02	2.32E-01	7.09E-01	1.34E-02	3.59E-02	1.58E-02	bad-chisq
group_9058	3.21E-02	7.92E-01	9.55E-01	-1.61E-04	2.87E-03	2.37E-03	bad-chisq
group_9056	3.03E-02	2.46E-01	4.17E-01	2.75E-03	3.38E-03	3.43E-02	bad-chisq
pglD	3.21E-02	7.92E-01	6.10E-01	-3.26E-02	6.40E-02	2.16E-02	bad-chisq
pyrE_2~~~pyrE_1	3.21E-02	2.32E-01	9.87E-01	6.39E-05	4.05E-03	6.67E-04	bad-chisq
group_9031	3.21E-02	5.05E-01	9.25E-01	-3.85E-04	4.06E-03	4.01E-03	
group_9007	3.21E-02	7.92E-01	9.91E-01	-4.36E-05	3.91E-03	4.71E-04	bad-chisq
group_8975	3.21E-02	2.32E-01	7.32E-01	1.14E-02	3.33E-02	1.45E-02	bad-chisq
group_8870	3.21E-02	2.32E-01	7.09E-01	1.34E-02	3.59E-02	1.58E-02	bad-chisq
group_8852	3.21E-02	2.32E-01	9.94E-01	2.10E-05	3.05E-03	2.92E-04	bad-chisq
group_8820	3.21E-02	5.05E-01	7.33E-01	1.92E-02	5.64E-02	1.44E-02	
group_8810	3.21E-02	2.32E-01	8.64E-01	6.93E-04	4.04E-03	7.25E-03	bad-chisq
group_8795	3.21E-02	2.32E-01	9.97E-01	1.39E-05	3.69E-03	1.59E-04	bad-chisq
group_8703	3.21E-02	2.32E-01	9.69E-01	2.40E-04	6.14E-03	1.65E-03	bad-chisq
group_8637	3.21E-02	2.32E-01	6.69E-01	1.87E-02	4.35E-02	1.81E-02	bad-chisq
xerC_10~~~IntTn_3~~~xerC_15~~~xerC_20~~~xerC_7	3.21E-02	2.32E-01	8.75E-01	6.52E-03	4.15E-02	6.65E-03	bad-chisq
group_8420	3.21E-02	2.32E-01	8.78E-01	6.86E-03	4.46E-02	6.51E-03	bad-chisq
group_8293	3.21E-02	7.92E-01	8.78E-01	-9.45E-04	6.15E-03	6.50E-03	bad-chisq
group_8275	3.21E-02	7.92E-01	8.86E-01	-8.82E-04	6.14E-03	6.08E-03	bad-chisq
group_8032	3.21E-02	2.32E-01	7.66E-01	1.20E-03	4.04E-03	1.26E-02	bad-chisq
group_8025	3.21E-02	7.92E-01	5.04E-02	-1.00E-01	5.10E-02	8.26E-02	bad-chisq
group_7977	3.21E-02	2.32E-01	6.68E-01	2.78E-02	6.48E-02	1.81E-02	bad-chisq
group_7877	3.21E-02	5.05E-01	3.67E-01	-3.08E-02	3.41E-02	3.81E-02	
mshA_2~~~mshA_3	3.21E-02	2.32E-01	9.89E-01	4.54E-05	3.31E-03	5.80E-04	bad-chisq
group_7727	3.21E-02	2.32E-01	6.41E-01	1.86E-02	4.00E-02	1.97E-02	bad-chisq
group_7586	3.21E-02	2.32E-01	9.89E-01	4.57E-05	3.23E-03	5.97E-04	bad-chisq
group_7514	3.03E-02	2.46E-01	9.55E-01	2.29E-04	4.05E-03	2.40E-03	bad-chisq
group_7381	3.21E-02	2.32E-01	9.72E-01	1.89E-04	5.35E-03	1.49E-03	bad-chisq
group_7378	3.21E-02	2.32E-01	5.22E-01	2.53E-02	3.94E-02	2.71E-02	bad-chisq
group_7337	3.21E-02	7.92E-01	8.99E-01	7.81E-04	6.13E-03	5.39E-03	bad-chisq
group_7157	3.21E-02	2.32E-01	9.89E-01	7.37E-05	5.33E-03	5.85E-04	bad-chisq
group_7133	3.21E-02	5.05E-01	4.90E-01	-3.29E-02	4.76E-02	2.92E-02	
group_7131	3.21E-02	7.92E-01	4.43E-01	2.71E-02	3.53E-02	3.24E-02	bad-chisq
group_7063	3.21E-02	2.32E-01	1.00E+00	1.89E-06	5.37E-03	1.49E-05	bad-chisq
group_6999	3.21E-02	7.92E-01	9.61E-01	-2.99E-04	6.12E-03	2.07E-03	bad-chisq
group_6669	3.21E-02	7.92E-01	8.91E-01	-8.51E-04	6.18E-03	5.82E-03	bad-chisq
group_6568	3.21E-02	1.14E-02	9.79E-01	-1.42E-04	5.34E-03	1.13E-03	
rbsC_3~~~rbsC_5~~~rbsC_7	3.21E-02	5.05E-01	9.37E-01	4.88E-04	6.15E-03	3.36E-03	
group_6560	3.21E-02	5.05E-01	9.37E-01	4.88E-04	6.15E-03	3.36E-03	
group_6557	3.21E-02	7.92E-01	6.26E-01	-3.47E-02	7.12E-02	2.06E-02	bad-chisq
rnj	3.21E-02	7.92E-01	9.94E-01	-3.11E-05	4.05E-03	3.25E-04	bad-chisq
group_6367	3.21E-02	2.32E-01	9.87E-01	5.48E-05	3.39E-03	6.84E-04	bad-chisq
degV	3.21E-02	2.32E-01	8.66E-01	6.81E-03	4.02E-02	7.16E-03	bad-chisq
group_6051	3.21E-02	1.10E-01	2.83E-01	-7.63E-02	7.09E-02	4.54E-02	
group_5897	3.21E-02	7.92E-01	9.94E-01	-3.11E-05	4.05E-03	3.25E-04	bad-chisq
pyrI_2~~~pyrI	3.21E-02	2.32E-01	9.85E-01	1.16E-04	6.13E-03	8.01E-04	bad-chisq
group_5803	3.21E-02	2.32E-01	7.72E-01	1.55E-03	5.35E-03	1.23E-02	bad-chisq
group_5667	3.21E-02	7.92E-01	7.66E-01	-1.83E-03	6.15E-03	1.26E-02	bad-chisq
group_5463	3.21E-02	7.92E-01	9.39E-01	3.84E-04	5.05E-03	3.22E-03	bad-chisq
group_5443	3.21E-02	2.32E-01	9.26E-01	5.70E-04	6.17E-03	3.91E-03	bad-chisq
group_5358	3.21E-02	2.32E-01	9.96E-01	3.37E-05	6.13E-03	2.33E-04	bad-chisq
group_5286	3.21E-02	7.92E-01	9.52E-01	-1.71E-04	2.82E-03	2.56E-03	bad-chisq
group_5278	3.21E-02	7.92E-01	6.92E-01	1.81E-02	4.57E-02	1.68E-02	bad-chisq
pyrB_2~~~pyrB	3.21E-02	2.32E-01	9.85E-01	1.18E-04	6.13E-03	8.12E-04	bad-chisq
group_4982	3.21E-02	2.32E-01	1.00E+00	1.89E-06	5.37E-03	1.49E-05	bad-chisq
group_4969	3.21E-02	2.32E-01	7.88E-01	1.20E-02	4.47E-02	1.14E-02	bad-chisq
COQ5_9~~~COQ5_13~~~COQ5_1	3.03E-02	2.46E-01	9.97E-01	1.12E-05	2.98E-03	1.60E-04	bad-chisq
rcsC~~~rcsC_1~~~sasA_3	3.21E-02	7.92E-01	9.16E-01	-4.11E-04	3.90E-03	4.46E-03	bad-chisq
group_4688	3.21E-02	1.13E-05	5.77E-01	-2.84E-02	5.09E-02	2.36E-02	
group_4681	3.21E-02	2.32E-01	9.24E-01	5.83E-04	6.14E-03	4.01E-03	bad-chisq
group_4571	3.21E-02	7.92E-01	9.61E-01	-2.11E-04	4.36E-03	2.05E-03	bad-chisq
group_4139	3.21E-02	5.05E-01	9.88E-01	-7.36E-04	4.92E-02	6.32E-04	
group_4049	3.21E-02	2.32E-01	9.45E-01	2.68E-04	3.91E-03	2.90E-03	bad-chisq
group_3932	3.21E-02	7.92E-01	9.09E-01	1.17E-02	1.03E-01	4.83E-03	bad-chisq
group_3646	3.21E-02	2.32E-01	9.81E-01	6.81E-05	2.83E-03	1.02E-03	bad-chisq
group_3584	3.21E-02	5.05E-01	4.35E-01	-5.71E-02	7.30E-02	3.31E-02	
pknD_3	3.21E-02	2.32E-01	9.95E-01	6.13E-04	9.03E-02	2.87E-04	bad-chisq
group_3299	3.21E-02	2.32E-01	9.94E-01	6.94E-04	8.69E-02	3.38E-04	bad-chisq
group_3206	3.21E-02	1.29E-54	1.70E-06	-5.06E-01	1.05E-01	2.00E-01	bad-chisq
group_3170	3.21E-02	2.32E-01	9.98E-01	1.03E-05	4.39E-03	9.96E-05	bad-chisq
group_3155	3.21E-02	2.32E-01	9.62E-01	1.22E-04	2.56E-03	2.02E-03	bad-chisq
rhaR_6~~~rssB_2	3.21E-02	7.92E-01	6.26E-01	-3.47E-02	7.12E-02	2.06E-02	bad-chisq
fruK~~~mglA_1~~~mglA_7	3.21E-02	5.05E-01	9.37E-01	4.88E-04	6.15E-03	3.36E-03	
group_3119	3.21E-02	7.92E-01	6.26E-01	-3.47E-02	7.12E-02	2.06E-02	bad-chisq
group_2830	3.21E-02	2.32E-01	1.00E+00	6.45E-07	4.05E-03	6.74E-06	bad-chisq
group_2767	3.21E-02	2.32E-01	9.75E-01	1.67E-04	5.36E-03	1.32E-03	bad-chisq
group_2524	3.21E-02	7.92E-01	4.48E-01	-2.96E-02	3.89E-02	3.21E-02	bad-chisq
lgt_3~~~lgt_1~~~lgt_2	3.21E-02	5.05E-01	3.15E-01	5.36E-03	5.33E-03	4.25E-02	
epsJ	3.21E-02	7.92E-01	9.47E-01	-3.02E-03	4.53E-02	2.82E-03	bad-chisq
group_2211	3.21E-02	7.92E-01	4.12E-02	-1.09E-01	5.32E-02	8.62E-02	bad-chisq
group_2173	3.21E-02	1.14E-02	5.62E-01	2.26E-02	3.90E-02	2.45E-02	
group_2115	3.21E-02	2.32E-01	4.19E-01	3.07E-02	3.80E-02	3.42E-02	bad-chisq
group_2087	3.21E-02	2.32E-01	4.19E-01	3.07E-02	3.80E-02	3.42E-02	bad-chisq
lytR	3.21E-02	2.32E-01	7.08E-01	1.61E-02	4.28E-02	1.59E-02	bad-chisq
thpA_2	3.21E-02	5.05E-01	9.36E-01	4.93E-04	6.15E-03	3.39E-03	
group_1766	3.21E-02	5.05E-01	9.36E-01	4.93E-04	6.15E-03	3.39E-03	
group_1549	3.21E-02	5.05E-01	8.01E-01	-9.57E-04	3.79E-03	1.07E-02	
group_1359	3.21E-02	7.92E-01	6.26E-01	-3.47E-02	7.12E-02	2.06E-02	bad-chisq
araQ_2~~~araQ_4	3.21E-02	7.92E-01	6.26E-01	-3.47E-02	7.12E-02	2.06E-02	bad-chisq
group_994	3.21E-02	2.32E-01	9.30E-01	5.36E-04	6.14E-03	3.69E-03	bad-chisq
group_636	3.21E-02	2.32E-01	9.91E-01	1.36E-03	1.25E-01	4.62E-04	bad-chisq
lldP	3.21E-02	2.32E-01	9.39E-01	4.76E-04	6.18E-03	3.26E-03	bad-chisq
group_413	3.21E-02	7.92E-01	6.26E-01	-3.47E-02	7.12E-02	2.06E-02	bad-chisq
group_314	3.21E-02	7.92E-01	6.26E-01	-3.47E-02	7.12E-02	2.06E-02	bad-chisq
group_284	3.21E-02	7.92E-01	4.69E-19	-3.32E-01	3.59E-02	3.64E-01	bad-chisq
group_228	3.21E-02	7.92E-01	6.26E-01	-3.47E-02	7.12E-02	2.06E-02	bad-chisq
group_15514	3.03E-02	2.46E-01	6.53E-01	3.07E-02	6.81E-02	1.90E-02	bad-chisq
group_15490	3.03E-02	8.39E-01	3.63E-01	-3.34E-02	3.67E-02	3.85E-02	bad-chisq
group_15380	3.03E-02	2.46E-01	9.90E-01	4.94E-05	3.91E-03	5.34E-04	bad-chisq
group_15346	3.03E-02	2.46E-01	8.13E-01	8.65E-03	3.66E-02	1.00E-02	bad-chisq
group_15280	3.03E-02	2.46E-01	6.53E-01	3.07E-02	6.81E-02	1.90E-02	bad-chisq
group_14866	3.03E-02	8.39E-01	9.60E-01	-3.05E-04	6.13E-03	2.10E-03	bad-chisq
group_14856	2.85E-02	2.61E-01	9.31E-01	5.32E-04	6.16E-03	3.65E-03	bad-chisq
group_14037	3.03E-02	2.46E-01	6.53E-01	3.07E-02	6.81E-02	1.90E-02	bad-chisq
higA2	3.03E-02	7.62E-03	3.25E-02	-7.46E-02	3.48E-02	9.03E-02	
group_13885	3.03E-02	2.46E-01	9.90E-01	4.94E-05	3.91E-03	5.34E-04	bad-chisq
group_13843	3.03E-02	8.39E-01	9.75E-01	1.19E-03	3.79E-02	1.33E-03	bad-chisq
group_13762	3.03E-02	8.39E-01	9.60E-01	-3.05E-04	6.13E-03	2.10E-03	bad-chisq
group_13741	3.03E-02	2.46E-01	4.17E-01	3.10E-02	3.81E-02	3.43E-02	bad-chisq
group_13425	3.03E-02	2.46E-01	4.17E-01	3.10E-02	3.81E-02	3.43E-02	bad-chisq
group_13158	3.03E-02	2.46E-01	6.53E-01	3.07E-02	6.81E-02	1.90E-02	bad-chisq
group_13144	3.03E-02	2.46E-01	9.90E-01	6.86E-05	5.31E-03	5.46E-04	bad-chisq
group_13110	3.03E-02	8.70E-02	7.22E-01	-1.64E-02	4.60E-02	1.50E-02	
group_13094	3.03E-02	2.46E-01	9.18E-01	3.34E-04	3.23E-03	4.36E-03	bad-chisq
group_12825	3.03E-02	2.46E-01	4.17E-01	3.10E-02	3.81E-02	3.43E-02	bad-chisq
group_12769	3.03E-02	2.46E-01	4.57E-01	4.28E-02	5.74E-02	3.15E-02	bad-chisq
group_12249	3.03E-02	8.39E-01	9.74E-01	-1.96E-04	6.13E-03	1.35E-03	bad-chisq
group_12202	3.03E-02	2.46E-01	9.94E-01	1.80E-05	2.41E-03	3.14E-04	bad-chisq
group_12183	2.85E-02	2.61E-01	9.54E-01	2.32E-04	4.05E-03	2.42E-03	bad-chisq
group_12182	2.85E-02	2.61E-01	9.54E-01	2.32E-04	4.05E-03	2.42E-03	bad-chisq
group_12173	3.03E-02	2.46E-01	3.71E-01	3.49E-03	3.90E-03	3.79E-02	bad-chisq
group_12099	3.03E-02	4.51E-01	8.68E-01	6.59E-03	3.96E-02	7.03E-03	
group_12072	3.03E-02	8.39E-01	9.75E-01	1.19E-03	3.79E-02	1.33E-03	bad-chisq
group_11956	3.03E-02	4.51E-01	9.35E-01	5.01E-04	6.14E-03	3.45E-03	
group_11954	3.03E-02	8.39E-01	9.74E-01	-1.96E-04	6.13E-03	1.35E-03	bad-chisq
group_11851	3.03E-02	2.46E-01	9.81E-01	7.22E-05	3.10E-03	9.86E-04	bad-chisq
wapA	3.03E-02	8.39E-01	9.63E-01	-1.86E-04	4.05E-03	1.95E-03	bad-chisq
group_11759	3.03E-02	4.59E-06	1.00E+00	-5.16E-05	1.67E-01	1.31E-05	
group_11666	3.03E-02	8.39E-01	9.52E-01	-1.63E-04	2.68E-03	2.57E-03	bad-chisq
malT_3~~~malT_1	3.03E-02	8.39E-01	6.90E-01	2.67E-02	6.68E-02	1.69E-02	bad-chisq
group_11441	3.03E-02	4.51E-01	9.60E-01	-1.45E-04	2.87E-03	2.14E-03	
group_11413	3.03E-02	8.39E-01	7.87E-01	-9.96E-04	3.69E-03	1.14E-02	bad-chisq
group_11407	3.03E-02	8.70E-02	9.94E-01	2.16E-05	2.87E-03	3.18E-04	
group_11397	3.03E-02	2.46E-01	8.74E-01	4.95E-03	3.11E-02	6.73E-03	bad-chisq
larA~~~larA_1	3.03E-02	4.51E-01	7.58E-01	1.73E-02	5.60E-02	1.31E-02	
group_11172	3.03E-02	8.70E-02	8.01E-01	9.08E-03	3.61E-02	1.06E-02	
group_11112	3.03E-02	8.39E-01	6.12E-01	1.83E-02	3.60E-02	2.15E-02	bad-chisq
group_10925	3.03E-02	2.46E-01	9.63E-01	2.05E-04	4.37E-03	1.98E-03	bad-chisq
group_10923	3.03E-02	2.46E-01	9.92E-01	6.21E-05	6.15E-03	4.27E-04	bad-chisq
group_10663	3.03E-02	2.46E-01	9.89E-01	7.50E-05	5.35E-03	5.93E-04	bad-chisq
group_10426	3.03E-02	3.03E-08	1.00E+00	3.81E-06	6.20E-03	2.60E-05	
group_10395	3.03E-02	3.03E-08	1.00E+00	3.81E-06	6.20E-03	2.60E-05	
group_10352	3.03E-02	4.59E-06	5.36E-01	-4.74E-02	7.65E-02	2.62E-02	
group_10254	3.03E-02	4.51E-01	3.49E-01	-3.86E-02	4.12E-02	3.96E-02	
group_10097	3.03E-02	2.46E-01	9.86E-01	1.06E-04	6.18E-03	7.25E-04	bad-chisq
group_9907	3.03E-02	2.46E-01	9.98E-01	1.44E-05	6.14E-03	9.91E-05	bad-chisq
btuD_5~~~msbA~~~msbA_2~~~btuD_8	3.03E-02	2.46E-01	9.96E-01	2.47E-05	4.38E-03	2.39E-04	bad-chisq
group_9586	3.03E-02	7.62E-03	3.22E-01	4.94E-03	4.99E-03	4.19E-02	
group_9547	3.03E-02	7.62E-03	8.63E-01	-9.50E-03	5.51E-02	7.29E-03	
group_9430	3.03E-02	2.46E-01	9.77E-01	1.26E-04	4.37E-03	1.22E-03	bad-chisq
group_9244	3.03E-02	7.62E-03	8.98E-01	-4.88E-03	3.80E-02	5.44E-03	
group_9168	3.03E-02	2.46E-01	9.26E-01	4.24E-03	4.57E-02	3.93E-03	bad-chisq
xerC_4~~~xerD_2~~~xerC_5~~~xerC_9~~~xerC_2	3.03E-02	2.46E-01	5.07E-01	2.46E-02	3.70E-02	2.80E-02	bad-chisq
group_8934	3.03E-02	2.46E-01	9.56E-01	2.94E-04	5.37E-03	2.32E-03	bad-chisq
group_8910	3.03E-02	2.46E-01	9.98E-01	7.96E-06	3.10E-03	1.09E-04	bad-chisq
group_8875	3.03E-02	2.46E-01	9.92E-01	6.37E-05	6.15E-03	4.39E-04	bad-chisq
group_8866	3.03E-02	2.46E-01	9.95E-01	1.96E-05	3.05E-03	2.72E-04	bad-chisq
group_8612	3.03E-02	2.46E-01	9.65E-01	2.18E-04	5.02E-03	1.84E-03	bad-chisq
group_8554	3.03E-02	2.46E-01	9.27E-01	5.66E-04	6.17E-03	3.88E-03	bad-chisq
group_8487	3.03E-02	2.46E-01	9.21E-01	5.25E-04	5.32E-03	4.18E-03	bad-chisq
pyrF_2~~~pyrF	3.03E-02	2.46E-01	9.87E-01	6.39E-05	4.05E-03	6.67E-04	bad-chisq
group_8336	3.03E-02	2.46E-01	3.68E-01	3.41E-02	3.78E-02	3.80E-02	bad-chisq
group_8225	3.03E-02	2.46E-01	2.99E-01	4.52E-03	4.35E-03	4.39E-02	bad-chisq
IntTn~~~xerC_6	3.03E-02	2.46E-01	9.27E-01	4.75E-03	5.18E-02	3.88E-03	bad-chisq
group_7838	3.03E-02	8.39E-01	9.95E-01	2.72E-05	4.38E-03	2.62E-04	bad-chisq
group_7608	3.03E-02	2.46E-01	9.96E-01	2.15E-05	4.35E-03	2.09E-04	bad-chisq
group_7594	3.03E-02	2.46E-01	9.43E-01	2.98E-03	4.14E-02	3.05E-03	bad-chisq
noc_2~~~noc~~~noc_4	3.03E-02	2.46E-01	9.64E-01	1.83E-04	4.06E-03	1.91E-03	bad-chisq
group_7267	3.03E-02	3.03E-08	4.89E-01	-3.14E-02	4.54E-02	2.93E-02	
group_7204	3.03E-02	2.46E-01	9.87E-01	8.57E-05	5.06E-03	7.16E-04	bad-chisq
group_7180	3.03E-02	2.46E-01	1.00E+00	2.99E-06	6.18E-03	2.05E-05	bad-chisq
group_7160	3.03E-02	2.46E-01	8.62E-01	9.25E-04	5.33E-03	7.34E-03	bad-chisq
group_7145	3.03E-02	4.51E-01	7.33E-01	-1.03E-03	3.04E-03	1.44E-02	
group_7127	3.03E-02	2.46E-01	9.88E-01	5.26E-05	3.41E-03	6.52E-04	bad-chisq
xerC_2~~~xerD_3~~~xerC_4	3.03E-02	2.46E-01	9.32E-01	4.03E-03	4.75E-02	3.59E-03	bad-chisq
yrhH	3.03E-02	8.39E-01	9.44E-01	1.95E-04	2.77E-03	2.97E-03	bad-chisq
group_6927	3.03E-02	2.46E-01	9.87E-01	8.57E-05	5.06E-03	7.16E-04	bad-chisq
group_6926	3.03E-02	8.39E-01	9.01E-01	-7.65E-04	6.17E-03	5.24E-03	bad-chisq
pyrD_2~~~pyrD	3.03E-02	2.46E-01	9.87E-01	6.39E-05	4.05E-03	6.67E-04	bad-chisq
group_6530	3.03E-02	8.39E-01	8.88E-01	-7.56E-04	5.35E-03	5.98E-03	bad-chisq
group_6511	3.03E-02	2.46E-01	9.98E-01	6.06E-06	2.51E-03	1.02E-04	bad-chisq
group_6322	3.03E-02	2.46E-01	9.52E-01	3.66E-03	6.09E-02	2.54E-03	bad-chisq
group_6316	3.03E-02	2.46E-01	4.17E-01	3.10E-02	3.81E-02	3.43E-02	bad-chisq
group_6242	3.03E-02	2.46E-01	9.94E-01	1.81E-05	2.53E-03	3.04E-04	bad-chisq
group_6119	3.03E-02	2.46E-01	6.06E-01	1.95E-02	3.77E-02	2.18E-02	bad-chisq
group_5954	3.03E-02	8.39E-01	8.84E-01	-6.35E-04	4.36E-03	6.15E-03	bad-chisq
group_5943	3.03E-02	2.46E-01	1.00E+00	1.16E-06	4.07E-03	1.21E-05	bad-chisq
xylH_2~~~xylH_1	3.03E-02	8.70E-02	8.29E-01	-1.04E-02	4.82E-02	9.14E-03	
group_5678	3.03E-02	2.46E-01	8.89E-01	8.58E-04	6.14E-03	5.91E-03	bad-chisq
group_5676	3.03E-02	2.46E-01	9.88E-01	5.26E-05	3.41E-03	6.52E-04	bad-chisq
group_5664	3.03E-02	2.46E-01	9.90E-01	4.94E-05	3.91E-03	5.34E-04	bad-chisq
group_5596	3.03E-02	2.46E-01	9.95E-01	1.44E-05	2.21E-03	2.76E-04	bad-chisq
group_5578	3.03E-02	2.46E-01	8.54E-01	1.37E-02	7.45E-02	7.79E-03	bad-chisq
group_5534	3.03E-02	2.46E-01	9.97E-01	8.61E-06	2.00E-03	1.82E-04	bad-chisq
group_5412	3.03E-02	8.39E-01	1.79E-01	-5.37E-02	3.99E-02	5.68E-02	bad-chisq
garL	3.03E-02	2.46E-01	4.17E-01	3.10E-02	3.81E-02	3.43E-02	bad-chisq
group_5363	3.03E-02	4.51E-01	4.81E-01	-3.42E-02	4.86E-02	2.98E-02	
group_5274	3.03E-02	2.46E-01	9.97E-01	1.81E-05	4.37E-03	1.75E-04	bad-chisq
group_5144	3.03E-02	4.59E-06	8.36E-01	-1.09E-02	5.27E-02	8.77E-03	
group_4854	3.03E-02	2.46E-01	9.87E-01	8.57E-05	5.06E-03	7.16E-04	bad-chisq
group_4801	3.03E-02	8.39E-01	9.67E-01	-2.25E-03	5.47E-02	1.74E-03	bad-chisq
group_4751	3.03E-02	2.46E-01	6.54E-01	2.75E-03	6.12E-03	1.90E-02	bad-chisq
group_4735	3.03E-02	2.46E-01	8.13E-01	8.65E-03	3.66E-02	1.00E-02	bad-chisq
group_4719	3.03E-02	2.46E-01	9.81E-01	7.62E-05	3.17E-03	1.01E-03	bad-chisq
group_4651	3.03E-02	2.46E-01	8.54E-01	1.37E-02	7.45E-02	7.79E-03	bad-chisq
higB2	3.03E-02	7.62E-03	3.25E-02	-7.46E-02	3.48E-02	9.03E-02	
group_4517	3.03E-02	8.39E-01	9.67E-01	-2.25E-03	5.47E-02	1.74E-03	bad-chisq
hexR_1	3.03E-02	2.46E-01	9.66E-01	1.72E-04	4.05E-03	1.79E-03	bad-chisq
group_4381	3.03E-02	8.39E-01	9.66E-01	-2.68E-04	6.19E-03	1.83E-03	bad-chisq
group_4233	3.03E-02	2.46E-01	9.58E-01	2.83E-04	5.37E-03	2.23E-03	bad-chisq
group_4207	3.03E-02	2.46E-01	9.21E-01	3.37E-03	3.38E-02	4.21E-03	bad-chisq
group_4055	3.03E-02	2.88E-04	6.29E-01	-2.62E-02	5.41E-02	2.05E-02	
group_3872	3.03E-02	8.39E-01	9.27E-01	-5.66E-04	6.17E-03	3.88E-03	bad-chisq
group_3793	3.03E-02	3.03E-08	6.85E-01	2.14E-02	5.28E-02	1.72E-02	
group_3728	3.03E-02	8.39E-01	9.67E-01	-2.25E-03	5.47E-02	1.74E-03	bad-chisq
group_3702	3.03E-02	8.39E-01	3.66E-01	-4.15E-02	4.59E-02	3.83E-02	bad-chisq
group_3534	3.03E-02	2.46E-01	9.66E-01	1.72E-04	4.05E-03	1.79E-03	bad-chisq
group_3476	3.03E-02	8.39E-01	5.84E-01	-4.12E-02	7.51E-02	2.32E-02	bad-chisq
group_3436	3.03E-02	2.46E-01	9.60E-01	2.69E-04	5.37E-03	2.12E-03	bad-chisq
group_3321	3.03E-02	8.39E-01	1.20E-33	-5.74E-01	4.44E-02	4.80E-01	bad-chisq
btuD_4	3.03E-02	2.46E-01	9.87E-01	8.57E-05	5.06E-03	7.16E-04	bad-chisq
group_3239	3.03E-02	2.46E-01	1.00E+00	2.99E-06	6.18E-03	2.05E-05	bad-chisq
group_3235	3.03E-02	2.46E-01	8.59E-01	1.09E-03	6.12E-03	7.51E-03	bad-chisq
group_3221	2.85E-02	2.61E-01	9.84E-01	7.96E-05	4.05E-03	8.31E-04	bad-chisq
group_3141	3.03E-02	8.39E-01	8.18E-01	1.17E-02	5.08E-02	9.74E-03	bad-chisq
group_3034	3.03E-02	8.70E-02	8.74E-01	-6.93E-04	4.35E-03	6.74E-03	
group_3000	3.03E-02	2.46E-01	9.66E-01	1.72E-04	4.05E-03	1.79E-03	bad-chisq
group_2992	3.03E-02	2.46E-01	9.92E-01	2.45E-05	2.33E-03	4.45E-04	bad-chisq
group_2933	3.03E-02	8.39E-01	5.79E-01	1.98E-02	3.57E-02	2.35E-02	bad-chisq
group_2870	3.03E-02	2.46E-01	4.17E-01	3.10E-02	3.81E-02	3.43E-02	bad-chisq
group_2841	3.03E-02	2.46E-01	8.54E-01	1.37E-02	7.45E-02	7.79E-03	bad-chisq
group_2705	2.85E-02	2.61E-01	9.95E-01	2.34E-05	4.05E-03	2.44E-04	bad-chisq
group_2578	3.03E-02	2.46E-01	9.68E-01	2.01E-04	5.03E-03	1.69E-03	bad-chisq
group_2535	3.03E-02	8.39E-01	9.67E-01	-2.25E-03	5.47E-02	1.74E-03	bad-chisq
group_2321	2.85E-02	6.69E-02	8.38E-01	-1.09E-03	5.34E-03	8.65E-03	
group_2136	3.03E-02	2.46E-01	4.57E-01	4.28E-02	5.74E-02	3.15E-02	bad-chisq
group_2105	3.03E-02	8.39E-01	9.53E-01	2.30E-04	3.92E-03	2.49E-03	bad-chisq
dxs_2~~~dxs_1	3.03E-02	2.46E-01	9.87E-01	8.57E-05	5.06E-03	7.16E-04	bad-chisq
group_1903	3.03E-02	2.46E-01	9.87E-01	8.57E-05	5.06E-03	7.16E-04	bad-chisq
lacF_1	3.03E-02	2.46E-01	9.87E-01	8.57E-05	5.06E-03	7.16E-04	bad-chisq
group_1679	3.03E-02	2.46E-01	4.17E-01	3.10E-02	3.81E-02	3.43E-02	bad-chisq
hpdA_2~~~hpdA_1	3.03E-02	2.46E-01	4.57E-01	4.28E-02	5.74E-02	3.15E-02	bad-chisq
group_1589	3.03E-02	4.51E-01	8.01E-01	-9.58E-04	3.79E-03	1.07E-02	
oppF_1	3.03E-02	2.46E-01	9.56E-01	2.93E-04	5.36E-03	2.31E-03	bad-chisq
group_1337	3.03E-02	2.46E-01	9.56E-01	2.93E-04	5.36E-03	2.31E-03	bad-chisq
iolO	3.03E-02	2.46E-01	4.15E-01	4.12E-02	5.05E-02	3.45E-02	bad-chisq
cpg2_1	3.03E-02	2.46E-01	9.56E-01	2.93E-04	5.36E-03	2.31E-03	bad-chisq
group_1193	3.03E-02	2.46E-01	9.61E-01	3.03E-04	6.15E-03	2.08E-03	bad-chisq
group_1114	3.03E-02	2.46E-01	9.87E-01	8.57E-05	5.06E-03	7.16E-04	bad-chisq
dctM	3.03E-02	2.46E-01	4.57E-01	4.28E-02	5.74E-02	3.15E-02	bad-chisq
group_1035	3.03E-02	2.46E-01	9.58E-01	2.83E-04	5.37E-03	2.23E-03	bad-chisq
group_1018	3.03E-02	2.46E-01	9.66E-01	1.72E-04	4.05E-03	1.79E-03	bad-chisq
group_925	3.03E-02	8.39E-01	9.67E-01	-2.25E-03	5.47E-02	1.74E-03	bad-chisq
gabD	3.03E-02	2.46E-01	8.54E-01	1.37E-02	7.45E-02	7.79E-03	bad-chisq
group_781	3.03E-02	2.46E-01	9.87E-01	8.57E-05	5.06E-03	7.16E-04	bad-chisq
bfrA_1	3.03E-02	2.46E-01	9.87E-01	8.57E-05	5.06E-03	7.16E-04	bad-chisq
group_536	3.03E-02	2.46E-01	1.00E+00	2.99E-06	6.18E-03	2.05E-05	bad-chisq
group_516	3.03E-02	2.46E-01	9.56E-01	2.93E-04	5.36E-03	2.31E-03	bad-chisq
araB	3.03E-02	2.46E-01	9.87E-01	8.57E-05	5.06E-03	7.16E-04	bad-chisq
group_281	3.03E-02	4.51E-01	8.51E-01	-7.33E-04	3.91E-03	7.92E-03	
group_240	3.03E-02	2.46E-01	9.66E-01	1.72E-04	4.05E-03	1.79E-03	bad-chisq
yicI	3.03E-02	8.39E-01	9.67E-01	-2.25E-03	5.47E-02	1.74E-03	bad-chisq
group_27	3.03E-02	2.46E-01	9.66E-01	1.72E-04	4.05E-03	1.79E-03	bad-chisq
group_15342	2.85E-02	8.90E-01	9.88E-01	-8.00E-04	5.49E-02	6.17E-04	bad-chisq
group_15186	2.67E-02	2.77E-01	7.28E-01	1.59E-02	4.57E-02	1.47E-02	bad-chisq
group_14674	2.85E-02	2.61E-01	5.57E-01	2.57E-02	4.38E-02	2.48E-02	bad-chisq
group_14257	2.85E-02	2.61E-01	9.97E-01	1.80E-05	4.38E-03	1.74E-04	bad-chisq
group_14108	2.85E-02	8.90E-01	9.12E-01	-4.49E-04	4.05E-03	4.68E-03	bad-chisq
group_14042	2.85E-02	8.90E-01	9.14E-01	-6.72E-04	6.18E-03	4.60E-03	bad-chisq
group_13966	2.85E-02	8.90E-01	9.86E-01	6.92E-05	3.92E-03	7.47E-04	bad-chisq
group_13473	2.85E-02	8.90E-01	9.57E-01	-2.17E-04	4.05E-03	2.27E-03	bad-chisq
group_13362	2.85E-02	8.90E-01	9.86E-01	6.92E-05	3.92E-03	7.47E-04	bad-chisq
group_13303	2.85E-02	2.61E-01	9.97E-01	1.80E-05	4.38E-03	1.74E-04	bad-chisq
group_12939	2.85E-02	8.90E-01	9.93E-01	3.22E-05	3.79E-03	3.60E-04	bad-chisq
group_12855	2.85E-02	8.90E-01	9.86E-01	6.68E-05	3.92E-03	7.21E-04	bad-chisq
group_12719	2.85E-02	2.61E-01	1.00E+00	5.45E-07	5.37E-03	4.29E-06	bad-chisq
group_12685	2.85E-02	2.61E-01	9.38E-01	2.20E-04	2.82E-03	3.30E-03	bad-chisq
group_12286	2.85E-02	8.90E-01	9.62E-01	-2.93E-04	6.15E-03	2.01E-03	bad-chisq
group_12277	2.85E-02	3.97E-01	9.96E-01	-2.83E-05	5.33E-03	2.24E-04	
group_12276	2.85E-02	8.90E-01	9.74E-01	-1.97E-04	6.13E-03	1.36E-03	bad-chisq
group_12254	2.85E-02	2.61E-01	9.44E-01	4.32E-04	6.16E-03	2.96E-03	bad-chisq
group_12203	2.85E-02	3.97E-01	9.96E-01	-2.83E-05	5.33E-03	2.24E-04	
group_12117	2.85E-02	3.97E-01	7.84E-01	1.61E-02	5.88E-02	1.16E-02	
group_12101	2.85E-02	8.90E-01	8.57E-01	7.64E-03	4.25E-02	7.61E-03	bad-chisq
group_12069	2.85E-02	8.90E-01	6.59E-02	-1.27E-01	6.91E-02	7.77E-02	bad-chisq
dnaG_9~~~radA_1~~~dnaG_2~~~radA_2~~~dnaG_1	2.85E-02	2.61E-01	5.74E-01	1.37E-03	2.44E-03	2.38E-02	bad-chisq
group_11743	2.85E-02	8.90E-01	9.10E-01	-6.87E-04	6.10E-03	4.76E-03	bad-chisq
group_11694	2.85E-02	2.61E-01	9.76E-01	1.87E-04	6.13E-03	1.29E-03	bad-chisq
group_11577	2.85E-02	8.90E-01	3.05E-25	-4.38E-01	4.02E-02	4.19E-01	bad-chisq
group_11528	2.85E-02	4.83E-03	4.92E-01	4.48E-02	6.51E-02	2.91E-02	
group_11513	2.85E-02	2.61E-01	5.35E-01	1.66E-03	2.68E-03	2.62E-02	bad-chisq
group_11504	2.85E-02	2.61E-01	9.76E-01	1.83E-04	6.15E-03	1.26E-03	bad-chisq
mtlD_1~~~mtlD~~~mtlD_2	2.85E-02	8.90E-01	6.51E-01	1.63E-02	3.60E-02	1.91E-02	bad-chisq
group_11337	2.85E-02	2.61E-01	9.92E-01	2.62E-05	2.46E-03	4.50E-04	bad-chisq
group_11197	2.85E-02	8.90E-01	9.94E-01	2.24E-05	3.24E-03	2.93E-04	bad-chisq
ydjH~~~ydjH_2	2.85E-02	1.37E-11	9.72E-01	3.57E-03	1.03E-01	1.47E-03	
group_11118	2.85E-02	6.69E-02	9.04E-01	1.06E-02	8.82E-02	5.09E-03	
group_11110	2.85E-02	2.61E-01	9.25E-01	3.81E-03	4.03E-02	4.00E-03	bad-chisq
sugC~~~malK~~~btuD_5	2.67E-02	9.44E-01	8.39E-01	8.90E-04	4.37E-03	8.61E-03	bad-chisq
group_10917	2.85E-02	2.61E-01	8.40E-01	1.41E-02	6.98E-02	8.52E-03	bad-chisq
group_10865	2.85E-02	2.61E-01	5.35E-01	1.66E-03	2.68E-03	2.62E-02	bad-chisq
group_10804	2.85E-02	6.69E-02	8.41E-01	1.25E-02	6.20E-02	8.52E-03	
group_10781	2.85E-02	8.90E-01	9.87E-01	-4.53E-05	2.77E-03	6.91E-04	bad-chisq
phnV	2.67E-02	9.44E-01	8.39E-01	8.90E-04	4.37E-03	8.61E-03	bad-chisq
group_10634	2.85E-02	2.61E-01	9.62E-01	2.12E-03	4.48E-02	2.00E-03	bad-chisq
group_10492	2.85E-02	1.67E-06	3.34E-01	-3.89E-02	4.03E-02	4.08E-02	
group_10415	2.85E-02	8.90E-01	9.11E-01	-4.91E-03	4.41E-02	4.71E-03	bad-chisq
group_10363	2.85E-02	2.61E-01	9.57E-01	1.75E-03	3.24E-02	2.29E-03	bad-chisq
intQ~~~xerC_5~~~IntTn	2.85E-02	3.97E-01	7.04E-01	-1.40E-03	3.68E-03	1.61E-02	
group_10253	2.85E-02	1.37E-11	7.86E-01	-2.88E-01	1.06E+00	1.15E-02	
group_10225	2.85E-02	8.90E-01	8.75E-01	-7.23E-04	4.59E-03	6.66E-03	bad-chisq
group_10117	2.85E-02	3.97E-01	8.95E-01	4.97E-03	3.77E-02	5.57E-03	
minD_2~~~minD_1	2.85E-02	2.61E-01	9.96E-01	1.31E-05	2.89E-03	1.91E-04	bad-chisq
group_9987	2.85E-02	2.61E-01	9.76E-01	1.61E-04	5.35E-03	1.27E-03	bad-chisq
group_9979	2.85E-02	2.61E-01	9.42E-01	2.68E-04	3.68E-03	3.08E-03	bad-chisq
group_9914	2.85E-02	2.61E-01	6.13E-01	2.38E-02	4.70E-02	2.14E-02	bad-chisq
group_9892	2.85E-02	2.61E-01	9.32E-01	5.27E-04	6.15E-03	3.63E-03	bad-chisq
group_9867	2.85E-02	2.61E-01	1.00E+00	1.52E-06	6.19E-03	1.04E-05	bad-chisq
ytbE~~~morA	2.85E-02	6.69E-02	9.98E-01	1.54E-05	6.16E-03	1.06E-04	
yfcE	2.85E-02	8.90E-01	6.71E-01	-2.62E-03	6.18E-03	1.80E-02	bad-chisq
group_9711	2.85E-02	8.90E-01	9.53E-01	-3.63E-04	6.16E-03	2.49E-03	bad-chisq
group_9649	2.85E-02	2.61E-01	8.88E-01	7.93E-03	5.64E-02	5.95E-03	bad-chisq
group_9629	2.85E-02	4.83E-03	9.39E-01	3.46E-03	4.49E-02	3.26E-03	
group_9568	2.85E-02	2.61E-01	9.99E-01	5.18E-06	2.98E-03	7.36E-05	bad-chisq
group_9353	2.85E-02	8.90E-01	9.64E-01	2.40E-04	5.35E-03	1.89E-03	bad-chisq
group_9351	2.85E-02	8.90E-01	4.29E-19	3.03E-01	3.27E-02	3.65E-01	bad-chisq
group_9148	2.85E-02	2.61E-01	9.97E-01	2.68E-05	6.17E-03	1.84E-04	bad-chisq
group_9138	2.85E-02	2.61E-01	9.77E-01	1.77E-04	6.16E-03	1.21E-03	bad-chisq
group_8974	2.85E-02	8.90E-01	5.54E-01	-3.43E-02	5.79E-02	2.50E-02	bad-chisq
group_8968	2.85E-02	2.61E-01	9.94E-01	4.32E-05	6.17E-03	2.96E-04	bad-chisq
group_8950	2.85E-02	8.90E-01	9.02E-01	-6.19E-04	5.03E-03	5.21E-03	bad-chisq
group_8765	2.85E-02	8.90E-01	9.73E-01	-1.30E-04	3.79E-03	1.45E-03	bad-chisq
rssB_1~~~rssB_2	2.85E-02	8.90E-01	2.54E-01	-5.35E-02	4.69E-02	4.82E-02	bad-chisq
group_8597	2.85E-02	2.61E-01	9.92E-01	6.38E-05	6.15E-03	4.39E-04	bad-chisq
group_8545	2.85E-02	8.90E-01	3.01E-01	-4.74E-02	4.58E-02	4.37E-02	bad-chisq
group_8526	2.85E-02	2.61E-01	9.63E-01	1.86E-04	4.06E-03	1.94E-03	bad-chisq
hrb	2.85E-02	2.61E-01	9.28E-01	2.66E-04	2.92E-03	3.85E-03	bad-chisq
group_8453	2.85E-02	8.90E-01	5.54E-01	-3.43E-02	5.79E-02	2.50E-02	bad-chisq
xdhA_1~~~xdhA	2.85E-02	6.69E-02	9.27E-01	-3.49E-04	3.80E-03	3.89E-03	
group_8403	2.85E-02	3.97E-01	3.97E-01	-4.51E-02	5.32E-02	3.58E-02	
araA_2~~~araA_3	2.85E-02	2.61E-01	9.69E-01	2.12E-04	5.36E-03	1.67E-03	bad-chisq
group_8361	2.85E-02	2.61E-01	1.00E+00	8.14E-07	3.40E-03	1.01E-05	bad-chisq
group_8230	2.85E-02	2.61E-01	9.75E-01	1.67E-04	5.36E-03	1.32E-03	bad-chisq
group_8218	2.85E-02	2.61E-01	9.97E-01	1.80E-05	4.38E-03	1.74E-04	bad-chisq
group_7999	2.85E-02	2.61E-01	7.13E-01	1.31E-02	3.55E-02	1.56E-02	bad-chisq
group_7968	2.85E-02	8.90E-01	8.86E-01	-7.64E-04	5.35E-03	6.05E-03	bad-chisq
group_7813	2.85E-02	2.61E-01	7.13E-01	1.31E-02	3.55E-02	1.56E-02	bad-chisq
ydiP_2	2.85E-02	8.90E-01	9.07E-01	-5.12E-04	4.37E-03	4.95E-03	bad-chisq
group_7460	2.85E-02	2.61E-01	9.82E-01	9.61E-05	4.36E-03	9.32E-04	bad-chisq
IntTn_1~~~IntTn	2.85E-02	2.61E-01	9.79E-01	1.61E-04	6.15E-03	1.11E-03	bad-chisq
group_7387	2.85E-02	8.90E-01	8.86E-01	-7.64E-04	5.35E-03	6.05E-03	bad-chisq
dinG	2.85E-02	2.61E-01	9.95E-01	2.46E-05	4.05E-03	2.57E-04	bad-chisq
group_7130	2.85E-02	2.61E-01	9.75E-01	1.67E-04	5.36E-03	1.32E-03	bad-chisq
group_7119	2.85E-02	8.90E-01	9.58E-01	-2.84E-04	5.36E-03	2.24E-03	bad-chisq
group_6933	2.85E-02	2.61E-01	9.78E-01	9.17E-05	3.40E-03	1.14E-03	bad-chisq
group_6890	2.85E-02	3.97E-01	9.87E-01	6.06E-05	3.70E-03	6.93E-04	
group_6854	2.85E-02	4.83E-03	8.51E-03	-1.31E-01	4.97E-02	1.11E-01	
group_6821	2.85E-02	3.97E-01	9.90E-01	4.74E-05	3.79E-03	5.30E-04	
group_6715	2.85E-02	8.90E-01	5.30E-02	7.04E-02	3.63E-02	8.17E-02	bad-chisq
group_6712	2.85E-02	3.97E-01	8.97E-01	-1.69E-02	1.30E-01	5.49E-03	
group_6642	2.85E-02	8.90E-01	9.86E-01	6.92E-05	3.92E-03	7.47E-04	bad-chisq
group_6614	2.85E-02	8.90E-01	9.92E-01	3.07E-05	3.24E-03	4.01E-04	bad-chisq
group_6588	2.85E-02	2.61E-01	9.95E-01	1.37E-05	2.03E-03	2.85E-04	bad-chisq
perR_2~~~perR_1	2.85E-02	1.42E-48	2.13E-01	-9.46E-02	7.59E-02	5.27E-02	bad-chisq
group_6558	2.85E-02	8.90E-01	9.92E-01	3.88E-05	3.79E-03	4.33E-04	bad-chisq
group_6553	2.85E-02	8.90E-01	9.92E-01	5.97E-05	6.13E-03	4.12E-04	bad-chisq
group_6476	2.85E-02	8.90E-01	9.81E-01	1.43E-04	6.14E-03	9.85E-04	bad-chisq
group_6461	2.85E-02	2.61E-01	9.88E-01	5.21E-05	3.41E-03	6.46E-04	bad-chisq
group_6450	2.85E-02	2.61E-01	9.33E-01	3.66E-04	4.35E-03	3.56E-03	bad-chisq
group_6415	2.85E-02	2.61E-01	9.73E-01	1.14E-04	3.40E-03	1.42E-03	bad-chisq
group_6353	2.85E-02	2.61E-01	1.00E+00	9.98E-07	4.07E-03	1.04E-05	bad-chisq
group_6295	2.85E-02	2.61E-01	9.96E-01	2.11E-05	4.04E-03	2.20E-04	bad-chisq
group_6140	2.85E-02	2.61E-01	9.69E-01	2.12E-04	5.36E-03	1.67E-03	bad-chisq
group_6108	2.85E-02	2.61E-01	9.82E-01	9.69E-05	4.35E-03	9.41E-04	bad-chisq
group_6099	2.85E-02	3.97E-01	5.72E-01	1.79E-03	3.16E-03	2.39E-02	
group_6039	2.85E-02	3.97E-01	8.27E-01	-7.80E-04	3.58E-03	9.22E-03	
group_6037	2.85E-02	4.83E-03	8.51E-03	-1.31E-01	4.97E-02	1.11E-01	
group_5832	2.85E-02	8.90E-01	8.98E-01	-6.51E-04	5.05E-03	5.45E-03	bad-chisq
group_5735	2.85E-02	8.90E-01	8.94E-01	-8.15E-04	6.12E-03	5.63E-03	bad-chisq
group_5717	2.85E-02	4.83E-03	6.23E-01	-2.03E-02	4.12E-02	2.08E-02	
group_5708	2.85E-02	8.90E-01	7.68E-01	1.65E-02	5.60E-02	1.25E-02	bad-chisq
group_5617	2.85E-02	8.90E-01	5.07E-01	-2.16E-02	3.25E-02	2.81E-02	bad-chisq
group_5570	2.85E-02	2.61E-01	6.25E-01	3.51E-02	7.18E-02	2.07E-02	bad-chisq
group_5456	2.85E-02	2.61E-01	9.47E-01	2.91E-04	4.37E-03	2.82E-03	bad-chisq
group_5387	2.85E-02	2.61E-01	9.89E-01	8.29E-05	6.18E-03	5.67E-04	bad-chisq
group_5362	2.85E-02	8.90E-01	9.14E-01	-6.72E-04	6.18E-03	4.60E-03	bad-chisq
group_5214	2.85E-02	2.61E-01	1.00E+00	1.89E-06	5.37E-03	1.49E-05	bad-chisq
group_5137	2.85E-02	3.97E-01	9.51E-01	-9.98E-03	1.62E-01	2.61E-03	
group_5038	2.85E-02	8.90E-01	9.93E-01	3.22E-05	3.79E-03	3.60E-04	bad-chisq
xynR_1~~~rhmR~~~xynR_2	2.85E-02	9.78E-27	5.94E-04	-2.30E-01	6.65E-02	1.45E-01	
group_4967	2.85E-02	8.90E-01	2.54E-01	-5.35E-02	4.69E-02	4.82E-02	bad-chisq
group_4964	2.85E-02	2.61E-01	5.57E-01	2.57E-02	4.38E-02	2.48E-02	bad-chisq
group_4877	2.85E-02	8.90E-01	9.94E-01	2.06E-05	2.98E-03	2.93E-04	bad-chisq
group_4875	2.85E-02	2.61E-01	9.97E-01	1.80E-05	4.38E-03	1.74E-04	bad-chisq
group_4846	2.85E-02	2.61E-01	9.93E-01	4.41E-05	5.04E-03	3.70E-04	bad-chisq
lsrF	2.85E-02	8.90E-01	9.57E-01	-2.17E-04	4.05E-03	2.27E-03	bad-chisq
group_4777	2.85E-02	2.61E-01	1.00E+00	8.14E-07	3.40E-03	1.01E-05	bad-chisq
group_4773	2.85E-02	2.61E-01	1.00E+00	8.14E-07	3.40E-03	1.01E-05	bad-chisq
group_4770	2.85E-02	2.61E-01	1.00E+00	9.98E-07	4.07E-03	1.04E-05	bad-chisq
group_4769	2.85E-02	3.97E-01	4.89E-01	3.66E-02	5.28E-02	2.93E-02	
group_4763	2.85E-02	2.61E-01	9.84E-01	1.22E-04	6.15E-03	8.40E-04	bad-chisq
apaH	2.85E-02	2.61E-01	6.25E-01	3.51E-02	7.18E-02	2.07E-02	bad-chisq
COQ5_2~~~COQ5_3	2.85E-02	8.90E-01	8.88E-01	8.36E-03	5.96E-02	5.94E-03	bad-chisq
group_4473	2.85E-02	4.83E-03	7.52E-03	-1.36E-01	5.05E-02	1.13E-01	
group_4456	2.85E-02	8.90E-01	2.54E-01	-5.35E-02	4.69E-02	4.82E-02	bad-chisq
ydjH	2.85E-02	2.61E-01	8.71E-01	1.32E-02	8.14E-02	6.86E-03	bad-chisq
dpnA~~~yhdJ	2.85E-02	2.61E-01	9.96E-01	2.11E-05	4.04E-03	2.20E-04	bad-chisq
group_4306	2.85E-02	2.61E-01	9.96E-01	1.94E-05	4.37E-03	1.88E-04	bad-chisq
ulaE_2	2.85E-02	2.61E-01	7.45E-01	2.01E-02	6.18E-02	1.37E-02	bad-chisq
group_4259	2.85E-02	4.83E-03	7.52E-03	-1.36E-01	5.05E-02	1.13E-01	
xerD_1~~~xerC_2~~~xerC_6	2.85E-02	3.97E-01	5.67E-01	3.09E-02	5.40E-02	2.42E-02	
group_4156	2.85E-02	2.61E-01	9.94E-01	4.49E-05	6.16E-03	3.08E-04	bad-chisq
group_4136	2.85E-02	8.90E-01	2.54E-01	-5.35E-02	4.69E-02	4.82E-02	bad-chisq
group_4065	2.85E-02	4.83E-03	8.51E-03	-1.31E-01	4.97E-02	1.11E-01	
ydjI	2.85E-02	2.61E-01	8.71E-01	1.32E-02	8.14E-02	6.86E-03	bad-chisq
group_3908	2.85E-02	2.61E-01	9.93E-01	2.30E-05	2.56E-03	3.79E-04	bad-chisq
group_3772	2.85E-02	2.61E-01	8.56E-01	1.11E-03	6.12E-03	7.69E-03	bad-chisq
group_3751	2.85E-02	2.61E-01	9.88E-01	5.52E-04	3.53E-02	6.62E-04	bad-chisq
group_3624	2.85E-02	2.61E-01	1.66E-01	8.47E-03	6.11E-03	5.86E-02	bad-chisq
group_3582	2.85E-02	2.61E-01	9.98E-01	1.38E-05	6.14E-03	9.49E-05	bad-chisq
group_3571	2.85E-02	2.61E-01	9.92E-01	6.42E-05	6.15E-03	4.41E-04	bad-chisq
group_3444	2.85E-02	8.90E-01	9.86E-01	6.92E-05	3.92E-03	7.47E-04	bad-chisq
group_3377	2.85E-02	8.90E-01	9.86E-01	6.68E-05	3.92E-03	7.21E-04	bad-chisq
group_3351	2.85E-02	2.61E-01	4.77E-01	3.52E-02	4.94E-02	3.01E-02	bad-chisq
group_3323	2.85E-02	8.90E-01	9.30E-01	-3.54E-04	4.05E-03	3.70E-03	bad-chisq
group_3320	2.85E-02	2.61E-01	9.69E-01	2.12E-04	5.36E-03	1.67E-03	bad-chisq
group_3310	2.85E-02	2.61E-01	9.70E-01	1.05E-04	2.82E-03	1.57E-03	bad-chisq
cynR_3	2.85E-02	2.61E-01	5.57E-01	2.57E-02	4.38E-02	2.48E-02	bad-chisq
ansB	2.85E-02	2.61E-01	9.72E-01	2.17E-04	6.19E-03	1.48E-03	bad-chisq
group_2596	2.85E-02	4.83E-03	8.51E-03	-1.31E-01	4.97E-02	1.11E-01	
group_2486	2.85E-02	8.90E-01	1.84E-01	-7.56E-02	5.68E-02	5.62E-02	bad-chisq
group_2470	2.85E-02	8.90E-01	7.68E-01	1.65E-02	5.60E-02	1.25E-02	bad-chisq
group_2388	2.85E-02	4.83E-03	1.28E-01	-7.71E-02	5.05E-02	6.44E-02	
group_2357	2.85E-02	8.90E-01	9.88E-01	-8.00E-04	5.49E-02	6.17E-04	bad-chisq
group_2226	2.85E-02	8.90E-01	9.86E-01	6.92E-05	3.92E-03	7.47E-04	bad-chisq
group_2164	2.85E-02	2.61E-01	9.59E-01	2.74E-04	5.37E-03	2.16E-03	bad-chisq
group_2090	2.85E-02	8.90E-01	9.86E-01	6.68E-05	3.92E-03	7.21E-04	bad-chisq
group_2026	2.85E-02	8.90E-01	9.86E-01	6.73E-05	3.92E-03	7.27E-04	bad-chisq
group_1840	2.85E-02	2.61E-01	9.46E-01	4.16E-04	6.12E-03	2.88E-03	bad-chisq
group_1763	2.85E-02	2.61E-01	8.71E-01	1.32E-02	8.14E-02	6.86E-03	bad-chisq
group_1723	2.85E-02	2.61E-01	9.64E-01	2.77E-04	6.18E-03	1.90E-03	bad-chisq
group_1714	2.85E-02	2.61E-01	9.93E-01	2.30E-05	2.56E-03	3.79E-04	bad-chisq
soj_4~~~soj_1	2.85E-02	8.90E-01	9.59E-01	-1.76E-04	3.39E-03	2.19E-03	bad-chisq
group_1650	2.85E-02	2.61E-01	9.72E-01	2.17E-04	6.19E-03	1.48E-03	bad-chisq
group_1641	2.85E-02	2.61E-01	6.95E-01	2.32E-02	5.92E-02	1.66E-02	bad-chisq
xylG~~~rbsA_3	2.85E-02	2.61E-01	8.71E-01	1.32E-02	8.14E-02	6.86E-03	bad-chisq
cpg2_3	2.85E-02	2.61E-01	5.57E-01	2.57E-02	4.38E-02	2.48E-02	bad-chisq
group_1387	2.85E-02	2.61E-01	8.71E-01	1.32E-02	8.14E-02	6.86E-03	bad-chisq
group_1340	2.85E-02	2.61E-01	9.72E-01	1.80E-04	5.03E-03	1.51E-03	bad-chisq
bssD~~~cutD_3	2.85E-02	2.61E-01	8.71E-01	1.32E-02	8.14E-02	6.86E-03	bad-chisq
group_1175	2.85E-02	2.61E-01	5.57E-01	2.57E-02	4.38E-02	2.48E-02	bad-chisq
gltP_1	2.85E-02	2.61E-01	5.57E-01	2.57E-02	4.38E-02	2.48E-02	bad-chisq
group_927	2.85E-02	8.90E-01	7.68E-01	1.65E-02	5.60E-02	1.25E-02	bad-chisq
group_916	2.85E-02	2.61E-01	1.00E+00	5.45E-07	5.37E-03	4.29E-06	bad-chisq
group_855	2.85E-02	2.61E-01	1.00E+00	5.45E-07	5.37E-03	4.29E-06	bad-chisq
group_847	2.85E-02	2.61E-01	8.71E-01	1.32E-02	8.14E-02	6.86E-03	bad-chisq
group_628	2.85E-02	2.61E-01	1.00E+00	3.79E-07	4.06E-03	3.94E-06	bad-chisq
treS	2.85E-02	8.90E-01	9.91E-01	6.97E-05	6.15E-03	4.79E-04	bad-chisq
group_312	2.85E-02	2.61E-01	9.98E-01	5.06E-06	2.66E-03	8.04E-05	bad-chisq
group_204	2.85E-02	2.61E-01	8.71E-01	1.32E-02	8.14E-02	6.86E-03	bad-chisq
group_18668	2.67E-02	2.77E-01	6.80E-01	1.32E-02	3.19E-02	1.74E-02	bad-chisq
group_15478	2.67E-02	9.44E-01	6.51E-01	1.93E-02	4.26E-02	1.91E-02	bad-chisq
group_15379	2.67E-02	9.44E-01	9.27E-01	-5.66E-04	6.17E-03	3.88E-03	bad-chisq
group_15376	2.67E-02	3.44E-01	9.69E-01	-2.40E-04	6.14E-03	1.65E-03	
group_15155	2.67E-02	2.77E-01	9.05E-01	5.07E-03	4.26E-02	5.03E-03	bad-chisq
group_14946	2.67E-02	2.77E-01	5.17E-01	2.14E-02	3.30E-02	2.74E-02	bad-chisq
group_14083	2.67E-02	2.77E-01	9.88E-01	7.44E-05	5.03E-03	6.26E-04	bad-chisq
group_13987	2.67E-02	9.44E-01	1.15E-01	-6.56E-02	4.16E-02	6.66E-02	bad-chisq
glpE_2	2.67E-02	2.77E-01	9.88E-01	7.63E-05	5.03E-03	6.41E-04	bad-chisq
group_13838	2.67E-02	9.44E-01	9.95E-01	2.15E-05	3.79E-03	2.40E-04	bad-chisq
group_13690	2.67E-02	2.77E-01	6.79E-01	3.30E-02	7.97E-02	1.75E-02	bad-chisq
group_13447	2.67E-02	2.77E-01	8.71E-01	8.36E-03	5.14E-02	6.87E-03	bad-chisq
group_13407	2.67E-02	9.44E-01	9.86E-01	7.50E-05	4.37E-03	7.25E-04	bad-chisq
group_13364	2.67E-02	9.44E-01	9.86E-01	7.50E-05	4.37E-03	7.25E-04	bad-chisq
group_13222	2.67E-02	2.77E-01	9.92E-01	2.96E-05	2.91E-03	4.30E-04	bad-chisq
group_13156	2.67E-02	3.44E-01	6.06E-01	-3.19E-03	6.18E-03	2.18E-02	
group_13150	2.67E-02	2.77E-01	9.02E-01	7.59E-03	6.17E-02	5.20E-03	bad-chisq
group_13093	2.67E-02	9.44E-01	1.15E-01	-6.56E-02	4.16E-02	6.66E-02	bad-chisq
group_12948	2.67E-02	9.44E-01	6.18E-01	-3.07E-03	6.16E-03	2.11E-02	bad-chisq
group_12724	2.67E-02	2.77E-01	9.86E-01	6.88E-05	3.92E-03	7.42E-04	bad-chisq
group_12683	2.67E-02	2.77E-01	2.54E-01	5.73E-03	5.02E-03	4.82E-02	bad-chisq
group_12582	2.67E-02	3.44E-01	8.29E-01	-7.74E-04	3.57E-03	9.16E-03	
group_12227	2.67E-02	9.44E-01	2.28E-01	7.38E-03	6.12E-03	5.09E-02	bad-chisq
group_12222	2.67E-02	2.77E-01	2.26E-01	6.46E-03	5.33E-03	5.12E-02	bad-chisq
group_12107	2.67E-02	2.77E-01	8.49E-01	9.74E-03	5.10E-02	8.07E-03	bad-chisq
group_11846	2.67E-02	9.44E-01	8.15E-01	1.25E-02	5.34E-02	9.93E-03	bad-chisq
group_11824	2.67E-02	2.77E-01	8.79E-01	6.75E-03	4.42E-02	6.46E-03	bad-chisq
group_11799	2.67E-02	2.77E-01	1.76E-01	6.77E-03	5.00E-03	5.72E-02	bad-chisq
yhcG~~~yhcG_2	2.67E-02	9.44E-01	1.75E-01	-8.28E-03	6.10E-03	5.73E-02	bad-chisq
rhaR_13~~~rhaR_11~~~rhaR_3~~~rhaR_2~~~araC	2.67E-02	6.40E-05	8.57E-06	-2.22E-01	4.93E-02	1.87E-01	
group_11727	2.67E-02	2.77E-01	9.44E-01	3.49E-04	5.01E-03	2.95E-03	bad-chisq
group_11644	2.67E-02	2.77E-01	9.96E-01	1.30E-05	2.89E-03	1.90E-04	bad-chisq
group_11624	2.67E-02	2.77E-01	7.49E-01	1.07E-02	3.35E-02	1.35E-02	bad-chisq
group_11467	2.67E-02	2.77E-01	9.79E-01	1.21E-04	4.59E-03	1.12E-03	bad-chisq
group_11417	2.67E-02	9.44E-01	9.00E-01	7.70E-04	6.15E-03	5.30E-03	bad-chisq
group_11126	2.67E-02	1.62E-09	9.13E-01	-1.30E-01	1.19E+00	4.62E-03	
group_11090	2.67E-02	1.62E-09	9.94E-01	-3.73E-04	5.16E-02	3.06E-04	
group_11051	2.67E-02	1.62E-09	9.13E-01	-1.30E-01	1.19E+00	4.62E-03	
group_10953	2.67E-02	9.44E-01	9.92E-01	2.70E-05	2.87E-03	3.98E-04	bad-chisq
group_10913	2.67E-02	2.77E-01	1.65E-01	5.96E-02	4.29E-02	5.86E-02	bad-chisq
group_10905	2.67E-02	2.77E-01	9.83E-01	1.14E-03	5.26E-02	9.20E-04	bad-chisq
group_10885	2.67E-02	9.44E-01	9.31E-01	3.09E-04	3.57E-03	3.66E-03	bad-chisq
group_10824	2.67E-02	9.44E-01	2.87E-01	-5.38E-02	5.05E-02	4.50E-02	bad-chisq
group_10805	2.67E-02	9.44E-01	2.87E-01	-5.38E-02	5.05E-02	4.50E-02	bad-chisq
group_10757	2.67E-02	9.44E-01	2.87E-01	-5.38E-02	5.05E-02	4.50E-02	bad-chisq
group_10655	2.67E-02	2.77E-01	9.52E-01	2.56E-03	4.30E-02	2.52E-03	bad-chisq
group_10633	2.67E-02	9.44E-01	9.97E-01	-2.26E-05	5.34E-03	1.79E-04	bad-chisq
group_10615	2.67E-02	2.77E-01	8.55E-01	1.12E-03	6.13E-03	7.73E-03	bad-chisq
group_10506	2.67E-02	9.44E-01	9.45E-01	-1.85E-04	2.68E-03	2.92E-03	bad-chisq
group_10268	2.67E-02	1.80E-12	1.85E-01	-6.97E-02	5.26E-02	5.60E-02	
group_10154	2.67E-02	2.77E-01	9.95E-01	2.78E-05	4.36E-03	2.69E-04	bad-chisq
group_10150	2.67E-02	2.77E-01	9.95E-01	2.10E-05	3.57E-03	2.49E-04	bad-chisq
group_10055	2.67E-02	9.44E-01	9.99E-01	6.59E-06	6.11E-03	4.57E-05	bad-chisq
group_9989	2.67E-02	2.77E-01	9.97E-01	9.34E-06	2.89E-03	1.37E-04	bad-chisq
group_9988	2.67E-02	9.44E-01	6.19E-01	-2.08E-02	4.18E-02	2.11E-02	bad-chisq
group_9897	2.67E-02	9.44E-01	9.71E-01	-1.57E-04	4.37E-03	1.52E-03	bad-chisq
group_9562	2.67E-02	2.77E-01	3.96E-01	4.50E-02	5.30E-02	3.59E-02	bad-chisq
group_9381	2.67E-02	1.62E-09	9.13E-01	-1.30E-01	1.19E+00	4.62E-03	
group_9365	2.67E-02	9.44E-01	4.60E-01	3.22E-03	4.35E-03	3.13E-02	bad-chisq
group_9313	2.67E-02	2.77E-01	7.20E-01	1.40E-02	3.91E-02	1.52E-02	bad-chisq
group_9258	2.67E-02	9.44E-01	8.15E-01	1.25E-02	5.34E-02	9.93E-03	bad-chisq
group_9046	2.67E-02	2.77E-01	9.14E-01	4.37E-04	4.04E-03	4.57E-03	bad-chisq
group_8775	2.67E-02	2.77E-01	7.10E-01	1.36E-02	3.65E-02	1.57E-02	bad-chisq
group_8715	2.67E-02	2.77E-01	7.44E-01	1.23E-02	3.76E-02	1.38E-02	bad-chisq
group_8677	2.67E-02	3.44E-01	8.23E-01	-9.80E-04	4.37E-03	9.49E-03	
group_8644	2.67E-02	2.77E-01	9.85E-01	6.37E-05	3.40E-03	7.92E-04	bad-chisq
group_8506	2.67E-02	2.77E-01	9.93E-01	5.40E-05	6.18E-03	3.70E-04	bad-chisq
group_8479	2.67E-02	9.44E-01	8.89E-01	-7.45E-04	5.34E-03	5.89E-03	bad-chisq
group_8472	2.50E-02	2.94E-01	9.92E-01	3.61E-05	3.40E-03	4.49E-04	bad-chisq
group_8463	2.67E-02	2.77E-01	9.81E-01	1.04E-04	4.37E-03	1.01E-03	bad-chisq
group_8322	2.67E-02	2.77E-01	9.97E-01	2.16E-05	5.36E-03	1.70E-04	bad-chisq
fusA_2~~~fusA_1~~~fusA_3~~~fusA	2.67E-02	3.44E-01	3.55E-01	3.73E-03	4.04E-03	3.91E-02	
group_7925	2.67E-02	2.77E-01	9.99E-01	3.97E-06	4.37E-03	3.85E-05	bad-chisq
group_7907	2.67E-02	4.96E-02	8.63E-01	-5.16E-04	2.98E-03	7.32E-03	
lolD~~~yknY	2.67E-02	2.77E-01	9.07E-01	5.10E-04	4.36E-03	4.95E-03	bad-chisq
group_7138	2.67E-02	2.77E-01	9.90E-01	8.11E-05	6.18E-03	5.55E-04	bad-chisq
group_7125	2.67E-02	2.77E-01	9.27E-01	5.68E-04	6.17E-03	3.89E-03	bad-chisq
group_7096	2.67E-02	9.44E-01	9.78E-01	-1.72E-04	6.16E-03	1.18E-03	bad-chisq
group_7071	2.67E-02	2.77E-01	9.77E-01	1.16E-04	4.05E-03	1.21E-03	bad-chisq
group_6943	2.67E-02	9.44E-01	9.25E-01	-3.18E-04	3.39E-03	3.97E-03	bad-chisq
group_6856	2.67E-02	9.44E-01	9.20E-01	4.49E-03	4.47E-02	4.24E-03	bad-chisq
group_6526	2.67E-02	3.44E-01	8.51E-01	-7.34E-04	3.91E-03	7.93E-03	
group_6455	2.67E-02	9.44E-01	9.95E-01	-2.16E-05	3.17E-03	2.88E-04	bad-chisq
group_6432	2.67E-02	2.77E-01	9.98E-01	1.15E-05	5.03E-03	9.63E-05	bad-chisq
group_6403	2.67E-02	2.77E-01	9.83E-01	9.90E-05	4.60E-03	9.09E-04	bad-chisq
baiA	2.67E-02	9.44E-01	9.98E-01	9.65E-06	5.03E-03	8.11E-05	bad-chisq
group_6186	2.67E-02	2.77E-01	9.99E-01	4.18E-06	2.73E-03	6.48E-05	bad-chisq
group_6118	2.67E-02	9.44E-01	9.57E-01	-2.17E-04	4.05E-03	2.27E-03	bad-chisq
group_6100	2.67E-02	2.77E-01	8.60E-01	1.00E-02	5.68E-02	7.48E-03	bad-chisq
group_5993	2.67E-02	9.44E-01	9.57E-01	-2.17E-04	4.05E-03	2.27E-03	bad-chisq
group_5986	2.67E-02	6.40E-05	9.80E-01	1.08E-04	4.38E-03	1.04E-03	
group_5896	2.67E-02	2.77E-01	9.92E-01	2.96E-05	2.91E-03	4.30E-04	bad-chisq
group_5857	2.67E-02	2.77E-01	9.88E-01	7.91E-05	5.07E-03	6.60E-04	bad-chisq
group_5814	2.67E-02	2.77E-01	9.93E-01	2.30E-05	2.56E-03	3.79E-04	bad-chisq
group_5781	2.67E-02	2.77E-01	9.71E-01	1.80E-04	5.03E-03	1.51E-03	bad-chisq
araD_2~~~ulaF	2.67E-02	2.77E-01	6.63E-01	1.89E-02	4.34E-02	1.85E-02	bad-chisq
group_5601	2.67E-02	2.77E-01	9.83E-01	8.40E-05	3.91E-03	9.09E-04	bad-chisq
group_5574	2.67E-02	2.77E-01	5.17E-01	2.14E-02	3.30E-02	2.74E-02	bad-chisq
group_5529	2.67E-02	9.44E-01	9.11E-01	1.26E-02	1.13E-01	4.70E-03	bad-chisq
xerC_6~~~xerC_2	2.67E-02	2.77E-01	9.75E-01	1.67E-04	5.36E-03	1.32E-03	bad-chisq
frlD	2.67E-02	3.44E-01	6.06E-01	-3.19E-03	6.18E-03	2.18E-02	
group_5315	2.67E-02	9.44E-01	9.95E-01	2.15E-05	3.79E-03	2.40E-04	bad-chisq
group_5289	2.67E-02	2.77E-01	9.95E-01	2.28E-05	3.56E-03	2.71E-04	bad-chisq
group_5217	2.67E-02	2.77E-01	9.83E-01	9.90E-05	4.60E-03	9.09E-04	bad-chisq
group_5203	2.67E-02	2.77E-01	8.93E-01	7.17E-04	5.35E-03	5.67E-03	bad-chisq
group_5147	2.67E-02	2.77E-01	6.27E-01	2.28E-02	4.71E-02	2.05E-02	bad-chisq
pflD_1~~~pflD_2	2.67E-02	2.77E-01	9.02E-01	7.59E-03	6.17E-02	5.20E-03	bad-chisq
group_4985	2.67E-02	2.77E-01	9.86E-01	6.88E-05	3.92E-03	7.42E-04	bad-chisq
group_4961	2.67E-02	2.77E-01	8.79E-01	6.75E-03	4.42E-02	6.46E-03	bad-chisq
group_4914	2.67E-02	2.77E-01	9.85E-01	8.18E-05	4.38E-03	7.90E-04	bad-chisq
group_4560	2.67E-02	3.44E-01	8.51E-01	-7.34E-04	3.91E-03	7.93E-03	
group_4358	2.67E-02	2.77E-01	9.02E-01	7.59E-03	6.17E-02	5.20E-03	bad-chisq
group_4283	2.67E-02	3.44E-01	9.89E-01	5.16E-05	3.70E-03	5.91E-04	
group_4229	2.67E-02	3.44E-01	6.06E-01	-3.19E-03	6.18E-03	2.18E-02	
group_4148	2.67E-02	2.77E-01	9.63E-01	2.83E-04	6.14E-03	1.95E-03	bad-chisq
mutS_2~~~mutS_1	2.67E-02	9.44E-01	9.96E-01	1.74E-05	3.24E-03	2.28E-04	bad-chisq
group_3933	2.67E-02	9.44E-01	8.61E-01	-1.08E-03	6.17E-03	7.39E-03	bad-chisq
group_3794	2.67E-02	9.44E-01	9.57E-01	-2.17E-04	4.05E-03	2.27E-03	bad-chisq
frlC	2.67E-02	3.44E-01	6.06E-01	-3.19E-03	6.18E-03	2.18E-02	
gsiD_2	2.67E-02	2.77E-01	9.34E-01	2.70E-03	3.26E-02	3.50E-03	bad-chisq
group_3445	2.67E-02	2.77E-01	9.86E-01	6.94E-05	3.92E-03	7.49E-04	bad-chisq
group_3415	2.67E-02	2.77E-01	6.79E-01	3.30E-02	7.97E-02	1.75E-02	bad-chisq
cynR_2	2.67E-02	2.77E-01	9.57E-01	2.92E-04	5.36E-03	2.30E-03	bad-chisq
group_3199	2.67E-02	9.44E-01	9.64E-01	-1.35E-04	2.98E-03	1.92E-03	bad-chisq
group_3067	2.67E-02	2.77E-01	9.01E-01	6.68E-04	5.35E-03	5.28E-03	bad-chisq
group_3024	2.67E-02	9.44E-01	9.17E-01	-3.54E-04	3.39E-03	4.42E-03	bad-chisq
group_3007	2.67E-02	2.77E-01	9.34E-01	2.70E-03	3.26E-02	3.50E-03	bad-chisq
group_2950	2.67E-02	2.77E-01	9.05E-01	5.07E-03	4.26E-02	5.03E-03	bad-chisq
group_2888	2.67E-02	9.44E-01	1.15E-01	-6.56E-02	4.16E-02	6.66E-02	bad-chisq
aptB_2	2.67E-02	2.77E-01	9.02E-01	7.59E-03	6.17E-02	5.20E-03	bad-chisq
group_2845	2.67E-02	2.77E-01	9.34E-01	2.70E-03	3.26E-02	3.50E-03	bad-chisq
group_2741	2.67E-02	9.44E-01	1.15E-01	-6.56E-02	4.16E-02	6.66E-02	bad-chisq
group_2724	2.67E-02	9.44E-01	9.86E-01	6.73E-05	3.92E-03	7.27E-04	bad-chisq
group_2628	2.67E-02	9.44E-01	9.57E-01	-2.17E-04	4.05E-03	2.27E-03	bad-chisq
COQ5_4	2.67E-02	2.77E-01	5.96E-01	2.78E-02	5.25E-02	2.24E-02	bad-chisq
rbsR	2.67E-02	4.96E-02	1.28E-01	-7.78E-02	5.10E-02	6.44E-02	
group_2325	2.67E-02	9.44E-01	9.57E-01	-2.17E-04	4.05E-03	2.27E-03	bad-chisq
smc_3~~~smc_1	2.67E-02	2.77E-01	9.86E-01	6.94E-05	3.92E-03	7.49E-04	bad-chisq
xerC_3~~~xerC_16	2.67E-02	2.77E-01	9.68E-01	2.43E-04	6.13E-03	1.68E-03	bad-chisq
mtnW	2.67E-02	9.44E-01	1.66E-01	8.48E-03	6.12E-03	5.85E-02	bad-chisq
group_2161	2.67E-02	9.44E-01	9.57E-01	-2.17E-04	4.05E-03	2.27E-03	bad-chisq
group_2146	2.67E-02	2.77E-01	9.92E-01	2.96E-05	2.91E-03	4.30E-04	bad-chisq
group_2131	2.67E-02	2.77E-01	9.93E-01	4.53E-05	5.35E-03	3.58E-04	bad-chisq
gci~~~dgoD	2.67E-02	9.44E-01	3.33E-31	-5.35E-01	4.32E-02	4.63E-01	bad-chisq
recD2_2~~~recD2_4	2.67E-02	2.77E-01	9.92E-01	2.96E-05	2.91E-03	4.30E-04	bad-chisq
group_1986	2.67E-02	9.44E-01	8.15E-01	1.25E-02	5.34E-02	9.93E-03	bad-chisq
group_1963	2.67E-02	2.88E-03	7.28E-03	-1.37E-01	5.07E-02	1.13E-01	
apeA_2~~~apeA_1	2.67E-02	9.44E-01	9.26E-01	1.56E-02	1.67E-01	3.95E-03	bad-chisq
group_1844	2.67E-02	9.44E-01	8.15E-01	1.25E-02	5.34E-02	9.93E-03	bad-chisq
group_1837	2.67E-02	3.44E-01	6.06E-01	-3.19E-03	6.18E-03	2.18E-02	
group_1827	2.67E-02	2.77E-01	9.27E-01	5.31E-03	5.78E-02	3.89E-03	bad-chisq
group_1696	2.67E-02	2.77E-01	8.10E-01	9.41E-03	3.91E-02	1.02E-02	bad-chisq
group_1559	2.67E-02	2.77E-01	6.65E-01	2.75E-02	6.36E-02	1.83E-02	bad-chisq
group_1540	2.67E-02	9.44E-01	8.15E-01	1.25E-02	5.34E-02	9.93E-03	bad-chisq
cutD_2	2.67E-02	2.77E-01	8.90E-01	9.73E-03	7.02E-02	5.86E-03	bad-chisq
nfo_2	2.67E-02	3.44E-01	6.06E-01	-3.19E-03	6.18E-03	2.18E-02	
group_1173	2.67E-02	9.44E-01	9.57E-01	-2.17E-04	4.05E-03	2.27E-03	bad-chisq
group_1067	2.67E-02	4.96E-02	1.28E-01	-7.78E-02	5.10E-02	6.44E-02	
group_967	2.67E-02	2.77E-01	6.50E-01	1.97E-02	4.35E-02	1.92E-02	bad-chisq
group_862	2.67E-02	9.44E-01	9.10E-01	-7.02E-04	6.18E-03	4.80E-03	bad-chisq
group_784	2.67E-02	2.77E-01	9.86E-01	6.88E-05	3.92E-03	7.42E-04	bad-chisq
yfeW	2.67E-02	2.77E-01	9.72E-01	2.15E-04	6.18E-03	1.47E-03	bad-chisq
group_18667	2.50E-02	2.94E-01	6.79E-01	1.35E-02	3.26E-02	1.75E-02	bad-chisq
group_18661	2.50E-02	2.94E-01	6.82E-01	1.32E-02	3.22E-02	1.74E-02	bad-chisq
group_15580	2.50E-02	1.59E-03	9.90E-01	7.67E-05	6.15E-03	5.28E-04	
group_15557	2.50E-02	2.94E-01	9.55E-01	2.49E-04	4.37E-03	2.41E-03	bad-chisq
group_15142	2.50E-02	9.99E-01	8.12E-01	1.27E-02	5.33E-02	1.01E-02	bad-chisq
group_14855	2.50E-02	2.94E-01	9.92E-01	4.90E-05	5.05E-03	4.11E-04	bad-chisq
group_14670	2.50E-02	9.99E-01	8.12E-01	1.27E-02	5.35E-02	1.00E-02	bad-chisq
group_14488	2.50E-02	2.94E-01	9.98E-01	1.11E-05	4.06E-03	1.15E-04	bad-chisq
group_14439	2.50E-02	2.94E-01	9.62E-01	2.06E-04	4.38E-03	1.99E-03	bad-chisq
group_14406	2.50E-02	2.94E-01	1.00E+00	3.42E-08	6.16E-03	2.34E-07	bad-chisq
pspE	2.50E-02	2.94E-01	9.88E-01	7.45E-05	5.03E-03	6.26E-04	bad-chisq
group_14130	2.50E-02	2.94E-01	8.62E-01	1.07E-03	6.14E-03	7.38E-03	bad-chisq
group_14086	2.50E-02	2.94E-01	4.57E-01	2.41E-03	3.23E-03	3.15E-02	bad-chisq
group_13888	2.50E-02	9.99E-01	8.12E-01	1.27E-02	5.33E-02	1.01E-02	bad-chisq
group_13801	2.50E-02	2.94E-01	9.28E-01	5.58E-04	6.17E-03	3.82E-03	bad-chisq
group_13766	2.50E-02	2.94E-01	9.95E-01	2.27E-05	3.56E-03	2.70E-04	bad-chisq
group_13760	2.50E-02	9.99E-01	9.08E-01	-7.10E-04	6.12E-03	4.91E-03	bad-chisq
group_13676	2.50E-02	9.99E-01	7.40E-01	-1.76E-03	5.32E-03	1.40E-02	bad-chisq
group_13584	2.50E-02	2.94E-01	9.90E-01	7.75E-05	6.18E-03	5.30E-04	bad-chisq
group_13533	2.50E-02	2.94E-01	9.98E-01	1.11E-05	4.06E-03	1.15E-04	bad-chisq
group_13516	2.50E-02	2.94E-01	9.13E-01	5.81E-03	5.35E-02	4.60E-03	bad-chisq
group_13423	2.50E-02	2.94E-01	9.98E-01	1.11E-05	4.06E-03	1.15E-04	bad-chisq
group_13157	2.50E-02	2.94E-01	9.28E-01	5.58E-04	6.17E-03	3.82E-03	bad-chisq
group_13067	2.50E-02	2.94E-01	9.90E-01	4.42E-05	3.56E-03	5.25E-04	bad-chisq
group_12962	2.50E-02	9.99E-01	1.58E-02	1.16E-01	4.78E-02	1.02E-01	bad-chisq
group_12251	2.50E-02	2.92E-01	7.37E-01	1.43E-02	4.26E-02	1.42E-02	
group_12250	2.50E-02	9.99E-01	9.14E-01	-3.42E-04	3.17E-03	4.55E-03	bad-chisq
sigK_3~~~sigK_2	2.50E-02	9.99E-01	9.39E-01	-4.67E-04	6.13E-03	3.23E-03	bad-chisq
dnaJ_1~~~dnaJ_3	2.32E-02	3.12E-01	1.11E-21	3.72E-01	3.73E-02	3.89E-01	bad-chisq
group_11964	2.50E-02	2.92E-01	9.31E-01	-4.65E-04	5.34E-03	3.68E-03	
group_11816	2.50E-02	1.59E-03	9.20E-02	-1.03E-02	6.13E-03	7.12E-02	
noc_1~~~noc_6~~~noc_2~~~noc_3	2.50E-02	2.94E-01	9.31E-01	4.21E-03	4.85E-02	3.67E-03	bad-chisq
recD2_1~~~recD2_2	2.50E-02	2.94E-01	9.73E-01	2.05E-04	6.16E-03	1.41E-03	bad-chisq
group_11669	2.50E-02	2.94E-01	7.48E-01	1.09E-02	3.37E-02	1.36E-02	bad-chisq
group_11667	2.50E-02	2.94E-01	9.29E-01	2.94E-04	3.30E-03	3.77E-03	bad-chisq
rbsC_12~~~xylH_1	2.50E-02	2.74E-10	1.91E-01	-6.88E-02	5.25E-02	5.53E-02	
group_11591	2.50E-02	2.94E-01	9.89E-01	5.80E-05	4.37E-03	5.61E-04	bad-chisq
group_11553	2.50E-02	2.94E-01	7.42E-01	1.13E-02	3.45E-02	1.39E-02	bad-chisq
group_11447	2.50E-02	9.99E-01	9.72E-01	-1.39E-04	3.92E-03	1.50E-03	bad-chisq
group_11446	2.50E-02	9.99E-01	9.72E-01	-1.39E-04	3.92E-03	1.50E-03	bad-chisq
group_11424	2.50E-02	9.99E-01	9.08E-01	7.07E-04	6.14E-03	4.87E-03	bad-chisq
group_11410	2.50E-02	2.94E-01	9.97E-01	1.40E-05	4.37E-03	1.36E-04	bad-chisq
group_11354	2.50E-02	9.99E-01	9.56E-01	1.79E-04	3.24E-03	2.34E-03	bad-chisq
walR_1~~~arlR	2.50E-02	2.94E-01	9.97E-01	2.30E-05	5.36E-03	1.81E-04	bad-chisq
group_11310	2.50E-02	2.94E-01	2.67E-01	5.53E-02	4.98E-02	4.69E-02	bad-chisq
group_11240	2.50E-02	9.99E-01	9.81E-01	8.08E-05	3.40E-03	1.01E-03	bad-chisq
group_11222	2.50E-02	2.74E-10	1.91E-01	-6.88E-02	5.25E-02	5.53E-02	
group_11207	2.50E-02	9.99E-01	9.42E-01	4.54E-04	6.19E-03	3.10E-03	bad-chisq
group_11196	2.50E-02	2.94E-01	9.97E-01	9.28E-06	2.89E-03	1.36E-04	bad-chisq
group_11163	2.50E-02	2.94E-01	9.02E-01	4.48E-03	3.63E-02	5.22E-03	bad-chisq
group_11156	2.50E-02	2.94E-01	9.81E-01	1.11E-04	4.59E-03	1.02E-03	bad-chisq
group_11148	2.50E-02	9.99E-01	9.83E-01	1.28E-04	6.14E-03	8.80E-04	bad-chisq
group_11135	2.50E-02	2.74E-10	1.91E-01	-6.88E-02	5.25E-02	5.53E-02	
group_11014	2.50E-02	2.94E-01	9.96E-01	3.44E-05	6.16E-03	2.36E-04	bad-chisq
group_10872	2.50E-02	9.99E-01	9.98E-01	1.29E-05	6.20E-03	8.78E-05	bad-chisq
bcgIA	2.50E-02	2.94E-01	9.98E-01	7.03E-06	3.24E-03	9.18E-05	bad-chisq
group_10635	2.50E-02	2.94E-01	2.34E-01	4.75E-02	3.99E-02	5.03E-02	bad-chisq
group_10441	2.50E-02	9.99E-01	9.31E-01	3.36E-03	3.90E-02	3.64E-03	bad-chisq
noc_5~~~noc_3~~~noc_2	2.50E-02	2.94E-01	2.26E-01	6.45E-03	5.33E-03	5.12E-02	bad-chisq
group_10133	2.50E-02	9.99E-01	7.68E-01	1.39E-02	4.72E-02	1.25E-02	bad-chisq
group_10120	2.50E-02	2.94E-01	9.91E-01	6.64E-05	6.15E-03	4.57E-04	bad-chisq
group_10094	2.50E-02	2.94E-01	4.04E-01	3.53E-02	4.23E-02	3.53E-02	bad-chisq
group_10000	2.50E-02	9.99E-01	9.98E-01	9.81E-06	5.06E-03	8.20E-05	bad-chisq
nrdD_2~~~nrdD_1~~~nrdD_3	2.50E-02	3.52E-02	6.04E-01	-3.22E-03	6.19E-03	2.20E-02	
group_9756	2.50E-02	2.94E-01	9.22E-01	4.82E-03	4.93E-02	4.13E-03	bad-chisq
group_9676	2.50E-02	2.94E-01	9.41E-01	3.48E-03	4.72E-02	3.13E-03	bad-chisq
group_9644	2.50E-02	2.94E-01	9.86E-01	6.88E-05	3.92E-03	7.42E-04	bad-chisq
group_9557	2.50E-02	3.52E-02	9.87E-01	-5.71E-05	3.40E-03	7.12E-04	
group_9457	2.50E-02	2.92E-01	9.65E-01	-1.81E-03	4.17E-02	1.83E-03	
cysH_2~~~cysH~~~cysH_1	2.50E-02	2.94E-01	6.24E-01	2.15E-02	4.39E-02	2.07E-02	bad-chisq
group_9209	2.50E-02	2.94E-01	9.99E-01	2.35E-06	3.39E-03	2.93E-05	bad-chisq
group_9177	2.50E-02	2.94E-01	9.96E-01	1.71E-05	3.79E-03	1.90E-04	bad-chisq
group_8871	2.50E-02	2.94E-01	9.94E-01	2.60E-05	3.57E-03	3.08E-04	bad-chisq
yfkN~~~yfkN_2	2.50E-02	2.92E-01	9.85E-01	-8.94E-05	4.60E-03	8.22E-04	
group_8714	2.50E-02	9.99E-01	9.63E-01	-2.83E-04	6.18E-03	1.94E-03	bad-chisq
nqrF_2	2.50E-02	2.92E-01	9.67E-01	2.58E-04	6.15E-03	1.77E-03	
group_8633	2.50E-02	9.99E-01	5.30E-17	3.36E-01	3.88E-02	3.44E-01	bad-chisq
group_8620	2.50E-02	2.94E-01	9.84E-01	1.02E-03	5.08E-02	8.46E-04	bad-chisq
group_8570	2.50E-02	2.92E-01	9.85E-01	-6.31E-05	3.40E-03	7.86E-04	
group_8542	2.50E-02	2.94E-01	9.64E-01	3.40E-03	7.47E-02	1.92E-03	bad-chisq
group_8538	2.50E-02	9.99E-01	9.01E-01	7.63E-04	6.13E-03	5.27E-03	bad-chisq
group_8418	2.50E-02	2.94E-01	9.24E-01	5.15E-04	5.36E-03	4.06E-03	bad-chisq
group_8417	2.50E-02	9.99E-01	6.78E-01	-1.94E-02	4.68E-02	1.76E-02	bad-chisq
group_8385	2.50E-02	9.99E-01	6.98E-01	-2.14E-02	5.52E-02	1.64E-02	bad-chisq
group_8030	2.50E-02	2.94E-01	2.03E-20	3.46E-01	3.60E-02	3.77E-01	bad-chisq
group_8012	2.50E-02	2.94E-01	9.80E-01	1.57E-04	6.15E-03	1.08E-03	bad-chisq
group_7874	2.50E-02	2.94E-01	9.80E-01	1.57E-04	6.15E-03	1.08E-03	bad-chisq
group_7740	2.50E-02	9.99E-01	8.99E-01	-5.55E-04	4.36E-03	5.38E-03	bad-chisq
group_7601	2.50E-02	2.94E-01	9.27E-01	5.66E-04	6.18E-03	3.87E-03	bad-chisq
group_7516	2.50E-02	2.94E-01	9.83E-01	7.68E-05	3.57E-03	9.08E-04	bad-chisq
group_7392	2.50E-02	2.94E-01	9.64E-01	2.39E-04	5.36E-03	1.89E-03	bad-chisq
group_7317	2.50E-02	9.99E-01	1.40E-01	-7.81E-02	5.28E-02	6.24E-02	bad-chisq
group_7262	2.50E-02	2.94E-01	7.94E-01	1.24E-02	4.74E-02	1.11E-02	bad-chisq
yhcG_2~~~yhcG_1~~~yhcG	2.50E-02	2.94E-01	9.74E-01	1.98E-04	6.14E-03	1.37E-03	bad-chisq
group_7216	2.50E-02	2.94E-01	9.83E-01	7.28E-05	3.40E-03	9.07E-04	bad-chisq
group_7194	2.50E-02	2.92E-01	8.97E-01	-6.95E-04	5.37E-03	5.48E-03	
group_7181	2.50E-02	2.92E-01	9.67E-01	-2.56E-04	6.15E-03	1.77E-03	
group_7083	2.50E-02	9.99E-01	5.89E-01	-2.55E-02	4.72E-02	2.29E-02	bad-chisq
group_7005	2.50E-02	2.94E-01	7.79E-12	1.97E-01	2.82E-02	2.84E-01	bad-chisq
lytF	2.50E-02	9.99E-01	4.99E-01	-2.40E-02	3.55E-02	2.86E-02	bad-chisq
group_6791	2.50E-02	9.99E-01	8.61E-01	-1.08E-03	6.17E-03	7.39E-03	bad-chisq
group_6645	2.50E-02	2.92E-01	6.04E-01	-3.21E-03	6.19E-03	2.20E-02	
yurK	2.50E-02	3.52E-02	5.88E-01	-3.35E-03	6.19E-03	2.29E-02	
group_6525	2.50E-02	9.99E-01	8.10E-01	1.31E-02	5.47E-02	1.01E-02	bad-chisq
group_6500	2.50E-02	2.94E-01	9.54E-01	3.07E-04	5.35E-03	2.43E-03	bad-chisq
group_6484	2.50E-02	2.94E-01	9.90E-01	4.42E-05	3.56E-03	5.25E-04	bad-chisq
axeA1_3	2.50E-02	2.94E-01	9.86E-01	1.04E-04	6.15E-03	7.17E-04	bad-chisq
aldB	2.50E-02	2.94E-01	9.93E-01	4.50E-05	5.35E-03	3.56E-04	bad-chisq
group_6419	2.50E-02	9.99E-01	9.01E-01	7.63E-04	6.13E-03	5.27E-03	bad-chisq
group_6404	2.50E-02	2.94E-01	9.83E-01	9.71E-05	4.61E-03	8.92E-04	bad-chisq
group_6376	2.50E-02	2.94E-01	3.45E-01	1.32E-01	1.40E-01	3.99E-02	bad-chisq
group_6231	2.50E-02	2.94E-01	9.88E-01	4.90E-05	3.32E-03	6.26E-04	bad-chisq
group_6036	2.50E-02	2.94E-01	7.77E-01	1.26E-02	4.44E-02	1.20E-02	bad-chisq
group_5969	2.50E-02	2.94E-01	6.70E-01	2.94E-02	6.88E-02	1.80E-02	bad-chisq
pxpA	2.50E-02	2.94E-01	9.92E-01	6.24E-05	6.16E-03	4.28E-04	bad-chisq
group_5880	2.50E-02	2.92E-01	1.59E-05	-2.06E-01	4.74E-02	1.81E-01	
dapA_2~~~dapA_4	2.50E-02	9.99E-01	7.50E-01	-4.19E-02	1.32E-01	1.35E-02	bad-chisq
group_5835	2.50E-02	2.94E-01	9.13E-01	5.81E-03	5.35E-02	4.60E-03	bad-chisq
group_5758	2.50E-02	2.94E-01	8.22E-01	1.02E-02	4.54E-02	9.52E-03	bad-chisq
group_5624	2.50E-02	2.92E-01	3.33E-01	4.22E-03	4.35E-03	4.10E-02	
group_5416	2.50E-02	1.59E-03	9.76E-01	1.30E-04	4.38E-03	1.25E-03	
group_5329	2.50E-02	9.99E-01	8.12E-01	1.27E-02	5.33E-02	1.01E-02	bad-chisq
group_5314	2.50E-02	2.94E-01	9.95E-01	2.33E-05	3.79E-03	2.60E-04	bad-chisq
topB_2~~~topB	2.50E-02	9.99E-01	9.92E-01	3.81E-05	3.79E-03	4.24E-04	bad-chisq
group_5161	2.50E-02	9.99E-01	8.10E-01	1.31E-02	5.47E-02	1.01E-02	bad-chisq
group_5150	2.50E-02	9.99E-01	9.30E-01	-2.97E-04	3.39E-03	3.70E-03	bad-chisq
group_4957	2.50E-02	2.94E-01	9.56E-01	2.77E-04	5.03E-03	2.33E-03	bad-chisq
xylB_1~~~xylB_2	2.50E-02	3.52E-02	1.88E-01	-1.04E-01	7.89E-02	5.56E-02	
group_4644	2.50E-02	9.99E-01	9.92E-01	3.80E-05	3.79E-03	4.24E-04	bad-chisq
tuaG	2.50E-02	2.94E-01	3.45E-01	1.32E-01	1.40E-01	3.99E-02	bad-chisq
lvr	2.50E-02	9.99E-01	8.28E-01	9.42E-03	4.33E-02	9.19E-03	bad-chisq
group_4499	2.50E-02	9.99E-01	8.28E-01	9.42E-03	4.33E-02	9.19E-03	bad-chisq
group_4430	2.50E-02	9.99E-01	9.93E-01	3.12E-05	3.79E-03	3.48E-04	bad-chisq
gcvT_3	2.50E-02	9.99E-01	8.71E-01	-1.00E-03	6.13E-03	6.90E-03	bad-chisq
group_4262	2.50E-02	2.94E-01	9.59E-01	2.73E-04	5.37E-03	2.15E-03	bad-chisq
yisK	2.50E-02	9.99E-01	7.50E-01	-4.19E-02	1.32E-01	1.35E-02	bad-chisq
group_4159	2.50E-02	2.94E-01	4.46E-01	6.13E-02	8.05E-02	3.22E-02	bad-chisq
group_3985	2.50E-02	2.94E-01	9.59E-01	2.73E-04	5.37E-03	2.15E-03	bad-chisq
group_3977	2.50E-02	2.92E-01	2.05E-01	-6.05E-02	4.76E-02	5.36E-02	
group_3858	2.50E-02	2.94E-01	6.97E-01	1.49E-02	3.82E-02	1.65E-02	bad-chisq
group_3715	2.50E-02	2.94E-01	8.04E-01	9.81E-03	3.94E-02	1.05E-02	bad-chisq
hdfR_4	2.50E-02	2.94E-01	8.53E-01	2.94E-02	1.58E-01	7.85E-03	bad-chisq
group_3554	2.50E-02	2.94E-01	9.44E-01	2.44E-04	3.49E-03	2.95E-03	bad-chisq
group_3482	2.50E-02	2.94E-01	9.95E-01	2.24E-05	3.56E-03	2.66E-04	bad-chisq
group_3480	2.50E-02	2.94E-01	9.80E-01	1.29E-04	5.04E-03	1.08E-03	bad-chisq
group_3441	2.50E-02	1.43E-07	2.72E-01	-1.07E-01	9.72E-02	4.64E-02	
group_3431	2.32E-02	9.36E-01	3.77E-01	-3.33E-02	3.77E-02	3.73E-02	bad-chisq
cynR_1	2.50E-02	2.94E-01	9.59E-01	2.73E-04	5.37E-03	2.15E-03	bad-chisq
mazF	2.50E-02	2.94E-01	7.27E-01	1.67E-02	4.76E-02	1.48E-02	bad-chisq
group_3103	2.50E-02	9.99E-01	9.60E-01	-1.43E-04	2.87E-03	2.11E-03	bad-chisq
group_3091	2.50E-02	2.94E-01	9.95E-01	2.96E-04	5.12E-02	2.44E-04	bad-chisq
group_3068	2.50E-02	2.94E-01	9.37E-01	2.09E-04	2.64E-03	3.35E-03	bad-chisq
group_2948	2.50E-02	2.94E-01	9.59E-01	2.73E-04	5.37E-03	2.15E-03	bad-chisq
group_2783	2.50E-02	9.99E-01	1.20E-01	-6.39E-02	4.10E-02	6.57E-02	bad-chisq
group_2781	2.50E-02	2.94E-01	9.40E-01	2.51E-03	3.32E-02	3.20E-03	bad-chisq
group_2754	2.50E-02	9.99E-01	7.50E-01	-4.19E-02	1.32E-01	1.35E-02	bad-chisq
xynA1	2.50E-02	2.94E-01	9.59E-01	2.24E-04	4.37E-03	2.17E-03	bad-chisq
group_2554	2.50E-02	2.94E-01	9.89E-01	7.32E-05	5.34E-03	5.80E-04	bad-chisq
group_2373	2.50E-02	2.94E-01	8.54E-01	2.95E-02	1.60E-01	7.81E-03	bad-chisq
group_2355	2.50E-02	2.94E-01	9.92E-01	2.96E-05	2.91E-03	4.30E-04	bad-chisq
group_2215	2.50E-02	2.94E-01	9.90E-01	4.42E-05	3.56E-03	5.25E-04	bad-chisq
group_2144	2.50E-02	9.99E-01	5.94E-01	1.90E-03	3.56E-03	2.25E-02	bad-chisq
group_2108	2.50E-02	9.99E-01	8.64E-01	8.56E-03	4.98E-02	7.27E-03	bad-chisq
group_2106	2.50E-02	9.99E-01	8.64E-01	8.56E-03	4.98E-02	7.27E-03	bad-chisq
group_2032	2.50E-02	2.92E-01	8.75E-01	-8.44E-04	5.36E-03	6.66E-03	
group_1968	2.50E-02	2.92E-01	6.04E-01	-3.21E-03	6.19E-03	2.20E-02	
group_1948	2.50E-02	2.94E-01	9.64E-01	3.40E-03	7.47E-02	1.92E-03	bad-chisq
frlB	2.50E-02	2.92E-01	6.04E-01	-3.21E-03	6.19E-03	2.20E-02	
doeB	2.50E-02	9.99E-01	8.78E-01	1.00E-02	6.53E-02	6.49E-03	bad-chisq
mntH	2.50E-02	2.94E-01	9.92E-01	6.26E-05	6.15E-03	4.30E-04	bad-chisq
group_1784	2.50E-02	9.99E-01	7.50E-01	-4.19E-02	1.32E-01	1.35E-02	bad-chisq
apc4	2.50E-02	2.92E-01	6.04E-01	-3.21E-03	6.19E-03	2.20E-02	
group_1666	2.50E-02	9.99E-01	1.20E-01	-6.39E-02	4.10E-02	6.57E-02	bad-chisq
group_1635	2.50E-02	2.94E-01	9.92E-01	2.96E-05	2.91E-03	4.30E-04	bad-chisq
group_1633	2.50E-02	2.94E-01	9.95E-01	6.88E-04	1.01E-01	2.87E-04	bad-chisq
rbsA_6~~~rbsA_4	2.50E-02	2.92E-01	6.06E-01	-3.19E-03	6.19E-03	2.18E-02	
group_1606	2.50E-02	3.52E-02	1.88E-01	-1.04E-01	7.89E-02	5.56E-02	
group_1500	2.50E-02	2.94E-01	9.59E-01	2.73E-04	5.37E-03	2.15E-03	bad-chisq
dgt	2.50E-02	2.92E-01	2.53E-02	-1.14E-01	5.10E-02	9.44E-02	
group_1348	2.50E-02	2.94E-01	9.77E-01	1.54E-04	5.36E-03	1.22E-03	bad-chisq
group_1301	2.50E-02	2.94E-01	9.94E-01	9.44E-04	1.18E-01	3.39E-04	bad-chisq
group_1271	2.50E-02	9.99E-01	9.58E-01	-3.25E-04	6.15E-03	2.23E-03	bad-chisq
group_1226	2.50E-02	2.94E-01	9.95E-01	2.24E-05	3.56E-03	2.66E-04	bad-chisq
kdnA_1	2.50E-02	2.94E-01	9.59E-01	2.73E-04	5.37E-03	2.15E-03	bad-chisq
purD	2.50E-02	2.94E-01	9.93E-01	5.68E-05	6.17E-03	3.90E-04	bad-chisq
epsN	2.50E-02	2.94E-01	3.45E-01	1.32E-01	1.40E-01	3.99E-02	bad-chisq
group_943	2.50E-02	2.94E-01	9.13E-01	5.81E-03	5.35E-02	4.60E-03	bad-chisq
recD2_3	2.50E-02	2.94E-01	7.61E-01	1.70E-02	5.57E-02	1.29E-02	bad-chisq
gsiB	2.50E-02	2.94E-01	9.59E-01	2.73E-04	5.37E-03	2.15E-03	bad-chisq
group_18670	2.32E-02	3.12E-01	6.76E-01	1.35E-02	3.24E-02	1.77E-02	bad-chisq
group_15549	2.32E-02	9.36E-01	4.52E-01	-2.97E-02	3.94E-02	3.18E-02	bad-chisq
eutM	2.32E-02	8.92E-06	3.49E-01	-1.04E-01	1.11E-01	3.96E-02	
group_15369	2.32E-02	3.12E-01	6.88E-01	2.32E-02	5.78E-02	1.70E-02	bad-chisq
group_15117	2.32E-02	3.12E-01	9.95E-01	2.29E-05	3.57E-03	2.71E-04	bad-chisq
group_15083	2.32E-02	9.36E-01	8.07E-01	1.38E-02	5.64E-02	1.04E-02	bad-chisq
group_14819	2.32E-02	3.12E-01	9.61E-01	2.00E-03	4.11E-02	2.06E-03	bad-chisq
group_14710	2.32E-02	9.36E-01	9.31E-01	3.80E-03	4.40E-02	3.65E-03	bad-chisq
group_14696	2.32E-02	3.12E-01	9.27E-01	5.70E-04	6.18E-03	3.90E-03	bad-chisq
group_14594	2.32E-02	3.12E-01	9.61E-01	2.00E-03	4.11E-02	2.06E-03	bad-chisq
group_14580	2.32E-02	3.12E-01	1.00E+00	2.96E-06	6.19E-03	2.02E-05	bad-chisq
group_14540	2.32E-02	9.36E-01	3.59E-01	-4.93E-02	5.37E-02	3.88E-02	bad-chisq
group_14462	2.32E-02	9.36E-01	9.30E-01	-2.97E-04	3.39E-03	3.70E-03	bad-chisq
group_14308	2.32E-02	3.12E-01	7.40E-01	1.36E-02	4.08E-02	1.41E-02	bad-chisq
group_14270	2.32E-02	8.92E-06	3.49E-01	-1.04E-01	1.11E-01	3.96E-02	
group_14214	2.32E-02	2.38E-02	8.62E-01	-9.29E-04	5.36E-03	7.33E-03	
group_14168	2.32E-02	9.36E-01	3.85E-21	3.65E-01	3.72E-02	3.84E-01	bad-chisq
group_13964	2.32E-02	3.12E-01	9.32E-01	3.53E-03	4.15E-02	3.60E-03	bad-chisq
group_13827	2.32E-02	3.12E-01	9.31E-01	5.32E-04	6.15E-03	3.66E-03	bad-chisq
group_13619	2.32E-02	3.12E-01	9.95E-01	3.69E-04	5.43E-02	2.87E-04	bad-chisq
group_13284	2.32E-02	3.12E-01	9.61E-01	1.73E-04	3.58E-03	2.05E-03	bad-chisq
group_12915	2.32E-02	9.36E-01	9.66E-01	2.19E-03	5.13E-02	1.81E-03	bad-chisq
group_12812	2.32E-02	3.12E-01	9.61E-01	2.00E-03	4.11E-02	2.06E-03	bad-chisq
ndhS	2.32E-02	3.12E-01	9.78E-01	2.01E-03	7.26E-02	1.17E-03	bad-chisq
group_12761	2.32E-02	9.36E-01	9.58E-01	-3.26E-04	6.16E-03	2.24E-03	bad-chisq
group_12617	2.32E-02	9.36E-01	5.19E-01	2.04E-03	3.17E-03	2.73E-02	bad-chisq
group_12379	2.32E-02	3.12E-01	7.59E-01	1.24E-02	4.03E-02	1.30E-02	bad-chisq
group_12123	2.32E-02	9.36E-01	9.83E-01	1.11E-03	5.21E-02	9.05E-04	bad-chisq
group_11968	2.32E-02	9.36E-01	9.96E-01	2.43E-05	4.37E-03	2.35E-04	bad-chisq
group_11962	2.32E-02	2.42E-01	9.75E-01	1.95E-04	6.14E-03	1.34E-03	
sigM~~~sigL~~~sigW	2.32E-02	3.12E-01	7.38E-01	1.17E-02	3.51E-02	1.41E-02	bad-chisq
group_11742	2.32E-02	9.36E-01	8.88E-01	-8.59E-04	6.11E-03	5.94E-03	bad-chisq
group_11740	2.32E-02	3.12E-01	9.12E-01	4.54E-03	4.09E-02	4.69E-03	bad-chisq
group_11712	2.32E-02	3.12E-01	9.99E-01	4.41E-06	3.17E-03	5.87E-05	bad-chisq
intQ~~~xerC_2	2.32E-02	8.92E-06	4.06E-01	-7.12E-02	8.57E-02	3.51E-02	
group_10948	2.32E-02	3.12E-01	9.97E-01	1.06E-05	2.57E-03	1.73E-04	bad-chisq
xerC_1~~~xerC_2~~~xerC_3~~~xerC_6	2.32E-02	9.36E-01	1.51E-01	-7.53E-02	5.24E-02	6.07E-02	bad-chisq
group_10894	2.32E-02	8.92E-06	3.49E-01	-1.04E-01	1.11E-01	3.96E-02	
group_10788	2.32E-02	9.36E-01	6.27E-01	-3.49E-02	7.18E-02	2.05E-02	bad-chisq
group_10783	2.32E-02	3.12E-01	9.31E-01	3.42E-04	3.92E-03	3.69E-03	bad-chisq
group_10755	2.32E-02	2.42E-01	1.99E-01	7.88E-03	6.13E-03	5.43E-02	
group_10696	2.32E-02	9.36E-01	9.37E-01	-3.10E-04	3.92E-03	3.35E-03	bad-chisq
group_10535	2.32E-02	2.42E-01	6.02E-01	-5.01E-02	9.61E-02	2.21E-02	
group_10280	2.32E-02	3.12E-01	7.99E-01	1.18E-02	4.65E-02	1.08E-02	bad-chisq
group_10140	2.32E-02	3.12E-01	9.31E-01	3.42E-04	3.92E-03	3.69E-03	bad-chisq
group_10131	2.32E-02	3.12E-01	7.24E-01	3.23E-02	9.14E-02	1.50E-02	bad-chisq
group_9956	2.32E-02	3.12E-01	9.82E-01	9.02E-05	4.05E-03	9.41E-04	bad-chisq
group_9947	2.32E-02	9.36E-01	5.81E-01	-2.44E-02	4.42E-02	2.33E-02	bad-chisq
group_9925	2.32E-02	3.12E-01	9.89E-01	5.88E-05	4.37E-03	5.69E-04	bad-chisq
group_9916	2.32E-02	9.36E-01	8.75E-01	-9.73E-04	6.17E-03	6.67E-03	bad-chisq
group_9913	2.32E-02	3.12E-01	9.72E-01	2.21E-04	6.19E-03	1.51E-03	bad-chisq
group_9893	2.32E-02	3.12E-01	9.28E-01	5.58E-04	6.15E-03	3.84E-03	bad-chisq
auaH~~~hldD~~~auaH_2~~~oleD	2.32E-02	3.12E-01	9.90E-01	4.37E-05	3.39E-03	5.45E-04	bad-chisq
mntR_2~~~dtxR~~~mntR_1	2.32E-02	3.16E-08	9.66E-01	-2.94E-02	6.99E-01	1.78E-03	
group_9819	2.32E-02	3.12E-01	9.96E-01	1.24E-05	2.30E-03	2.28E-04	bad-chisq
group_9737	2.32E-02	3.12E-01	9.83E-01	9.57E-05	4.61E-03	8.77E-04	bad-chisq
group_9609	2.32E-02	3.16E-08	4.53E-01	-3.72E-02	4.96E-02	3.17E-02	
group_9482	2.32E-02	3.12E-01	8.15E-01	1.44E-03	6.14E-03	9.91E-03	bad-chisq
ade_3~~~adeC_1~~~ade_2~~~ade_1	2.32E-02	3.12E-01	9.98E-01	1.43E-05	5.36E-03	1.13E-04	bad-chisq
group_9431	2.32E-02	9.36E-01	8.78E-01	1.08E-02	7.04E-02	6.50E-03	bad-chisq
group_9289	2.32E-02	8.92E-06	9.91E-01	-1.95E-03	1.67E-01	4.93E-04	
yncF_1~~~yncF_2	2.32E-02	3.12E-01	9.72E-01	2.21E-04	6.19E-03	1.51E-03	bad-chisq
group_9226	2.32E-02	2.42E-01	7.83E-01	1.08E-02	3.91E-02	1.17E-02	
group_9147	2.32E-02	3.12E-01	9.94E-01	3.84E-05	5.06E-03	3.21E-04	bad-chisq
xerC_15~~~xerC_14~~~xerC_10~~~xerD_1	2.32E-02	3.12E-01	8.02E-01	9.13E-03	3.64E-02	1.06E-02	bad-chisq
group_9076	2.32E-02	3.12E-01	9.08E-01	4.70E-04	4.05E-03	4.91E-03	bad-chisq
group_8858	2.32E-02	3.12E-01	9.91E-01	4.93E-05	4.60E-03	4.53E-04	bad-chisq
group_8857	2.32E-02	3.12E-01	9.94E-01	4.52E-05	6.19E-03	3.09E-04	bad-chisq
group_8846	2.32E-02	3.12E-01	9.96E-01	2.48E-05	5.34E-03	1.97E-04	bad-chisq
group_8803	2.32E-02	3.12E-01	9.32E-01	3.53E-03	4.15E-02	3.60E-03	bad-chisq
group_8718	2.32E-02	9.36E-01	9.41E-01	4.56E-04	6.18E-03	3.12E-03	bad-chisq
group_8499	2.32E-02	3.12E-01	9.99E-01	3.27E-06	4.06E-03	3.41E-05	bad-chisq
group_8497	2.32E-02	2.42E-01	6.11E-01	3.66E-02	7.20E-02	2.15E-02	
group_8483	2.32E-02	9.36E-01	9.49E-01	3.94E-04	6.15E-03	2.71E-03	bad-chisq
yhcG~~~yhcG_1	2.32E-02	2.38E-02	5.60E-03	-1.49E-01	5.36E-02	1.17E-01	
group_8395	2.32E-02	3.12E-01	9.92E-01	5.13E-05	5.35E-03	4.05E-04	bad-chisq
group_8262	2.32E-02	2.42E-01	8.44E-01	-1.22E-03	6.18E-03	8.34E-03	
group_8161	2.32E-02	9.36E-01	8.31E-01	-9.30E-04	4.37E-03	9.00E-03	bad-chisq
bacC~~~fabG_1~~~fabG	2.32E-02	3.12E-01	1.03E-29	5.05E-01	4.21E-02	4.53E-01	bad-chisq
eutL	2.32E-02	8.92E-06	3.49E-01	-1.04E-01	1.11E-01	3.96E-02	
group_8054	2.32E-02	3.12E-01	8.62E-01	9.05E-03	5.21E-02	7.34E-03	bad-chisq
group_7912	2.32E-02	3.12E-01	8.10E-01	1.47E-02	6.11E-02	1.02E-02	bad-chisq
group_7903	2.32E-02	9.36E-01	9.56E-01	2.23E-03	4.02E-02	2.35E-03	bad-chisq
group_7779	2.32E-02	3.12E-01	9.99E-01	5.16E-06	3.69E-03	5.92E-05	bad-chisq
xynA1_1	2.14E-02	3.32E-01	9.79E-01	9.14E-05	3.41E-03	1.13E-03	bad-chisq
group_7449	2.32E-02	9.36E-01	9.29E-01	5.46E-04	6.14E-03	3.76E-03	bad-chisq
group_7398	2.32E-02	9.36E-01	8.07E-01	1.38E-02	5.64E-02	1.04E-02	bad-chisq
ndhI_1~~~napF_2	2.32E-02	3.12E-01	9.99E-01	1.73E-06	2.68E-03	2.73E-05	bad-chisq
group_7301	2.32E-02	9.36E-01	8.48E-01	-9.65E-04	5.04E-03	8.10E-03	bad-chisq
group_7282	2.32E-02	3.12E-01	9.56E-01	2.25E-03	4.09E-02	2.33E-03	bad-chisq
group_7280	2.32E-02	3.12E-01	6.77E-01	1.69E-02	4.06E-02	1.76E-02	bad-chisq
group_7152	2.32E-02	2.42E-01	5.48E-01	-4.31E-01	7.16E-01	2.54E-02	
group_7086	2.32E-02	9.36E-01	9.80E-01	-6.91E-05	2.76E-03	1.06E-03	bad-chisq
group_6913	2.32E-02	3.12E-01	9.78E-01	2.01E-03	7.26E-02	1.17E-03	bad-chisq
group_6820	2.14E-02	3.32E-01	9.92E-01	2.88E-05	2.77E-03	4.39E-04	bad-chisq
group_6682	2.32E-02	3.12E-01	9.93E-01	5.33E-05	6.17E-03	3.66E-04	bad-chisq
group_6633	2.32E-02	9.36E-01	8.08E-01	1.33E-02	5.48E-02	1.03E-02	bad-chisq
group_6549	2.32E-02	2.42E-01	5.48E-01	-4.31E-01	7.16E-01	2.54E-02	
group_6519	2.32E-02	3.12E-01	9.89E-01	7.33E-05	5.34E-03	5.80E-04	bad-chisq
group_6439	2.32E-02	3.12E-01	9.23E-01	5.30E-03	5.46E-02	4.10E-03	bad-chisq
group_6393	2.32E-02	3.12E-01	9.92E-01	6.18E-05	6.16E-03	4.24E-04	bad-chisq
group_6382	2.32E-02	3.12E-01	9.31E-01	3.42E-04	3.92E-03	3.69E-03	bad-chisq
clpP_3~~~clpP_1	2.32E-02	3.12E-01	7.55E-01	1.29E-02	4.11E-02	1.32E-02	bad-chisq
group_6331	2.32E-02	9.36E-01	8.07E-01	1.38E-02	5.64E-02	1.04E-02	bad-chisq
group_6247	2.32E-02	3.12E-01	9.32E-01	3.53E-03	4.15E-02	3.60E-03	bad-chisq
group_6241	2.32E-02	3.12E-01	9.98E-01	9.82E-06	4.38E-03	9.48E-05	bad-chisq
group_6234	2.32E-02	2.42E-01	8.87E-01	-7.60E-04	5.35E-03	6.02E-03	
group_5984	2.32E-02	8.92E-06	3.49E-01	-1.04E-01	1.11E-01	3.96E-02	
gsiA	2.32E-02	3.12E-01	8.84E-01	8.93E-03	6.11E-02	6.19E-03	bad-chisq
group_5917	2.32E-02	9.36E-01	9.99E-01	5.63E-05	3.86E-02	6.17E-05	bad-chisq
group_5710	2.32E-02	3.12E-01	8.84E-01	8.93E-03	6.11E-02	6.19E-03	bad-chisq
group_5611	2.32E-02	3.12E-01	9.95E-01	2.29E-05	3.57E-03	2.71E-04	bad-chisq
group_5609	2.32E-02	9.36E-01	9.34E-01	3.97E-03	4.81E-02	3.49E-03	bad-chisq
COQ5_2	2.32E-02	3.12E-01	8.84E-01	8.93E-03	6.11E-02	6.19E-03	bad-chisq
oppF_3~~~oppF_1~~~oppF_2	2.32E-02	2.42E-01	5.48E-01	-4.31E-01	7.16E-01	2.54E-02	
group_5361	2.32E-02	9.36E-01	9.13E-01	-6.75E-04	6.19E-03	4.61E-03	bad-chisq
iscS_1~~~iscS_2~~~nifS	2.32E-02	9.36E-01	1.22E-01	-7.12E-02	4.60E-02	6.54E-02	bad-chisq
group_5228	2.32E-02	9.36E-01	3.85E-21	3.65E-01	3.72E-02	3.84E-01	bad-chisq
group_5174	2.32E-02	9.36E-01	9.86E-01	7.50E-05	4.38E-03	7.25E-04	bad-chisq
group_4970	2.32E-02	3.12E-01	9.27E-01	5.70E-04	6.18E-03	3.90E-03	bad-chisq
group_4958	2.32E-02	9.36E-01	3.60E-01	5.60E-03	6.12E-03	3.87E-02	bad-chisq
group_4895	2.32E-02	3.12E-01	2.61E-01	4.12E-02	3.67E-02	4.75E-02	bad-chisq
group_4841	2.32E-02	8.04E-04	3.74E-01	4.46E-02	5.01E-02	3.76E-02	
group_4800	2.32E-02	3.12E-01	9.92E-01	6.18E-05	6.16E-03	4.24E-04	bad-chisq
group_4733	2.32E-02	3.12E-01	9.95E-01	1.65E-05	2.68E-03	2.60E-04	bad-chisq
group_4660	2.32E-02	3.12E-01	1.00E+00	1.46E-06	2.46E-03	2.51E-05	bad-chisq
group_4619	2.32E-02	9.36E-01	8.07E-01	1.38E-02	5.64E-02	1.04E-02	bad-chisq
dasC_1	2.32E-02	3.12E-01	9.32E-01	3.53E-03	4.15E-02	3.60E-03	bad-chisq
group_4530	2.32E-02	3.12E-01	9.96E-01	2.10E-05	3.80E-03	2.34E-04	bad-chisq
group_4524	2.32E-02	3.12E-01	1.00E+00	9.19E-07	2.66E-03	1.46E-05	bad-chisq
group_4489	2.32E-02	2.38E-02	2.32E-01	-1.04E-01	8.66E-02	5.06E-02	
group_4487	2.32E-02	9.36E-01	8.08E-01	1.33E-02	5.48E-02	1.03E-02	bad-chisq
group_4465	2.32E-02	3.12E-01	9.85E-01	8.05E-05	4.38E-03	7.77E-04	bad-chisq
group_4372	2.32E-02	3.12E-01	7.89E-01	1.57E-02	5.87E-02	1.13E-02	bad-chisq
group_4335	2.32E-02	3.12E-01	8.67E-21	3.58E-01	3.67E-02	3.81E-01	bad-chisq
kdpD~~~sasA_13~~~sasA_3	2.32E-02	9.36E-01	9.93E-01	4.60E-05	5.05E-03	3.85E-04	bad-chisq
group_4253	2.32E-02	3.12E-01	9.99E-01	7.50E-06	4.37E-03	7.26E-05	bad-chisq
group_4234	2.32E-02	9.36E-01	6.31E-01	-3.37E-02	7.02E-02	2.03E-02	bad-chisq
group_4231	2.32E-02	3.12E-01	9.32E-01	3.53E-03	4.15E-02	3.60E-03	bad-chisq
group_4223	2.32E-02	8.92E-06	3.49E-01	-1.04E-01	1.11E-01	3.96E-02	
group_4169	2.32E-02	9.36E-01	6.19E-02	-1.04E-01	5.54E-02	7.89E-02	bad-chisq
group_4143	2.32E-02	3.12E-01	8.09E-01	1.06E-03	4.37E-03	1.02E-02	bad-chisq
group_4122	2.32E-02	9.36E-01	8.70E-01	-1.00E-03	6.14E-03	6.90E-03	bad-chisq
group_4080	2.32E-02	3.12E-01	4.49E-01	3.12E-02	4.12E-02	3.20E-02	bad-chisq
btuD_4~~~btuD_7	2.32E-02	3.12E-01	9.98E-01	9.82E-06	4.38E-03	9.48E-05	bad-chisq
group_4005	2.32E-02	3.12E-01	4.02E-01	3.58E-02	4.27E-02	3.54E-02	bad-chisq
group_3967	2.32E-02	3.12E-01	9.78E-01	2.01E-03	7.26E-02	1.17E-03	bad-chisq
pxpB	2.32E-02	3.12E-01	9.92E-01	6.25E-05	6.16E-03	4.29E-04	bad-chisq
group_3914	2.32E-02	3.12E-01	7.04E-27	4.59E-01	4.05E-02	4.32E-01	bad-chisq
group_3876	2.32E-02	2.42E-01	5.48E-01	-4.31E-01	7.16E-01	2.54E-02	
group_3825	2.32E-02	3.12E-01	9.92E-01	3.49E-05	3.40E-03	4.34E-04	bad-chisq
group_3520	2.32E-02	9.36E-01	8.93E-01	6.16E-03	4.58E-02	5.70E-03	bad-chisq
group_3512	2.32E-02	3.12E-01	9.31E-01	5.32E-04	6.15E-03	3.66E-03	bad-chisq
melD_3	2.32E-02	3.12E-01	9.32E-01	3.53E-03	4.15E-02	3.60E-03	bad-chisq
group_3414	2.32E-02	9.36E-01	8.08E-01	1.33E-02	5.48E-02	1.03E-02	bad-chisq
cynR	2.32E-02	3.12E-01	9.78E-01	2.01E-03	7.26E-02	1.17E-03	bad-chisq
group_3315	2.32E-02	2.42E-01	2.76E-34	5.71E-01	4.37E-02	4.84E-01	
group_3314	2.32E-02	3.12E-01	7.46E-01	1.92E-02	5.93E-02	1.37E-02	bad-chisq
group_3242	2.32E-02	3.12E-01	9.89E-01	5.80E-05	4.06E-03	6.05E-04	bad-chisq
group_3147	2.32E-02	3.12E-01	9.44E-01	3.02E-03	4.32E-02	2.96E-03	bad-chisq
pxpC	2.32E-02	3.12E-01	9.36E-01	3.86E-03	4.81E-02	3.39E-03	bad-chisq
group_3099	2.32E-02	2.42E-01	5.48E-01	-4.31E-01	7.16E-01	2.54E-02	
group_3088	2.32E-02	9.36E-01	9.92E-01	3.69E-05	3.79E-03	4.11E-04	bad-chisq
group_3064	2.32E-02	3.12E-01	8.93E-01	5.47E-04	4.05E-03	5.72E-03	bad-chisq
hdfR_2	2.32E-02	3.12E-01	9.15E-01	5.77E-03	5.41E-02	4.52E-03	bad-chisq
group_3058	2.32E-02	3.12E-01	8.09E-01	1.06E-03	4.37E-03	1.02E-02	bad-chisq
group_2963	2.32E-02	9.36E-01	8.64E-01	-1.05E-03	6.14E-03	7.26E-03	bad-chisq
dnaI	2.32E-02	3.12E-01	9.40E-01	3.79E-03	5.03E-02	3.18E-03	bad-chisq
group_2769	2.32E-02	3.12E-01	9.32E-01	3.53E-03	4.15E-02	3.60E-03	bad-chisq
group_2694	2.32E-02	9.36E-01	6.31E-01	-3.37E-02	7.02E-02	2.03E-02	bad-chisq
baiA2	2.32E-02	2.42E-01	4.52E-01	-4.43E-02	5.89E-02	3.18E-02	
group_2667	2.32E-02	9.36E-01	1.20E-01	-6.38E-02	4.10E-02	6.57E-02	bad-chisq
group_2623	2.32E-02	2.42E-01	1.67E-34	5.74E-01	4.37E-02	4.85E-01	
group_2581	2.32E-02	9.36E-01	6.31E-01	-3.37E-02	7.02E-02	2.03E-02	bad-chisq
hutH_3~~~hutH_4~~~hutH_1	2.32E-02	3.12E-01	9.78E-01	2.01E-03	7.26E-02	1.17E-03	bad-chisq
group_2555	2.32E-02	3.12E-01	2.61E-01	4.12E-02	3.67E-02	4.75E-02	bad-chisq
group_2532	2.32E-02	9.36E-01	2.92E-01	-3.16E-02	3.00E-02	4.45E-02	bad-chisq
group_2498	2.32E-02	9.36E-01	7.30E-02	-9.60E-02	5.35E-02	7.58E-02	bad-chisq
group_2493	2.32E-02	3.12E-01	7.08E-01	1.64E-02	4.37E-02	1.59E-02	bad-chisq
group_2429	2.32E-02	3.12E-01	8.09E-01	1.06E-03	4.37E-03	1.02E-02	bad-chisq
group_2420	2.32E-02	2.42E-01	6.04E-01	-3.22E-03	6.19E-03	2.20E-02	
group_2333	2.32E-02	3.12E-01	8.08E-01	1.37E-02	5.63E-02	1.03E-02	bad-chisq
group_2259	2.32E-02	3.12E-01	9.71E-01	2.00E-03	5.57E-02	1.52E-03	bad-chisq
group_2250	2.32E-02	8.92E-06	3.49E-01	-1.04E-01	1.11E-01	3.96E-02	
alr1	2.32E-02	2.42E-01	2.76E-34	5.71E-01	4.37E-02	4.84E-01	
group_2214	2.32E-02	9.36E-01	9.02E-01	7.62E-03	6.17E-02	5.23E-03	bad-chisq
group_2045	2.32E-02	9.36E-01	9.96E-01	2.07E-05	3.79E-03	2.31E-04	bad-chisq
group_2038	2.32E-02	3.12E-01	1.00E+00	7.61E-07	3.44E-03	9.37E-06	bad-chisq
group_1929	2.32E-02	3.12E-01	9.90E-01	3.61E-05	2.99E-03	5.10E-04	bad-chisq
glnQ_1~~~mglA_4~~~glnQ_3	2.32E-02	3.12E-01	9.78E-01	2.01E-03	7.26E-02	1.17E-03	bad-chisq
dapA_2~~~dapA_3	2.32E-02	9.36E-01	7.27E-01	-4.85E-02	1.39E-01	1.48E-02	bad-chisq
livF_1	2.32E-02	9.36E-01	7.27E-01	-4.85E-02	1.39E-01	1.48E-02	bad-chisq
group_1708	2.32E-02	3.12E-01	8.44E-01	9.32E-03	4.73E-02	8.34E-03	bad-chisq
group_1687	2.32E-02	3.12E-01	8.08E-01	1.37E-02	5.63E-02	1.03E-02	bad-chisq
group_1655	2.32E-02	3.12E-01	8.73E-01	2.42E-02	1.52E-01	6.74E-03	bad-chisq
oppD_2~~~oppD_1	2.32E-02	2.42E-01	5.48E-01	-4.31E-01	7.16E-01	2.54E-02	
group_1580	2.32E-02	3.12E-01	9.99E-01	1.92E-04	1.09E-01	7.44E-05	bad-chisq
group_1567	2.32E-02	3.12E-01	9.71E-01	2.00E-03	5.57E-02	1.52E-03	bad-chisq
hutI_4	2.32E-02	3.12E-01	9.99E-01	1.92E-04	1.09E-01	7.44E-05	bad-chisq
group_1527	2.32E-02	9.36E-01	6.31E-01	-3.37E-02	7.02E-02	2.03E-02	bad-chisq
group_1503	2.32E-02	3.12E-01	9.32E-01	3.53E-03	4.15E-02	3.60E-03	bad-chisq
group_1484	2.32E-02	3.12E-01	9.94E-01	3.84E-05	5.06E-03	3.21E-04	bad-chisq
group_1478	2.32E-02	3.12E-01	7.31E-01	1.34E-02	3.90E-02	1.46E-02	bad-chisq
purR_1~~~ccpA_1	2.32E-02	9.36E-01	1.09E-01	-6.81E-02	4.23E-02	6.78E-02	bad-chisq
group_1415	2.32E-02	9.36E-01	1.00E+00	1.30E-06	6.16E-03	8.90E-06	bad-chisq
pdtaS	2.32E-02	8.92E-06	3.49E-01	-1.04E-01	1.11E-01	3.96E-02	
melC_4~~~melC_3	2.32E-02	3.12E-01	8.09E-01	1.06E-03	4.37E-03	1.02E-02	bad-chisq
group_1343	2.32E-02	3.12E-01	9.78E-01	2.01E-03	7.26E-02	1.17E-03	bad-chisq
yteP_4~~~yteP_3~~~yteP_2	2.32E-02	3.12E-01	8.09E-01	1.06E-03	4.37E-03	1.02E-02	bad-chisq
group_1220	2.32E-02	2.42E-01	6.60E-06	-2.25E-01	4.94E-02	1.89E-01	
group_1216	2.32E-02	9.36E-01	7.30E-02	-9.60E-02	5.35E-02	7.58E-02	bad-chisq
group_1191	2.32E-02	3.12E-01	9.32E-01	3.53E-03	4.15E-02	3.60E-03	bad-chisq
group_1055	2.32E-02	3.12E-01	7.08E-01	1.64E-02	4.37E-02	1.59E-02	bad-chisq
group_991	2.32E-02	9.36E-01	1.09E-01	-6.81E-02	4.23E-02	6.78E-02	bad-chisq
group_938	2.32E-02	3.12E-01	9.32E-01	3.53E-03	4.15E-02	3.60E-03	bad-chisq
group_928	2.32E-02	2.42E-01	1.67E-34	5.74E-01	4.37E-02	4.85E-01	
group_908	2.32E-02	8.92E-06	3.49E-01	-1.04E-01	1.11E-01	3.96E-02	
group_877	2.32E-02	3.12E-01	9.99E-01	5.20E-06	3.92E-03	5.62E-05	bad-chisq
eutB	2.32E-02	8.92E-06	3.49E-01	-1.04E-01	1.11E-01	3.96E-02	
mdtD	2.32E-02	3.12E-01	7.08E-01	1.64E-02	4.37E-02	1.59E-02	bad-chisq
group_772	2.32E-02	8.92E-06	3.49E-01	-1.04E-01	1.11E-01	3.96E-02	
group_679	2.32E-02	8.92E-06	3.49E-01	-1.04E-01	1.11E-01	3.96E-02	
araG	2.32E-02	2.42E-01	2.76E-34	5.71E-01	4.37E-02	4.84E-01	
group_590	2.32E-02	3.12E-01	8.09E-01	1.06E-03	4.37E-03	1.02E-02	bad-chisq
group_506	2.32E-02	3.12E-01	8.09E-01	1.06E-03	4.37E-03	1.02E-02	bad-chisq
msbA	2.32E-02	3.12E-01	1.00E+00	7.61E-07	3.44E-03	9.37E-06	bad-chisq
group_383	2.32E-02	3.12E-01	9.32E-01	3.53E-03	4.15E-02	3.60E-03	bad-chisq
apc3	2.32E-02	2.42E-01	6.04E-01	-3.22E-03	6.19E-03	2.20E-02	
group_109	2.32E-02	2.42E-01	6.60E-06	-2.25E-01	4.94E-02	1.89E-01	
group_34	2.32E-02	3.12E-01	7.03E-01	4.44E-02	1.16E-01	1.61E-02	bad-chisq
group_21096	2.14E-02	3.32E-01	9.99E-01	3.07E-06	3.69E-03	3.52E-05	bad-chisq
ntpJ_2~~~ntpJ_3	2.14E-02	3.32E-01	8.41E-01	6.60E-03	3.28E-02	8.50E-03	bad-chisq
group_18430	2.14E-02	3.32E-01	9.90E-01	6.60E-05	5.35E-03	5.22E-04	bad-chisq
group_18429	2.14E-02	3.32E-01	9.90E-01	6.60E-05	5.35E-03	5.22E-04	bad-chisq
group_18428	2.14E-02	3.32E-01	9.91E-01	4.22E-05	3.80E-03	4.70E-04	bad-chisq
group_18427	2.14E-02	3.32E-01	9.90E-01	6.60E-05	5.35E-03	5.22E-04	bad-chisq
group_18425	2.14E-02	3.32E-01	9.90E-01	6.60E-05	5.35E-03	5.22E-04	bad-chisq
group_18421	2.14E-02	3.32E-01	9.90E-01	6.60E-05	5.35E-03	5.22E-04	bad-chisq
group_18419	2.14E-02	3.32E-01	9.90E-01	6.60E-05	5.35E-03	5.22E-04	bad-chisq
group_18416	2.14E-02	3.32E-01	9.91E-01	4.22E-05	3.80E-03	4.70E-04	bad-chisq
group_15814	2.14E-02	1.94E-01	9.54E-01	-2.07E-04	3.58E-03	2.45E-03	
group_15813	2.14E-02	1.94E-01	9.54E-01	-2.07E-04	3.58E-03	2.45E-03	
group_15584	2.14E-02	1.94E-01	9.50E-01	-3.88E-04	6.16E-03	2.66E-03	
group_15581	2.14E-02	3.32E-01	9.62E-01	2.95E-04	6.15E-03	2.03E-03	bad-chisq
group_15426	2.14E-02	3.32E-01	9.96E-01	2.54E-05	5.06E-03	2.13E-04	bad-chisq
group_15263	2.14E-02	3.32E-01	9.28E-01	5.54E-04	6.16E-03	3.81E-03	bad-chisq
group_15241	2.14E-02	8.70E-01	2.19E-01	-5.80E-02	4.71E-02	5.20E-02	bad-chisq
group_15238	2.14E-02	3.32E-01	9.96E-01	2.54E-05	5.06E-03	2.13E-04	bad-chisq
group_14862	2.14E-02	3.32E-01	9.84E-01	9.87E-05	5.06E-03	8.25E-04	bad-chisq
group_14561	2.14E-02	3.32E-01	8.38E-01	1.13E-02	5.51E-02	8.64E-03	bad-chisq
group_14422	2.14E-02	3.32E-01	9.72E-01	1.77E-04	5.04E-03	1.48E-03	bad-chisq
group_14272	2.14E-02	8.70E-01	7.42E-01	-1.34E-03	4.05E-03	1.39E-02	bad-chisq
group_14206	2.14E-02	8.70E-01	8.06E-01	-1.07E-03	4.36E-03	1.04E-02	bad-chisq
group_13845	2.14E-02	3.32E-01	8.38E-01	1.13E-02	5.51E-02	8.64E-03	bad-chisq
group_13839	2.14E-02	3.32E-01	9.44E-01	4.09E-03	5.79E-02	2.99E-03	bad-chisq
eutS	2.14E-02	2.60E-06	3.17E-01	-1.19E-01	1.19E-01	4.24E-02	
group_13556	2.14E-02	1.94E-01	9.68E-01	-3.47E-03	8.61E-02	1.71E-03	
group_13356	2.14E-02	3.32E-01	9.98E-01	9.05E-06	4.06E-03	9.43E-05	bad-chisq
group_13192	2.14E-02	3.32E-01	9.96E-01	2.54E-05	5.06E-03	2.13E-04	bad-chisq
group_13008	2.14E-02	3.32E-01	5.64E-01	2.60E-02	4.51E-02	2.44E-02	bad-chisq
group_12718	2.14E-02	3.32E-01	9.98E-01	1.97E-04	9.89E-02	8.42E-05	bad-chisq
group_12274	2.14E-02	8.70E-01	9.73E-01	2.07E-04	6.15E-03	1.42E-03	bad-chisq
group_12170	2.14E-02	3.32E-01	2.05E-01	6.36E-03	5.01E-03	5.35E-02	bad-chisq
group_12112	2.14E-02	8.70E-01	6.79E-25	4.29E-01	3.97E-02	4.16E-01	bad-chisq
group_11838	2.14E-02	1.94E-01	5.97E-01	-2.50E-02	4.72E-02	2.24E-02	
dppD~~~btuD_6	2.14E-02	8.70E-01	5.57E-18	-3.32E-01	3.71E-02	3.54E-01	bad-chisq
group_11769	2.14E-02	3.32E-01	9.09E-01	6.04E-03	5.30E-02	4.83E-03	bad-chisq
group_11717	2.14E-02	8.70E-01	7.43E-01	3.85E-01	1.17E+00	1.39E-02	bad-chisq
group_11684	2.14E-02	3.32E-01	9.94E-01	2.58E-05	3.30E-03	3.30E-04	bad-chisq
group_11680	2.14E-02	2.60E-06	1.63E-01	8.60E-03	6.16E-03	5.90E-02	
group_11582	2.14E-02	8.70E-01	9.39E-01	-4.70E-04	6.19E-03	3.21E-03	bad-chisq
sigM_1~~~sigM	2.14E-02	1.94E-01	3.57E-02	-1.41E-01	6.69E-02	8.87E-02	
group_11481	2.14E-02	3.32E-01	7.10E-01	4.80E-02	1.29E-01	1.57E-02	bad-chisq
group_11443	2.14E-02	3.63E-04	9.89E-01	2.45E-03	1.70E-01	6.09E-04	
group_11404	2.14E-02	3.32E-01	8.97E-01	4.63E-03	3.58E-02	5.47E-03	bad-chisq
xerC_2~~~xerC_10	2.14E-02	8.70E-01	3.51E-01	3.78E-03	4.05E-03	3.94E-02	bad-chisq
xerC_7~~~IntTn~~~xerC_2	2.14E-02	3.32E-01	9.32E-01	4.83E-03	5.64E-02	3.63E-03	bad-chisq
arlR~~~regX3_2~~~walR_2~~~srrA_1~~~walR_5	2.14E-02	3.32E-01	9.80E-01	1.51E-04	6.16E-03	1.04E-03	bad-chisq
group_10992	2.14E-02	3.32E-01	4.95E-01	2.03E-03	2.98E-03	2.89E-02	bad-chisq
group_10906	2.14E-02	1.94E-01	3.91E-01	3.94E-03	4.59E-03	3.63E-02	
group_10867	2.14E-02	1.50E-02	2.30E-46	-5.44E-01	3.46E-02	5.54E-01	
group_10741	2.14E-02	8.70E-01	7.43E-01	3.85E-01	1.17E+00	1.39E-02	bad-chisq
queA~~~queA_1	2.14E-02	5.41E-16	9.57E-01	-1.25E-02	2.32E-01	2.27E-03	
algC_2~~~algC	2.14E-02	5.41E-16	9.91E-01	2.34E-03	2.15E-01	4.60E-04	
ancA	2.14E-02	8.70E-01	6.40E-02	-1.25E-01	6.74E-02	7.83E-02	bad-chisq
group_10547	2.14E-02	3.32E-01	9.28E-01	1.34E-02	1.49E-01	3.81E-03	bad-chisq
group_10507	2.14E-02	8.70E-01	9.55E-01	-3.45E-04	6.16E-03	2.37E-03	bad-chisq
lacI~~~degA	2.14E-02	3.22E-12	9.53E-01	-1.38E-02	2.35E-01	2.49E-03	
xylA_2~~~xylA	2.14E-02	3.32E-01	9.89E-03	1.13E-01	4.37E-02	1.09E-01	bad-chisq
group_10475	2.14E-02	3.32E-01	9.82E-01	8.25E-05	3.56E-03	9.79E-04	bad-chisq
polC_1	2.14E-02	8.70E-01	7.43E-01	3.85E-01	1.17E+00	1.39E-02	bad-chisq
group_10456	2.14E-02	8.70E-01	7.50E-01	1.53E-02	4.81E-02	1.35E-02	bad-chisq
group_10422	2.14E-02	3.32E-01	9.64E-01	2.55E-03	5.68E-02	1.90E-03	bad-chisq
apy	2.14E-02	3.32E-01	8.86E-01	6.84E-03	4.77E-02	6.06E-03	bad-chisq
group_10274	2.14E-02	3.32E-01	9.73E-01	2.08E-03	6.13E-02	1.44E-03	bad-chisq
group_10255	2.14E-02	3.32E-01	9.57E-01	2.38E-04	4.38E-03	2.29E-03	bad-chisq
group_10249	2.14E-02	3.32E-01	8.70E-01	9.81E-03	5.98E-02	6.94E-03	bad-chisq
group_10200	2.14E-02	8.70E-01	7.58E-01	1.84E-02	5.96E-02	1.30E-02	bad-chisq
group_10002	2.14E-02	8.70E-01	4.99E-01	1.04E-01	1.54E-01	2.86E-02	bad-chisq
group_9942	2.14E-02	8.70E-01	8.88E-01	2.17E-02	1.54E-01	5.97E-03	bad-chisq
group_9796	2.14E-02	8.70E-01	9.08E-01	-4.71E-04	4.05E-03	4.91E-03	bad-chisq
group_9785	2.14E-02	1.94E-01	3.03E-01	4.51E-03	4.37E-03	4.36E-02	
group_9775	2.14E-02	3.32E-01	9.75E-01	1.69E-04	5.37E-03	1.33E-03	bad-chisq
group_9767	2.14E-02	3.32E-01	9.98E-01	1.02E-05	4.06E-03	1.07E-04	bad-chisq
group_9733	2.14E-02	3.32E-01	8.04E-01	1.07E-02	4.30E-02	1.05E-02	bad-chisq
group_9717	2.14E-02	2.60E-06	1.16E-01	-1.70E-01	1.08E-01	6.65E-02	
group_9668	2.14E-02	3.32E-01	9.99E-01	5.35E-06	5.36E-03	4.22E-05	bad-chisq
group_9612	2.14E-02	8.70E-01	9.14E-01	-4.77E-04	4.40E-03	4.59E-03	bad-chisq
group_9555	2.14E-02	3.32E-01	9.99E-01	6.49E-06	4.37E-03	6.28E-05	bad-chisq
prsA~~~prsA_2	2.14E-02	8.70E-01	7.43E-01	3.85E-01	1.17E+00	1.39E-02	bad-chisq
group_9409	2.14E-02	3.32E-01	9.98E-01	5.84E-06	2.69E-03	9.19E-05	bad-chisq
group_9274	2.14E-02	8.70E-01	9.26E-01	-3.51E-04	3.78E-03	3.92E-03	bad-chisq
group_9221	2.14E-02	8.70E-01	7.00E-01	1.55E-02	4.01E-02	1.63E-02	bad-chisq
xerC_13~~~xerC_7	2.14E-02	3.32E-01	7.99E-01	9.44E-03	3.71E-02	1.08E-02	bad-chisq
xerC_14~~~xerC_6~~~xerC_2	2.14E-02	3.32E-01	7.99E-01	9.44E-03	3.71E-02	1.08E-02	bad-chisq
group_9037	2.14E-02	8.70E-01	8.06E-01	-1.07E-03	4.36E-03	1.04E-02	bad-chisq
group_8989	2.14E-02	1.94E-01	9.59E-01	-2.76E-04	5.34E-03	2.19E-03	
group_8962	2.14E-02	8.70E-01	9.36E-01	4.99E-04	6.18E-03	3.41E-03	bad-chisq
group_8951	2.14E-02	3.32E-01	9.81E-01	1.22E-04	5.03E-03	1.02E-03	bad-chisq
thyA	2.14E-02	8.70E-01	8.49E-01	1.10E-02	5.77E-02	8.03E-03	bad-chisq
group_8861	2.14E-02	3.32E-01	9.98E-01	6.40E-06	2.21E-03	1.22E-04	bad-chisq
group_8762	2.14E-02	3.32E-01	1.00E+00	5.65E-07	3.44E-03	6.96E-06	bad-chisq
group_8761	2.14E-02	3.32E-01	1.00E+00	5.65E-07	3.44E-03	6.96E-06	bad-chisq
group_8742	2.14E-02	3.32E-01	9.92E-01	5.52E-04	5.69E-02	4.10E-04	bad-chisq
group_8735	2.14E-02	3.32E-01	9.90E-01	6.93E-05	5.35E-03	5.49E-04	bad-chisq
group_8618	2.14E-02	3.32E-01	9.77E-01	1.74E-03	6.04E-02	1.22E-03	bad-chisq
group_8600	2.14E-02	3.32E-01	9.84E-01	1.24E-04	6.17E-03	8.52E-04	bad-chisq
yknY_2	2.14E-02	8.70E-01	9.53E-01	-3.63E-04	6.16E-03	2.49E-03	bad-chisq
group_8452	2.14E-02	8.70E-01	2.69E-24	-4.36E-01	4.09E-02	4.11E-01	bad-chisq
group_8416	2.14E-02	3.32E-01	9.70E-01	2.30E-04	6.18E-03	1.58E-03	bad-chisq
group_8406	2.14E-02	3.32E-01	7.47E-01	1.73E-02	5.36E-02	1.36E-02	bad-chisq
group_8387	2.14E-02	3.32E-01	9.95E-01	2.30E-05	3.56E-03	2.73E-04	bad-chisq
group_8324	2.14E-02	3.32E-01	9.44E-01	2.92E-03	4.17E-02	2.97E-03	bad-chisq
group_8206	2.14E-02	3.32E-01	7.67E-01	1.12E-02	3.77E-02	1.25E-02	bad-chisq
degA_2~~~degA	2.14E-02	3.63E-04	1.41E-01	-8.07E-02	5.47E-02	6.23E-02	
group_7936	2.14E-02	3.63E-04	1.41E-01	-8.07E-02	5.47E-02	6.23E-02	
purF~~~purF_2	2.14E-02	3.32E-01	9.87E-01	6.82E-05	4.06E-03	7.10E-04	bad-chisq
group_7904	2.14E-02	8.70E-01	6.79E-25	4.29E-01	3.97E-02	4.16E-01	bad-chisq
IntTn~~~IntTn_1~~~IntTn_2	2.14E-02	3.32E-01	8.60E-01	9.68E-03	5.48E-02	7.47E-03	bad-chisq
group_7772	2.14E-02	3.32E-01	9.84E-01	9.27E-04	4.56E-02	8.59E-04	bad-chisq
group_7747	2.14E-02	1.94E-01	9.56E-01	-2.25E-04	4.05E-03	2.35E-03	
group_7731	2.14E-02	8.70E-01	8.88E-01	8.64E-04	6.14E-03	5.95E-03	bad-chisq
pflA~~~hpdA_2	2.14E-02	3.63E-04	1.41E-01	-8.07E-02	5.47E-02	6.23E-02	
group_7676	2.14E-02	8.70E-01	9.83E-01	-9.83E-04	4.49E-02	9.27E-04	bad-chisq
noc_4~~~spo0C~~~noc_3	2.14E-02	3.32E-01	9.85E-01	1.19E-04	6.16E-03	8.16E-04	bad-chisq
dppC~~~oppC_1	2.14E-02	3.32E-01	9.34E-01	3.06E-03	3.69E-02	3.51E-03	bad-chisq
group_7330	2.14E-02	8.70E-01	5.81E-01	1.85E-02	3.35E-02	2.34E-02	bad-chisq
xerC_11~~~xerC_3~~~xerC_2	2.14E-02	3.32E-01	7.74E-01	1.87E-02	6.53E-02	1.21E-02	bad-chisq
nanR_1	2.14E-02	8.70E-01	9.40E-01	-4.00E-04	5.35E-03	3.17E-03	bad-chisq
mro_2	2.14E-02	3.32E-01	9.14E-01	5.48E-03	5.10E-02	4.55E-03	bad-chisq
group_7090	2.14E-02	8.70E-01	2.50E-01	-4.41E-02	3.83E-02	4.87E-02	bad-chisq
group_7089	2.14E-02	8.70E-01	8.54E-01	-1.13E-03	6.13E-03	7.78E-03	bad-chisq
group_7084	2.14E-02	1.50E-02	4.44E-01	-4.49E-02	5.86E-02	3.24E-02	
group_7062	2.14E-02	3.32E-01	9.88E-01	6.46E-05	4.37E-03	6.26E-04	bad-chisq
group_7001	2.14E-02	3.32E-01	9.88E-01	6.55E-05	4.38E-03	6.32E-04	bad-chisq
group_6995	2.14E-02	3.32E-01	9.34E-01	4.28E-03	5.13E-02	3.52E-03	bad-chisq
group_6986	2.14E-02	3.32E-01	9.99E-01	1.73E-06	2.68E-03	2.73E-05	bad-chisq
group_6976	2.14E-02	8.70E-01	6.79E-25	4.29E-01	3.97E-02	4.16E-01	bad-chisq
pflD_2~~~cutC_2~~~pflD	2.14E-02	3.63E-04	1.41E-01	-8.07E-02	5.47E-02	6.23E-02	
group_6909	2.14E-02	8.70E-01	5.80E-03	-1.16E-01	4.18E-02	1.16E-01	bad-chisq
livF_3	2.14E-02	8.70E-01	6.79E-25	4.29E-01	3.97E-02	4.16E-01	bad-chisq
group_6752	2.14E-02	3.32E-01	9.76E-01	1.85E-04	6.17E-03	1.27E-03	bad-chisq
group_6720	2.14E-02	8.70E-01	6.79E-25	4.29E-01	3.97E-02	4.16E-01	bad-chisq
group_6714	2.14E-02	2.60E-06	1.16E-01	-1.70E-01	1.08E-01	6.65E-02	
group_6465	2.14E-02	3.32E-01	9.96E-01	3.00E-05	6.18E-03	2.05E-04	bad-chisq
group_6346	2.14E-02	3.32E-01	9.28E-01	5.59E-04	6.18E-03	3.83E-03	bad-chisq
group_6175	2.14E-02	8.70E-01	2.64E-32	-5.50E-01	4.36E-02	4.71E-01	bad-chisq
group_6161	2.14E-02	3.32E-01	8.65E-01	2.72E-02	1.61E-01	7.18E-03	bad-chisq
group_6127	2.14E-02	3.32E-01	9.20E-01	6.23E-03	6.22E-02	4.24E-03	bad-chisq
group_6082	2.14E-02	8.70E-01	7.47E-01	-4.13E-02	1.28E-01	1.37E-02	bad-chisq
group_5649	2.14E-02	1.50E-02	1.02E-01	-1.38E-01	8.41E-02	6.91E-02	
group_5462	2.14E-02	1.94E-01	9.08E-01	-5.04E-04	4.37E-03	4.88E-03	
group_5454	2.14E-02	3.32E-01	9.95E-01	2.13E-04	3.54E-02	2.54E-04	bad-chisq
group_5438	2.14E-02	3.22E-12	9.18E-01	-6.37E-04	6.18E-03	4.36E-03	
group_5287	2.14E-02	3.32E-01	9.98E-01	1.41E-05	6.17E-03	9.63E-05	bad-chisq
group_5277	2.14E-02	1.94E-01	7.87E-01	1.34E-02	4.94E-02	1.14E-02	
pduV	2.14E-02	2.60E-06	3.17E-01	-1.19E-01	1.19E-01	4.24E-02	
group_5226	2.14E-02	3.32E-01	9.99E-01	3.45E-06	4.06E-03	3.60E-05	bad-chisq
acsE	2.14E-02	8.70E-01	6.14E-01	-3.72E-02	7.38E-02	2.13E-02	bad-chisq
group_5131	2.14E-02	8.70E-01	8.54E-01	-1.13E-03	6.13E-03	7.78E-03	bad-chisq
group_5124	2.14E-02	8.70E-01	6.79E-25	4.29E-01	3.97E-02	4.16E-01	bad-chisq
group_5120	2.14E-02	3.32E-01	5.97E-01	2.80E-02	5.29E-02	2.24E-02	bad-chisq
group_5067	2.14E-02	3.32E-01	5.97E-01	2.80E-02	5.29E-02	2.24E-02	bad-chisq
group_5034	2.14E-02	3.32E-01	9.64E-01	1.96E-04	4.37E-03	1.90E-03	bad-chisq
group_4996	2.14E-02	3.32E-01	9.87E-01	8.92E-05	5.35E-03	7.05E-04	bad-chisq
group_4980	2.14E-02	3.32E-01	7.80E-01	1.74E-02	6.24E-02	1.18E-02	bad-chisq
group_4978	2.14E-02	3.32E-01	9.28E-01	5.54E-04	6.16E-03	3.81E-03	bad-chisq
group_4910	2.14E-02	3.32E-01	9.70E-01	2.30E-04	6.18E-03	1.58E-03	bad-chisq
phnP	2.14E-02	3.32E-01	7.83E-01	1.56E-02	5.68E-02	1.16E-02	bad-chisq
rcsC~~~cssS_1~~~baeS	2.14E-02	3.32E-01	9.98E-01	1.93E-05	6.17E-03	1.32E-04	bad-chisq
group_4699	2.14E-02	3.32E-01	9.28E-01	5.59E-04	6.18E-03	3.83E-03	bad-chisq
group_4564	2.14E-02	1.50E-02	1.02E-01	-1.38E-01	8.41E-02	6.91E-02	
group_4549	2.14E-02	3.32E-01	9.54E-01	2.90E-04	5.06E-03	2.42E-03	bad-chisq
group_4467	2.14E-02	2.60E-06	1.16E-01	-1.70E-01	1.08E-01	6.65E-02	
group_4419	2.14E-02	8.70E-01	6.79E-25	4.29E-01	3.97E-02	4.16E-01	bad-chisq
gsiC~~~dppB~~~dppB_3	2.14E-02	1.50E-02	9.68E-01	1.79E-04	4.39E-03	1.72E-03	
group_4383	2.14E-02	1.50E-02	1.50E-01	-1.43E-01	9.90E-02	6.09E-02	
group_4353	2.14E-02	2.60E-06	1.16E-01	-1.70E-01	1.08E-01	6.65E-02	
group_4261	2.14E-02	8.70E-01	6.79E-25	4.29E-01	3.97E-02	4.16E-01	bad-chisq
group_4251	2.14E-02	2.60E-06	1.16E-01	-1.70E-01	1.08E-01	6.65E-02	
group_4230	2.14E-02	8.70E-01	9.64E-01	2.80E-04	6.18E-03	1.92E-03	bad-chisq
group_4222	2.14E-02	8.70E-01	1.09E-01	-6.79E-02	4.23E-02	6.78E-02	bad-chisq
rbsC_2~~~araH~~~rbsC_1	2.14E-02	3.40E-25	1.07E-02	-1.98E-01	7.72E-02	1.08E-01	
dgoA	2.14E-02	1.50E-02	1.02E-01	-1.38E-01	8.41E-02	6.91E-02	
iolN	2.14E-02	3.32E-01	9.78E-01	1.69E-03	6.21E-02	1.15E-03	bad-chisq
group_4001	2.14E-02	3.32E-01	9.65E-01	2.28E-03	5.23E-02	1.84E-03	bad-chisq
group_3981	2.14E-02	8.70E-01	7.42E-01	-1.34E-03	4.05E-03	1.39E-02	bad-chisq
group_3890	2.14E-02	8.70E-01	6.79E-25	4.29E-01	3.97E-02	4.16E-01	bad-chisq
group_3888	2.14E-02	3.32E-01	8.65E-01	2.72E-02	1.61E-01	7.18E-03	bad-chisq
norV_2~~~fprA	2.14E-02	3.32E-01	9.88E-01	4.09E-05	2.69E-03	6.43E-04	bad-chisq
group_3854	2.14E-02	3.32E-01	9.99E-01	1.18E-04	8.55E-02	5.82E-05	bad-chisq
group_3818	2.14E-02	8.70E-01	7.36E-02	-1.19E-01	6.65E-02	7.56E-02	bad-chisq
group_3649	2.14E-02	8.70E-01	1.73E-01	-9.71E-02	7.12E-02	5.76E-02	bad-chisq
iscS_2~~~iscS_1	2.14E-02	8.70E-01	1.04E-01	-6.90E-02	4.24E-02	6.87E-02	bad-chisq
dapH_1	2.14E-02	8.70E-01	1.48E-02	-1.97E-01	8.06E-02	1.03E-01	bad-chisq
dnaG_2	2.14E-02	3.32E-01	9.72E-01	1.40E-04	4.05E-03	1.46E-03	bad-chisq
metH	2.14E-02	8.70E-01	6.14E-01	-3.72E-02	7.38E-02	2.13E-02	bad-chisq
group_3339	2.14E-02	8.70E-01	6.14E-01	-3.72E-02	7.38E-02	2.13E-02	bad-chisq
oppF_6~~~oppF_3	2.14E-02	1.50E-02	9.54E-01	3.55E-04	6.20E-03	2.42E-03	
group_3227	2.14E-02	2.60E-06	1.16E-01	-1.70E-01	1.08E-01	6.65E-02	
group_3143	2.14E-02	3.32E-01	8.65E-01	2.72E-02	1.61E-01	7.18E-03	bad-chisq
group_2947	2.14E-02	8.70E-01	6.79E-25	4.29E-01	3.97E-02	4.16E-01	bad-chisq
group_2884	2.14E-02	3.32E-01	9.07E-01	1.42E-02	1.21E-01	4.96E-03	bad-chisq
group_2822	2.14E-02	3.32E-01	9.76E-01	2.39E-03	7.97E-02	1.27E-03	bad-chisq
group_2756	2.14E-02	3.32E-01	8.65E-01	2.72E-02	1.61E-01	7.18E-03	bad-chisq
group_2661	2.14E-02	3.32E-01	1.00E+00	1.68E-06	5.37E-03	1.32E-05	bad-chisq
group_2561	2.14E-02	8.70E-01	9.40E-01	-4.00E-04	5.35E-03	3.17E-03	bad-chisq
group_2553	2.14E-02	3.32E-01	5.75E-01	2.09E-02	3.71E-02	2.37E-02	bad-chisq
group_2497	2.14E-02	8.70E-01	6.79E-25	4.29E-01	3.97E-02	4.16E-01	bad-chisq
group_2476	2.14E-02	8.70E-01	7.47E-01	-4.13E-02	1.28E-01	1.37E-02	bad-chisq
melR	2.14E-02	8.70E-01	2.19E-02	-1.37E-01	5.96E-02	9.68E-02	bad-chisq
kdgK_2	2.14E-02	1.50E-02	1.02E-01	-1.38E-01	8.41E-02	6.91E-02	
deoR	2.14E-02	8.70E-01	6.79E-25	4.29E-01	3.97E-02	4.16E-01	bad-chisq
group_2409	2.14E-02	1.94E-01	7.53E-35	5.80E-01	4.39E-02	4.88E-01	
group_2263	2.14E-02	3.32E-01	9.99E-01	3.31E-06	3.58E-03	3.91E-05	bad-chisq
group_2181	2.14E-02	3.32E-01	8.40E-01	8.09E-03	4.01E-02	8.53E-03	bad-chisq
pdxA2	2.14E-02	3.32E-01	8.65E-01	2.72E-02	1.61E-01	7.18E-03	bad-chisq
group_2044	2.14E-02	3.32E-01	9.82E-01	8.25E-05	3.56E-03	9.79E-04	bad-chisq
group_2031	2.14E-02	3.32E-01	3.61E-01	4.26E-02	4.66E-02	3.86E-02	bad-chisq
group_2019	2.14E-02	3.32E-01	9.78E-01	1.69E-03	6.21E-02	1.15E-03	bad-chisq
group_2004	2.14E-02	3.32E-01	7.87E-01	1.14E-02	4.23E-02	1.14E-02	bad-chisq
group_1977	2.14E-02	8.70E-01	8.06E-01	-1.07E-03	4.36E-03	1.04E-02	bad-chisq
group_1959	2.14E-02	3.32E-01	1.00E+00	3.11E-06	6.17E-03	2.13E-05	bad-chisq
group_1926	2.14E-02	3.32E-01	9.99E-01	5.72E-06	5.37E-03	4.50E-05	bad-chisq
group_1725	2.14E-02	8.70E-01	9.85E-01	1.15E-04	6.19E-03	7.86E-04	bad-chisq
group_1719	2.14E-02	3.32E-01	9.94E-01	4.05E-05	5.02E-03	3.41E-04	bad-chisq
oppD_7~~~oppD_1	2.14E-02	3.32E-01	9.07E-01	1.42E-02	1.21E-01	4.96E-03	bad-chisq
livH_1~~~livH_4	2.14E-02	8.70E-01	7.47E-01	-4.13E-02	1.28E-01	1.37E-02	bad-chisq
norR_1~~~norR	2.14E-02	3.32E-01	8.65E-01	2.72E-02	1.61E-01	7.18E-03	bad-chisq
fucO	2.14E-02	3.32E-01	8.65E-01	2.72E-02	1.61E-01	7.18E-03	bad-chisq
group_1360	2.14E-02	8.70E-01	9.45E-01	-3.71E-04	5.35E-03	2.93E-03	bad-chisq
group_1296	2.14E-02	3.32E-01	9.13E-01	6.81E-03	6.26E-02	4.60E-03	bad-chisq
lysN	2.14E-02	1.50E-02	9.29E-01	-9.09E-03	1.03E-01	3.75E-03	
group_1192	2.14E-02	8.70E-01	6.79E-25	4.29E-01	3.97E-02	4.16E-01	bad-chisq
denK	2.14E-02	3.32E-01	8.65E-01	2.72E-02	1.61E-01	7.18E-03	bad-chisq
group_913	2.14E-02	8.70E-01	6.79E-25	4.29E-01	3.97E-02	4.16E-01	bad-chisq
rpoN2	2.14E-02	2.60E-06	1.16E-01	-1.70E-01	1.08E-01	6.65E-02	
group_802	2.14E-02	3.32E-01	9.95E-01	2.31E-05	3.79E-03	2.58E-04	bad-chisq
group_702	2.14E-02	8.70E-01	6.14E-01	-3.72E-02	7.38E-02	2.13E-02	bad-chisq
group_556	2.14E-02	3.32E-01	9.37E-01	2.74E-03	3.48E-02	3.34E-03	bad-chisq
group_480	2.14E-02	3.32E-01	7.39E-01	2.05E-03	6.14E-03	1.41E-02	bad-chisq
group_316	2.14E-02	3.32E-01	9.13E-01	6.81E-03	6.26E-02	4.60E-03	bad-chisq
xdhA_2	2.14E-02	3.32E-01	9.76E-01	2.39E-03	7.97E-02	1.27E-03	bad-chisq
group_140	2.14E-02	3.32E-01	9.87E-01	8.91E-05	5.36E-03	7.03E-04	bad-chisq
purN	2.14E-02	1.50E-02	9.29E-01	-9.09E-03	1.03E-01	3.75E-03	
group_21128	1.96E-02	3.53E-01	9.50E-01	2.73E-04	4.37E-03	2.64E-03	bad-chisq
group_18659	1.96E-02	3.53E-01	8.22E-01	8.01E-03	3.56E-02	9.51E-03	bad-chisq
group_18657	1.96E-02	3.53E-01	8.22E-01	8.01E-03	3.56E-02	9.51E-03	bad-chisq
group_18656	1.96E-02	3.53E-01	8.22E-01	8.01E-03	3.56E-02	9.51E-03	bad-chisq
group_18418	1.96E-02	3.53E-01	9.91E-01	4.23E-05	3.80E-03	4.70E-04	bad-chisq
group_18415	1.96E-02	3.53E-01	9.91E-01	4.23E-05	3.80E-03	4.70E-04	bad-chisq
iolG_4	1.96E-02	7.99E-01	8.86E-01	-8.84E-04	6.17E-03	6.06E-03	bad-chisq
group_15578	1.96E-02	3.53E-01	9.57E-01	3.34E-04	6.15E-03	2.29E-03	bad-chisq
group_15529	1.96E-02	3.53E-01	3.71E-01	4.18E-02	4.66E-02	3.79E-02	bad-chisq
group_15480	1.96E-02	3.53E-01	7.84E-01	1.95E-02	7.09E-02	1.16E-02	bad-chisq
group_15383	1.96E-02	3.53E-01	9.94E-01	4.23E-04	5.85E-02	3.06E-04	bad-chisq
group_15141	1.96E-02	3.53E-01	3.71E-01	4.18E-02	4.66E-02	3.79E-02	bad-chisq
group_15140	1.96E-02	3.53E-01	3.71E-01	4.18E-02	4.66E-02	3.79E-02	bad-chisq
group_15108	1.96E-02	3.53E-01	8.59E-01	8.92E-03	5.01E-02	7.52E-03	bad-chisq
group_15101	1.96E-02	3.53E-01	3.71E-01	4.18E-02	4.66E-02	3.79E-02	bad-chisq
group_15079	1.96E-02	3.53E-01	9.34E-01	5.12E-04	6.16E-03	3.52E-03	bad-chisq
group_15051	1.96E-02	3.53E-01	9.64E-01	2.88E-03	6.41E-02	1.90E-03	bad-chisq
group_14885	1.96E-02	3.53E-01	3.71E-01	4.18E-02	4.66E-02	3.79E-02	bad-chisq
group_14781	1.96E-02	3.53E-01	9.84E-01	9.69E-04	4.77E-02	8.59E-04	bad-chisq
group_14671	1.96E-02	3.53E-01	6.85E-02	1.19E-01	6.50E-02	7.70E-02	bad-chisq
group_14388	1.96E-02	3.53E-01	9.99E-01	3.61E-06	3.92E-03	3.89E-05	bad-chisq
group_14370	1.96E-02	3.53E-01	9.34E-01	5.12E-04	6.16E-03	3.52E-03	bad-chisq
group_14297	1.96E-02	3.53E-01	9.87E-01	6.85E-05	4.05E-03	7.15E-04	bad-chisq
group_14219	1.96E-02	3.53E-01	7.56E-01	1.91E-02	6.13E-02	1.32E-02	bad-chisq
group_14198	1.96E-02	3.53E-01	7.56E-01	1.91E-02	6.13E-02	1.32E-02	bad-chisq
clpC_2	1.96E-02	3.53E-01	9.94E-01	3.22E-05	4.06E-03	3.36E-04	bad-chisq
group_14088	1.96E-02	3.53E-01	8.59E-01	8.92E-03	5.01E-02	7.52E-03	bad-chisq
group_14057	1.96E-02	3.53E-01	1.00E+00	1.60E-06	3.92E-03	1.73E-05	bad-chisq
group_14054	1.96E-02	3.53E-01	3.71E-01	4.18E-02	4.66E-02	3.79E-02	bad-chisq
group_14036	1.96E-02	3.53E-01	7.56E-01	1.91E-02	6.13E-02	1.32E-02	bad-chisq
group_14035	1.96E-02	3.53E-01	6.89E-01	1.65E-02	4.14E-02	1.69E-02	bad-chisq
group_13986	1.96E-02	3.53E-01	6.89E-01	1.65E-02	4.14E-02	1.69E-02	bad-chisq
group_13938	1.96E-02	3.53E-01	3.71E-01	4.18E-02	4.66E-02	3.79E-02	bad-chisq
group_13849	1.96E-02	3.53E-01	8.47E-01	1.27E-02	6.61E-02	8.14E-03	bad-chisq
group_13754	1.96E-02	3.53E-01	9.96E-01	1.51E-05	3.10E-03	2.06E-04	bad-chisq
group_13705	1.96E-02	3.53E-01	1.00E+00	3.10E-06	6.16E-03	2.13E-05	bad-chisq
group_13625	1.96E-02	3.53E-01	7.56E-01	1.91E-02	6.13E-02	1.32E-02	bad-chisq
group_13476	1.96E-02	3.53E-01	7.56E-01	1.91E-02	6.13E-02	1.32E-02	bad-chisq
group_13424	1.96E-02	3.53E-01	9.98E-01	2.33E-04	9.53E-02	1.03E-04	bad-chisq
group_13366	1.96E-02	3.53E-01	1.00E+00	3.17E-06	1.58E-01	8.51E-07	bad-chisq
group_13224	1.96E-02	3.53E-01	9.34E-01	5.12E-04	6.16E-03	3.52E-03	bad-chisq
group_13075	1.96E-02	3.53E-01	9.98E-01	1.09E-05	5.37E-03	8.59E-05	bad-chisq
group_13046	1.96E-02	3.53E-01	7.56E-01	1.91E-02	6.13E-02	1.32E-02	bad-chisq
group_13025	1.96E-02	3.53E-01	9.98E-01	1.09E-05	5.37E-03	8.59E-05	bad-chisq
group_12720	1.96E-02	3.53E-01	7.08E-01	2.85E-02	7.62E-02	1.58E-02	bad-chisq
group_12704	1.96E-02	3.53E-01	9.95E-01	2.30E-05	3.57E-03	2.73E-04	bad-chisq
group_12473	1.96E-02	3.53E-01	9.98E-01	1.09E-05	5.37E-03	8.59E-05	bad-chisq
group_12280	1.96E-02	3.53E-01	9.70E-01	2.30E-04	6.17E-03	1.57E-03	bad-chisq
ndhI	1.96E-02	3.53E-01	9.87E-01	1.00E-04	6.16E-03	6.87E-04	bad-chisq
group_12241	1.96E-02	7.99E-01	8.91E-01	-6.01E-04	4.37E-03	5.81E-03	bad-chisq
group_12238	1.96E-02	3.53E-01	9.99E-01	3.47E-06	3.40E-03	4.32E-05	bad-chisq
group_12159	1.96E-02	3.53E-01	9.86E-01	7.77E-05	4.37E-03	7.52E-04	bad-chisq
group_11973	1.96E-02	1.50E-01	9.50E-01	-3.90E-04	6.16E-03	2.67E-03	
group_11835	1.96E-02	7.99E-01	8.74E-01	1.40E-01	8.81E-01	6.70E-03	bad-chisq
group_11823	1.96E-02	3.53E-01	9.81E-01	1.02E-04	4.37E-03	9.89E-04	bad-chisq
ykoD~~~ykoD_1	1.96E-02	1.42E-04	9.71E-01	-1.85E-04	5.04E-03	1.55E-03	
group_11787	1.96E-02	3.53E-01	9.78E-01	1.45E-04	5.36E-03	1.15E-03	bad-chisq
group_11767	1.96E-02	7.99E-01	9.16E-01	4.88E-02	4.60E-01	4.48E-03	bad-chisq
group_11655	1.96E-02	3.53E-01	9.99E-01	8.39E-06	6.15E-03	5.77E-05	bad-chisq
group_11573	1.96E-02	7.99E-01	8.74E-01	1.40E-01	8.81E-01	6.70E-03	bad-chisq
group_11537	1.96E-02	3.53E-01	8.09E-01	1.48E-03	6.13E-03	1.02E-02	bad-chisq
tcyN~~~tcyC_1~~~glnQ~~~tcyC	1.96E-02	1.90E-13	9.79E-01	-2.42E-03	9.01E-02	1.14E-03	
group_11519	1.96E-02	3.53E-01	8.99E-01	7.84E-04	6.16E-03	5.38E-03	bad-chisq
group_11503	1.96E-02	1.36E-17	7.66E-01	-3.75E-01	1.26E+00	1.26E-02	
group_11445	1.96E-02	7.99E-01	3.05E-02	-1.22E-01	5.65E-02	9.14E-02	bad-chisq
cooS1_1~~~cooS1_2	1.96E-02	3.53E-01	9.67E-01	2.19E-04	5.35E-03	1.73E-03	bad-chisq
group_11362	1.96E-02	1.36E-17	7.66E-01	-3.75E-01	1.26E+00	1.26E-02	
group_11307	1.96E-02	3.53E-01	9.94E-01	3.10E-05	4.05E-03	3.24E-04	bad-chisq
group_11306	1.96E-02	3.53E-01	9.94E-01	3.10E-05	4.05E-03	3.24E-04	bad-chisq
group_11303	1.96E-02	7.99E-01	3.21E-01	4.54E-02	4.57E-02	4.20E-02	bad-chisq
group_11302	1.96E-02	7.99E-01	3.21E-01	4.54E-02	4.57E-02	4.20E-02	bad-chisq
group_11287	1.96E-02	7.99E-01	9.46E-01	1.71E-02	2.53E-01	2.86E-03	bad-chisq
group_11201	1.96E-02	3.53E-01	9.48E-01	3.98E-04	6.11E-03	2.76E-03	bad-chisq
group_11058	1.96E-02	7.99E-01	3.24E-01	-3.68E-02	3.73E-02	4.17E-02	bad-chisq
group_11022	1.96E-02	1.90E-13	5.57E-01	4.21E-02	7.17E-02	2.48E-02	
group_10895	1.96E-02	7.99E-01	8.97E-01	-7.94E-04	6.16E-03	5.45E-03	bad-chisq
group_10878	1.96E-02	7.99E-01	9.93E-01	5.74E-05	6.19E-03	3.93E-04	bad-chisq
group_10802	1.96E-02	1.36E-17	7.66E-01	-3.75E-01	1.26E+00	1.26E-02	
group_10797	1.96E-02	7.99E-01	9.79E-01	1.65E-03	6.34E-02	1.10E-03	bad-chisq
group_10743	1.96E-02	3.53E-01	4.39E-01	4.82E-02	6.23E-02	3.27E-02	bad-chisq
group_10632	1.96E-02	7.99E-01	9.37E-01	-3.11E-04	3.92E-03	3.35E-03	bad-chisq
group_10551	1.96E-02	7.99E-01	3.21E-01	4.54E-02	4.57E-02	4.20E-02	bad-chisq
group_10458	1.96E-02	3.53E-01	9.98E-01	1.09E-05	5.37E-03	8.59E-05	bad-chisq
group_10364	1.96E-02	1.36E-17	7.66E-01	-3.75E-01	1.26E+00	1.26E-02	
group_10272	1.96E-02	3.53E-01	7.56E-01	1.91E-02	6.13E-02	1.32E-02	bad-chisq
group_10222	1.96E-02	7.99E-01	8.74E-01	1.40E-01	8.81E-01	6.70E-03	bad-chisq
group_10194	1.96E-02	1.50E-01	9.95E-01	-3.02E-04	4.87E-02	2.63E-04	
group_10179	1.96E-02	3.53E-01	3.71E-01	4.18E-02	4.66E-02	3.79E-02	bad-chisq
group_10005	1.96E-02	7.99E-01	4.43E-01	4.07E-03	5.31E-03	3.24E-02	bad-chisq
group_9920	1.96E-02	7.99E-01	9.97E-01	2.00E-05	6.16E-03	1.38E-04	bad-chisq
group_9735	1.96E-02	3.53E-01	7.56E-01	1.91E-02	6.13E-02	1.32E-02	bad-chisq
group_9728	1.96E-02	1.36E-17	7.66E-01	-3.75E-01	1.26E+00	1.26E-02	
group_9719	1.96E-02	7.99E-01	9.95E-01	3.49E-04	5.16E-02	2.86E-04	bad-chisq
group_9705	1.96E-02	3.53E-01	7.74E-01	1.29E-02	4.48E-02	1.22E-02	bad-chisq
group_9645	1.96E-02	7.99E-01	9.61E-01	3.01E-04	6.15E-03	2.07E-03	bad-chisq
group_9497	1.96E-02	8.74E-03	9.84E-01	1.26E-04	6.17E-03	8.62E-04	
group_9452	1.96E-02	7.99E-01	8.15E-01	-1.44E-03	6.17E-03	9.89E-03	bad-chisq
COQ5_1~~~COQ5~~~COQ5_2	1.96E-02	1.36E-17	9.75E-01	-3.24E-03	1.02E-01	1.35E-03	
group_9402	1.96E-02	7.99E-01	9.12E-01	-4.51E-04	4.06E-03	4.70E-03	bad-chisq
pdtaR_2	1.96E-02	6.08E-07	1.62E-01	-1.34E-01	9.58E-02	5.91E-02	
group_9266	1.96E-02	3.53E-01	9.02E-01	7.59E-03	6.15E-02	5.21E-03	bad-chisq
group_9263	1.96E-02	7.99E-01	9.03E-01	-7.49E-04	6.17E-03	5.13E-03	bad-chisq
group_9232	1.96E-02	7.99E-01	9.55E-01	-3.46E-04	6.17E-03	2.37E-03	bad-chisq
group_9145	1.96E-02	7.99E-01	9.87E-01	9.63E-05	6.13E-03	6.64E-04	bad-chisq
group_9120	1.96E-02	3.53E-01	9.28E-01	5.57E-04	6.19E-03	3.81E-03	bad-chisq
ktrA_3	1.96E-02	3.53E-01	9.91E-01	6.63E-05	6.16E-03	4.55E-04	bad-chisq
group_8966	1.96E-02	3.53E-01	9.34E-01	5.12E-04	6.16E-03	3.52E-03	bad-chisq
group_8838	1.96E-02	3.53E-01	9.64E-01	1.76E-04	3.92E-03	1.90E-03	bad-chisq
group_8798	1.96E-02	3.53E-01	9.65E-01	2.18E-03	4.99E-02	1.85E-03	bad-chisq
group_8791	1.96E-02	3.53E-01	9.28E-01	5.57E-04	6.19E-03	3.81E-03	bad-chisq
group_8788	1.96E-02	3.53E-01	9.67E-01	2.23E-04	5.36E-03	1.76E-03	bad-chisq
group_8741	1.96E-02	3.53E-01	9.95E-01	2.30E-05	3.57E-03	2.73E-04	bad-chisq
group_8713	1.96E-02	3.53E-01	6.86E-01	1.87E-02	4.62E-02	1.71E-02	bad-chisq
group_8701	1.96E-02	7.99E-01	9.00E-01	-4.93E-03	3.92E-02	5.32E-03	bad-chisq
group_8608	1.96E-02	1.50E-01	5.47E-01	-3.22E-03	5.35E-03	2.55E-02	
group_8586	1.96E-02	3.53E-01	6.47E-01	1.82E-02	3.97E-02	1.94E-02	bad-chisq
group_8550	1.96E-02	3.53E-01	9.64E-01	1.75E-04	3.92E-03	1.89E-03	bad-chisq
group_8543	1.96E-02	7.99E-01	1.81E-33	5.83E-01	4.52E-02	4.79E-01	bad-chisq
group_8529	1.96E-02	3.53E-01	6.89E-01	1.83E-02	4.57E-02	1.69E-02	bad-chisq
group_8524	1.96E-02	7.99E-01	8.66E-01	-9.03E-04	5.36E-03	7.13E-03	bad-chisq
group_8331	1.96E-02	1.50E-01	9.30E-01	-4.70E-04	5.36E-03	3.71E-03	
ntpB_1~~~ntpB_2~~~ntpB	1.96E-02	3.53E-01	7.50E-01	1.79E-02	5.64E-02	1.35E-02	bad-chisq
group_8277	1.96E-02	3.53E-01	1.00E+00	3.11E-06	6.17E-03	2.13E-05	bad-chisq
group_8213	1.96E-02	7.99E-01	9.68E-01	-1.74E-04	4.38E-03	1.68E-03	bad-chisq
group_8210	1.96E-02	8.74E-03	8.21E-06	-2.47E-01	5.48E-02	1.87E-01	
group_8118	1.96E-02	3.53E-01	9.78E-01	1.81E-03	6.53E-02	1.17E-03	bad-chisq
group_8086	1.96E-02	3.53E-01	9.78E-01	1.81E-03	6.53E-02	1.17E-03	bad-chisq
group_8078	1.96E-02	1.50E-01	7.35E-01	1.54E-02	4.56E-02	1.43E-02	
group_8062	1.96E-02	3.53E-01	9.78E-01	1.81E-03	6.53E-02	1.17E-03	bad-chisq
group_8061	1.96E-02	3.53E-01	9.37E-01	3.84E-03	4.86E-02	3.34E-03	bad-chisq
argE~~~argE_2	1.96E-02	1.50E-01	7.35E-01	1.54E-02	4.56E-02	1.43E-02	
group_8019	1.96E-02	3.53E-01	9.99E-01	4.00E-06	6.14E-03	2.76E-05	bad-chisq
group_8000	1.96E-02	3.53E-01	9.64E-01	1.76E-04	3.92E-03	1.90E-03	bad-chisq
yjmC~~~allD	1.96E-02	3.53E-01	9.78E-01	1.81E-03	6.53E-02	1.17E-03	bad-chisq
group_7981	1.96E-02	3.53E-01	9.37E-01	3.84E-03	4.86E-02	3.34E-03	bad-chisq
group_7828	1.96E-02	3.53E-01	8.89E-01	2.31E-02	1.65E-01	5.92E-03	bad-chisq
group_7781	1.96E-02	3.53E-01	9.81E-01	1.57E-03	6.63E-02	1.00E-03	bad-chisq
group_7639	1.96E-02	3.53E-01	9.47E-01	4.12E-04	6.16E-03	2.83E-03	bad-chisq
group_7621	1.96E-02	3.53E-01	9.99E-01	3.74E-06	3.40E-03	4.65E-05	bad-chisq
group_7471	1.96E-02	3.53E-01	9.95E-01	2.30E-05	3.57E-03	2.73E-04	bad-chisq
group_7470	1.96E-02	7.99E-01	9.86E-01	-9.24E-05	5.34E-03	7.32E-04	bad-chisq
group_7423	1.96E-02	7.99E-01	4.01E-01	-8.73E-02	1.04E-01	3.55E-02	bad-chisq
group_7365	1.96E-02	1.50E-01	1.56E-02	-1.16E-01	4.80E-02	1.02E-01	
group_7335	1.96E-02	3.53E-01	9.28E-01	5.57E-04	6.19E-03	3.81E-03	bad-chisq
group_7328	1.96E-02	3.53E-01	9.98E-01	1.61E-05	6.18E-03	1.10E-04	bad-chisq
group_7326	1.96E-02	7.99E-01	9.77E-01	-2.86E-03	9.95E-02	1.22E-03	bad-chisq
group_7184	1.96E-02	7.99E-01	9.76E-01	1.85E-04	6.15E-03	1.27E-03	bad-chisq
group_7121	1.96E-02	7.99E-01	9.72E-02	-8.18E-02	4.92E-02	7.01E-02	bad-chisq
group_7066	1.96E-02	3.53E-01	9.87E-01	8.86E-05	5.36E-03	6.99E-04	bad-chisq
group_7058	1.96E-02	3.53E-01	8.65E-01	3.78E-02	2.22E-01	7.19E-03	bad-chisq
regX3~~~ompR~~~walR_2	1.96E-02	3.53E-01	2.42E-01	4.40E-02	3.75E-02	4.95E-02	bad-chisq
group_6803	1.96E-02	3.53E-01	9.67E-01	2.16E-03	5.28E-02	1.73E-03	bad-chisq
group_6686	1.96E-02	7.99E-01	1.09E-01	-7.62E-02	4.75E-02	6.77E-02	bad-chisq
glnS_1~~~glnS_2~~~glnS	1.96E-02	3.53E-01	9.93E-01	3.95E-04	4.71E-02	3.55E-04	bad-chisq
group_6626	1.96E-02	3.53E-01	9.88E-01	6.43E-04	4.18E-02	6.51E-04	bad-chisq
group_6535	1.96E-02	3.53E-01	9.95E-01	2.30E-05	3.57E-03	2.73E-04	bad-chisq
group_6362	1.96E-02	7.99E-01	9.79E-01	1.63E-04	6.16E-03	1.12E-03	bad-chisq
group_6310	1.96E-02	3.53E-01	3.71E-01	4.18E-02	4.66E-02	3.79E-02	bad-chisq
group_6290	1.96E-02	7.99E-01	9.87E-01	6.97E-05	4.36E-03	6.77E-04	bad-chisq
group_6282	1.96E-02	3.53E-01	9.58E-01	3.28E-04	6.18E-03	2.25E-03	bad-chisq
group_6269	1.96E-02	3.53E-01	9.34E-01	5.12E-04	6.16E-03	3.52E-03	bad-chisq
rpsZ~~~rpsZ_2	1.96E-02	3.53E-01	1.00E+00	7.31E-07	3.24E-03	9.54E-06	bad-chisq
adeP~~~adeQ~~~pbuG	1.96E-02	3.53E-01	9.75E-01	1.54E-03	4.87E-02	1.34E-03	bad-chisq
group_6197	1.96E-02	3.53E-01	7.56E-01	1.91E-02	6.13E-02	1.32E-02	bad-chisq
group_6192	1.96E-02	3.53E-01	3.71E-01	4.18E-02	4.66E-02	3.79E-02	bad-chisq
IntTn_2~~~IntTn_1	1.96E-02	3.53E-01	7.15E-01	2.25E-03	6.17E-03	1.54E-02	bad-chisq
group_5959	1.96E-02	3.53E-01	9.79E-01	1.17E-04	4.38E-03	1.13E-03	bad-chisq
group_5922	1.96E-02	3.53E-01	8.07E-01	1.09E-02	4.47E-02	1.03E-02	bad-chisq
group_5807	1.96E-02	3.53E-01	9.44E-01	3.09E-04	4.36E-03	2.99E-03	bad-chisq
group_5806	1.96E-02	3.53E-01	9.43E-01	4.42E-04	6.14E-03	3.05E-03	bad-chisq
potA_2	1.96E-02	3.53E-01	7.41E-01	2.09E-02	6.31E-02	1.40E-02	bad-chisq
group_5685	1.96E-02	3.53E-01	7.84E-01	1.95E-02	7.09E-02	1.16E-02	bad-chisq
group_5682	1.96E-02	3.53E-01	9.97E-01	2.16E-05	5.06E-03	1.80E-04	bad-chisq
group_5519	1.96E-02	3.53E-01	1.27E-01	7.91E-02	5.17E-02	6.46E-02	bad-chisq
group_5407	1.96E-02	3.53E-01	9.64E-01	1.75E-04	3.92E-03	1.89E-03	bad-chisq
group_5401	1.96E-02	3.53E-01	7.56E-01	1.91E-02	6.13E-02	1.32E-02	bad-chisq
group_5394	1.96E-02	3.53E-01	7.56E-01	1.91E-02	6.13E-02	1.32E-02	bad-chisq
group_5371	1.96E-02	3.53E-01	8.79E-01	8.51E-03	5.59E-02	6.44E-03	bad-chisq
group_5339	1.96E-02	3.53E-01	3.71E-01	4.18E-02	4.66E-02	3.79E-02	bad-chisq
group_5255	1.96E-02	3.53E-01	8.49E-01	1.79E-02	9.37E-02	8.06E-03	bad-chisq
group_5252	1.96E-02	3.53E-01	3.71E-01	4.18E-02	4.66E-02	3.79E-02	bad-chisq
group_5238	1.96E-02	3.53E-01	7.56E-01	1.91E-02	6.13E-02	1.32E-02	bad-chisq
lplA~~~lplJ_3	1.96E-02	3.53E-01	9.98E-01	1.71E-05	6.16E-03	1.18E-04	bad-chisq
group_5117	1.96E-02	3.53E-01	3.71E-01	4.18E-02	4.66E-02	3.79E-02	bad-chisq
group_5115	1.96E-02	3.53E-01	5.54E-01	4.99E-02	8.42E-02	2.51E-02	bad-chisq
group_5057	1.96E-02	3.53E-01	9.64E-01	1.75E-04	3.92E-03	1.89E-03	bad-chisq
group_5002	1.96E-02	3.53E-01	8.49E-01	1.17E-03	6.13E-03	8.08E-03	bad-chisq
group_4850	1.96E-02	3.53E-01	7.56E-01	1.91E-02	6.13E-02	1.32E-02	bad-chisq
group_4843	1.96E-02	7.99E-01	9.79E-01	1.63E-04	6.16E-03	1.12E-03	bad-chisq
group_4836	1.96E-02	3.53E-01	3.47E-01	6.44E-02	6.84E-02	3.98E-02	bad-chisq
group_4810	1.96E-02	3.53E-01	9.94E-01	2.53E-05	3.57E-03	3.00E-04	bad-chisq
group_4804	1.96E-02	3.53E-01	9.34E-01	5.12E-04	6.16E-03	3.52E-03	bad-chisq
cysH_2~~~cysH	1.96E-02	3.53E-01	7.56E-01	1.91E-02	6.13E-02	1.32E-02	bad-chisq
group_4548	1.96E-02	3.53E-01	9.94E-01	4.23E-04	5.85E-02	3.06E-04	bad-chisq
adh_2	1.96E-02	1.42E-04	1.58E-01	-7.37E-02	5.22E-02	5.96E-02	
group_4482	1.96E-02	7.99E-01	5.28E-02	-1.37E-01	7.03E-02	8.18E-02	bad-chisq
group_4466	1.96E-02	3.53E-01	9.34E-01	5.12E-04	6.16E-03	3.52E-03	bad-chisq
group_4455	1.96E-02	7.99E-01	9.92E-01	3.68E-05	3.80E-03	4.10E-04	bad-chisq
group_4452	1.96E-02	3.53E-01	3.71E-01	4.18E-02	4.66E-02	3.79E-02	bad-chisq
group_4401	1.96E-02	3.53E-01	9.78E-01	1.44E-03	5.30E-02	1.15E-03	bad-chisq
group_4371	1.96E-02	7.99E-01	2.81E-28	4.73E-01	4.06E-02	4.42E-01	bad-chisq
gbsB~~~adhE	1.96E-02	7.99E-01	9.66E-01	-2.87E-03	6.69E-02	1.82E-03	bad-chisq
group_4328	1.96E-02	7.99E-01	9.66E-01	-2.87E-03	6.69E-02	1.82E-03	bad-chisq
group_4325	1.96E-02	3.53E-01	9.81E-01	1.57E-03	6.63E-02	1.00E-03	bad-chisq
group_4318	1.96E-02	7.99E-01	5.28E-02	-1.37E-01	7.03E-02	8.18E-02	bad-chisq
group_4313	1.96E-02	7.99E-01	9.76E-01	1.81E-04	6.11E-03	1.25E-03	bad-chisq
group_4278	1.96E-02	3.53E-01	9.81E-01	1.57E-03	6.63E-02	1.00E-03	bad-chisq
group_4273	1.96E-02	7.99E-01	6.35E-32	-5.44E-01	4.34E-02	4.68E-01	bad-chisq
group_4243	1.96E-02	3.53E-01	9.34E-01	5.12E-04	6.16E-03	3.52E-03	bad-chisq
group_4184	1.96E-02	3.53E-01	9.08E-01	1.47E-02	1.28E-01	4.86E-03	bad-chisq
dapE_4~~~argE~~~dapE_2	1.96E-02	3.53E-01	3.56E-01	5.11E-02	5.54E-02	3.90E-02	bad-chisq
group_4105	1.96E-02	3.53E-01	9.82E-01	9.97E-05	4.37E-03	9.64E-04	bad-chisq
group_4094	1.96E-02	3.53E-01	3.71E-01	4.18E-02	4.66E-02	3.79E-02	bad-chisq
group_4007	1.96E-02	3.53E-01	9.96E-01	1.98E-05	4.06E-03	2.06E-04	bad-chisq
group_3940	1.96E-02	3.53E-01	9.98E-01	1.09E-05	5.37E-03	8.59E-05	bad-chisq
group_3917	1.96E-02	3.53E-01	9.68E-01	2.01E-04	5.05E-03	1.68E-03	bad-chisq
group_3899	1.96E-02	3.53E-01	9.18E-01	6.38E-04	6.18E-03	4.37E-03	bad-chisq
group_3795	1.96E-02	3.53E-01	9.45E-01	3.49E-03	5.05E-02	2.92E-03	bad-chisq
gsiD	1.96E-02	8.74E-03	9.55E-01	3.51E-04	6.19E-03	2.39E-03	
group_3754	1.96E-02	7.99E-01	2.69E-05	-2.15E-01	5.08E-02	1.76E-01	bad-chisq
group_3688	1.96E-02	3.53E-01	3.71E-01	4.18E-02	4.66E-02	3.79E-02	bad-chisq
FCS1_1~~~FCS1	1.96E-02	8.74E-03	9.24E-01	-1.02E-02	1.06E-01	4.05E-03	
group_3605	1.96E-02	3.53E-01	5.71E-01	2.46E-02	4.33E-02	2.40E-02	bad-chisq
group_3585	1.96E-02	7.99E-01	9.82E-01	9.05E-05	4.06E-03	9.42E-04	bad-chisq
group_3569	1.96E-02	3.53E-01	1.03E-02	9.80E-02	3.81E-02	1.08E-01	bad-chisq
group_3519	1.96E-02	7.99E-01	3.41E-01	-4.54E-02	4.76E-02	4.03E-02	bad-chisq
group_3451	1.96E-02	3.53E-01	7.55E-02	1.06E-01	5.98E-02	7.51E-02	bad-chisq
group_3352	1.96E-02	3.53E-01	9.34E-01	5.12E-04	6.16E-03	3.52E-03	bad-chisq
group_3313	1.96E-02	3.53E-01	9.94E-01	2.27E-04	3.25E-02	2.95E-04	bad-chisq
group_3291	1.96E-02	3.53E-01	9.99E-01	1.73E-06	2.68E-03	2.73E-05	bad-chisq
group_3274	1.96E-02	6.08E-07	9.36E-02	-1.93E-01	1.15E-01	7.09E-02	
group_3217	1.96E-02	7.99E-01	8.74E-01	1.40E-01	8.81E-01	6.70E-03	bad-chisq
group_3186	1.96E-02	3.53E-01	6.89E-01	1.65E-02	4.14E-02	1.69E-02	bad-chisq
group_3145	1.96E-02	3.53E-01	9.98E-01	2.44E-04	9.72E-02	1.06E-04	bad-chisq
group_3133	1.96E-02	3.53E-01	9.15E-01	3.81E-04	3.58E-03	4.51E-03	bad-chisq
group_3082	1.96E-02	3.53E-01	9.98E-01	1.22E-05	6.16E-03	8.37E-05	bad-chisq
group_3062	1.96E-02	7.99E-01	9.66E-01	-2.87E-03	6.69E-02	1.82E-03	bad-chisq
group_3047	1.96E-02	3.53E-01	9.38E-01	3.17E-04	4.06E-03	3.30E-03	bad-chisq
group_3037	1.96E-02	8.74E-03	9.24E-01	-1.02E-02	1.06E-01	4.05E-03	
group_2899	1.96E-02	7.99E-01	9.99E-01	1.15E-05	6.19E-03	7.83E-05	bad-chisq
group_2895	1.96E-02	3.53E-01	8.94E-01	9.53E-03	7.16E-02	5.63E-03	bad-chisq
group_2891	1.96E-02	3.53E-01	8.94E-01	6.87E-03	5.14E-02	5.66E-03	bad-chisq
group_2867	1.96E-02	1.42E-04	2.26E-01	-1.34E-01	1.10E-01	5.12E-02	
nikB_1	1.96E-02	3.53E-01	9.81E-01	1.57E-03	6.63E-02	1.00E-03	bad-chisq
gsiC_1	1.96E-02	3.53E-01	9.08E-01	1.47E-02	1.28E-01	4.86E-03	bad-chisq
group_2711	1.96E-02	8.74E-03	9.55E-01	3.51E-04	6.19E-03	2.39E-03	
group_2697	1.96E-02	7.99E-01	9.89E-01	-8.23E-04	5.93E-02	5.87E-04	bad-chisq
group_2682	1.96E-02	3.53E-01	9.81E-01	1.57E-03	6.63E-02	1.00E-03	bad-chisq
iolI	1.96E-02	7.99E-01	1.09E-01	-7.62E-02	4.75E-02	6.77E-02	bad-chisq
group_2537	1.96E-02	8.74E-03	9.02E-02	-9.70E-02	5.71E-02	7.16E-02	
fixB~~~caiA	1.96E-02	3.53E-01	9.89E-01	3.25E-05	2.40E-03	5.72E-04	bad-chisq
dinG~~~dinG_1	1.96E-02	3.53E-01	9.68E-01	2.48E-04	6.18E-03	1.70E-03	bad-chisq
group_2410	1.96E-02	7.99E-01	1.74E-25	-4.42E-01	4.03E-02	4.21E-01	bad-chisq
oppD_3	1.96E-02	1.42E-04	2.26E-01	-1.34E-01	1.10E-01	5.12E-02	
gutB_1	1.96E-02	3.53E-01	9.81E-01	1.57E-03	6.63E-02	1.00E-03	bad-chisq
group_2123	1.96E-02	3.53E-01	7.56E-01	1.91E-02	6.13E-02	1.32E-02	bad-chisq
odh	1.96E-02	7.99E-01	2.55E-27	-4.72E-01	4.13E-02	4.35E-01	bad-chisq
group_2014	1.96E-02	3.53E-01	9.77E-01	1.24E-04	4.38E-03	1.20E-03	bad-chisq
group_1940	1.96E-02	3.53E-01	9.19E-01	5.96E-03	5.85E-02	4.30E-03	bad-chisq
phoR_2~~~sasA_2	1.96E-02	3.53E-01	2.26E-01	4.70E-02	3.88E-02	5.12E-02	bad-chisq
group_1727	1.96E-02	3.53E-01	9.68E-01	2.01E-04	5.05E-03	1.68E-03	bad-chisq
group_1702	1.96E-02	3.53E-01	9.97E-01	2.24E-05	6.17E-03	1.54E-04	bad-chisq
group_1672	1.96E-02	7.99E-01	9.93E-01	4.67E-05	5.37E-03	3.68E-04	bad-chisq
oppF_1~~~oppF_2	1.96E-02	3.53E-01	9.81E-01	1.57E-03	6.63E-02	1.00E-03	bad-chisq
gsiD_2~~~gsiD_1	1.96E-02	3.53E-01	9.81E-01	1.57E-03	6.63E-02	1.00E-03	bad-chisq
gsiD~~~gsiD_2	1.96E-02	1.42E-04	2.26E-01	-1.34E-01	1.10E-01	5.12E-02	
group_1522	1.96E-02	7.99E-01	9.44E-01	-3.78E-04	5.36E-03	2.99E-03	bad-chisq
group_1497	1.96E-02	3.53E-01	8.02E-01	1.54E-02	6.13E-02	1.06E-02	bad-chisq
group_1376	1.96E-02	1.50E-01	8.35E-01	-1.28E-03	6.17E-03	8.79E-03	
moaA_2~~~moaA_1	1.96E-02	3.53E-01	1.00E+00	7.62E-07	3.44E-03	9.37E-06	bad-chisq
group_1292	1.96E-02	8.74E-03	9.02E-02	-9.70E-02	5.71E-02	7.16E-02	
group_1142	1.96E-02	3.53E-01	9.35E-01	4.11E-03	5.05E-02	3.44E-03	bad-chisq
group_1126	1.96E-02	3.53E-01	8.80E-01	2.17E-02	1.44E-01	6.37E-03	bad-chisq
group_918	1.96E-02	3.53E-01	7.55E-02	1.06E-01	5.98E-02	7.51E-02	bad-chisq
atoC	1.96E-02	6.08E-07	1.62E-01	-1.34E-01	9.58E-02	5.91E-02	
group_722	1.96E-02	1.42E-04	2.26E-01	-1.34E-01	1.10E-01	5.12E-02	
group_610	1.96E-02	3.53E-01	1.00E+00	7.62E-07	3.44E-03	9.37E-06	bad-chisq
group_583	1.96E-02	3.53E-01	9.99E-01	1.73E-06	2.68E-03	2.73E-05	bad-chisq
group_514	1.96E-02	3.53E-01	9.81E-01	1.57E-03	6.63E-02	1.00E-03	bad-chisq
group_410	1.96E-02	7.99E-01	8.85E-01	-8.91E-04	6.18E-03	6.09E-03	bad-chisq
group_300	1.96E-02	7.99E-01	1.74E-25	-4.42E-01	4.03E-02	4.21E-01	bad-chisq
group_182	1.96E-02	3.53E-01	1.00E+00	3.10E-06	6.16E-03	2.13E-05	bad-chisq
group_128	1.96E-02	3.53E-01	9.95E-01	2.78E-05	4.38E-03	2.68E-04	bad-chisq
group_95	1.96E-02	3.53E-01	7.46E-01	2.19E-02	6.77E-02	1.37E-02	bad-chisq
group_18816	1.78E-02	3.77E-01	9.97E-01	1.97E-05	6.14E-03	1.35E-04	bad-chisq
ackA_3	1.78E-02	3.77E-01	9.91E-01	4.23E-05	3.80E-03	4.70E-04	bad-chisq
group_18420	1.78E-02	3.77E-01	9.91E-01	4.23E-05	3.80E-03	4.70E-04	bad-chisq
group_15806	1.78E-02	1.11E-01	9.48E-01	4.03E-04	6.17E-03	2.76E-03	
group_15732	1.78E-02	3.77E-01	8.49E-01	1.17E-03	6.14E-03	8.06E-03	bad-chisq
group_15539	1.78E-02	3.77E-01	1.00E+00	4.74E-08	3.44E-03	5.83E-07	bad-chisq
group_15518	1.78E-02	3.77E-01	9.29E-01	5.53E-04	6.19E-03	3.78E-03	bad-chisq
group_15372	1.78E-02	3.77E-01	9.59E-01	3.13E-04	6.16E-03	2.15E-03	bad-chisq
group_15363	1.78E-02	3.77E-01	9.29E-01	5.53E-04	6.19E-03	3.78E-03	bad-chisq
group_15325	1.78E-02	3.77E-01	1.00E+00	4.74E-08	3.44E-03	5.83E-07	bad-chisq
group_15274	1.78E-02	3.77E-01	9.29E-01	5.53E-04	6.19E-03	3.78E-03	bad-chisq
group_15221	1.78E-02	3.77E-01	7.57E-01	1.92E-02	6.19E-02	1.31E-02	bad-chisq
group_15164	1.78E-02	3.77E-01	9.34E-01	5.13E-04	6.16E-03	3.52E-03	bad-chisq
group_15075	1.78E-02	3.77E-01	9.95E-01	2.31E-05	3.57E-03	2.73E-04	bad-chisq
group_15072	1.78E-02	3.77E-01	7.57E-01	1.92E-02	6.19E-02	1.31E-02	bad-chisq
group_15050	1.78E-02	7.22E-01	9.62E-01	-2.94E-04	6.17E-03	2.02E-03	bad-chisq
group_14998	1.78E-02	3.77E-01	9.34E-01	5.16E-04	6.19E-03	3.52E-03	bad-chisq
group_14917	1.78E-02	3.77E-01	6.57E-01	3.04E-02	6.84E-02	1.88E-02	bad-chisq
group_14802	1.78E-02	3.77E-01	9.29E-01	5.53E-04	6.19E-03	3.78E-03	bad-chisq
group_14799	1.78E-02	3.77E-01	9.98E-01	1.23E-05	4.06E-03	1.28E-04	bad-chisq
group_14747	1.78E-02	3.77E-01	9.34E-01	5.16E-04	6.19E-03	3.52E-03	bad-chisq
group_14684	1.78E-02	3.77E-01	9.34E-01	5.16E-04	6.19E-03	3.52E-03	bad-chisq
group_14652	1.78E-02	3.77E-01	9.34E-01	5.16E-04	6.19E-03	3.52E-03	bad-chisq
group_14645	1.78E-02	3.77E-01	9.29E-01	5.53E-04	6.19E-03	3.78E-03	bad-chisq
group_14625	1.78E-02	3.77E-01	9.46E-01	3.40E-03	4.98E-02	2.89E-03	bad-chisq
group_14571	1.78E-02	3.77E-01	8.26E-01	1.28E-02	5.81E-02	9.32E-03	bad-chisq
group_14569	1.78E-02	3.77E-01	9.94E-01	3.10E-05	4.05E-03	3.24E-04	bad-chisq
vat	1.78E-02	3.77E-01	9.88E-01	7.85E-05	5.07E-03	6.55E-04	bad-chisq
group_14489	1.78E-02	3.77E-01	9.29E-01	5.53E-04	6.19E-03	3.78E-03	bad-chisq
group_14472	1.78E-02	3.77E-01	6.37E-01	2.42E-02	5.13E-02	2.00E-02	bad-chisq
group_14441	1.78E-02	3.77E-01	9.29E-01	5.53E-04	6.19E-03	3.78E-03	bad-chisq
group_14417	1.78E-02	3.77E-01	9.76E-01	2.11E-03	6.88E-02	1.30E-03	bad-chisq
group_14416	1.78E-02	3.77E-01	9.95E-01	2.15E-04	3.72E-02	2.44E-04	bad-chisq
group_14408	1.78E-02	3.77E-01	8.82E-01	1.39E-02	9.40E-02	6.27E-03	bad-chisq
group_14385	1.78E-02	7.22E-01	9.89E-01	9.31E-04	6.84E-02	5.75E-04	bad-chisq
group_14374	1.78E-02	3.77E-01	9.95E-01	4.17E-04	6.36E-02	2.77E-04	bad-chisq
group_14293	1.78E-02	3.77E-01	9.29E-01	5.53E-04	6.19E-03	3.78E-03	bad-chisq
group_14227	1.78E-02	3.77E-01	9.34E-01	5.16E-04	6.19E-03	3.52E-03	bad-chisq
group_14224	1.78E-02	3.77E-01	9.17E-01	7.24E-03	6.95E-02	4.41E-03	bad-chisq
group_14161	1.78E-02	3.77E-01	9.34E-01	5.16E-04	6.19E-03	3.52E-03	bad-chisq
group_14107	1.78E-02	7.22E-01	9.89E-01	9.31E-04	6.84E-02	5.75E-04	bad-chisq
group_14040	1.78E-02	3.77E-01	9.77E-01	1.23E-04	4.37E-03	1.20E-03	bad-chisq
group_13992	1.78E-02	3.77E-01	9.34E-01	5.16E-04	6.19E-03	3.52E-03	bad-chisq
group_13985	1.78E-02	3.77E-01	9.98E-01	3.54E-04	1.18E-01	1.27E-04	bad-chisq
group_13864	1.78E-02	3.77E-01	6.57E-01	3.04E-02	6.84E-02	1.88E-02	bad-chisq
group_13851	1.78E-02	3.77E-01	6.27E-01	2.00E-02	4.11E-02	2.06E-02	bad-chisq
group_13844	1.78E-02	3.77E-01	9.86E-01	8.57E-05	5.04E-03	7.19E-04	bad-chisq
group_13807	1.78E-02	3.77E-01	9.88E-01	7.76E-05	5.36E-03	6.12E-04	bad-chisq
group_13743	1.78E-02	3.77E-01	1.00E+00	4.74E-08	3.44E-03	5.83E-07	bad-chisq
group_13701	1.78E-02	3.77E-01	9.29E-01	5.53E-04	6.19E-03	3.78E-03	bad-chisq
group_13674	1.78E-02	3.77E-01	7.78E-01	2.61E-02	9.28E-02	1.19E-02	bad-chisq
group_13606	1.78E-02	3.77E-01	9.34E-01	5.16E-04	6.19E-03	3.52E-03	bad-chisq
group_13451	1.78E-02	3.77E-01	7.57E-01	1.92E-02	6.19E-02	1.31E-02	bad-chisq
group_13401	1.78E-02	3.77E-01	9.29E-01	5.53E-04	6.19E-03	3.78E-03	bad-chisq
group_13380	1.78E-02	3.77E-01	8.73E-01	9.35E-03	5.86E-02	6.75E-03	bad-chisq
group_13321	1.78E-02	3.77E-01	9.96E-01	1.53E-05	3.40E-03	1.91E-04	bad-chisq
group_13264	1.78E-02	3.77E-01	9.46E-01	3.40E-03	4.98E-02	2.89E-03	bad-chisq
group_13256	1.78E-02	3.77E-01	9.71E-01	2.26E-04	6.17E-03	1.55E-03	bad-chisq
group_13182	1.78E-02	3.77E-01	9.95E-01	2.31E-05	3.57E-03	2.73E-04	bad-chisq
group_13142	1.78E-02	3.77E-01	7.57E-01	1.92E-02	6.19E-02	1.31E-02	bad-chisq
group_13125	1.78E-02	3.77E-01	9.34E-01	5.16E-04	6.19E-03	3.52E-03	bad-chisq
group_13092	1.78E-02	3.77E-01	9.29E-01	5.53E-04	6.19E-03	3.78E-03	bad-chisq
group_13082	1.78E-02	3.77E-01	7.48E-01	2.04E-02	6.34E-02	1.36E-02	bad-chisq
group_12953	1.78E-02	3.77E-01	9.34E-01	5.16E-04	6.19E-03	3.52E-03	bad-chisq
group_12913	1.78E-02	3.77E-01	6.67E-20	3.40E-01	3.59E-02	3.72E-01	bad-chisq
group_12796	1.78E-02	3.77E-01	9.29E-01	5.53E-04	6.19E-03	3.78E-03	bad-chisq
group_12721	1.78E-02	3.77E-01	9.29E-01	5.53E-04	6.19E-03	3.78E-03	bad-chisq
group_12350	1.78E-02	3.77E-01	9.34E-01	5.16E-04	6.19E-03	3.52E-03	bad-chisq
group_12275	1.78E-02	3.77E-01	9.73E-01	2.10E-04	6.16E-03	1.44E-03	bad-chisq
group_12237	1.78E-02	3.77E-01	9.99E-01	2.93E-06	3.40E-03	3.65E-05	bad-chisq
group_12236	1.78E-02	3.77E-01	9.99E-01	2.93E-06	3.40E-03	3.65E-05	bad-chisq
group_12177	1.78E-02	3.77E-01	9.99E-01	7.85E-06	6.16E-03	5.39E-05	bad-chisq
group_12163	1.78E-02	3.77E-01	8.82E-01	7.42E-04	5.01E-03	6.26E-03	bad-chisq
ndoA_1~~~mazF	1.78E-02	7.22E-01	9.90E-01	4.55E-05	3.80E-03	5.06E-04	bad-chisq
nagC_3~~~nanK_1	1.78E-02	4.57E-03	8.72E-01	1.29E-02	7.97E-02	6.84E-03	
group_11755	1.78E-02	3.77E-01	9.03E-01	6.94E-03	5.69E-02	5.16E-03	bad-chisq
group_11754	1.78E-02	3.77E-01	9.03E-01	6.94E-03	5.69E-02	5.16E-03	bad-chisq
artP_1~~~mltF	1.78E-02	7.22E-01	9.93E-01	9.94E-04	1.12E-01	3.76E-04	bad-chisq
mnmA~~~mnmA_1	1.78E-02	4.57E-03	9.55E-01	4.31E-03	7.63E-02	2.39E-03	
group_11638	1.78E-02	3.77E-01	6.11E-01	2.52E-02	4.96E-02	2.15E-02	bad-chisq
group_11637	1.78E-02	3.77E-01	9.87E-01	1.03E-04	6.20E-03	7.05E-04	bad-chisq
group_11620	1.78E-02	7.22E-01	8.38E-01	9.22E-03	4.51E-02	8.65E-03	bad-chisq
group_11615	1.78E-02	3.77E-01	5.38E-01	3.13E-02	5.08E-02	2.60E-02	bad-chisq
group_11587	1.78E-02	3.77E-01	9.29E-01	5.53E-04	6.19E-03	3.78E-03	bad-chisq
group_11518	1.78E-02	7.22E-01	9.40E-01	-3.98E-03	5.30E-02	3.18E-03	bad-chisq
group_11510	1.78E-02	3.77E-01	9.93E-01	5.29E-05	6.17E-03	3.63E-04	bad-chisq
group_11498	1.78E-02	7.22E-01	9.40E-01	-3.98E-03	5.30E-02	3.18E-03	bad-chisq
dthD	1.78E-02	3.77E-01	7.60E-01	2.73E-02	8.93E-02	1.30E-02	bad-chisq
group_11400	1.78E-02	3.77E-01	9.93E-01	5.03E-05	5.35E-03	3.97E-04	bad-chisq
group_11386	1.78E-02	7.22E-01	2.18E-02	-1.54E-01	6.70E-02	9.68E-02	bad-chisq
group_11182	1.78E-02	3.77E-01	6.23E-01	5.37E-02	1.09E-01	2.08E-02	bad-chisq
rcsC~~~sasA_7	1.78E-02	3.77E-01	9.80E-01	1.51E-04	6.17E-03	1.04E-03	bad-chisq
group_11133	1.78E-02	7.22E-01	8.16E-01	-1.42E-03	6.12E-03	9.85E-03	bad-chisq
rhaR_11~~~rhaR_12	1.78E-02	7.22E-01	8.16E-01	-1.42E-03	6.12E-03	9.85E-03	bad-chisq
group_11100	1.78E-02	3.77E-01	9.88E-01	8.67E-04	5.58E-02	6.57E-04	bad-chisq
group_10903	1.78E-02	3.77E-01	7.72E-01	1.60E-02	5.52E-02	1.23E-02	bad-chisq
group_10855	1.78E-02	3.77E-01	9.92E-01	4.44E-05	4.38E-03	4.29E-04	bad-chisq
group_10837	1.78E-02	7.22E-01	9.11E-01	-4.89E-04	4.37E-03	4.74E-03	bad-chisq
group_10812	1.78E-02	3.77E-01	9.91E-01	6.97E-05	6.17E-03	4.78E-04	bad-chisq
group_10809	1.78E-02	7.22E-01	9.11E-01	-4.89E-04	4.37E-03	4.74E-03	bad-chisq
group_10791	1.78E-02	3.77E-01	3.91E-01	4.13E-02	4.81E-02	3.63E-02	bad-chisq
group_10777	1.78E-02	3.77E-01	9.92E-01	6.00E-04	5.86E-02	4.33E-04	bad-chisq
group_10770	1.78E-02	7.22E-01	9.76E-01	-1.85E-04	6.19E-03	1.26E-03	bad-chisq
group_10734	1.78E-02	3.77E-01	7.34E-01	1.96E-02	5.78E-02	1.44E-02	bad-chisq
group_10723	1.78E-02	7.22E-01	8.67E-01	-1.03E-03	6.15E-03	7.07E-03	bad-chisq
sasA_5~~~sasA_1	1.78E-02	3.77E-01	8.32E-01	5.13E-02	2.42E-01	8.96E-03	bad-chisq
kdpE_2~~~kdpE_1	1.78E-02	5.53E-11	9.93E-01	-6.10E-04	6.77E-02	3.81E-04	
group_10699	1.78E-02	3.77E-01	9.98E-01	9.66E-06	5.04E-03	8.11E-05	bad-chisq
group_10686	1.78E-02	3.77E-01	9.92E-01	4.21E-05	4.37E-03	4.07E-04	bad-chisq
group_10679	1.78E-02	3.77E-01	9.29E-01	5.53E-04	6.19E-03	3.78E-03	bad-chisq
group_10629	1.78E-02	3.77E-01	3.52E-01	3.77E-03	4.05E-03	3.94E-02	bad-chisq
group_10625	1.78E-02	3.77E-01	8.97E-01	4.94E-03	3.82E-02	5.46E-03	bad-chisq
group_10590	1.78E-02	3.77E-01	1.51E-01	1.02E-01	7.07E-02	6.07E-02	bad-chisq
group_10560	1.78E-02	3.77E-01	9.71E-01	2.26E-04	6.17E-03	1.55E-03	bad-chisq
group_10536	1.78E-02	3.77E-01	9.98E-01	8.57E-06	2.77E-03	1.31E-04	bad-chisq
group_10519	1.78E-02	3.77E-01	9.28E-01	4.55E-03	5.01E-02	3.85E-03	bad-chisq
group_10378	1.78E-02	6.40E-15	9.30E-01	-7.37E-02	8.41E-01	3.71E-03	
group_10354	1.78E-02	3.77E-01	6.57E-01	4.50E-02	1.01E-01	1.88E-02	bad-chisq
group_10318	1.78E-02	1.11E-01	1.28E-01	-7.86E-02	5.16E-02	6.43E-02	
group_10302	1.78E-02	1.11E-01	7.71E-01	-2.72E-02	9.34E-02	1.23E-02	
group_10289	1.78E-02	6.40E-15	5.15E-03	-2.54E-01	9.06E-02	1.18E-01	
group_10251	1.78E-02	1.10E-30	2.68E-03	-2.70E-01	8.97E-02	1.27E-01	bad-chisq
cmk_1~~~cmk_3~~~cmk_2	1.78E-02	7.22E-01	9.92E-01	1.31E-03	1.38E-01	3.99E-04	bad-chisq
group_10127	1.78E-02	6.40E-15	9.30E-01	-7.37E-02	8.41E-01	3.71E-03	
group_10119	1.78E-02	7.22E-01	4.87E-01	5.12E-02	7.36E-02	2.94E-02	bad-chisq
group_10033	1.78E-02	7.22E-01	4.43E-01	4.08E-03	5.31E-03	3.25E-02	bad-chisq
aptB_2~~~aptB_1	1.78E-02	1.11E-01	7.71E-01	-2.72E-02	9.34E-02	1.23E-02	
group_10006	1.78E-02	1.11E-01	9.84E-01	1.98E-03	9.70E-02	8.63E-04	
group_9847	1.78E-02	7.22E-01	9.14E-01	6.71E-04	6.18E-03	4.59E-03	bad-chisq
yedK	1.78E-02	3.77E-01	8.26E-01	1.28E-02	5.81E-02	9.32E-03	bad-chisq
group_9763	1.78E-02	7.22E-01	1.00E+00	3.09E-06	6.14E-03	2.13E-05	bad-chisq
group_9710	1.78E-02	7.22E-01	9.21E-01	-3.29E-04	3.31E-03	4.21E-03	bad-chisq
kdpB	1.78E-02	7.22E-01	8.26E-36	-6.06E-01	4.52E-02	4.94E-01	bad-chisq
group_9476	1.78E-02	3.77E-01	9.98E-01	1.42E-05	6.17E-03	9.72E-05	bad-chisq
group_9459	1.78E-02	3.77E-01	7.68E-01	1.38E-02	4.68E-02	1.25E-02	bad-chisq
group_9347	1.78E-02	3.77E-01	9.65E-01	1.74E-04	3.92E-03	1.87E-03	bad-chisq
group_9346	1.78E-02	3.77E-01	9.65E-01	1.74E-04	3.92E-03	1.87E-03	bad-chisq
group_9345	1.78E-02	3.77E-01	9.65E-01	1.74E-04	3.92E-03	1.87E-03	bad-chisq
group_9343	1.78E-02	3.77E-01	9.65E-01	1.74E-04	3.92E-03	1.87E-03	bad-chisq
group_9333	1.78E-02	3.77E-01	9.98E-01	1.65E-05	6.17E-03	1.13E-04	bad-chisq
adeP	1.78E-02	6.40E-15	9.80E-01	-2.27E-03	8.97E-02	1.07E-03	
group_9294	1.78E-02	5.53E-11	9.92E-01	-5.16E-04	4.94E-02	4.42E-04	
group_9256	1.78E-02	3.77E-01	3.91E-01	4.13E-02	4.81E-02	3.63E-02	bad-chisq
group_9204	1.78E-02	7.22E-01	3.42E-01	-3.32E-02	3.49E-02	4.02E-02	bad-chisq
group_9165	1.78E-02	3.77E-01	8.32E-01	1.47E-02	6.93E-02	8.98E-03	bad-chisq
group_9072	1.78E-02	7.22E-01	8.82E-01	9.83E-03	6.61E-02	6.28E-03	bad-chisq
group_8995	1.78E-02	7.22E-01	7.69E-01	1.57E-02	5.34E-02	1.24E-02	bad-chisq
group_8972	1.60E-02	6.40E-01	3.35E-01	-3.42E-02	3.54E-02	4.08E-02	bad-chisq
group_8952	1.78E-02	3.77E-01	9.41E-01	4.58E-04	6.15E-03	3.15E-03	bad-chisq
group_8888	1.60E-02	4.02E-01	3.12E-01	4.40E-03	4.35E-03	4.28E-02	bad-chisq
group_8763	1.78E-02	3.77E-01	3.52E-01	3.77E-03	4.05E-03	3.94E-02	bad-chisq
group_8743	1.78E-02	3.77E-01	6.09E-01	3.88E-02	7.59E-02	2.16E-02	bad-chisq
fbiB_1	1.78E-02	7.22E-01	1.11E-27	-4.78E-01	4.15E-02	4.38E-01	bad-chisq
group_8671	1.60E-02	6.40E-01	9.52E-01	-3.37E-03	5.56E-02	2.56E-03	bad-chisq
group_8654	1.78E-02	3.77E-01	9.45E-01	2.75E-03	3.96E-02	2.93E-03	bad-chisq
group_8613	1.78E-02	3.77E-01	9.71E-01	2.60E-03	7.18E-02	1.53E-03	bad-chisq
group_8560	1.78E-02	3.77E-01	9.99E-01	3.37E-06	3.01E-03	4.75E-05	bad-chisq
group_8379	1.78E-02	3.77E-01	9.15E-01	1.03E-02	9.72E-02	4.49E-03	bad-chisq
group_8355	1.78E-02	3.77E-01	7.63E-01	1.33E-02	4.42E-02	1.27E-02	bad-chisq
group_8298	1.78E-02	3.77E-01	9.29E-01	5.53E-04	6.19E-03	3.78E-03	bad-chisq
group_8260	1.78E-02	3.77E-01	9.70E-01	1.53E-04	4.05E-03	1.60E-03	bad-chisq
group_8171	1.78E-02	3.77E-01	9.96E-01	2.85E-05	6.18E-03	1.95E-04	bad-chisq
group_8129	1.78E-02	3.77E-01	9.86E-01	6.50E-05	3.68E-03	7.47E-04	bad-chisq
group_8109	1.78E-02	3.77E-01	9.86E-01	6.50E-05	3.68E-03	7.47E-04	bad-chisq
group_8093	1.78E-02	3.77E-01	9.64E-01	1.75E-04	3.92E-03	1.89E-03	bad-chisq
group_8085	1.78E-02	3.77E-01	9.34E-01	4.26E-03	5.13E-02	3.52E-03	bad-chisq
group_8063	1.78E-02	3.77E-01	9.86E-01	6.50E-05	3.68E-03	7.47E-04	bad-chisq
group_8042	1.78E-02	3.77E-01	9.64E-01	1.75E-04	3.92E-03	1.89E-03	bad-chisq
group_7991	1.78E-02	3.77E-01	9.86E-01	6.50E-05	3.68E-03	7.47E-04	bad-chisq
group_7955	1.78E-02	3.77E-01	9.73E-01	1.66E-03	4.88E-02	1.44E-03	bad-chisq
group_7939	1.78E-02	1.11E-01	7.32E-01	1.58E-02	4.62E-02	1.45E-02	
group_7916	1.78E-02	3.77E-01	9.99E-01	4.01E-06	6.14E-03	2.76E-05	bad-chisq
mtlK	1.78E-02	1.11E-01	7.32E-01	1.58E-02	4.62E-02	1.45E-02	
group_7730	1.78E-02	3.77E-01	1.00E+00	1.46E-06	3.40E-03	1.82E-05	bad-chisq
group_7711	1.78E-02	4.57E-03	2.33E-54	-6.22E-01	3.58E-02	5.92E-01	
group_7690	1.78E-02	1.11E-01	7.32E-01	1.58E-02	4.62E-02	1.45E-02	
group_7672	1.78E-02	3.77E-01	9.77E-01	1.67E-03	5.70E-02	1.24E-03	bad-chisq
group_7605	1.78E-02	3.77E-01	9.99E-01	3.03E-06	4.38E-03	2.93E-05	bad-chisq
group_7555	1.78E-02	3.77E-01	9.72E-01	2.46E-03	7.06E-02	1.47E-03	bad-chisq
group_7549	1.78E-02	3.77E-01	7.14E-01	1.78E-02	4.87E-02	1.55E-02	bad-chisq
group_7536	1.78E-02	3.77E-01	6.25E-01	1.06E-03	2.16E-03	2.07E-02	bad-chisq
group_7508	1.78E-02	1.11E-01	1.62E-02	-2.44E-01	1.01E-01	1.02E-01	
group_7431	1.78E-02	3.77E-01	8.48E-01	1.17E-03	6.14E-03	8.09E-03	bad-chisq
group_7422	1.78E-02	7.22E-01	1.34E-26	-4.59E-01	4.08E-02	4.30E-01	bad-chisq
group_7420	1.78E-02	1.11E-01	7.32E-01	1.58E-02	4.62E-02	1.45E-02	
group_7298	1.78E-02	1.11E-01	1.88E-01	-7.29E-02	5.54E-02	5.56E-02	
group_7235	1.78E-02	3.77E-01	9.97E-01	2.22E-05	6.18E-03	1.52E-04	bad-chisq
group_7080	1.78E-02	3.77E-01	9.70E-01	2.33E-04	6.16E-03	1.60E-03	bad-chisq
ligA_4~~~ligA_2~~~ligA_1	1.78E-02	3.77E-01	9.95E-01	2.27E-05	3.57E-03	2.69E-04	bad-chisq
group_6973	1.78E-02	1.11E-01	7.32E-01	1.58E-02	4.62E-02	1.45E-02	
group_6929	1.78E-02	3.77E-01	9.87E-01	5.64E-05	3.40E-03	7.03E-04	bad-chisq
group_6918	1.78E-02	3.77E-01	9.51E-01	2.20E-03	3.56E-02	2.61E-03	bad-chisq
group_6914	1.78E-02	3.77E-01	9.77E-01	1.67E-03	5.70E-02	1.24E-03	bad-chisq
sucD_2~~~sucD	1.78E-02	3.77E-01	9.97E-01	2.19E-04	5.83E-02	1.59E-04	bad-chisq
group_6888	1.78E-02	7.22E-01	9.38E-01	1.27E-02	1.62E-01	3.31E-03	bad-chisq
group_6771	1.78E-02	3.77E-01	8.49E-01	1.17E-03	6.13E-03	8.08E-03	bad-chisq
group_6758	1.78E-02	3.77E-01	8.39E-01	1.17E-02	5.76E-02	8.60E-03	bad-chisq
group_6755	1.78E-02	1.11E-01	3.82E-01	-5.20E-02	5.95E-02	3.69E-02	
group_6719	1.78E-02	3.77E-01	1.09E-02	1.88E-01	7.35E-02	1.07E-01	bad-chisq
group_6678	1.78E-02	1.11E-01	7.32E-01	1.58E-02	4.62E-02	1.45E-02	
group_6675	1.78E-02	1.11E-01	7.32E-01	1.58E-02	4.62E-02	1.45E-02	
xylB_4~~~xylB_2	1.78E-02	1.11E-01	7.32E-01	1.58E-02	4.62E-02	1.45E-02	
group_6595	1.78E-02	3.77E-01	9.99E-01	4.63E-06	4.60E-03	4.26E-05	bad-chisq
group_6580	1.78E-02	7.22E-01	9.88E-01	8.04E-05	5.36E-03	6.34E-04	bad-chisq
group_6448	1.78E-02	7.22E-01	9.19E-01	-2.82E-04	2.77E-03	4.30E-03	bad-chisq
nagR	1.78E-02	7.22E-01	9.38E-01	1.27E-02	1.62E-01	3.31E-03	bad-chisq
group_6372	1.78E-02	3.77E-01	9.29E-01	5.53E-04	6.19E-03	3.78E-03	bad-chisq
group_6371	1.78E-02	1.11E-01	3.66E-01	-1.28E-01	1.42E-01	3.82E-02	
group_6360	1.78E-02	1.11E-01	3.82E-01	-5.20E-02	5.95E-02	3.69E-02	
group_6359	1.78E-02	1.11E-01	3.82E-01	-5.20E-02	5.95E-02	3.69E-02	
group_6357	1.78E-02	1.11E-01	8.55E-02	-9.13E-02	5.30E-02	7.27E-02	
group_6335	1.78E-02	1.11E-01	7.32E-01	1.58E-02	4.62E-02	1.45E-02	
group_6298	1.78E-02	3.77E-01	9.84E-01	7.91E-05	4.06E-03	8.24E-04	bad-chisq
group_6252	1.78E-02	3.77E-01	7.57E-01	1.92E-02	6.19E-02	1.31E-02	bad-chisq
group_6165	1.78E-02	3.77E-01	1.09E-02	1.88E-01	7.35E-02	1.07E-01	bad-chisq
group_6111	1.78E-02	7.22E-01	9.38E-01	1.27E-02	1.62E-01	3.31E-03	bad-chisq
group_6046	1.78E-02	3.77E-01	9.29E-01	5.53E-04	6.19E-03	3.78E-03	bad-chisq
group_5994	1.78E-02	7.22E-01	3.02E-01	-8.79E-02	8.51E-02	4.36E-02	bad-chisq
group_5938	1.78E-02	3.77E-01	1.00E+00	6.15E-07	6.20E-03	4.20E-06	bad-chisq
group_5864	1.78E-02	7.22E-01	9.68E-01	2.13E-04	5.37E-03	1.68E-03	bad-chisq
group_5842	1.78E-02	3.77E-01	9.29E-01	5.53E-04	6.19E-03	3.78E-03	bad-chisq
group_5815	1.78E-02	7.22E-01	7.77E-01	-1.14E-02	4.01E-02	1.20E-02	bad-chisq
yclM~~~yclM_1	1.78E-02	6.40E-15	9.30E-01	-7.37E-02	8.41E-01	3.71E-03	
group_5661	1.78E-02	3.77E-01	9.29E-01	5.53E-04	6.19E-03	3.78E-03	bad-chisq
group_5653	1.78E-02	7.22E-01	9.99E-01	1.13E-05	6.19E-03	7.74E-05	bad-chisq
group_5567	1.78E-02	3.77E-01	6.57E-01	3.04E-02	6.84E-02	1.88E-02	bad-chisq
group_5563	1.78E-02	3.77E-01	9.96E-01	2.60E-05	5.06E-03	2.17E-04	bad-chisq
group_5523	1.78E-02	3.77E-01	9.34E-01	5.16E-04	6.19E-03	3.52E-03	bad-chisq
group_5517	1.78E-02	3.77E-01	9.34E-01	5.16E-04	6.19E-03	3.52E-03	bad-chisq
group_5513	1.78E-02	7.22E-01	9.35E-01	-5.04E-04	6.17E-03	3.45E-03	bad-chisq
group_5471	1.78E-02	3.77E-01	9.29E-01	5.53E-04	6.19E-03	3.78E-03	bad-chisq
group_5375	1.78E-02	3.77E-01	8.40E-01	1.16E-02	5.72E-02	8.57E-03	bad-chisq
group_5365	1.78E-02	3.77E-01	9.29E-01	5.53E-04	6.19E-03	3.78E-03	bad-chisq
group_5264	1.78E-02	3.77E-01	9.92E-01	5.25E-04	4.98E-02	4.46E-04	bad-chisq
group_5218	1.78E-02	3.77E-01	9.79E-01	1.72E-03	6.64E-02	1.09E-03	bad-chisq
group_5173	1.78E-02	3.77E-01	9.29E-01	5.53E-04	6.19E-03	3.78E-03	bad-chisq
group_5172	1.78E-02	3.77E-01	9.29E-01	5.53E-04	6.19E-03	3.78E-03	bad-chisq
group_5130	1.78E-02	3.77E-01	9.34E-01	5.16E-04	6.19E-03	3.52E-03	bad-chisq
group_5114	1.78E-02	3.77E-01	8.82E-01	1.39E-02	9.40E-02	6.27E-03	bad-chisq
group_5099	1.78E-02	3.77E-01	9.34E-01	5.16E-04	6.19E-03	3.52E-03	bad-chisq
group_5030	1.78E-02	7.22E-01	6.84E-01	2.06E-02	5.05E-02	1.72E-02	bad-chisq
group_5004	1.78E-02	7.22E-01	9.04E-01	-4.91E-04	4.05E-03	5.12E-03	bad-chisq
group_4986	1.78E-02	3.77E-01	9.29E-01	5.53E-04	6.19E-03	3.78E-03	bad-chisq
group_4983	1.78E-02	3.77E-01	9.29E-01	5.53E-04	6.19E-03	3.78E-03	bad-chisq
gmk_1~~~phnN	1.78E-02	3.77E-01	9.34E-01	5.16E-04	6.19E-03	3.52E-03	bad-chisq
group_4950	1.78E-02	3.77E-01	9.29E-01	5.53E-04	6.19E-03	3.78E-03	bad-chisq
group_4909	1.78E-02	3.77E-01	9.71E-01	2.26E-04	6.17E-03	1.55E-03	bad-chisq
group_4904	1.78E-02	3.77E-01	9.95E-01	2.27E-05	3.57E-03	2.69E-04	bad-chisq
group_4838	1.78E-02	1.11E-01	3.82E-01	-5.20E-02	5.95E-02	3.69E-02	
group_4755	1.78E-02	3.77E-01	9.97E-01	1.77E-05	5.35E-03	1.40E-04	bad-chisq
group_4746	1.78E-02	3.77E-01	8.88E-03	1.02E-01	3.89E-02	1.10E-01	bad-chisq
group_4728	1.78E-02	3.77E-01	1.00E+00	1.23E-06	5.36E-03	9.72E-06	bad-chisq
group_4713	1.78E-02	3.77E-01	9.95E-01	2.31E-05	3.57E-03	2.73E-04	bad-chisq
group_4637	1.78E-02	7.22E-01	4.08E-01	-1.07E-01	1.30E-01	3.50E-02	bad-chisq
lptB_2~~~metN_2	1.78E-02	1.11E-01	7.32E-01	1.58E-02	4.62E-02	1.45E-02	
group_4633	1.78E-02	1.11E-01	7.32E-01	1.58E-02	4.62E-02	1.45E-02	
group_4613	1.78E-02	3.77E-01	9.83E-01	1.34E-04	6.15E-03	9.23E-04	bad-chisq
group_4612	1.78E-02	7.22E-01	5.59E-01	2.36E-03	4.04E-03	2.47E-02	bad-chisq
group_4590	1.78E-02	3.77E-01	9.29E-01	5.53E-04	6.19E-03	3.78E-03	bad-chisq
group_4509	1.78E-02	4.57E-03	1.54E-01	-7.56E-02	5.29E-02	6.03E-02	
lacF~~~lacF_2	1.78E-02	4.57E-03	1.54E-01	-7.56E-02	5.29E-02	6.03E-02	
fprA1~~~norV_2	1.78E-02	3.77E-01	9.89E-01	3.96E-05	2.98E-03	5.62E-04	bad-chisq
group_4461	1.78E-02	7.22E-01	8.46E-01	-1.20E-03	6.17E-03	8.20E-03	bad-chisq
group_4420	1.78E-02	3.77E-01	9.94E-01	4.07E-05	5.36E-03	3.21E-04	bad-chisq
IntTn_3~~~xerC_7~~~xerC_1	1.78E-02	3.77E-01	3.21E-53	8.50E-01	4.96E-02	5.87E-01	bad-chisq
trxA_2~~~trxA	1.78E-02	3.77E-01	9.87E-01	5.72E-05	3.40E-03	7.12E-04	bad-chisq
group_4352	1.78E-02	7.22E-01	3.02E-01	-8.79E-02	8.51E-02	4.36E-02	bad-chisq
group_4332	1.78E-02	3.77E-01	5.67E-01	1.45E-03	2.54E-03	2.42E-02	bad-chisq
group_4299	1.78E-02	1.11E-01	8.36E-01	-1.03E-02	4.97E-02	8.75E-03	
group_4290	1.78E-02	3.77E-01	9.29E-01	5.53E-04	6.19E-03	3.78E-03	bad-chisq
group_4289	1.78E-02	3.77E-01	9.29E-01	5.53E-04	6.19E-03	3.78E-03	bad-chisq
group_4285	1.78E-02	4.57E-03	6.77E-01	-3.45E-02	8.28E-02	1.76E-02	
group_4282	1.78E-02	7.22E-01	9.55E-01	-3.47E-04	6.18E-03	2.37E-03	bad-chisq
gsiD_1~~~gsiD_3~~~gsiD_2	1.78E-02	7.22E-01	9.38E-01	1.27E-02	1.62E-01	3.31E-03	bad-chisq
group_4244	1.78E-02	3.77E-01	9.34E-01	5.16E-04	6.19E-03	3.52E-03	bad-chisq
group_4142	1.78E-02	7.22E-01	8.52E-01	-1.14E-03	6.13E-03	7.88E-03	bad-chisq
group_4106	1.78E-02	3.77E-01	9.87E-01	7.74E-05	4.60E-03	7.12E-04	bad-chisq
group_4045	1.78E-02	3.77E-01	3.54E-01	5.58E-02	6.01E-02	3.92E-02	bad-chisq
group_3901	1.78E-02	3.77E-01	9.97E-01	2.21E-05	6.16E-03	1.52E-04	bad-chisq
group_3838	1.78E-02	3.77E-01	7.84E-03	1.28E-01	4.79E-02	1.12E-01	bad-chisq
group_3821	1.78E-02	1.11E-01	3.82E-01	-5.20E-02	5.95E-02	3.69E-02	
group_3782	1.78E-02	1.63E-19	2.84E-02	-1.49E-01	6.76E-02	9.25E-02	
group_3775	1.78E-02	3.77E-01	9.38E-01	4.72E-03	6.09E-02	3.28E-03	bad-chisq
group_3647	1.78E-02	3.77E-01	9.94E-01	2.34E-05	3.18E-03	3.12E-04	bad-chisq
group_3632	1.78E-02	3.77E-01	9.94E-01	4.19E-05	5.35E-03	3.31E-04	bad-chisq
group_3620	1.78E-02	7.22E-01	8.44E-01	3.15E-02	1.60E-01	8.32E-03	bad-chisq
group_3618	1.78E-02	3.77E-01	9.64E-01	2.81E-04	6.17E-03	1.93E-03	bad-chisq
group_3581	1.78E-02	7.22E-01	9.06E-01	-6.32E-04	5.33E-03	5.02E-03	bad-chisq
group_3558	1.78E-02	3.77E-01	1.00E+00	4.74E-08	3.44E-03	5.83E-07	bad-chisq
group_3538	1.78E-02	1.11E-01	7.32E-01	1.58E-02	4.62E-02	1.45E-02	
lgoR	1.78E-02	1.11E-01	7.32E-01	1.58E-02	4.62E-02	1.45E-02	
group_3450	1.78E-02	3.77E-01	7.67E-01	1.36E-02	4.58E-02	1.25E-02	bad-chisq
group_3439	1.78E-02	7.22E-01	7.92E-01	1.06E-02	4.04E-02	1.11E-02	bad-chisq
group_3383	1.78E-02	7.22E-01	9.60E-01	-3.36E-03	6.76E-02	2.10E-03	bad-chisq
group_3382	1.78E-02	7.22E-01	9.60E-01	-3.36E-03	6.76E-02	2.10E-03	bad-chisq
group_3336	1.78E-02	3.77E-01	9.94E-01	2.55E-04	3.48E-02	3.10E-04	bad-chisq
group_3264	1.78E-02	3.77E-01	9.98E-01	7.01E-06	3.58E-03	8.29E-05	bad-chisq
group_3198	1.78E-02	3.77E-01	9.85E-01	1.13E-03	5.82E-02	8.21E-04	bad-chisq
group_3193	1.78E-02	7.22E-01	3.02E-01	-8.79E-02	8.51E-02	4.36E-02	bad-chisq
polA_2	1.78E-02	3.77E-01	7.57E-01	1.92E-02	6.19E-02	1.31E-02	bad-chisq
group_3026	1.78E-02	3.77E-01	3.54E-01	5.58E-02	6.01E-02	3.92E-02	bad-chisq
group_2999	1.78E-02	7.22E-01	3.02E-01	-8.79E-02	8.51E-02	4.36E-02	bad-chisq
group_2968	1.78E-02	1.06E-07	1.44E-01	-7.55E-02	5.17E-02	6.17E-02	bad-chisq
group_2886	1.78E-02	3.77E-01	9.29E-01	5.53E-04	6.19E-03	3.78E-03	bad-chisq
oppD_4	1.78E-02	7.22E-01	9.38E-01	1.27E-02	1.62E-01	3.31E-03	bad-chisq
nagB	1.78E-02	3.77E-01	9.92E-01	5.14E-05	5.37E-03	4.05E-04	bad-chisq
group_2679	1.78E-02	3.77E-01	3.54E-01	5.58E-02	6.01E-02	3.92E-02	bad-chisq
group_2678	1.78E-02	3.77E-01	3.54E-01	5.58E-02	6.01E-02	3.92E-02	bad-chisq
group_2636	1.78E-02	3.77E-01	2.31E-01	4.60E-02	3.84E-02	5.07E-02	bad-chisq
group_2594	1.78E-02	4.57E-03	9.21E-01	-1.07E-02	1.08E-01	4.20E-03	
group_2556	1.78E-02	3.77E-01	3.54E-01	5.58E-02	6.01E-02	3.92E-02	bad-chisq
group_2530	1.78E-02	3.77E-01	3.54E-01	5.58E-02	6.01E-02	3.92E-02	bad-chisq
group_2411	1.78E-02	3.77E-01	9.81E-01	1.38E-03	5.92E-02	9.88E-04	bad-chisq
group_2351	1.78E-02	3.77E-01	9.98E-01	8.72E-06	3.58E-03	1.03E-04	bad-chisq
group_2346	1.78E-02	3.77E-01	9.71E-01	2.26E-04	6.17E-03	1.55E-03	bad-chisq
group_2118	1.78E-02	3.77E-01	9.78E-01	1.23E-04	4.37E-03	1.19E-03	bad-chisq
group_2069	1.78E-02	3.77E-01	9.95E-01	2.31E-05	3.57E-03	2.73E-04	bad-chisq
group_2055	1.78E-02	3.77E-01	9.88E-01	6.54E-05	4.38E-03	6.32E-04	bad-chisq
group_2053	1.78E-02	3.77E-01	9.93E-01	5.05E-05	6.18E-03	3.45E-04	bad-chisq
group_1999	1.78E-02	1.11E-01	9.99E-01	9.87E-06	6.19E-03	6.74E-05	
group_1994	1.78E-02	3.77E-01	9.34E-01	5.16E-04	6.19E-03	3.52E-03	bad-chisq
group_1985	1.78E-02	3.77E-01	9.94E-01	3.98E-04	5.00E-02	3.37E-04	bad-chisq
group_1890	1.78E-02	7.22E-01	9.09E-01	-7.07E-04	6.19E-03	4.82E-03	bad-chisq
oppF_2~~~oppF_4	1.78E-02	7.22E-01	9.38E-01	1.27E-02	1.62E-01	3.31E-03	bad-chisq
group_1860	1.78E-02	3.77E-01	9.96E-01	1.69E-05	3.43E-03	2.09E-04	bad-chisq
thrC_1~~~thrC_3	1.78E-02	7.22E-01	8.76E-01	5.45E-03	3.49E-02	6.61E-03	bad-chisq
group_1689	1.78E-02	7.22E-01	9.38E-01	1.27E-02	1.62E-01	3.31E-03	bad-chisq
group_1599	1.78E-02	3.77E-01	9.98E-01	1.34E-05	6.18E-03	9.19E-05	bad-chisq
group_1556	1.78E-02	7.22E-01	7.77E-01	-1.14E-02	4.01E-02	1.20E-02	bad-chisq
metK_2	1.78E-02	3.77E-01	1.00E+00	4.74E-08	3.44E-03	5.83E-07	bad-chisq
group_1418	1.78E-02	3.77E-01	9.36E-01	7.68E-03	9.50E-02	3.42E-03	bad-chisq
group_1347	1.78E-02	3.77E-01	9.40E-01	1.27E-02	1.69E-01	3.19E-03	bad-chisq
group_1328	1.78E-02	3.77E-01	9.17E-01	7.24E-03	6.95E-02	4.41E-03	bad-chisq
group_1274	1.78E-02	3.77E-01	3.54E-01	5.58E-02	6.01E-02	3.92E-02	bad-chisq
group_1219	1.78E-02	3.77E-01	9.98E-01	1.61E-05	6.18E-03	1.10E-04	bad-chisq
group_1190	1.78E-02	1.11E-01	3.66E-01	-1.28E-01	1.42E-01	3.82E-02	
frbC	1.78E-02	4.57E-03	9.21E-01	-1.07E-02	1.08E-01	4.20E-03	
argD	1.78E-02	7.22E-01	9.38E-01	1.27E-02	1.62E-01	3.31E-03	bad-chisq
dinB_1	1.78E-02	3.77E-01	8.26E-01	1.28E-02	5.81E-02	9.32E-03	bad-chisq
group_1047	1.78E-02	3.77E-01	7.57E-01	1.92E-02	6.19E-02	1.31E-02	bad-chisq
group_1020	1.78E-02	1.11E-01	7.32E-01	1.58E-02	4.62E-02	1.45E-02	
bglA_3	1.78E-02	3.77E-01	9.74E-01	1.79E-03	5.42E-02	1.40E-03	bad-chisq
group_932	1.78E-02	3.77E-01	9.76E-01	2.11E-03	6.88E-02	1.30E-03	bad-chisq
group_794	1.78E-02	7.22E-01	9.60E-01	-3.36E-03	6.76E-02	2.10E-03	bad-chisq
group_656	1.78E-02	3.77E-01	8.35E-01	8.66E-03	4.16E-02	8.81E-03	bad-chisq
mglA_3	1.78E-02	3.77E-01	9.78E-01	1.23E-04	4.37E-03	1.19E-03	bad-chisq
group_544	1.78E-02	3.77E-01	8.71E-01	1.12E-02	6.86E-02	6.89E-03	bad-chisq
group_417	1.78E-02	3.77E-01	1.00E+00	1.60E-08	3.95E-02	1.71E-08	bad-chisq
group_22	1.78E-02	7.22E-01	3.02E-01	-8.79E-02	8.51E-02	4.36E-02	bad-chisq
group_12	1.78E-02	7.22E-01	1.49E-01	-7.57E-02	5.24E-02	6.10E-02	bad-chisq
dnaG_5~~~dnaG_1~~~dnaG_4~~~dnaG	1.60E-02	4.02E-01	9.39E-01	4.75E-04	6.17E-03	3.26E-03	bad-chisq
group_18426	1.60E-02	4.02E-01	9.92E-01	5.09E-05	5.36E-03	4.02E-04	bad-chisq
group_18424	1.60E-02	4.02E-01	9.92E-01	5.09E-05	5.36E-03	4.02E-04	bad-chisq
group_18289	1.60E-02	6.40E-01	8.86E-01	-8.89E-04	6.18E-03	6.08E-03	bad-chisq
group_18288	1.60E-02	4.02E-01	9.60E-01	3.09E-04	6.18E-03	2.11E-03	bad-chisq
group_16674	1.60E-02	4.02E-01	9.81E-01	8.62E-05	3.58E-03	1.02E-03	bad-chisq
group_15791	1.60E-02	7.61E-02	9.81E-01	1.45E-04	6.18E-03	9.92E-04	
group_15756	1.60E-02	4.02E-01	8.48E-01	1.18E-03	6.17E-03	8.09E-03	bad-chisq
group_15530	1.60E-02	4.02E-01	8.61E-01	7.67E-03	4.38E-02	7.40E-03	bad-chisq
group_15517	1.60E-02	4.02E-01	9.34E-01	5.16E-04	6.19E-03	3.53E-03	bad-chisq
group_15421	1.60E-02	4.02E-01	9.91E-01	6.92E-05	6.17E-03	4.74E-04	bad-chisq
group_15370	1.60E-02	4.02E-01	9.34E-01	5.16E-04	6.19E-03	3.53E-03	bad-chisq
group_15352	1.60E-02	4.02E-01	9.34E-01	5.16E-04	6.19E-03	3.53E-03	bad-chisq
group_15264	1.60E-02	4.02E-01	9.93E-01	4.40E-05	5.36E-03	3.47E-04	bad-chisq
group_15251	1.60E-02	4.02E-01	9.34E-01	5.16E-04	6.19E-03	3.53E-03	bad-chisq
group_15207	1.60E-02	4.02E-01	9.34E-01	5.16E-04	6.19E-03	3.53E-03	bad-chisq
group_15206	1.60E-02	4.02E-01	9.34E-01	5.16E-04	6.19E-03	3.53E-03	bad-chisq
group_15151	1.60E-02	4.02E-01	2.66E-01	4.86E-03	4.36E-03	4.71E-02	bad-chisq
group_15111	1.60E-02	4.02E-01	9.80E-01	1.60E-03	6.49E-02	1.04E-03	bad-chisq
group_15074	1.60E-02	4.02E-01	8.91E-01	8.50E-04	6.18E-03	5.81E-03	bad-chisq
group_15045	1.60E-02	4.02E-01	9.98E-01	1.63E-05	6.17E-03	1.12E-04	bad-chisq
group_14722	1.60E-02	4.02E-01	9.34E-01	5.16E-04	6.19E-03	3.53E-03	bad-chisq
group_14703	1.60E-02	4.02E-01	9.76E-01	1.72E-03	5.80E-02	1.26E-03	bad-chisq
group_14685	1.60E-02	4.02E-01	9.34E-01	5.16E-04	6.19E-03	3.53E-03	bad-chisq
group_14669	1.60E-02	6.40E-01	7.41E-01	-1.34E-03	4.06E-03	1.40E-02	bad-chisq
group_14602	1.60E-02	4.02E-01	9.34E-01	5.16E-04	6.19E-03	3.53E-03	bad-chisq
group_14581	1.60E-02	4.02E-01	9.99E-01	5.34E-06	5.36E-03	4.21E-05	bad-chisq
group_14575	1.60E-02	4.02E-01	9.97E-01	1.17E-05	3.43E-03	1.44E-04	bad-chisq
group_14568	1.60E-02	6.40E-01	4.17E-01	-3.50E-02	4.31E-02	3.43E-02	bad-chisq
group_14554	1.60E-02	4.02E-01	9.34E-01	5.16E-04	6.19E-03	3.53E-03	bad-chisq
group_14546	1.60E-02	4.02E-01	9.80E-01	1.60E-03	6.49E-02	1.04E-03	bad-chisq
group_14543	1.60E-02	6.40E-01	8.17E-01	-1.43E-03	6.16E-03	9.80E-03	bad-chisq
group_14528	1.60E-02	4.02E-01	9.34E-01	5.16E-04	6.19E-03	3.53E-03	bad-chisq
group_14527	1.60E-02	4.02E-01	9.34E-01	5.16E-04	6.19E-03	3.53E-03	bad-chisq
group_14526	1.60E-02	4.02E-01	9.34E-01	5.16E-04	6.19E-03	3.53E-03	bad-chisq
group_14477	1.60E-02	4.02E-01	9.34E-01	5.16E-04	6.19E-03	3.53E-03	bad-chisq
group_14400	1.60E-02	4.02E-01	9.34E-01	5.16E-04	6.19E-03	3.53E-03	bad-chisq
group_14326	1.60E-02	2.61E-12	8.74E-02	-2.43E-01	1.42E-01	7.22E-02	
group_14318	1.60E-02	4.02E-01	9.34E-01	5.16E-04	6.19E-03	3.53E-03	bad-chisq
group_14256	1.60E-02	6.40E-01	9.96E-01	3.39E-04	6.67E-02	2.15E-04	bad-chisq
group_14247	1.60E-02	4.02E-01	9.34E-01	5.16E-04	6.19E-03	3.53E-03	bad-chisq
group_14228	1.60E-02	4.02E-01	9.34E-01	5.16E-04	6.19E-03	3.53E-03	bad-chisq
group_14217	1.60E-02	4.02E-01	1.63E-01	8.59E-03	6.15E-03	5.90E-02	bad-chisq
group_14142	1.60E-02	4.02E-01	9.40E-01	5.52E-03	7.38E-02	3.16E-03	bad-chisq
group_14089	1.60E-02	4.02E-01	4.20E-01	5.38E-02	6.66E-02	3.41E-02	bad-chisq
group_14047	1.60E-02	4.02E-01	9.34E-01	5.16E-04	6.19E-03	3.53E-03	bad-chisq
group_14018	1.60E-02	4.02E-01	9.34E-01	5.16E-04	6.19E-03	3.53E-03	bad-chisq
group_13972	1.60E-02	4.02E-01	9.34E-01	5.16E-04	6.19E-03	3.53E-03	bad-chisq
group_13952	1.60E-02	4.02E-01	9.34E-01	5.16E-04	6.19E-03	3.53E-03	bad-chisq
group_13887	1.60E-02	4.02E-01	3.42E-01	5.85E-02	6.15E-02	4.02E-02	bad-chisq
group_13871	1.60E-02	4.02E-01	9.34E-01	5.16E-04	6.19E-03	3.53E-03	bad-chisq
group_13823	1.60E-02	4.02E-01	9.68E-01	3.20E-03	7.84E-02	1.72E-03	bad-chisq
group_13730	1.60E-02	4.02E-01	9.34E-01	5.16E-04	6.19E-03	3.53E-03	bad-chisq
group_13710	1.60E-02	4.02E-01	9.34E-01	5.16E-04	6.19E-03	3.53E-03	bad-chisq
group_13687	1.60E-02	4.02E-01	9.34E-01	5.16E-04	6.19E-03	3.53E-03	bad-chisq
group_13668	1.60E-02	4.02E-01	9.99E-01	4.52E-06	6.11E-03	3.13E-05	bad-chisq
group_13656	1.60E-02	6.40E-01	8.63E-01	-5.72E-04	3.32E-03	7.29E-03	bad-chisq
group_13607	1.60E-02	4.02E-01	9.34E-01	5.16E-04	6.19E-03	3.53E-03	bad-chisq
group_13483	1.60E-02	4.02E-01	9.34E-01	5.16E-04	6.19E-03	3.53E-03	bad-chisq
group_13459	1.60E-02	4.02E-01	9.34E-01	5.16E-04	6.19E-03	3.53E-03	bad-chisq
group_13433	1.60E-02	4.02E-01	9.34E-01	5.16E-04	6.19E-03	3.53E-03	bad-chisq
group_13405	1.60E-02	4.02E-01	9.94E-01	3.93E-05	5.37E-03	3.09E-04	bad-chisq
group_13316	1.60E-02	4.02E-01	9.34E-01	5.16E-04	6.19E-03	3.53E-03	bad-chisq
group_13297	1.60E-02	4.02E-01	9.98E-01	1.87E-05	6.18E-03	1.28E-04	bad-chisq
group_13268	1.60E-02	4.02E-01	9.34E-01	5.16E-04	6.19E-03	3.53E-03	bad-chisq
group_13227	1.60E-02	4.02E-01	9.34E-01	5.16E-04	6.19E-03	3.53E-03	bad-chisq
yncF_1	1.60E-02	4.02E-01	9.34E-01	5.16E-04	6.19E-03	3.53E-03	bad-chisq
group_13177	1.60E-02	4.02E-01	3.20E-01	5.93E-02	5.95E-02	4.21E-02	bad-chisq
group_13111	1.60E-02	4.02E-01	9.34E-01	5.16E-04	6.19E-03	3.53E-03	bad-chisq
group_13109	1.60E-02	6.40E-01	7.39E-02	-1.68E-01	9.38E-02	7.55E-02	bad-chisq
group_13084	1.60E-02	4.02E-01	9.34E-01	5.16E-04	6.19E-03	3.53E-03	bad-chisq
group_13083	1.60E-02	4.02E-01	9.34E-01	5.16E-04	6.19E-03	3.53E-03	bad-chisq
group_13033	1.60E-02	4.02E-01	9.34E-01	5.16E-04	6.19E-03	3.53E-03	bad-chisq
group_13032	1.60E-02	4.02E-01	9.34E-01	5.16E-04	6.19E-03	3.53E-03	bad-chisq
group_12925	1.60E-02	4.02E-01	9.34E-01	5.16E-04	6.19E-03	3.53E-03	bad-chisq
group_12802	1.60E-02	4.02E-01	9.34E-01	5.16E-04	6.19E-03	3.53E-03	bad-chisq
group_12794	1.60E-02	6.40E-01	8.73E-01	-8.58E-04	5.35E-03	6.78E-03	bad-chisq
group_12763	1.60E-02	4.02E-01	8.28E-01	1.11E-02	5.11E-02	9.18E-03	bad-chisq
group_12692	1.60E-02	7.61E-02	8.30E-01	-1.33E-03	6.17E-03	9.11E-03	
group_12195	1.60E-02	6.40E-01	9.04E-01	6.26E-03	5.18E-02	5.12E-03	bad-chisq
group_12166	1.60E-02	4.02E-01	8.57E-01	9.02E-04	5.02E-03	7.61E-03	bad-chisq
group_11977	1.60E-02	4.02E-01	9.58E-01	3.25E-04	6.16E-03	2.23E-03	bad-chisq
rex1~~~rex_2	1.60E-02	4.02E-01	9.91E-01	6.85E-05	6.15E-03	4.71E-04	bad-chisq
group_11784	1.60E-02	6.40E-01	4.52E-10	2.01E-01	3.16E-02	2.59E-01	bad-chisq
group_11761	1.60E-02	6.40E-01	9.92E-01	5.80E-04	5.58E-02	4.40E-04	bad-chisq
group_11748	1.60E-02	2.61E-12	9.72E-01	-5.96E-03	1.67E-01	1.51E-03	
group_11731	1.43E-02	4.30E-01	1.53E-01	8.74E-03	6.11E-03	6.04E-02	bad-chisq
group_11728	1.60E-02	7.32E-22	3.38E-03	-6.55E-01	2.23E-01	1.24E-01	bad-chisq
group_11705	1.60E-02	6.40E-01	2.66E-01	6.01E-02	5.40E-02	4.70E-02	bad-chisq
group_11704	1.60E-02	6.40E-01	2.66E-01	6.01E-02	5.40E-02	4.70E-02	bad-chisq
group_11689	1.60E-02	2.61E-12	9.72E-01	-5.96E-03	1.67E-01	1.51E-03	
group_11622	1.60E-02	4.02E-01	9.34E-01	5.16E-04	6.19E-03	3.53E-03	bad-chisq
group_11608	1.60E-02	2.07E-03	9.01E-01	-4.86E-04	3.92E-03	5.24E-03	
polC_2~~~polC_1~~~polC_3	1.60E-02	2.07E-03	9.01E-01	-4.86E-04	3.92E-03	5.24E-03	
group_11592	1.60E-02	6.40E-01	2.66E-01	6.01E-02	5.40E-02	4.70E-02	bad-chisq
group_11541	1.60E-02	4.02E-01	9.91E-01	6.94E-05	6.16E-03	4.77E-04	bad-chisq
group_11538	1.60E-02	6.40E-01	9.72E-01	-1.87E-03	5.36E-02	1.48E-03	bad-chisq
lcfB_1	1.60E-02	6.40E-01	4.85E-01	-5.39E-01	7.71E-01	2.96E-02	bad-chisq
group_11469	1.60E-02	6.40E-01	9.87E-01	-1.01E-04	6.18E-03	6.92E-04	bad-chisq
group_11396	1.60E-02	2.07E-03	9.01E-01	-4.86E-04	3.92E-03	5.24E-03	
group_11340	1.60E-02	4.02E-01	9.96E-01	3.38E-05	6.19E-03	2.31E-04	bad-chisq
group_11304	1.60E-02	4.02E-01	9.03E-01	6.41E-03	5.25E-02	5.17E-03	bad-chisq
group_11160	1.60E-02	4.02E-01	9.70E-01	6.70E-03	1.77E-01	1.60E-03	bad-chisq
group_11159	1.60E-02	6.40E-01	8.55E-01	-1.13E-03	6.18E-03	7.71E-03	bad-chisq
group_11138	1.60E-02	4.02E-01	9.96E-01	3.14E-05	6.18E-03	2.15E-04	bad-chisq
benM	1.60E-02	4.02E-01	9.42E-01	6.56E-03	8.95E-02	3.10E-03	bad-chisq
group_11053	1.60E-02	4.02E-01	9.78E-01	1.21E-04	4.37E-03	1.17E-03	bad-chisq
group_11052	1.60E-02	4.02E-01	3.07E-01	4.47E-03	4.37E-03	4.32E-02	bad-chisq
ctpE_2~~~ctpE	1.60E-02	4.02E-01	9.69E-01	7.11E-03	1.83E-01	1.64E-03	bad-chisq
scmP~~~scmP_2	1.60E-02	1.01E-16	1.00E+00	-1.91E-06	6.21E-03	1.30E-05	
group_10970	1.60E-02	4.02E-01	9.82E-01	1.01E-04	4.38E-03	9.76E-04	bad-chisq
rsxB_3~~~rsxB_2	1.60E-02	4.02E-01	7.60E-01	3.09E-02	1.01E-01	1.29E-02	bad-chisq
group_10834	1.60E-02	4.02E-01	9.34E-01	5.16E-04	6.19E-03	3.53E-03	bad-chisq
group_10826	1.60E-02	4.02E-01	6.39E-01	2.47E-02	5.26E-02	1.98E-02	bad-chisq
group_10795	1.60E-02	6.40E-01	8.70E-01	-1.01E-03	6.18E-03	6.92E-03	bad-chisq
group_10709	1.60E-02	6.40E-01	4.60E-23	3.97E-01	3.84E-02	4.01E-01	bad-chisq
group_10681	1.60E-02	6.40E-01	9.72E-01	1.56E-04	4.38E-03	1.51E-03	bad-chisq
group_10641	1.60E-02	2.07E-03	1.63E-01	-9.18E-02	6.56E-02	5.90E-02	
group_10636	1.60E-02	6.40E-01	3.30E-01	-5.34E-02	5.48E-02	4.12E-02	bad-chisq
group_10618	1.60E-02	6.40E-01	2.37E-02	-1.62E-01	7.14E-02	9.55E-02	bad-chisq
group_10596	1.60E-02	4.02E-01	9.34E-01	5.16E-04	6.19E-03	3.53E-03	bad-chisq
group_10534	1.60E-02	6.40E-01	8.95E-01	-5.50E-02	4.17E-01	5.58E-03	bad-chisq
group_10503	1.60E-02	6.40E-01	9.09E-01	5.33E-03	4.68E-02	4.82E-03	bad-chisq
group_10394	1.60E-02	4.02E-01	9.34E-01	5.16E-04	6.19E-03	3.53E-03	bad-chisq
rplR~~~rplR_2~~~rplR_1	1.60E-02	4.02E-01	9.98E-01	1.12E-05	3.80E-03	1.24E-04	bad-chisq
group_10305	1.60E-02	6.40E-01	9.61E-01	-2.24E-04	4.62E-03	2.05E-03	bad-chisq
group_10278	1.60E-02	2.07E-03	8.93E-01	8.92E-03	6.65E-02	5.67E-03	
group_10243	1.60E-02	4.02E-01	9.93E-01	3.77E-05	4.37E-03	3.64E-04	bad-chisq
group_10136	1.60E-02	7.61E-02	1.00E+00	-6.14E-07	4.06E-03	6.40E-06	
group_10116	1.60E-02	6.40E-01	9.88E-01	9.19E-05	6.17E-03	6.30E-04	bad-chisq
group_10072	1.60E-02	4.02E-01	9.91E-01	5.46E-04	4.96E-02	4.66E-04	bad-chisq
group_9822	1.60E-02	4.02E-01	9.34E-01	5.16E-04	6.19E-03	3.53E-03	bad-chisq
group_9715	1.60E-02	4.02E-01	9.32E-01	4.17E-03	4.86E-02	3.63E-03	bad-chisq
group_9673	1.60E-02	4.02E-01	9.34E-01	5.16E-04	6.19E-03	3.53E-03	bad-chisq
group_9626	1.60E-02	4.02E-01	9.98E-01	8.24E-06	3.41E-03	1.02E-04	bad-chisq
group_9617	1.60E-02	4.02E-01	9.89E-01	7.14E-05	5.36E-03	5.64E-04	bad-chisq
group_9611	1.60E-02	7.61E-02	8.54E-01	1.13E-03	6.15E-03	7.76E-03	
xerC_5~~~xerC_10~~~xerC_12	1.60E-02	4.02E-01	9.98E-01	1.56E-05	6.18E-03	1.07E-04	bad-chisq
group_9592	1.60E-02	4.02E-01	9.34E-01	5.16E-04	6.19E-03	3.53E-03	bad-chisq
group_9570	1.60E-02	7.61E-02	3.59E-01	-5.74E-02	6.25E-02	3.88E-02	
group_9569	1.60E-02	4.02E-01	6.52E-01	3.13E-02	6.94E-02	1.91E-02	bad-chisq
group_9544	1.60E-02	7.61E-02	8.57E-01	-7.07E-04	3.91E-03	7.64E-03	
group_9529	1.60E-02	7.61E-02	8.96E-01	-7.50E-03	5.74E-02	5.53E-03	
group_9522	1.60E-02	4.02E-01	9.86E-01	6.43E-05	3.58E-03	7.60E-04	bad-chisq
mepA_5~~~mepA_7	1.60E-02	6.40E-01	9.56E-01	3.46E-03	6.23E-02	2.35E-03	bad-chisq
group_9418	1.60E-02	4.02E-01	9.34E-01	5.16E-04	6.19E-03	3.53E-03	bad-chisq
group_9398	1.60E-02	4.02E-01	7.49E-01	1.33E-02	4.17E-02	1.35E-02	bad-chisq
group_9396	1.60E-02	1.16E-05	7.23E-01	-2.86E-02	8.05E-02	1.50E-02	bad-chisq
group_9394	1.60E-02	4.02E-01	1.00E+00	1.09E-06	4.06E-03	1.13E-05	bad-chisq
group_9357	1.60E-02	4.02E-01	3.72E-01	4.76E-02	5.33E-02	3.78E-02	bad-chisq
group_9342	1.60E-02	4.02E-01	9.65E-01	1.74E-04	3.92E-03	1.87E-03	bad-chisq
group_9340	1.60E-02	4.02E-01	9.65E-01	1.74E-04	3.92E-03	1.87E-03	bad-chisq
group_9339	1.60E-02	4.02E-01	9.65E-01	1.74E-04	3.92E-03	1.87E-03	bad-chisq
group_9337	1.60E-02	4.02E-01	9.65E-01	1.74E-04	3.92E-03	1.87E-03	bad-chisq
group_9335	1.60E-02	4.02E-01	9.65E-01	1.74E-04	3.92E-03	1.87E-03	bad-chisq
group_9332	1.60E-02	4.02E-01	9.65E-01	1.74E-04	3.92E-03	1.87E-03	bad-chisq
group_9331	1.60E-02	4.02E-01	9.65E-01	1.74E-04	3.92E-03	1.87E-03	bad-chisq
group_9325	1.60E-02	4.02E-01	9.65E-01	1.74E-04	3.92E-03	1.87E-03	bad-chisq
group_9317	1.60E-02	4.02E-01	9.65E-01	1.74E-04	3.92E-03	1.87E-03	bad-chisq
group_9315	1.60E-02	6.40E-01	8.71E-01	-1.00E-03	6.18E-03	6.87E-03	bad-chisq
group_9312	1.60E-02	4.02E-01	9.98E-01	1.80E-05	6.17E-03	1.24E-04	bad-chisq
group_9311	1.60E-02	4.02E-01	9.98E-01	1.80E-05	6.17E-03	1.24E-04	bad-chisq
group_9302	1.60E-02	4.02E-01	9.65E-01	1.74E-04	3.92E-03	1.87E-03	bad-chisq
group_9301	1.60E-02	4.02E-01	9.65E-01	1.74E-04	3.92E-03	1.87E-03	bad-chisq
lgt_1~~~lgt_2	1.60E-02	6.40E-01	2.27E-01	-6.46E-03	5.34E-03	5.10E-02	bad-chisq
group_9286	1.60E-02	4.02E-01	9.65E-01	1.74E-04	3.92E-03	1.87E-03	bad-chisq
group_9254	1.60E-02	4.02E-01	9.65E-01	1.74E-04	3.92E-03	1.87E-03	bad-chisq
group_9253	1.60E-02	4.02E-01	9.65E-01	1.74E-04	3.92E-03	1.87E-03	bad-chisq
group_9198	1.60E-02	4.02E-01	9.65E-01	1.74E-04	3.92E-03	1.87E-03	bad-chisq
group_9197	1.60E-02	4.02E-01	9.65E-01	1.74E-04	3.92E-03	1.87E-03	bad-chisq
group_9179	1.60E-02	4.02E-01	9.77E-01	1.75E-04	6.18E-03	1.20E-03	bad-chisq
group_9154	1.43E-02	4.30E-01	9.56E-01	2.97E-03	5.42E-02	2.32E-03	bad-chisq
group_9144	1.60E-02	4.02E-01	9.65E-01	1.74E-04	3.92E-03	1.87E-03	bad-chisq
group_9143	1.60E-02	4.02E-01	9.65E-01	1.74E-04	3.92E-03	1.87E-03	bad-chisq
group_9095	1.60E-02	6.40E-01	9.92E-01	1.47E-03	1.52E-01	4.07E-04	bad-chisq
group_9092	1.60E-02	4.02E-01	9.82E-01	1.41E-04	6.18E-03	9.68E-04	bad-chisq
group_9018	1.60E-02	4.02E-01	9.95E-01	1.52E-05	2.68E-03	2.40E-04	bad-chisq
group_9011	1.60E-02	7.61E-02	1.28E-03	-1.54E-01	4.77E-02	1.36E-01	
group_9008	1.60E-02	6.40E-01	9.23E-01	-8.19E-03	8.47E-02	4.09E-03	bad-chisq
group_8970	1.60E-02	4.02E-01	7.62E-01	1.23E-03	4.06E-03	1.28E-02	bad-chisq
group_8949	1.60E-02	4.02E-01	9.65E-01	1.74E-04	3.92E-03	1.87E-03	bad-chisq
dnaC_2~~~dnaI	1.60E-02	6.40E-01	4.30E-01	-4.69E-02	5.94E-02	3.33E-02	bad-chisq
group_8878	1.60E-02	4.02E-01	9.91E-01	5.69E-04	5.19E-02	4.64E-04	bad-chisq
group_8869	1.60E-02	4.02E-01	9.60E-01	3.11E-04	6.17E-03	2.13E-03	bad-chisq
group_8844	1.60E-02	4.02E-01	9.39E-01	3.79E-03	4.91E-02	3.26E-03	bad-chisq
group_8824	1.60E-02	4.02E-01	9.96E-01	2.77E-05	6.15E-03	1.90E-04	bad-chisq
group_8816	1.60E-02	4.02E-01	9.62E-01	4.05E-03	8.54E-02	2.01E-03	bad-chisq
xerC_2~~~xerC_14	1.60E-02	4.02E-01	9.96E-01	1.80E-05	3.80E-03	2.01E-04	bad-chisq
group_8811	1.60E-02	4.02E-01	6.78E-01	2.08E-02	5.01E-02	1.75E-02	bad-chisq
rutB	1.60E-02	7.61E-02	4.14E-01	-9.68E-02	1.18E-01	3.46E-02	
group_8730	1.60E-02	7.61E-02	4.91E-01	-3.23E-02	4.69E-02	2.91E-02	
group_8687	1.60E-02	7.61E-02	1.28E-03	-1.54E-01	4.77E-02	1.36E-01	
group_8630	1.60E-02	4.02E-01	7.19E-01	1.52E-02	4.23E-02	1.52E-02	bad-chisq
group_8606	1.60E-02	4.02E-01	9.61E-01	3.00E-04	6.18E-03	2.06E-03	bad-chisq
group_8577	1.60E-02	6.40E-01	9.97E-01	-2.23E-04	6.52E-02	1.45E-04	bad-chisq
group_8557	1.60E-02	4.02E-01	9.73E-01	1.54E-04	4.61E-03	1.41E-03	bad-chisq
group_8544	1.60E-02	4.02E-01	7.44E-21	3.59E-01	3.68E-02	3.81E-01	bad-chisq
group_8539	1.60E-02	4.02E-01	6.50E-01	2.76E-02	6.07E-02	1.92E-02	bad-chisq
group_8491	1.60E-02	4.02E-01	6.69E-01	2.62E-01	6.11E-01	1.81E-02	bad-chisq
group_8449	1.60E-02	4.02E-01	7.22E-01	2.39E-02	6.71E-02	1.50E-02	bad-chisq
group_8440	1.60E-02	4.02E-01	9.86E-01	1.11E-04	6.17E-03	7.58E-04	bad-chisq
group_8383	1.60E-02	4.02E-01	9.53E-01	2.40E-03	4.04E-02	2.51E-03	bad-chisq
group_8376	1.60E-02	4.02E-01	8.88E-01	8.79E-03	6.25E-02	5.95E-03	bad-chisq
group_8289	1.60E-02	6.40E-01	1.41E-01	-1.01E-01	6.88E-02	6.22E-02	bad-chisq
group_8249	1.60E-02	6.40E-01	6.65E-01	3.29E-02	7.60E-02	1.83E-02	bad-chisq
group_8233	1.60E-02	7.61E-02	1.03E-02	-1.68E-01	6.53E-02	1.08E-01	
group_8221	1.60E-02	4.02E-01	1.00E+00	1.58E-06	4.06E-03	1.64E-05	bad-chisq
group_8177	1.60E-02	4.02E-01	9.80E-01	1.57E-04	6.16E-03	1.08E-03	bad-chisq
group_8047	1.60E-02	4.02E-01	9.34E-01	5.16E-04	6.19E-03	3.53E-03	bad-chisq
afr	1.60E-02	2.61E-12	9.74E-01	-6.56E-03	2.02E-01	1.37E-03	
group_7979	1.60E-02	7.61E-02	9.18E-01	-3.32E-04	3.24E-03	4.33E-03	
group_7891	1.60E-02	6.40E-01	4.64E-01	-4.58E-02	6.26E-02	3.09E-02	bad-chisq
eda	1.60E-02	4.02E-01	8.14E-01	1.84E-02	7.80E-02	9.98E-03	bad-chisq
group_7760	1.60E-02	4.02E-01	9.99E-01	2.84E-06	3.92E-03	3.07E-05	bad-chisq
group_7722	1.60E-02	7.61E-02	5.46E-01	-3.23E-02	5.34E-02	2.55E-02	
group_7680	1.60E-02	2.07E-03	1.48E-01	-1.20E-01	8.26E-02	6.11E-02	
group_7654	1.60E-02	4.02E-01	9.34E-01	5.16E-04	6.19E-03	3.53E-03	bad-chisq
group_7604	1.60E-02	4.02E-01	4.20E-01	5.38E-02	6.66E-02	3.41E-02	bad-chisq
group_7591	1.60E-02	4.02E-01	9.98E-01	1.76E-05	6.18E-03	1.21E-04	bad-chisq
group_7545	1.60E-02	4.02E-01	9.94E-01	3.48E-05	4.36E-03	3.37E-04	bad-chisq
group_7421	1.60E-02	6.40E-01	8.85E-01	-8.94E-04	6.19E-03	6.10E-03	bad-chisq
group_7415	1.60E-02	4.02E-01	9.84E-01	1.09E-04	5.35E-03	8.59E-04	bad-chisq
group_7321	1.60E-02	6.40E-01	3.36E-01	5.78E-02	6.00E-02	4.07E-02	bad-chisq
group_7232	1.60E-02	6.40E-01	4.17E-01	-3.50E-02	4.31E-02	3.43E-02	bad-chisq
pdhR	1.60E-02	7.61E-02	6.12E-01	-4.84E-02	9.52E-02	2.15E-02	
group_7170	1.60E-02	4.02E-01	9.63E-01	2.92E-03	6.24E-02	1.98E-03	bad-chisq
group_7144	1.60E-02	4.02E-01	9.93E-01	4.55E-05	5.36E-03	3.59E-04	bad-chisq
ribU_1~~~ribU_2	1.60E-02	4.02E-01	9.91E-01	7.21E-05	6.16E-03	4.95E-04	bad-chisq
group_6967	1.60E-02	4.02E-01	9.91E-01	5.69E-04	5.19E-02	4.64E-04	bad-chisq
rcsC~~~rhaR_2	1.60E-02	6.40E-01	9.57E-01	-3.49E-03	6.44E-02	2.29E-03	bad-chisq
group_6910	1.60E-02	6.40E-01	9.19E-01	-3.28E-04	3.24E-03	4.28E-03	bad-chisq
group_6902	1.60E-02	4.02E-01	5.67E-01	1.45E-03	2.54E-03	2.42E-02	bad-chisq
group_6739	1.60E-02	4.02E-01	9.39E-01	4.43E-03	5.74E-02	3.26E-03	bad-chisq
group_6710	1.60E-02	4.02E-01	2.66E-01	1.76E-01	1.58E-01	4.71E-02	bad-chisq
group_6693	1.60E-02	4.02E-01	9.87E-01	5.38E-05	3.40E-03	6.70E-04	bad-chisq
group_6661	1.60E-02	6.40E-01	6.63E-01	-2.50E-02	5.73E-02	1.84E-02	bad-chisq
group_6643	1.60E-02	4.02E-01	9.37E-01	4.32E-03	5.49E-02	3.33E-03	bad-chisq
group_6637	1.60E-02	4.02E-01	9.98E-01	1.08E-05	5.00E-03	9.13E-05	bad-chisq
group_6618	1.60E-02	4.02E-01	9.77E-01	1.75E-04	6.18E-03	1.20E-03	bad-chisq
group_6592	1.60E-02	4.02E-01	9.34E-01	5.16E-04	6.19E-03	3.53E-03	bad-chisq
group_6583	1.60E-02	4.02E-01	9.83E-01	1.36E-03	6.39E-02	9.00E-04	bad-chisq
group_6563	1.60E-02	4.02E-01	9.15E-01	3.81E-04	3.58E-03	4.51E-03	bad-chisq
group_6456	1.60E-02	4.02E-01	9.34E-01	5.16E-04	6.19E-03	3.53E-03	bad-chisq
group_6436	1.60E-02	4.02E-01	9.80E-01	1.11E-04	4.38E-03	1.07E-03	bad-chisq
group_6431	1.60E-02	4.02E-01	9.91E-01	5.87E-05	5.05E-03	4.92E-04	bad-chisq
group_6374	1.60E-02	4.02E-01	9.88E-01	1.05E-03	6.96E-02	6.36E-04	bad-chisq
group_6340	1.60E-02	4.02E-01	9.48E-01	2.00E-02	3.08E-01	2.75E-03	bad-chisq
dhaK	1.60E-02	6.40E-01	6.74E-01	-2.62E-02	6.20E-02	1.78E-02	bad-chisq
group_6184	1.60E-02	4.02E-01	9.60E-01	3.05E-03	6.08E-02	2.12E-03	bad-chisq
group_6167	1.60E-02	6.40E-01	8.39E-01	3.52E-02	1.73E-01	8.62E-03	bad-chisq
group_6160	1.60E-02	6.40E-01	9.57E-01	-3.49E-03	6.44E-02	2.29E-03	bad-chisq
group_6144	1.60E-02	4.02E-01	9.99E-01	4.60E-05	4.66E-02	4.17E-05	bad-chisq
group_6043	1.60E-02	4.02E-01	9.94E-01	3.56E-05	4.38E-03	3.44E-04	bad-chisq
group_5911	1.60E-02	4.02E-01	9.34E-01	5.16E-04	6.19E-03	3.53E-03	bad-chisq
dpnC	1.60E-02	4.02E-01	9.34E-01	5.77E-03	6.91E-02	3.53E-03	bad-chisq
group_5845	1.60E-02	7.61E-02	6.12E-01	-4.84E-02	9.52E-02	2.15E-02	
cdaR_1~~~cdaR_2	1.60E-02	2.61E-12	1.47E-01	-1.86E-01	1.28E-01	6.13E-02	
group_5753	1.60E-02	4.02E-01	3.21E-01	4.33E-03	4.36E-03	4.20E-02	bad-chisq
group_5712	1.60E-02	7.61E-02	6.12E-01	-4.84E-02	9.52E-02	2.15E-02	
group_5701	1.60E-02	9.78E-28	8.04E-01	-1.94E-02	7.82E-02	1.05E-02	bad-chisq
group_5679	1.60E-02	6.40E-01	9.26E-01	-5.98E-03	6.48E-02	3.91E-03	bad-chisq
group_5569	1.60E-02	4.02E-01	9.63E-01	2.92E-03	6.24E-02	1.98E-03	bad-chisq
group_5561	1.60E-02	4.02E-01	9.97E-01	1.18E-05	2.77E-03	1.81E-04	bad-chisq
ndoA_1~~~ndoA_3	1.60E-02	4.02E-01	3.52E-01	3.77E-03	4.05E-03	3.94E-02	bad-chisq
group_5504	1.60E-02	4.02E-01	9.34E-01	5.16E-04	6.19E-03	3.53E-03	bad-chisq
group_5449	1.60E-02	4.02E-01	9.34E-01	5.16E-04	6.19E-03	3.53E-03	bad-chisq
group_5410	1.60E-02	4.02E-01	1.00E+00	6.85E-07	5.04E-03	5.74E-06	bad-chisq
group_5380	1.60E-02	6.40E-01	4.88E-01	3.01E-02	4.33E-02	2.93E-02	bad-chisq
group_5369	1.60E-02	4.02E-01	1.00E+00	2.08E-06	3.92E-03	2.24E-05	bad-chisq
group_5346	1.60E-02	4.02E-01	9.90E-01	6.59E-05	5.03E-03	5.54E-04	bad-chisq
group_5340	1.60E-02	4.02E-01	9.34E-01	5.16E-04	6.19E-03	3.53E-03	bad-chisq
thyX_2	1.60E-02	4.02E-01	3.42E-01	5.85E-02	6.15E-02	4.02E-02	bad-chisq
group_5282	1.60E-02	4.02E-01	9.36E-01	4.94E-04	6.18E-03	3.38E-03	bad-chisq
group_5273	1.60E-02	4.02E-01	9.34E-01	5.16E-04	6.19E-03	3.53E-03	bad-chisq
group_5267	1.60E-02	6.40E-01	4.56E-01	-7.67E-02	1.03E-01	3.16E-02	bad-chisq
group_5248	1.60E-02	4.02E-01	9.99E-01	4.52E-06	6.11E-03	3.13E-05	bad-chisq
group_5227	1.60E-02	7.61E-02	4.14E-01	-9.68E-02	1.18E-01	3.46E-02	
group_5176	1.60E-02	4.02E-01	9.34E-01	5.16E-04	6.19E-03	3.53E-03	bad-chisq
group_5175	1.60E-02	4.02E-01	4.20E-01	5.38E-02	6.66E-02	3.41E-02	bad-chisq
group_5148	1.60E-02	4.02E-01	9.96E-01	2.07E-05	4.06E-03	2.15E-04	bad-chisq
group_5079	1.60E-02	4.02E-01	9.34E-01	5.16E-04	6.19E-03	3.53E-03	bad-chisq
group_4959	1.60E-02	4.02E-01	1.00E+00	1.09E-06	4.06E-03	1.13E-05	bad-chisq
group_4956	1.60E-02	4.02E-01	9.93E-01	4.86E-05	5.35E-03	3.85E-04	bad-chisq
group_4839	1.60E-02	7.61E-02	3.59E-01	-5.74E-02	6.25E-02	3.88E-02	
group_4767	1.60E-02	4.02E-01	9.39E-01	4.57E-03	6.01E-02	3.22E-03	bad-chisq
ngcG_5	1.60E-02	4.02E-01	9.88E-01	1.11E-03	7.43E-02	6.30E-04	bad-chisq
group_4748	1.60E-02	4.02E-01	9.28E-01	5.62E-03	6.23E-02	3.82E-03	bad-chisq
group_4663	1.60E-02	2.07E-03	9.74E-02	-1.39E-01	8.38E-02	7.01E-02	
group_4627	1.60E-02	4.02E-01	7.82E-01	1.88E-02	6.80E-02	1.17E-02	bad-chisq
group_4610	1.60E-02	7.61E-02	6.12E-01	-4.84E-02	9.52E-02	2.15E-02	
group_4608	1.60E-02	4.02E-01	2.64E-01	4.88E-03	4.36E-03	4.73E-02	bad-chisq
group_4600	1.60E-02	4.02E-01	9.83E-01	1.36E-03	6.39E-02	9.00E-04	bad-chisq
group_4531	1.60E-02	4.02E-01	9.34E-01	5.16E-04	6.19E-03	3.53E-03	bad-chisq
group_4514	1.60E-02	7.61E-02	6.12E-01	-4.84E-02	9.52E-02	2.15E-02	
group_4444	1.60E-02	7.61E-02	1.44E-01	-7.91E-02	5.41E-02	6.17E-02	
group_4402	1.60E-02	4.02E-01	9.98E-01	1.57E-04	6.04E-02	1.10E-04	bad-chisq
aptA_4	1.60E-02	7.61E-02	1.14E-01	-9.34E-02	5.89E-02	6.69E-02	
group_4300	1.60E-02	7.61E-02	1.14E-01	-9.34E-02	5.89E-02	6.69E-02	
group_4277	1.60E-02	4.02E-01	9.34E-01	5.16E-04	6.19E-03	3.53E-03	bad-chisq
group_4269	1.60E-02	4.02E-01	9.82E-01	1.37E-04	6.17E-03	9.41E-04	bad-chisq
gltA_1	1.60E-02	4.02E-01	8.25E-01	1.92E-02	8.67E-02	9.38E-03	bad-chisq
group_4130	1.60E-02	4.02E-01	9.34E-01	5.16E-04	6.19E-03	3.53E-03	bad-chisq
group_4129	1.60E-02	4.02E-01	8.36E-01	1.21E-02	5.84E-02	8.75E-03	bad-chisq
group_4116	1.60E-02	6.40E-01	9.64E-01	3.19E-03	7.02E-02	1.92E-03	bad-chisq
group_4075	1.60E-02	2.07E-03	9.74E-02	-1.39E-01	8.38E-02	7.01E-02	
garR_1	1.60E-02	4.02E-01	7.82E-01	1.88E-02	6.80E-02	1.17E-02	bad-chisq
prmC_1	1.60E-02	6.40E-01	9.81E-01	4.48E-03	1.90E-01	9.95E-04	bad-chisq
group_3938	1.60E-02	7.61E-02	6.12E-01	-4.84E-02	9.52E-02	2.15E-02	
group_3906	1.60E-02	2.61E-12	7.94E-02	-2.72E-01	1.55E-01	7.41E-02	
group_3902	1.60E-02	4.02E-01	1.00E+00	1.05E-07	5.38E-03	8.27E-07	bad-chisq
group_3881	1.60E-02	6.40E-01	7.74E-01	-1.16E-02	4.05E-02	1.22E-02	bad-chisq
group_3732	1.60E-02	4.02E-01	9.34E-01	5.16E-04	6.19E-03	3.53E-03	bad-chisq
group_3639	1.60E-02	4.02E-01	9.17E-01	6.44E-04	6.16E-03	4.43E-03	bad-chisq
group_3597	1.60E-02	7.61E-02	2.77E-31	-4.72E-01	3.81E-02	4.64E-01	
group_3590	1.60E-02	4.02E-01	9.34E-01	5.16E-04	6.19E-03	3.53E-03	bad-chisq
araD	1.60E-02	2.07E-03	9.74E-02	-1.39E-01	8.38E-02	7.01E-02	
group_3580	1.60E-02	6.40E-01	8.99E-01	-7.76E-04	6.13E-03	5.36E-03	bad-chisq
group_3572	1.60E-02	6.40E-01	8.52E-01	1.12E-02	6.02E-02	7.89E-03	bad-chisq
group_3566	1.60E-02	4.02E-01	9.34E-01	5.16E-04	6.19E-03	3.53E-03	bad-chisq
group_3508	1.60E-02	4.02E-01	9.76E-01	1.83E-04	6.15E-03	1.26E-03	bad-chisq
group_3477	1.60E-02	4.02E-01	9.80E-01	1.60E-03	6.49E-02	1.04E-03	bad-chisq
group_3446	1.60E-02	6.40E-01	9.96E-01	2.71E-05	5.37E-03	2.13E-04	bad-chisq
melD_8	1.60E-02	4.02E-01	9.88E-01	1.11E-03	7.43E-02	6.30E-04	bad-chisq
group_3425	1.60E-02	4.02E-01	9.94E-01	3.93E-05	5.37E-03	3.09E-04	bad-chisq
carQ	1.60E-02	4.02E-01	9.98E-01	1.08E-05	5.00E-03	9.13E-05	bad-chisq
ycjO	1.60E-02	7.61E-02	6.12E-01	-4.84E-02	9.52E-02	2.15E-02	
group_3373	1.60E-02	4.02E-01	9.34E-01	5.16E-04	6.19E-03	3.53E-03	bad-chisq
group_3337	1.60E-02	4.02E-01	9.34E-01	5.16E-04	6.19E-03	3.53E-03	bad-chisq
group_3333	1.60E-02	4.02E-01	9.70E-01	2.05E-04	5.37E-03	1.61E-03	bad-chisq
group_3319	1.60E-02	4.02E-01	6.69E-01	2.62E-01	6.11E-01	1.81E-02	bad-chisq
group_3289	1.60E-02	4.02E-01	9.67E-01	2.21E-03	5.31E-02	1.76E-03	bad-chisq
group_3268	1.60E-02	7.61E-02	6.12E-01	-4.84E-02	9.52E-02	2.15E-02	
thi4_1	1.60E-02	7.61E-02	6.12E-01	-4.84E-02	9.52E-02	2.15E-02	
group_3197	1.60E-02	4.02E-01	9.83E-01	1.36E-03	6.39E-02	9.00E-04	bad-chisq
group_3120	1.60E-02	4.02E-01	9.28E-01	5.62E-03	6.23E-02	3.82E-03	bad-chisq
topB_2	1.60E-02	6.40E-01	8.59E-01	-1.10E-03	6.18E-03	7.53E-03	bad-chisq
group_3108	1.60E-02	4.02E-01	3.20E-01	5.93E-02	5.95E-02	4.21E-02	bad-chisq
group_3096	1.60E-02	4.02E-01	9.34E-01	5.16E-04	6.19E-03	3.53E-03	bad-chisq
group_3090	1.60E-02	4.02E-01	9.97E-01	1.18E-05	2.77E-03	1.81E-04	bad-chisq
group_3084	1.60E-02	6.40E-01	8.47E-02	-1.06E-01	6.11E-02	7.29E-02	bad-chisq
group_3008	1.60E-02	7.61E-02	4.14E-01	-9.68E-02	1.18E-01	3.46E-02	
group_2979	1.60E-02	4.02E-01	9.67E-01	2.21E-03	5.31E-02	1.76E-03	bad-chisq
group_2944	1.60E-02	4.02E-01	9.88E-01	1.05E-03	6.96E-02	6.36E-04	bad-chisq
group_2941	1.60E-02	7.61E-02	1.14E-01	-9.34E-02	5.89E-02	6.69E-02	
group_2887	1.60E-02	4.02E-01	9.15E-01	5.46E-03	5.13E-02	4.51E-03	bad-chisq
group_2729	1.60E-02	7.61E-02	6.12E-01	-4.84E-02	9.52E-02	2.15E-02	
group_2635	1.60E-02	4.02E-01	9.34E-01	5.16E-04	6.19E-03	3.53E-03	bad-chisq
group_2602	1.60E-02	7.61E-02	6.12E-01	-4.84E-02	9.52E-02	2.15E-02	
xylB_3~~~lyx~~~xylB_5	1.60E-02	1.01E-16	2.94E-02	-1.47E-01	6.74E-02	9.20E-02	
group_2564	1.60E-02	4.02E-01	9.88E-01	1.05E-03	6.96E-02	6.36E-04	bad-chisq
group_2557	1.60E-02	4.02E-01	9.87E-01	1.27E-03	7.91E-02	6.80E-04	bad-chisq
group_2489	1.60E-02	4.02E-01	6.51E-01	3.47E-02	7.67E-02	1.91E-02	bad-chisq
xerC_9	1.60E-02	4.02E-01	9.94E-01	4.65E-05	6.18E-03	3.18E-04	bad-chisq
group_2383	1.60E-02	4.02E-01	9.34E-01	5.16E-04	6.19E-03	3.53E-03	bad-chisq
araH	1.60E-02	6.40E-01	9.52E-01	-4.47E-03	7.50E-02	2.52E-03	bad-chisq
group_2358	1.60E-02	4.02E-01	9.34E-01	5.16E-04	6.19E-03	3.53E-03	bad-chisq
group_2316	1.60E-02	4.02E-01	9.99E-01	4.36E-06	4.06E-03	4.54E-05	bad-chisq
gatD_1	1.60E-02	7.61E-02	6.12E-01	-4.84E-02	9.52E-02	2.15E-02	
group_2168	1.60E-02	4.02E-01	9.94E-01	3.93E-05	5.37E-03	3.09E-04	bad-chisq
group_2165	1.60E-02	4.02E-01	9.70E-01	2.05E-04	5.37E-03	1.61E-03	bad-chisq
group_2149	1.60E-02	4.02E-01	9.98E-01	1.87E-05	6.18E-03	1.28E-04	bad-chisq
group_2079	1.60E-02	4.02E-01	9.67E-01	2.45E-03	5.97E-02	1.74E-03	bad-chisq
group_2077	1.60E-02	4.02E-01	1.00E+00	2.00E-06	3.92E-03	2.16E-05	bad-chisq
group_1910	1.60E-02	4.02E-01	9.94E-01	4.54E-05	6.15E-03	3.12E-04	bad-chisq
group_1880	1.60E-02	4.02E-01	9.67E-01	2.21E-03	5.31E-02	1.76E-03	bad-chisq
group_1831	1.60E-02	4.02E-01	9.70E-01	2.05E-04	5.37E-03	1.61E-03	bad-chisq
group_1806	1.60E-02	7.61E-02	6.12E-01	-4.84E-02	9.52E-02	2.15E-02	
group_1785	1.60E-02	7.61E-02	4.14E-01	-9.68E-02	1.18E-01	3.46E-02	
group_1777	1.60E-02	2.07E-03	9.74E-02	-1.39E-01	8.38E-02	7.01E-02	
ftsH_2~~~ftsH_1~~~ftsH_3	1.60E-02	4.02E-01	8.11E-01	1.14E-02	4.76E-02	1.01E-02	bad-chisq
group_1722	1.60E-02	4.02E-01	9.88E-01	1.11E-03	7.43E-02	6.30E-04	bad-chisq
group_1717	1.60E-02	4.02E-01	9.67E-01	2.21E-03	5.31E-02	1.76E-03	bad-chisq
group_1709	1.60E-02	4.02E-01	1.00E+00	1.05E-07	5.38E-03	8.27E-07	bad-chisq
group_1680	1.60E-02	4.02E-01	9.15E-01	5.46E-03	5.13E-02	4.51E-03	bad-chisq
korA	1.60E-02	4.02E-01	9.76E-01	1.72E-03	5.80E-02	1.26E-03	bad-chisq
group_1658	1.60E-02	4.02E-01	1.71E-39	6.55E-01	4.60E-02	5.16E-01	bad-chisq
group_1634	1.60E-02	4.02E-01	9.88E-01	6.55E-05	4.38E-03	6.32E-04	bad-chisq
dgoD_1	1.60E-02	2.07E-03	9.74E-02	-1.39E-01	8.38E-02	7.01E-02	
dgoD_2	1.60E-02	7.61E-02	6.12E-01	-4.84E-02	9.52E-02	2.15E-02	
golD_1	1.60E-02	7.61E-02	6.12E-01	-4.84E-02	9.52E-02	2.15E-02	
group_1566	1.60E-02	6.40E-01	8.47E-02	-1.06E-01	6.11E-02	7.29E-02	bad-chisq
xylG_2~~~xylG_1	1.60E-02	4.02E-01	9.70E-01	2.05E-04	5.37E-03	1.61E-03	bad-chisq
group_1502	1.60E-02	6.40E-01	9.02E-01	-7.59E-04	6.17E-03	5.20E-03	bad-chisq
group_1483	1.60E-02	4.02E-01	7.82E-01	1.88E-02	6.80E-02	1.17E-02	bad-chisq
xylH_1	1.60E-02	4.02E-01	9.70E-01	2.05E-04	5.37E-03	1.61E-03	bad-chisq
metK_1	1.60E-02	4.02E-01	9.34E-01	5.16E-04	6.19E-03	3.53E-03	bad-chisq
group_1446	1.60E-02	4.02E-01	9.34E-01	5.16E-04	6.19E-03	3.53E-03	bad-chisq
xynR_1	1.60E-02	7.61E-02	6.12E-01	-4.84E-02	9.52E-02	2.15E-02	
group_1406	1.60E-02	4.02E-01	9.94E-01	3.93E-05	5.37E-03	3.09E-04	bad-chisq
group_1393	1.60E-02	4.02E-01	9.88E-01	1.11E-03	7.43E-02	6.30E-04	bad-chisq
group_1370	1.60E-02	2.07E-03	9.74E-02	-1.39E-01	8.38E-02	7.01E-02	
group_1353	1.60E-02	6.40E-01	9.41E-01	1.29E-02	1.75E-01	3.13E-03	bad-chisq
group_1335	1.60E-02	4.02E-01	9.88E-01	1.05E-03	6.96E-02	6.36E-04	bad-chisq
group_1324	1.60E-02	4.02E-01	9.87E-01	1.27E-03	7.91E-02	6.80E-04	bad-chisq
group_1254	1.60E-02	4.02E-01	9.34E-01	5.16E-04	6.19E-03	3.53E-03	bad-chisq
group_1217	1.60E-02	4.02E-01	6.60E-03	1.10E-01	4.03E-02	1.15E-01	bad-chisq
group_1090	1.60E-02	7.61E-02	4.14E-01	-9.68E-02	1.18E-01	3.46E-02	
mvaA	1.60E-02	4.02E-01	7.82E-01	1.88E-02	6.80E-02	1.17E-02	bad-chisq
group_1024	1.60E-02	4.02E-01	9.77E-01	1.77E-04	6.17E-03	1.21E-03	bad-chisq
nagC	1.60E-02	6.40E-01	9.61E-01	3.55E-03	7.35E-02	2.04E-03	bad-chisq
group_984	1.60E-02	7.61E-02	6.12E-01	-4.84E-02	9.52E-02	2.15E-02	
group_920	1.60E-02	7.61E-02	6.12E-01	-4.84E-02	9.52E-02	2.15E-02	
group_903	1.60E-02	4.02E-01	9.88E-01	1.11E-03	7.43E-02	6.30E-04	bad-chisq
group_897	1.60E-02	7.61E-02	6.12E-01	-4.84E-02	9.52E-02	2.15E-02	
group_848	1.60E-02	7.61E-02	6.12E-01	-4.84E-02	9.52E-02	2.15E-02	
group_833	1.60E-02	4.02E-01	9.23E-01	5.28E-03	5.47E-02	4.08E-03	bad-chisq
group_830	1.60E-02	4.02E-01	9.34E-01	5.16E-04	6.19E-03	3.53E-03	bad-chisq
group_780	1.60E-02	4.02E-01	9.34E-01	5.16E-04	6.19E-03	3.53E-03	bad-chisq
group_700	1.60E-02	4.02E-01	9.34E-01	5.16E-04	6.19E-03	3.53E-03	bad-chisq
group_686	1.60E-02	6.40E-01	3.29E-01	-6.82E-02	6.97E-02	4.13E-02	bad-chisq
group_654	1.60E-02	4.02E-01	9.34E-01	5.16E-04	6.19E-03	3.53E-03	bad-chisq
cheB_7	1.60E-02	4.02E-01	9.88E-01	1.11E-03	7.43E-02	6.30E-04	bad-chisq
xylB_4	1.60E-02	4.02E-01	9.70E-01	2.05E-04	5.37E-03	1.61E-03	bad-chisq
xylB_5	1.60E-02	7.61E-02	6.12E-01	-4.84E-02	9.52E-02	2.15E-02	
group_572	1.60E-02	4.02E-01	9.34E-01	5.16E-04	6.19E-03	3.53E-03	bad-chisq
rssB_1	1.60E-02	7.61E-02	6.12E-01	-4.84E-02	9.52E-02	2.15E-02	
group_445	1.60E-02	4.02E-01	9.88E-01	1.11E-03	7.43E-02	6.30E-04	bad-chisq
lipO	1.60E-02	4.02E-01	8.60E-01	1.31E-02	7.43E-02	7.47E-03	bad-chisq
group_428	1.60E-02	4.02E-01	9.83E-01	1.36E-03	6.39E-02	9.00E-04	bad-chisq
group_420	1.60E-02	4.02E-01	8.60E-01	1.31E-02	7.43E-02	7.47E-03	bad-chisq
group_298	1.60E-02	7.61E-02	9.98E-01	8.07E-06	3.80E-03	8.98E-05	
group_214	1.60E-02	4.02E-01	3.20E-01	5.93E-02	5.95E-02	4.21E-02	bad-chisq
group_185	1.60E-02	4.02E-01	9.34E-01	5.16E-04	6.19E-03	3.53E-03	bad-chisq
group_21301	1.43E-02	4.30E-01	5.83E-01	1.33E-03	2.42E-03	2.32E-02	bad-chisq
group_19571	1.43E-02	4.30E-01	9.75E-01	1.96E-04	6.16E-03	1.35E-03	bad-chisq
group_18813	1.43E-02	4.30E-01	9.98E-01	9.83E-05	4.20E-02	9.90E-05	bad-chisq
group_18811	1.43E-02	4.30E-01	9.99E-01	6.70E-06	3.69E-03	7.67E-05	bad-chisq
group_18806	1.43E-02	4.30E-01	9.98E-01	1.87E-05	6.17E-03	1.28E-04	bad-chisq
group_18423	1.43E-02	4.30E-01	9.90E-01	6.47E-05	5.37E-03	5.09E-04	bad-chisq
dnaG_4	1.43E-02	4.30E-01	9.98E-01	9.15E-06	4.38E-03	8.84E-05	bad-chisq
group_16653	1.43E-02	4.30E-01	9.83E-01	7.53E-05	3.58E-03	8.89E-04	bad-chisq
group_15759	1.43E-02	4.30E-01	8.54E-01	1.14E-03	6.16E-03	7.80E-03	bad-chisq
group_15742	1.43E-02	4.30E-01	8.48E-01	1.18E-03	6.17E-03	8.10E-03	bad-chisq
group_15738	1.43E-02	5.52E-01	8.60E-01	1.09E-03	6.17E-03	7.48E-03	bad-chisq
group_15717	1.43E-02	4.30E-01	8.48E-01	1.18E-03	6.17E-03	8.10E-03	bad-chisq
lnpD_2~~~lnpD_1	1.43E-02	4.30E-01	9.59E-01	2.58E-03	5.01E-02	2.18E-03	bad-chisq
group_15565	1.43E-02	4.30E-01	4.83E-01	2.17E-03	3.10E-03	2.97E-02	bad-chisq
group_15548	1.43E-02	4.30E-01	9.83E-01	1.12E-04	5.37E-03	8.81E-04	bad-chisq
group_15464	1.43E-02	7.73E-04	4.68E-02	-1.28E-01	6.43E-02	8.40E-02	bad-chisq
group_15459	1.43E-02	4.30E-01	1.00E+00	1.99E-06	3.92E-03	2.14E-05	bad-chisq
group_15443	1.43E-02	4.30E-01	9.99E-01	8.66E-06	5.06E-03	7.24E-05	bad-chisq
group_15429	1.43E-02	4.30E-01	7.83E-01	1.70E-02	6.17E-02	1.17E-02	bad-chisq
group_15358	1.43E-02	4.30E-01	8.84E-01	1.95E-02	1.34E-01	6.16E-03	bad-chisq
group_15347	1.43E-02	4.30E-01	9.83E-01	1.12E-04	5.37E-03	8.81E-04	bad-chisq
group_15306	1.43E-02	4.30E-01	1.00E+00	1.99E-06	3.92E-03	2.14E-05	bad-chisq
group_15293	1.43E-02	4.30E-01	9.88E-01	1.58E-03	1.06E-01	6.28E-04	bad-chisq
group_15266	1.43E-02	4.30E-01	1.00E+00	1.99E-06	3.92E-03	2.14E-05	bad-chisq
group_15177	1.43E-02	4.30E-01	8.85E-01	2.30E-02	1.59E-01	6.11E-03	bad-chisq
group_15176	1.43E-02	4.79E-02	1.03E-02	-1.77E-01	6.87E-02	1.08E-01	
group_15070	1.43E-02	4.30E-01	9.88E-01	7.74E-05	5.36E-03	6.11E-04	bad-chisq
group_15009	1.43E-02	4.30E-01	7.06E-01	1.30E-01	3.43E-01	1.60E-02	bad-chisq
group_14987	1.43E-02	4.30E-01	9.51E-01	3.81E-04	6.17E-03	2.61E-03	bad-chisq
group_14976	1.43E-02	4.79E-02	1.16E-01	-9.19E-02	5.84E-02	6.64E-02	
group_14867	1.43E-02	4.79E-02	1.03E-02	-1.77E-01	6.87E-02	1.08E-01	
group_14852	1.43E-02	4.30E-01	8.85E-01	2.30E-02	1.59E-01	6.11E-03	bad-chisq
acpP_2	1.43E-02	4.30E-01	7.46E-01	4.99E-01	1.54E+00	1.37E-02	bad-chisq
group_14622	1.43E-02	4.30E-01	9.83E-01	1.12E-04	5.37E-03	8.81E-04	bad-chisq
group_14598	1.43E-02	4.30E-01	9.08E-01	5.13E-03	4.41E-02	4.91E-03	bad-chisq
group_14520	1.43E-02	4.30E-01	8.95E-01	6.45E-03	4.88E-02	5.59E-03	bad-chisq
group_14500	1.43E-02	4.30E-01	9.85E-01	8.43E-05	4.38E-03	8.14E-04	bad-chisq
group_14496	1.43E-02	4.30E-01	9.10E-01	6.22E-03	5.50E-02	4.78E-03	bad-chisq
group_14491	1.43E-02	4.30E-01	8.94E-01	2.21E-02	1.66E-01	5.64E-03	bad-chisq
group_14452	1.43E-02	4.30E-01	1.00E+00	1.99E-06	3.92E-03	2.14E-05	bad-chisq
group_14362	1.43E-02	4.30E-01	9.36E-01	3.69E-03	4.62E-02	3.38E-03	bad-chisq
group_14278	1.43E-02	4.30E-01	8.97E-01	3.08E-02	2.37E-01	5.50E-03	bad-chisq
group_14193	1.43E-02	4.30E-01	9.05E-01	9.51E-03	7.93E-02	5.07E-03	bad-chisq
group_14138	1.43E-02	4.30E-01	8.92E-01	6.96E-03	5.13E-02	5.74E-03	bad-chisq
rhaM_2	1.43E-02	5.52E-01	9.91E-01	7.01E-04	6.04E-02	4.91E-04	bad-chisq
group_14070	1.43E-02	4.30E-01	1.00E+00	1.99E-06	3.92E-03	2.14E-05	bad-chisq
group_14038	1.43E-02	4.30E-01	9.62E-01	2.85E-03	5.99E-02	2.02E-03	bad-chisq
group_13953	1.43E-02	4.30E-01	9.79E-01	1.61E-04	6.17E-03	1.10E-03	bad-chisq
group_13861	1.43E-02	4.30E-01	6.86E-01	2.69E-02	6.65E-02	1.71E-02	bad-chisq
group_13756	1.43E-02	4.30E-01	1.00E+00	3.87E-07	6.20E-03	2.64E-06	bad-chisq
hypA_2	1.43E-02	4.30E-01	8.26E-01	1.61E-02	7.33E-02	9.30E-03	bad-chisq
group_13707	1.43E-02	5.52E-01	2.78E-01	-5.81E-02	5.35E-02	4.59E-02	bad-chisq
group_13633	1.43E-02	4.30E-01	1.00E+00	1.99E-06	3.92E-03	2.14E-05	bad-chisq
group_13530	1.43E-02	4.79E-02	1.16E-01	-9.19E-02	5.84E-02	6.64E-02	
group_13494	1.43E-02	4.30E-01	9.38E-01	4.79E-04	6.20E-03	3.27E-03	bad-chisq
group_13490	1.43E-02	8.55E-25	1.76E-01	-1.18E-01	8.70E-02	5.73E-02	bad-chisq
group_13350	1.43E-02	4.30E-01	9.90E-01	7.90E-04	6.11E-02	5.47E-04	bad-chisq
group_13325	1.43E-02	4.30E-01	9.66E-01	4.77E-03	1.11E-01	1.81E-03	bad-chisq
group_13300	1.43E-02	5.52E-01	8.55E-01	-1.13E-03	6.16E-03	7.76E-03	bad-chisq
group_13281	1.43E-02	4.30E-01	3.35E-01	6.04E-02	6.27E-02	4.07E-02	bad-chisq
group_13252	1.43E-02	4.30E-01	9.93E-01	5.54E-05	6.16E-03	3.80E-04	bad-chisq
group_13176	1.43E-02	5.52E-01	9.67E-02	-9.31E-02	5.60E-02	7.02E-02	bad-chisq
group_13118	1.43E-02	4.30E-01	3.35E-01	6.04E-02	6.27E-02	4.07E-02	bad-chisq
group_13043	1.43E-02	4.30E-01	9.99E-01	5.78E-06	4.38E-03	5.58E-05	bad-chisq
group_13004	1.43E-02	4.30E-01	3.35E-01	6.04E-02	6.27E-02	4.07E-02	bad-chisq
group_12927	1.43E-02	4.30E-01	1.00E+00	4.61E-07	5.06E-03	3.85E-06	bad-chisq
group_12907	1.43E-02	4.30E-01	9.99E-01	5.62E-06	4.06E-03	5.85E-05	bad-chisq
group_12787	1.43E-02	4.30E-01	9.06E-01	9.43E-03	7.96E-02	5.01E-03	bad-chisq
group_12764	1.43E-02	4.30E-01	9.99E-01	4.96E-06	6.19E-03	3.40E-05	bad-chisq
group_12748	1.43E-02	4.30E-01	9.08E-01	5.13E-03	4.41E-02	4.91E-03	bad-chisq
group_12708	1.43E-02	4.30E-01	9.88E-01	1.58E-03	1.06E-01	6.28E-04	bad-chisq
group_12305	1.43E-02	4.30E-01	7.91E-01	2.20E-02	8.27E-02	1.12E-02	bad-chisq
group_12253	1.43E-02	4.30E-01	8.80E-01	7.88E-03	5.20E-02	6.41E-03	bad-chisq
group_12240	1.43E-02	4.30E-01	9.31E-01	3.96E-03	4.55E-02	3.68E-03	bad-chisq
group_12186	1.43E-02	4.30E-01	9.96E-01	3.13E-05	6.18E-03	2.14E-04	bad-chisq
group_12100	1.43E-02	7.73E-04	2.94E-01	-7.37E-02	7.02E-02	4.43E-02	bad-chisq
group_12039	1.43E-02	4.79E-02	9.71E-01	2.36E-03	6.44E-02	1.55E-03	
group_11969	1.43E-02	4.30E-01	9.82E-01	1.12E-03	5.09E-02	9.29E-04	bad-chisq
group_11961	1.43E-02	4.30E-01	8.27E-01	1.04E-02	4.76E-02	9.22E-03	bad-chisq
group_11874	1.43E-02	5.52E-01	8.73E-01	-8.60E-04	5.37E-03	6.78E-03	bad-chisq
nadE_2	1.43E-02	4.30E-01	8.29E-01	1.33E-03	6.16E-03	9.12E-03	bad-chisq
group_11802	1.43E-02	4.79E-02	9.14E-01	-6.64E-04	6.17E-03	4.55E-03	
group_11789	1.43E-02	4.30E-01	9.92E-01	6.06E-05	6.18E-03	4.15E-04	bad-chisq
group_11718	1.43E-02	4.30E-01	8.96E-01	8.22E-03	6.28E-02	5.54E-03	bad-chisq
group_11677	1.43E-02	4.30E-01	9.93E-01	5.35E-04	6.05E-02	3.74E-04	bad-chisq
xynA1~~~xynA1_3	1.43E-02	4.30E-01	1.00E+00	2.04E-06	5.37E-03	1.61E-05	bad-chisq
group_11657	1.43E-02	4.30E-01	9.96E-01	2.43E-05	5.37E-03	1.92E-04	bad-chisq
group_11647	1.43E-02	4.79E-02	4.27E-01	-4.77E-02	6.01E-02	3.36E-02	
group_11645	1.43E-02	4.30E-01	1.61E-01	8.60E-03	6.13E-03	5.92E-02	bad-chisq
czcS~~~rcsC~~~baeS~~~sasA_8	1.43E-02	5.71E-19	9.58E-01	-9.14E-03	1.75E-01	2.21E-03	bad-chisq
msbA_1~~~msbA_2	1.43E-02	5.52E-01	2.88E-01	-8.79E-02	8.27E-02	4.49E-02	bad-chisq
group_11574	1.43E-02	4.30E-01	3.35E-01	6.04E-02	6.27E-02	4.07E-02	bad-chisq
group_11533	1.43E-02	4.30E-01	7.46E-01	4.99E-01	1.54E+00	1.37E-02	bad-chisq
btuD_11~~~drrA	1.43E-02	4.30E-01	9.91E-01	6.72E-05	6.19E-03	4.59E-04	bad-chisq
group_11473	1.43E-02	4.30E-01	7.46E-01	4.99E-01	1.54E+00	1.37E-02	bad-chisq
group_11416	1.43E-02	5.52E-01	9.87E-01	9.00E-05	5.38E-03	7.08E-04	bad-chisq
group_11389	1.43E-02	4.30E-01	9.93E-01	6.22E-04	7.17E-02	3.67E-04	bad-chisq
group_11378	1.43E-02	4.30E-01	4.76E-01	2.25E-03	3.16E-03	3.02E-02	bad-chisq
group_11374	1.43E-02	4.30E-01	9.98E-01	1.84E-05	6.19E-03	1.26E-04	bad-chisq
group_11338	1.43E-02	5.52E-01	9.93E-01	5.71E-04	6.36E-02	3.80E-04	bad-chisq
group_11290	1.43E-02	4.30E-01	9.91E-01	7.34E-05	6.17E-03	5.03E-04	bad-chisq
group_11275	1.43E-02	4.30E-01	9.88E-01	1.05E-03	7.19E-02	6.16E-04	bad-chisq
group_11254	1.43E-02	4.30E-01	7.46E-01	4.99E-01	1.54E+00	1.37E-02	bad-chisq
group_11215	1.43E-02	4.30E-01	8.89E-03	6.64E-01	2.53E-01	1.10E-01	bad-chisq
group_11209	1.43E-02	4.30E-01	7.46E-01	4.99E-01	1.54E+00	1.37E-02	bad-chisq
group_11198	1.43E-02	8.79E-10	9.89E-01	-2.42E-03	1.71E-01	5.97E-04	bad-chisq
group_11183	1.43E-02	4.30E-01	7.46E-01	4.99E-01	1.54E+00	1.37E-02	bad-chisq
group_11144	1.43E-02	4.30E-01	5.24E-01	8.54E-02	1.34E-01	2.69E-02	bad-chisq
group_11099	1.43E-02	4.30E-01	9.99E-01	5.65E-06	3.18E-03	7.53E-05	bad-chisq
group_11092	1.43E-02	4.30E-01	3.07E-01	4.47E-03	4.37E-03	4.32E-02	bad-chisq
group_11077	1.43E-02	4.30E-01	7.46E-01	4.99E-01	1.54E+00	1.37E-02	bad-chisq
group_11035	1.43E-02	7.73E-04	9.01E-01	-4.87E-04	3.92E-03	5.25E-03	bad-chisq
rbsC_5~~~rbsC_1	1.43E-02	8.55E-25	9.58E-01	-6.97E-03	1.33E-01	2.21E-03	bad-chisq
group_10932	1.43E-02	4.79E-02	8.75E-01	-7.99E-04	5.06E-03	6.68E-03	
group_10916	1.43E-02	5.52E-01	5.11E-01	3.79E-02	5.77E-02	2.78E-02	bad-chisq
group_10693	1.43E-02	4.30E-01	7.46E-01	4.99E-01	1.54E+00	1.37E-02	bad-chisq
hdfR_1~~~hdfR_2	1.43E-02	5.52E-01	8.08E-01	6.69E-02	2.76E-01	1.03E-02	bad-chisq
group_10543	1.43E-02	4.79E-02	1.16E-01	-9.19E-02	5.84E-02	6.64E-02	
group_10530	1.43E-02	5.52E-01	9.35E-01	8.96E-03	1.10E-01	3.46E-03	bad-chisq
group_10522	1.43E-02	4.30E-01	7.06E-01	1.85E-02	4.89E-02	1.59E-02	bad-chisq
group_10505	1.43E-02	4.30E-01	7.46E-01	4.99E-01	1.54E+00	1.37E-02	bad-chisq
group_10500	1.43E-02	4.30E-01	7.46E-01	4.99E-01	1.54E+00	1.37E-02	bad-chisq
group_10380	1.43E-02	4.30E-01	7.46E-01	4.99E-01	1.54E+00	1.37E-02	bad-chisq
rhlB	1.43E-02	5.52E-01	8.68E-01	-1.03E-03	6.18E-03	7.03E-03	bad-chisq
kdpE_3	1.43E-02	4.30E-01	9.86E-01	1.34E-03	7.78E-02	7.27E-04	bad-chisq
mupP	1.43E-02	4.30E-01	9.95E-01	3.02E-04	5.18E-02	2.46E-04	bad-chisq
group_10228	1.43E-02	4.30E-01	8.53E-01	9.70E-03	5.22E-02	7.86E-03	bad-chisq
group_10199	1.43E-02	4.30E-01	9.96E-01	1.36E-05	2.97E-03	1.94E-04	bad-chisq
group_10195	1.43E-02	4.30E-01	7.46E-01	4.99E-01	1.54E+00	1.37E-02	bad-chisq
group_10135	1.43E-02	4.79E-02	1.00E+00	-1.07E-06	5.37E-03	8.46E-06	
group_10109	1.43E-02	4.30E-01	7.46E-01	4.99E-01	1.54E+00	1.37E-02	bad-chisq
group_10098	1.43E-02	4.30E-01	9.96E-01	3.31E-05	6.18E-03	2.27E-04	bad-chisq
group_10066	1.43E-02	4.30E-01	7.46E-01	4.99E-01	1.54E+00	1.37E-02	bad-chisq
group_10062	1.43E-02	4.30E-01	9.92E-01	5.38E-04	5.56E-02	4.10E-04	bad-chisq
group_10057	1.43E-02	5.52E-01	8.50E-01	-1.02E-03	5.36E-03	8.02E-03	bad-chisq
group_10021	1.43E-02	4.30E-01	9.92E-01	4.33E-05	4.38E-03	4.18E-04	bad-chisq
group_10011	1.43E-02	5.75E-14	3.04E-01	4.25E-01	4.13E-01	4.35E-02	
group_9972	1.43E-02	4.30E-01	7.46E-01	4.99E-01	1.54E+00	1.37E-02	bad-chisq
group_9968	1.43E-02	5.52E-01	9.59E-01	-3.66E-03	7.19E-02	2.15E-03	bad-chisq
group_9966	1.43E-02	4.30E-01	8.70E-01	1.00E-03	6.14E-03	6.91E-03	bad-chisq
group_9962	1.43E-02	4.30E-01	9.71E-01	2.24E-04	6.18E-03	1.53E-03	bad-chisq
group_9953	1.43E-02	4.79E-02	9.92E-01	4.13E-05	4.06E-03	4.31E-04	
group_9935	1.43E-02	4.30E-01	9.04E-01	7.43E-04	6.14E-03	5.12E-03	bad-chisq
group_9931	1.43E-02	4.30E-01	1.00E+00	6.85E-07	3.40E-03	8.52E-06	bad-chisq
group_9911	1.43E-02	4.30E-01	7.46E-01	4.99E-01	1.54E+00	1.37E-02	bad-chisq
group_9904	1.43E-02	4.30E-01	9.87E-01	1.31E-03	8.16E-02	6.77E-04	bad-chisq
group_9898	1.43E-02	4.30E-01	7.46E-01	4.99E-01	1.54E+00	1.37E-02	bad-chisq
group_9761	1.43E-02	4.30E-01	9.83E-01	1.16E-04	5.36E-03	9.11E-04	bad-chisq
group_9736	1.43E-02	4.30E-01	9.99E-01	2.61E-06	3.70E-03	2.99E-05	bad-chisq
group_9684	1.43E-02	4.30E-01	7.46E-01	4.99E-01	1.54E+00	1.37E-02	bad-chisq
group_9678	1.43E-02	4.30E-01	9.65E-01	1.48E-04	3.40E-03	1.85E-03	bad-chisq
group_9660	1.43E-02	4.30E-01	9.94E-01	4.55E-05	6.15E-03	3.12E-04	bad-chisq
group_9650	1.43E-02	4.30E-01	7.99E-01	1.95E-02	7.67E-02	1.08E-02	bad-chisq
ppdK_1~~~ppdK_2~~~ppdK	1.43E-02	2.07E-06	1.00E+00	9.59E-08	4.38E-03	9.25E-07	bad-chisq
group_9545	1.43E-02	4.30E-01	7.46E-01	4.99E-01	1.54E+00	1.37E-02	bad-chisq
group_9531	1.43E-02	4.30E-01	9.87E-01	6.47E-04	4.11E-02	6.66E-04	bad-chisq
group_9504	1.43E-02	4.30E-01	9.99E-01	5.13E-06	6.19E-03	3.51E-05	bad-chisq
group_9464	1.43E-02	4.30E-01	7.46E-01	4.99E-01	1.54E+00	1.37E-02	bad-chisq
group_9441	1.43E-02	4.30E-01	9.99E-01	2.84E-06	3.69E-03	3.26E-05	bad-chisq
group_9395	1.43E-02	5.52E-01	9.58E-01	-3.27E-04	6.17E-03	2.24E-03	bad-chisq
group_9382	1.43E-02	4.30E-01	9.85E-01	1.08E-03	5.87E-02	7.76E-04	bad-chisq
pat	1.43E-02	4.30E-01	7.46E-01	4.99E-01	1.54E+00	1.37E-02	bad-chisq
group_9324	1.43E-02	4.30E-01	9.65E-01	1.74E-04	3.92E-03	1.87E-03	bad-chisq
group_9287	1.43E-02	4.30E-01	9.65E-01	1.74E-04	3.92E-03	1.87E-03	bad-chisq
group_9284	1.43E-02	4.30E-01	9.98E-01	1.81E-05	6.18E-03	1.24E-04	bad-chisq
group_9283	1.43E-02	4.30E-01	9.43E-01	3.15E-04	4.37E-03	3.05E-03	bad-chisq
group_9271	1.43E-02	5.52E-01	2.27E-01	-6.46E-03	5.35E-03	5.11E-02	bad-chisq
group_9200	1.43E-02	8.55E-25	6.41E-01	-7.59E-02	1.63E-01	1.97E-02	bad-chisq
group_9136	1.43E-02	5.52E-01	9.99E-01	-4.75E-06	4.06E-03	4.95E-05	bad-chisq
group_9099	1.43E-02	4.30E-01	8.89E-01	8.45E-03	6.08E-02	5.88E-03	bad-chisq
group_9094	1.43E-02	4.30E-01	8.96E-01	6.59E-03	5.02E-02	5.55E-03	bad-chisq
group_9075	1.43E-02	5.52E-01	9.45E-01	3.19E-04	4.61E-03	2.93E-03	bad-chisq
group_9051	1.43E-02	5.52E-01	9.82E-01	1.20E-04	5.37E-03	9.42E-04	bad-chisq
group_9050	1.43E-02	4.30E-01	7.46E-01	4.99E-01	1.54E+00	1.37E-02	bad-chisq
group_9049	1.43E-02	4.30E-01	7.46E-01	4.99E-01	1.54E+00	1.37E-02	bad-chisq
group_8997	1.43E-02	4.30E-01	9.98E-01	1.65E-05	5.37E-03	1.30E-04	bad-chisq
group_8918	1.43E-02	4.30E-01	8.85E-01	8.02E-03	5.53E-02	6.14E-03	bad-chisq
group_8908	1.43E-02	4.30E-01	7.46E-01	4.99E-01	1.54E+00	1.37E-02	bad-chisq
group_8901	1.43E-02	4.30E-01	9.96E-01	2.43E-05	5.37E-03	1.92E-04	bad-chisq
group_8897	1.43E-02	4.30E-01	9.12E-01	4.62E-03	4.19E-02	4.66E-03	bad-chisq
phoB~~~phoB_2	1.43E-02	5.52E-01	9.45E-01	3.19E-04	4.61E-03	2.93E-03	bad-chisq
group_8832	1.43E-02	4.30E-01	9.61E-01	3.08E-03	6.23E-02	2.09E-03	bad-chisq
group_8789	1.43E-02	5.52E-01	9.98E-01	-1.66E-05	6.18E-03	1.13E-04	bad-chisq
group_8768	1.43E-02	5.52E-01	4.70E-07	-3.10E-01	6.08E-02	2.11E-01	bad-chisq
group_8747	1.43E-02	5.52E-01	5.39E-01	-3.67E-02	5.96E-02	2.60E-02	bad-chisq
group_8695	1.43E-02	4.30E-01	9.87E-01	1.31E-03	8.16E-02	6.77E-04	bad-chisq
graS_2~~~graS_1	1.43E-02	5.52E-01	9.45E-01	3.19E-04	4.61E-03	2.93E-03	bad-chisq
group_8636	1.43E-02	4.30E-01	9.82E-01	1.50E-03	6.71E-02	9.45E-04	bad-chisq
group_8634	1.43E-02	4.30E-01	7.46E-01	4.99E-01	1.54E+00	1.37E-02	bad-chisq
group_8623	1.43E-02	4.30E-01	9.93E-01	4.88E-04	5.77E-02	3.57E-04	bad-chisq
group_8587	1.43E-02	5.52E-01	9.66E-01	-2.28E-04	5.37E-03	1.80E-03	bad-chisq
group_8541	1.43E-02	5.52E-01	5.48E-03	-2.01E-01	7.22E-02	1.17E-01	bad-chisq
regX3_2~~~qseB	1.43E-02	4.30E-01	9.77E-01	1.81E-04	6.18E-03	1.24E-03	bad-chisq
group_8523	1.43E-02	4.30E-01	9.98E-01	7.26E-06	3.58E-03	8.58E-05	bad-chisq
group_8469	1.43E-02	4.30E-01	7.46E-01	4.99E-01	1.54E+00	1.37E-02	bad-chisq
group_8461	1.43E-02	4.30E-01	9.82E-01	1.27E-03	5.74E-02	9.34E-04	bad-chisq
group_8363	1.43E-02	4.30E-01	9.90E-01	6.38E-05	5.05E-03	5.35E-04	bad-chisq
group_8360	1.43E-02	4.30E-01	1.00E+00	1.03E-06	4.06E-03	1.08E-05	bad-chisq
group_8350	1.43E-02	4.30E-01	9.85E-01	1.16E-04	6.19E-03	7.94E-04	bad-chisq
group_8328	1.43E-02	4.30E-01	9.79E-01	1.60E-04	6.17E-03	1.10E-03	bad-chisq
group_8326	1.43E-02	5.52E-01	9.38E-01	-8.46E-03	1.08E-01	3.32E-03	bad-chisq
group_8281	1.43E-02	4.30E-01	9.97E-01	9.77E-06	3.10E-03	1.33E-04	bad-chisq
group_8266	1.43E-02	4.30E-01	6.12E-44	7.22E-01	4.75E-02	5.41E-01	bad-chisq
group_8228	1.43E-02	4.30E-01	9.66E-01	2.99E-03	7.00E-02	1.81E-03	bad-chisq
addB	1.43E-02	4.30E-01	7.46E-01	4.99E-01	1.54E+00	1.37E-02	bad-chisq
group_8168	1.43E-02	4.30E-01	9.77E-01	1.79E-04	6.16E-03	1.23E-03	bad-chisq
group_8137	1.43E-02	4.30E-01	7.46E-01	4.99E-01	1.54E+00	1.37E-02	bad-chisq
group_8127	1.43E-02	4.30E-01	7.46E-01	4.99E-01	1.54E+00	1.37E-02	bad-chisq
group_8122	1.43E-02	4.30E-01	7.46E-01	4.99E-01	1.54E+00	1.37E-02	bad-chisq
group_8114	1.43E-02	4.30E-01	7.46E-01	4.99E-01	1.54E+00	1.37E-02	bad-chisq
group_8113	1.43E-02	4.30E-01	7.46E-01	4.99E-01	1.54E+00	1.37E-02	bad-chisq
group_8083	1.43E-02	4.30E-01	7.46E-01	4.99E-01	1.54E+00	1.37E-02	bad-chisq
group_8082	1.43E-02	5.52E-01	9.98E-01	-1.66E-05	6.18E-03	1.13E-04	bad-chisq
group_8077	1.43E-02	4.30E-01	7.46E-01	4.99E-01	1.54E+00	1.37E-02	bad-chisq
accB	1.43E-02	4.30E-01	7.46E-01	4.99E-01	1.54E+00	1.37E-02	bad-chisq
group_8072	1.43E-02	5.52E-01	8.47E-01	-1.19E-03	6.18E-03	8.15E-03	bad-chisq
group_8058	1.43E-02	4.30E-01	9.87E-01	1.31E-03	8.16E-02	6.77E-04	bad-chisq
group_8053	1.43E-02	4.30E-01	9.80E-01	1.04E-04	4.06E-03	1.08E-03	bad-chisq
group_8048	1.43E-02	4.30E-01	7.46E-01	4.99E-01	1.54E+00	1.37E-02	bad-chisq
cobS	1.43E-02	4.30E-01	7.46E-01	4.99E-01	1.54E+00	1.37E-02	bad-chisq
fabZ	1.43E-02	4.30E-01	7.46E-01	4.99E-01	1.54E+00	1.37E-02	bad-chisq
pglA	1.43E-02	4.30E-01	9.96E-01	1.36E-05	2.97E-03	1.94E-04	bad-chisq
group_7945	1.43E-02	4.30E-01	7.46E-01	4.99E-01	1.54E+00	1.37E-02	bad-chisq
group_7934	1.43E-02	4.30E-01	7.46E-01	4.99E-01	1.54E+00	1.37E-02	bad-chisq
group_7919	1.43E-02	4.30E-01	7.46E-01	4.99E-01	1.54E+00	1.37E-02	bad-chisq
accC	1.43E-02	4.30E-01	7.46E-01	4.99E-01	1.54E+00	1.37E-02	bad-chisq
group_7892	1.43E-02	4.30E-01	7.46E-01	4.99E-01	1.54E+00	1.37E-02	bad-chisq
group_7890	1.43E-02	4.30E-01	7.46E-01	4.99E-01	1.54E+00	1.37E-02	bad-chisq
group_7823	1.43E-02	4.30E-01	7.46E-01	4.99E-01	1.54E+00	1.37E-02	bad-chisq
group_7814	1.43E-02	4.30E-01	9.44E-01	4.38E-04	6.19E-03	2.99E-03	bad-chisq
group_7807	1.43E-02	5.52E-01	3.60E-01	-2.42E-01	2.64E-01	3.87E-02	bad-chisq
group_7787	1.43E-02	4.30E-01	7.89E-01	1.47E-02	5.51E-02	1.13E-02	bad-chisq
hypB_3	1.43E-02	4.30E-01	8.26E-01	1.61E-02	7.33E-02	9.30E-03	bad-chisq
group_7784	1.43E-02	4.30E-01	8.26E-01	1.61E-02	7.33E-02	9.30E-03	bad-chisq
group_7762	1.43E-02	4.30E-01	9.80E-01	1.37E-04	5.37E-03	1.07E-03	bad-chisq
group_7733	1.43E-02	5.52E-01	5.16E-01	2.63E-02	4.06E-02	2.75E-02	bad-chisq
pglC	1.43E-02	4.30E-01	9.96E-01	1.36E-05	2.98E-03	1.94E-04	bad-chisq
srrA_1	1.43E-02	5.52E-01	2.27E-01	-6.48E-03	5.35E-03	5.11E-02	bad-chisq
group_7696	1.43E-02	4.30E-01	7.46E-01	4.99E-01	1.54E+00	1.37E-02	bad-chisq
group_7622	1.43E-02	4.30E-01	7.46E-01	4.99E-01	1.54E+00	1.37E-02	bad-chisq
group_7615	1.43E-02	4.30E-01	7.46E-01	4.99E-01	1.54E+00	1.37E-02	bad-chisq
accD	1.43E-02	4.30E-01	7.46E-01	4.99E-01	1.54E+00	1.37E-02	bad-chisq
dinB_2~~~dinB_1	1.43E-02	4.30E-01	9.77E-01	1.30E-03	4.50E-02	1.22E-03	bad-chisq
group_7569	1.43E-02	5.52E-01	9.99E-01	-9.55E-05	5.09E-02	7.93E-05	bad-chisq
group_7568	1.43E-02	4.30E-01	9.98E-01	7.20E-06	3.68E-03	8.27E-05	bad-chisq
rspR_1	1.43E-02	4.30E-01	7.77E-01	1.98E-02	6.98E-02	1.20E-02	bad-chisq
group_7548	1.43E-02	5.52E-01	9.91E-03	-1.47E-01	5.68E-02	1.09E-01	bad-chisq
group_7524	1.43E-02	4.30E-01	8.85E-01	2.30E-02	1.59E-01	6.11E-03	bad-chisq
group_7510	1.43E-02	4.79E-02	9.90E-01	7.86E-04	6.35E-02	5.23E-04	
group_7501	1.43E-02	4.79E-02	3.49E-01	-6.17E-02	6.57E-02	3.96E-02	
group_7496	1.43E-02	4.30E-01	7.46E-01	4.99E-01	1.54E+00	1.37E-02	bad-chisq
group_7484	1.43E-02	4.30E-01	7.46E-01	4.99E-01	1.54E+00	1.37E-02	bad-chisq
group_7462	1.43E-02	7.73E-04	1.54E-01	-1.16E-01	8.13E-02	6.03E-02	bad-chisq
group_7454	1.43E-02	4.30E-01	9.83E-01	1.30E-04	6.12E-03	8.96E-04	bad-chisq
group_7414	1.43E-02	4.30E-01	9.86E-01	1.18E-03	6.55E-02	7.64E-04	bad-chisq
group_7299	1.43E-02	5.52E-01	4.41E-02	-1.49E-01	7.39E-02	8.50E-02	bad-chisq
trmB_2	1.43E-02	5.52E-01	9.99E-01	-4.01E-06	3.41E-03	4.98E-05	bad-chisq
group_7278	1.43E-02	4.30E-01	7.46E-01	4.99E-01	1.54E+00	1.37E-02	bad-chisq
group_7271	1.43E-02	4.30E-01	9.99E-01	7.30E-06	6.19E-03	4.99E-05	bad-chisq
group_7256	1.43E-02	4.30E-01	9.19E-01	4.48E-03	4.39E-02	4.31E-03	bad-chisq
phoP_3	1.43E-02	4.30E-01	9.50E-01	3.24E-03	5.12E-02	2.67E-03	bad-chisq
group_7221	1.43E-02	5.52E-01	1.62E-01	8.60E-03	6.15E-03	5.91E-02	bad-chisq
group_7182	1.43E-02	4.30E-01	6.85E-01	2.10E-02	5.18E-02	1.72E-02	bad-chisq
group_7173	1.25E-02	4.61E-01	8.12E-01	1.04E-03	4.38E-03	1.00E-02	bad-chisq
purF_1~~~purF	1.43E-02	4.30E-01	9.71E-01	1.19E-02	3.26E-01	1.54E-03	bad-chisq
artQ_2	1.43E-02	4.30E-01	7.46E-01	4.99E-01	1.54E+00	1.37E-02	bad-chisq
group_7123	1.43E-02	4.30E-01	3.35E-01	6.04E-02	6.27E-02	4.07E-02	bad-chisq
group_7117	1.43E-02	4.79E-02	1.16E-01	-9.19E-02	5.84E-02	6.64E-02	
group_7074	1.43E-02	4.30E-01	9.10E-01	6.22E-03	5.50E-02	4.78E-03	bad-chisq
group_7054	1.43E-02	4.30E-01	1.00E+00	7.58E-07	6.20E-03	5.17E-06	bad-chisq
group_7028	1.43E-02	4.79E-02	3.02E-01	-7.25E-02	7.03E-02	4.36E-02	
group_7006	1.43E-02	4.30E-01	1.00E+00	2.25E-07	4.06E-03	2.34E-06	bad-chisq
group_6994	1.43E-02	4.30E-01	9.78E-01	1.72E-04	6.19E-03	1.17E-03	bad-chisq
group_6992	1.43E-02	4.30E-01	1.57E-01	6.42E-02	4.53E-02	5.98E-02	bad-chisq
group_6984	1.43E-02	4.30E-01	6.92E-01	2.31E-02	5.83E-02	1.68E-02	bad-chisq
group_6980	1.43E-02	4.30E-01	1.00E+00	1.83E-05	5.84E-02	1.33E-05	bad-chisq
tcdA	1.43E-02	4.30E-01	7.46E-01	4.99E-01	1.54E+00	1.37E-02	bad-chisq
alr1_2~~~alr1_1	1.43E-02	4.30E-01	7.46E-01	4.99E-01	1.54E+00	1.37E-02	bad-chisq
bin3	1.43E-02	5.52E-01	9.87E-01	8.45E-05	5.06E-03	7.06E-04	bad-chisq
group_6915	1.43E-02	5.52E-01	2.21E-01	-6.08E-02	4.96E-02	5.18E-02	bad-chisq
group_6848	1.43E-02	5.52E-01	9.63E-01	3.30E-03	7.14E-02	1.95E-03	bad-chisq
group_6824	1.43E-02	4.30E-01	7.46E-01	4.99E-01	1.54E+00	1.37E-02	bad-chisq
group_6787	1.43E-02	4.30E-01	7.46E-01	4.99E-01	1.54E+00	1.37E-02	bad-chisq
group_6773	1.43E-02	4.30E-01	7.46E-01	4.99E-01	1.54E+00	1.37E-02	bad-chisq
group_6765	1.43E-02	4.30E-01	7.46E-01	4.99E-01	1.54E+00	1.37E-02	bad-chisq
group_6741	1.43E-02	4.30E-01	8.51E-01	1.10E-02	5.86E-02	7.92E-03	bad-chisq
group_6724	1.43E-02	5.52E-01	5.95E-01	-3.04E-02	5.72E-02	2.25E-02	bad-chisq
accA	1.43E-02	4.30E-01	7.46E-01	4.99E-01	1.54E+00	1.37E-02	bad-chisq
group_6680	1.43E-02	4.30E-01	9.42E-01	3.65E-03	5.02E-02	3.08E-03	bad-chisq
pflA	1.43E-02	7.73E-04	1.54E-01	-1.16E-01	8.13E-02	6.03E-02	bad-chisq
group_6660	1.43E-02	4.30E-01	9.91E-01	7.49E-04	6.50E-02	4.88E-04	bad-chisq
group_6610	1.43E-02	4.30E-01	7.46E-01	4.99E-01	1.54E+00	1.37E-02	bad-chisq
group_6601	1.43E-02	4.30E-01	9.99E-01	9.20E-06	6.18E-03	6.29E-05	bad-chisq
group_6545	1.43E-02	4.30E-01	9.97E-01	1.03E-05	3.10E-03	1.41E-04	bad-chisq
smc_1~~~smc_2	1.43E-02	4.79E-02	8.96E-04	-1.61E-01	4.82E-02	1.40E-01	
artQ_1	1.43E-02	4.30E-01	7.46E-01	4.99E-01	1.54E+00	1.37E-02	bad-chisq
group_6513	1.43E-02	4.30E-01	9.99E-01	4.72E-06	2.97E-03	6.73E-05	bad-chisq
rhaR_2~~~rhaR_1~~~rhaR_5	1.43E-02	5.52E-01	3.60E-01	-2.42E-01	2.64E-01	3.87E-02	bad-chisq
group_6422	1.43E-02	4.30E-01	9.91E-01	5.88E-05	5.05E-03	4.92E-04	bad-chisq
group_6399	1.43E-02	4.30E-01	9.30E-01	6.31E-03	7.19E-02	3.71E-03	bad-chisq
group_6368	1.43E-02	4.30E-01	9.91E-01	7.02E-05	6.17E-03	4.81E-04	bad-chisq
group_6361	1.43E-02	4.30E-01	5.24E-01	8.54E-02	1.34E-01	2.69E-02	bad-chisq
group_6324	1.43E-02	4.30E-01	7.46E-01	4.99E-01	1.54E+00	1.37E-02	bad-chisq
group_6311	1.43E-02	4.30E-01	9.86E-01	7.56E-04	4.45E-02	7.19E-04	bad-chisq
group_6308	1.43E-02	4.30E-01	9.93E-01	5.95E-04	6.85E-02	3.68E-04	bad-chisq
group_6243	1.43E-02	5.52E-01	8.77E-01	-7.75E-04	5.02E-03	6.54E-03	bad-chisq
group_6170	1.43E-02	4.30E-01	4.78E-01	3.47E-02	4.89E-02	3.00E-02	bad-chisq
dnaC_1~~~dnaC_2	1.43E-02	5.52E-01	4.86E-01	2.92E-02	4.20E-02	2.95E-02	bad-chisq
group_6150	1.43E-02	5.52E-01	1.30E-17	-3.53E-01	4.00E-02	3.50E-01	bad-chisq
group_5999	1.43E-02	4.79E-02	1.16E-01	-9.19E-02	5.84E-02	6.64E-02	
group_5971	1.43E-02	4.30E-01	9.87E-01	1.31E-03	8.16E-02	6.77E-04	bad-chisq
group_5890	1.43E-02	2.07E-06	9.14E-01	-4.60E-03	4.24E-02	4.59E-03	bad-chisq
sfp	1.43E-02	4.30E-01	9.84E-01	3.52E-03	1.76E-01	8.47E-04	bad-chisq
group_5834	1.43E-02	4.79E-02	1.75E-01	-1.14E-01	8.39E-02	5.73E-02	
xerC_13	1.43E-02	4.30E-01	9.83E-01	1.33E-03	6.41E-02	8.76E-04	bad-chisq
group_5810	1.43E-02	5.52E-01	9.02E-01	-7.61E-04	6.17E-03	5.21E-03	bad-chisq
group_5782	1.43E-02	4.79E-02	9.98E-01	1.60E-05	5.38E-03	1.26E-04	
group_5761	1.43E-02	4.30E-01	7.77E-01	2.01E-02	7.08E-02	1.20E-02	bad-chisq
group_5751	1.43E-02	4.79E-02	5.76E-03	-1.95E-01	7.02E-02	1.16E-01	
group_5746	1.43E-02	4.30E-01	3.35E-01	6.04E-02	6.27E-02	4.07E-02	bad-chisq
group_5739	1.43E-02	4.30E-01	9.94E-01	3.39E-05	4.60E-03	3.11E-04	bad-chisq
group_5646	1.43E-02	4.30E-01	1.00E+00	1.99E-06	3.92E-03	2.14E-05	bad-chisq
group_5625	1.43E-02	4.30E-01	2.63E-01	4.88E-03	4.36E-03	4.73E-02	bad-chisq
fliY	1.43E-02	4.30E-01	7.46E-01	4.99E-01	1.54E+00	1.37E-02	bad-chisq
group_5566	1.43E-02	4.30E-01	9.44E-01	2.83E-03	4.05E-02	2.95E-03	bad-chisq
group_5562	1.43E-02	5.52E-01	4.65E-01	3.27E-02	4.48E-02	3.09E-02	bad-chisq
group_5551	1.43E-02	4.30E-01	9.99E-01	3.15E-06	4.06E-03	3.28E-05	bad-chisq
group_5522	1.43E-02	4.30E-01	9.89E-01	1.12E-03	7.88E-02	6.01E-04	bad-chisq
group_5520	1.43E-02	4.30E-01	7.46E-01	4.99E-01	1.54E+00	1.37E-02	bad-chisq
group_5495	1.43E-02	5.52E-01	9.39E-02	-9.38E-02	5.59E-02	7.08E-02	bad-chisq
group_5492	1.43E-02	5.52E-01	9.91E-01	7.31E-05	6.18E-03	5.00E-04	bad-chisq
group_5488	1.43E-02	4.30E-01	1.00E+00	3.22E-07	3.41E-03	4.00E-06	bad-chisq
group_5474	1.43E-02	4.30E-01	9.10E-01	6.22E-03	5.50E-02	4.78E-03	bad-chisq
group_5466	1.43E-02	4.30E-01	9.97E-01	1.65E-05	4.62E-03	1.51E-04	bad-chisq
group_5450	1.43E-02	4.30E-01	9.49E-01	4.38E-03	6.85E-02	2.71E-03	bad-chisq
group_5417	1.43E-02	4.30E-01	8.67E-01	1.64E-02	9.75E-02	7.10E-03	bad-chisq
group_5408	1.43E-02	4.30E-01	7.46E-01	4.99E-01	1.54E+00	1.37E-02	bad-chisq
golD	1.43E-02	4.79E-02	1.16E-01	-9.19E-02	5.84E-02	6.64E-02	
group_5359	1.43E-02	4.30E-01	1.00E+00	1.93E-06	3.92E-03	2.08E-05	bad-chisq
group_5341	1.43E-02	4.30E-01	9.79E-01	1.61E-04	6.17E-03	1.10E-03	bad-chisq
group_5330	1.43E-02	4.30E-01	9.44E-01	4.35E-04	6.18E-03	2.98E-03	bad-chisq
group_5328	1.43E-02	4.30E-01	9.87E-01	1.31E-03	8.16E-02	6.77E-04	bad-chisq
group_5293	1.43E-02	4.30E-01	9.41E-01	3.81E-03	5.18E-02	3.11E-03	bad-chisq
group_5258	1.43E-02	5.71E-19	9.49E-01	-1.42E-02	2.20E-01	2.72E-03	bad-chisq
rplF_1~~~rplF_2~~~rplF	1.43E-02	4.30E-01	9.98E-01	1.12E-05	3.80E-03	1.24E-04	bad-chisq
group_5249	1.43E-02	7.73E-04	7.99E-01	-1.12E-03	4.38E-03	1.08E-02	bad-chisq
group_5200	1.43E-02	4.30E-01	9.77E-01	1.75E-04	6.19E-03	1.20E-03	bad-chisq
group_5197	1.43E-02	8.55E-25	1.76E-01	-1.18E-01	8.70E-02	5.73E-02	bad-chisq
group_5136	1.43E-02	4.30E-01	9.93E-01	5.54E-05	6.16E-03	3.80E-04	bad-chisq
group_5135	1.43E-02	5.52E-01	9.99E-01	-3.28E-06	3.24E-03	4.28E-05	bad-chisq
group_5126	1.43E-02	4.30E-01	9.93E-01	5.47E-05	6.16E-03	3.76E-04	bad-chisq
group_5106	1.43E-02	5.52E-01	4.65E-01	3.27E-02	4.48E-02	3.09E-02	bad-chisq
group_5096	1.43E-02	4.30E-01	3.35E-01	6.04E-02	6.27E-02	4.07E-02	bad-chisq
group_5040	1.43E-02	4.30E-01	9.10E-01	6.22E-03	5.50E-02	4.78E-03	bad-chisq
group_5015	1.43E-02	4.30E-01	9.98E-01	1.29E-05	6.19E-03	8.79E-05	bad-chisq
group_4976	1.43E-02	4.30E-01	7.91E-01	2.20E-02	8.27E-02	1.12E-02	bad-chisq
group_4949	1.43E-02	4.30E-01	3.35E-01	6.04E-02	6.27E-02	4.07E-02	bad-chisq
group_4940	1.43E-02	4.30E-01	9.91E-01	7.02E-05	6.17E-03	4.81E-04	bad-chisq
group_4917	1.43E-02	4.30E-01	7.46E-01	4.99E-01	1.54E+00	1.37E-02	bad-chisq
group_4913	1.43E-02	5.71E-19	9.87E-01	-8.14E-04	5.19E-02	6.64E-04	bad-chisq
group_4871	1.43E-02	4.30E-01	9.96E-01	3.31E-05	6.18E-03	2.27E-04	bad-chisq
rhlE	1.43E-02	5.71E-19	9.57E-01	-9.49E-03	1.77E-01	2.27E-03	bad-chisq
group_4795	1.43E-02	4.30E-01	7.37E-01	1.87E-01	5.58E-01	1.42E-02	bad-chisq
group_4781	1.43E-02	4.30E-01	9.95E-01	3.54E-05	6.18E-03	2.42E-04	bad-chisq
group_4759	1.43E-02	5.52E-01	8.65E-01	-1.12E-02	6.61E-02	7.19E-03	bad-chisq
group_4743	1.43E-02	4.30E-01	1.57E-01	6.42E-02	4.53E-02	5.98E-02	bad-chisq
group_4720	1.43E-02	4.30E-01	8.67E-01	1.64E-02	9.75E-02	7.10E-03	bad-chisq
group_4717	1.43E-02	4.30E-01	9.82E-01	1.50E-03	6.71E-02	9.45E-04	bad-chisq
group_4677	1.43E-02	4.30E-01	4.78E-01	3.47E-02	4.89E-02	3.00E-02	bad-chisq
artP	1.43E-02	4.30E-01	7.46E-01	4.99E-01	1.54E+00	1.37E-02	bad-chisq
nag3~~~nagZ_2	1.43E-02	4.30E-01	5.57E-24	4.12E-01	3.89E-02	4.09E-01	bad-chisq
group_4604	1.43E-02	7.73E-04	1.50E-01	-9.75E-02	6.76E-02	6.09E-02	bad-chisq
cbiD	1.43E-02	5.71E-19	9.87E-01	-8.14E-04	5.19E-02	6.64E-04	bad-chisq
mntA	1.43E-02	4.30E-01	7.46E-01	4.99E-01	1.54E+00	1.37E-02	bad-chisq
ycsE_1~~~ywpJ	1.43E-02	4.30E-01	7.46E-01	4.99E-01	1.54E+00	1.37E-02	bad-chisq
kduD	1.43E-02	4.30E-01	7.46E-01	4.99E-01	1.54E+00	1.37E-02	bad-chisq
group_4562	1.43E-02	4.30E-01	9.78E-01	1.73E-04	6.19E-03	1.18E-03	bad-chisq
group_4540	1.43E-02	5.52E-01	1.00E+00	7.82E-06	5.66E-02	5.84E-06	bad-chisq
group_4500	1.43E-02	4.30E-01	7.46E-01	4.99E-01	1.54E+00	1.37E-02	bad-chisq
group_4496	1.43E-02	4.30E-01	7.46E-01	4.99E-01	1.54E+00	1.37E-02	bad-chisq
group_4479	1.43E-02	4.30E-01	7.46E-01	4.99E-01	1.54E+00	1.37E-02	bad-chisq
group_4478	1.43E-02	4.30E-01	7.46E-01	4.99E-01	1.54E+00	1.37E-02	bad-chisq
group_4463	1.43E-02	4.30E-01	9.95E-01	2.79E-05	4.39E-03	2.68E-04	bad-chisq
aplIR	1.43E-02	5.52E-01	1.24E-01	-7.90E-02	5.12E-02	6.51E-02	bad-chisq
gpsA	1.43E-02	4.30E-01	7.46E-01	4.99E-01	1.54E+00	1.37E-02	bad-chisq
group_4428	1.43E-02	4.30E-01	5.17E-01	3.45E-02	5.32E-02	2.74E-02	bad-chisq
group_4396	1.43E-02	4.30E-01	7.46E-01	4.99E-01	1.54E+00	1.37E-02	bad-chisq
group_4356	1.43E-02	4.30E-01	1.75E-03	7.97E-01	2.53E-01	1.32E-01	bad-chisq
group_4338	1.43E-02	4.30E-01	9.86E-01	1.17E-03	6.62E-02	7.46E-04	bad-chisq
fabD	1.43E-02	4.30E-01	7.46E-01	4.99E-01	1.54E+00	1.37E-02	bad-chisq
group_4271	1.43E-02	8.55E-25	8.12E-01	-1.86E-02	7.81E-02	1.01E-02	bad-chisq
xylB_1~~~xylB_4~~~xylB_2~~~xylB_3	1.43E-02	8.79E-10	2.34E-01	-1.35E-01	1.13E-01	5.04E-02	bad-chisq
group_4215	1.43E-02	4.30E-01	8.77E-01	1.06E-02	6.82E-02	6.55E-03	bad-chisq
group_4214	1.43E-02	4.30E-01	5.19E-01	2.59E-02	4.01E-02	2.73E-02	bad-chisq
group_4198	1.43E-02	4.30E-01	9.79E-01	1.94E-03	7.37E-02	1.12E-03	bad-chisq
group_4196	1.43E-02	4.30E-01	7.46E-01	4.99E-01	1.54E+00	1.37E-02	bad-chisq
group_4168	1.43E-02	4.30E-01	9.89E-01	4.72E-05	3.40E-03	5.88E-04	bad-chisq
melC	1.43E-02	4.30E-01	9.87E-01	1.31E-03	8.16E-02	6.77E-04	bad-chisq
group_4123	1.43E-02	5.52E-01	5.02E-02	-1.35E-01	6.88E-02	8.27E-02	bad-chisq
group_4110	1.43E-02	4.30E-01	9.87E-01	1.31E-03	8.16E-02	6.77E-04	bad-chisq
group_4108	1.43E-02	5.52E-01	9.82E-01	-1.40E-04	6.18E-03	9.59E-04	bad-chisq
group_4046	1.43E-02	4.30E-01	7.46E-01	4.99E-01	1.54E+00	1.37E-02	bad-chisq
dppB_1	1.43E-02	4.30E-01	9.40E-01	2.87E-03	3.81E-02	3.19E-03	bad-chisq
gsiD_3	1.43E-02	4.79E-02	1.16E-01	-9.19E-02	5.84E-02	6.64E-02	
group_3941	1.43E-02	4.30E-01	7.78E-01	1.97E-02	6.97E-02	1.19E-02	bad-chisq
aptA_3	1.43E-02	4.30E-01	7.46E-01	4.99E-01	1.54E+00	1.37E-02	bad-chisq
group_3894	1.43E-02	4.30E-01	7.46E-01	4.99E-01	1.54E+00	1.37E-02	bad-chisq
group_3893	1.43E-02	4.30E-01	7.46E-01	4.99E-01	1.54E+00	1.37E-02	bad-chisq
group_3870	1.43E-02	4.30E-01	7.46E-01	4.99E-01	1.54E+00	1.37E-02	bad-chisq
group_3855	1.43E-02	4.30E-01	7.46E-01	4.99E-01	1.54E+00	1.37E-02	bad-chisq
group_3849	1.43E-02	4.30E-01	9.63E-01	2.85E-03	6.17E-02	1.95E-03	bad-chisq
group_3842	1.43E-02	5.52E-01	9.91E-01	7.01E-04	6.04E-02	4.91E-04	bad-chisq
group_3841	1.43E-02	7.73E-04	1.54E-01	-1.16E-01	8.13E-02	6.03E-02	bad-chisq
group_3840	1.43E-02	4.30E-01	9.87E-01	1.31E-03	8.16E-02	6.77E-04	bad-chisq
group_3831	1.43E-02	4.30E-01	9.35E-01	6.56E-03	8.04E-02	3.45E-03	bad-chisq
group_3802	1.43E-02	4.30E-01	9.51E-01	2.68E-03	4.34E-02	2.61E-03	bad-chisq
mepA_7~~~mepA_1	1.43E-02	4.30E-01	7.46E-01	4.99E-01	1.54E+00	1.37E-02	bad-chisq
group_3760	1.43E-02	4.30E-01	4.78E-01	3.47E-02	4.89E-02	3.00E-02	bad-chisq
group_3746	1.43E-02	4.79E-02	3.02E-01	-7.25E-02	7.03E-02	4.36E-02	
group_3704	1.43E-02	4.79E-02	1.16E-01	-9.19E-02	5.84E-02	6.64E-02	
group_3665	1.43E-02	4.30E-01	7.46E-01	4.99E-01	1.54E+00	1.37E-02	bad-chisq
group_3603	1.43E-02	4.79E-02	1.16E-01	-9.19E-02	5.84E-02	6.64E-02	
group_3561	1.43E-02	4.30E-01	9.73E-01	2.80E-03	8.32E-02	1.42E-03	bad-chisq
group_3544	1.43E-02	4.30E-01	9.35E-01	6.56E-03	8.04E-02	3.45E-03	bad-chisq
group_3514	1.43E-02	4.79E-02	2.73E-01	-1.71E-01	1.56E-01	4.63E-02	
group_3464	1.43E-02	5.52E-01	4.86E-01	2.92E-02	4.20E-02	2.95E-02	bad-chisq
group_3447	1.43E-02	4.30E-01	7.46E-01	4.99E-01	1.54E+00	1.37E-02	bad-chisq
group_3434	1.43E-02	5.75E-14	1.90E-02	-4.86E-01	2.06E-01	9.90E-02	
group_3433	1.43E-02	5.75E-14	1.90E-02	-4.86E-01	2.06E-01	9.90E-02	
rihA_1	1.43E-02	2.07E-06	4.68E-01	-6.72E-02	9.25E-02	3.07E-02	bad-chisq
group_3357	1.43E-02	5.52E-01	9.88E-01	6.22E-05	4.06E-03	6.47E-04	bad-chisq
group_3284	1.43E-02	4.30E-01	1.00E+00	1.03E-06	4.06E-03	1.08E-05	bad-chisq
group_3259	1.43E-02	4.30E-01	1.00E+00	1.99E-06	3.92E-03	2.14E-05	bad-chisq
group_3224	1.43E-02	5.52E-01	7.67E-01	2.77E-02	9.36E-02	1.25E-02	bad-chisq
group_3212	1.43E-02	4.30E-01	9.88E-01	9.42E-05	6.18E-03	6.46E-04	bad-chisq
group_3204	1.43E-02	4.30E-01	9.87E-01	1.30E-03	7.76E-02	7.07E-04	bad-chisq
group_3184	1.43E-02	7.73E-04	1.54E-01	-1.16E-01	8.13E-02	6.03E-02	bad-chisq
group_3151	1.43E-02	4.30E-01	4.78E-01	3.47E-02	4.89E-02	3.00E-02	bad-chisq
group_3115	1.43E-02	4.30E-01	7.46E-01	4.99E-01	1.54E+00	1.37E-02	bad-chisq
group_3093	1.43E-02	5.52E-01	8.93E-01	-5.89E-04	4.37E-03	5.70E-03	bad-chisq
group_3076	1.43E-02	5.52E-01	9.96E-01	-8.31E-04	1.52E-01	2.32E-04	bad-chisq
group_3075	1.43E-02	5.52E-01	9.96E-01	-8.31E-04	1.52E-01	2.32E-04	bad-chisq
group_3070	1.43E-02	4.30E-01	7.46E-01	4.99E-01	1.54E+00	1.37E-02	bad-chisq
group_3041	1.43E-02	4.79E-02	8.96E-04	-1.61E-01	4.82E-02	1.40E-01	
group_3023	1.43E-02	4.79E-02	8.96E-04	-1.61E-01	4.82E-02	1.40E-01	
group_3022	1.43E-02	4.30E-01	9.73E-01	2.10E-04	6.18E-03	1.44E-03	bad-chisq
aptB_4	1.43E-02	4.79E-02	1.16E-01	-9.19E-02	5.84E-02	6.64E-02	
xynR	1.43E-02	4.30E-01	9.45E-01	3.64E-03	5.25E-02	2.93E-03	bad-chisq
group_2917	1.43E-02	5.52E-01	9.91E-01	7.01E-04	6.04E-02	4.91E-04	bad-chisq
group_2826	1.43E-02	4.30E-01	7.46E-01	4.99E-01	1.54E+00	1.37E-02	bad-chisq
group_2819	1.43E-02	4.79E-02	1.16E-01	-9.19E-02	5.84E-02	6.64E-02	
group_2813	1.43E-02	4.30E-01	9.87E-01	1.31E-03	8.16E-02	6.77E-04	bad-chisq
group_2799	1.43E-02	4.79E-02	1.16E-01	-9.19E-02	5.84E-02	6.64E-02	
group_2753	1.43E-02	4.30E-01	9.97E-01	2.74E-04	6.52E-02	1.78E-04	bad-chisq
ftsH_1	1.43E-02	4.30E-01	8.99E-01	5.53E-04	4.37E-03	5.36E-03	bad-chisq
gsiB_2	1.43E-02	4.79E-02	1.16E-01	-9.19E-02	5.84E-02	6.64E-02	
group_2712	1.43E-02	5.75E-14	1.90E-02	-4.86E-01	2.06E-01	9.90E-02	
group_2693	1.43E-02	5.75E-14	1.90E-02	-4.86E-01	2.06E-01	9.90E-02	
group_2644	1.43E-02	4.79E-02	1.16E-01	-9.19E-02	5.84E-02	6.64E-02	
group_2599	1.43E-02	5.75E-14	1.90E-02	-4.86E-01	2.06E-01	9.90E-02	
rbsC_3	1.43E-02	4.79E-02	1.16E-01	-9.19E-02	5.84E-02	6.64E-02	
group_2584	1.43E-02	4.30E-01	9.79E-01	1.94E-03	7.37E-02	1.12E-03	bad-chisq
group_2541	1.43E-02	4.30E-01	9.45E-01	3.60E-03	5.24E-02	2.91E-03	bad-chisq
group_2513	1.43E-02	4.79E-02	1.16E-01	-9.19E-02	5.84E-02	6.64E-02	
group_2475	1.43E-02	5.75E-14	1.90E-02	-4.86E-01	2.06E-01	9.90E-02	
group_2433	1.43E-02	5.75E-14	1.90E-02	-4.86E-01	2.06E-01	9.90E-02	
group_2425	1.43E-02	5.52E-01	6.65E-01	2.96E-02	6.83E-02	1.83E-02	bad-chisq
group_2402	1.43E-02	4.30E-01	9.99E-01	3.43E-06	5.06E-03	2.87E-05	bad-chisq
group_2379	1.43E-02	4.30E-01	9.83E-01	1.12E-04	5.37E-03	8.81E-04	bad-chisq
add_2	1.43E-02	4.30E-01	7.78E-01	1.97E-02	6.97E-02	1.19E-02	bad-chisq
group_2361	1.43E-02	4.30E-01	9.91E-01	6.94E-05	6.18E-03	4.75E-04	bad-chisq
group_2340	1.43E-02	4.30E-01	8.85E-01	2.30E-02	1.59E-01	6.11E-03	bad-chisq
exuR_3	1.43E-02	4.30E-01	4.78E-01	3.47E-02	4.89E-02	3.00E-02	bad-chisq
fabG3~~~fabG2	1.43E-02	5.52E-01	9.91E-01	7.01E-04	6.04E-02	4.91E-04	bad-chisq
group_2301	1.43E-02	4.30E-01	9.87E-01	1.31E-03	8.16E-02	6.77E-04	bad-chisq
group_2257	1.43E-02	4.30E-01	7.39E-01	2.06E-03	6.18E-03	1.41E-02	bad-chisq
group_2241	1.43E-02	4.30E-01	9.05E-01	9.51E-03	7.93E-02	5.07E-03	bad-chisq
banIR	1.43E-02	4.30E-01	9.63E-01	3.53E-03	7.60E-02	1.96E-03	bad-chisq
gutB_2	1.43E-02	4.30E-01	7.46E-01	4.99E-01	1.54E+00	1.37E-02	bad-chisq
group_2216	1.43E-02	4.30E-01	2.06E-01	5.34E-02	4.22E-02	5.35E-02	bad-chisq
group_2209	1.43E-02	5.52E-01	9.91E-01	7.01E-04	6.04E-02	4.91E-04	bad-chisq
group_2207	1.43E-02	5.52E-01	9.63E-01	6.07E-03	1.31E-01	1.96E-03	bad-chisq
yjmD_1~~~yjmD_2~~~yjmD	1.43E-02	4.79E-02	1.16E-01	-9.19E-02	5.84E-02	6.64E-02	
group_2112	1.43E-02	4.79E-02	1.16E-01	-9.19E-02	5.84E-02	6.64E-02	
group_2051	1.43E-02	4.79E-02	1.16E-01	-9.19E-02	5.84E-02	6.64E-02	
group_2034	1.43E-02	4.30E-01	9.84E-01	3.52E-03	1.76E-01	8.47E-04	bad-chisq
rph	1.43E-02	4.30E-01	7.46E-01	4.99E-01	1.54E+00	1.37E-02	bad-chisq
group_1976	1.43E-02	4.30E-01	9.99E-01	9.47E-06	6.19E-03	6.47E-05	bad-chisq
group_1961	1.43E-02	5.75E-14	1.90E-02	-4.86E-01	2.06E-01	9.90E-02	
group_1879	1.43E-02	5.52E-01	5.68E-01	-4.62E-02	8.09E-02	2.41E-02	bad-chisq
group_1846	1.43E-02	4.30E-01	3.35E-01	6.04E-02	6.27E-02	4.07E-02	bad-chisq
epsF_1	1.43E-02	4.30E-01	3.25E-01	1.40E-01	1.42E-01	4.16E-02	bad-chisq
group_1799	1.43E-02	7.73E-04	1.50E-01	-9.75E-02	6.76E-02	6.09E-02	bad-chisq
group_1770	1.43E-02	4.79E-02	1.16E-01	-9.19E-02	5.84E-02	6.64E-02	
group_1767	1.43E-02	4.30E-01	7.78E-01	1.97E-02	6.97E-02	1.19E-02	bad-chisq
group_1707	1.43E-02	4.30E-01	4.78E-01	3.47E-02	4.89E-02	3.00E-02	bad-chisq
group_1703	1.43E-02	4.79E-02	8.64E-01	-3.19E-02	1.86E-01	7.24E-03	
group_1681	1.43E-02	4.30E-01	7.46E-01	4.99E-01	1.54E+00	1.37E-02	bad-chisq
mglA_2~~~mglA_4	1.43E-02	4.79E-02	1.16E-01	-9.19E-02	5.84E-02	6.64E-02	
group_1659	1.43E-02	4.30E-01	8.99E-01	5.53E-04	4.37E-03	5.36E-03	bad-chisq
group_1586	1.43E-02	5.75E-14	1.90E-02	-4.86E-01	2.06E-01	9.90E-02	
group_1496	1.43E-02	4.30E-01	3.35E-01	6.04E-02	6.27E-02	4.07E-02	bad-chisq
gci	1.43E-02	4.30E-01	7.78E-01	1.97E-02	6.97E-02	1.19E-02	bad-chisq
group_1447	1.43E-02	4.30E-01	9.87E-01	1.31E-03	8.16E-02	6.77E-04	bad-chisq
group_1367	1.43E-02	4.30E-01	9.72E-01	2.51E-03	7.07E-02	1.50E-03	bad-chisq
group_1350	1.43E-02	5.52E-01	5.68E-01	-4.62E-02	8.09E-02	2.41E-02	bad-chisq
group_1327	1.43E-02	4.30E-01	9.73E-01	2.10E-04	6.18E-03	1.44E-03	bad-chisq
group_1317	1.43E-02	4.30E-01	1.00E+00	1.85E-06	6.19E-03	1.26E-05	bad-chisq
group_1308	1.43E-02	4.30E-01	9.66E-01	2.99E-03	7.00E-02	1.81E-03	bad-chisq
group_1303	1.43E-02	7.73E-04	1.54E-01	-1.16E-01	8.13E-02	6.03E-02	bad-chisq
intQ	1.43E-02	4.30E-01	9.99E-01	4.80E-06	6.19E-03	3.28E-05	bad-chisq
frlR	1.43E-02	5.52E-01	3.24E-26	-4.54E-01	4.07E-02	4.27E-01	bad-chisq
group_1235	1.43E-02	4.30E-01	9.95E-01	1.76E-05	2.97E-03	2.50E-04	bad-chisq
group_1214	1.43E-02	4.30E-01	6.51E-21	3.58E-01	3.66E-02	3.82E-01	bad-chisq
araR	1.43E-02	7.73E-04	1.54E-01	-1.16E-01	8.13E-02	6.03E-02	bad-chisq
group_1133	1.43E-02	4.30E-01	3.35E-01	6.04E-02	6.27E-02	4.07E-02	bad-chisq
fabF	1.43E-02	4.30E-01	7.46E-01	4.99E-01	1.54E+00	1.37E-02	bad-chisq
banIM	1.43E-02	4.30E-01	9.63E-01	3.53E-03	7.60E-02	1.96E-03	bad-chisq
group_1060	1.43E-02	8.55E-25	1.76E-01	-1.18E-01	8.70E-02	5.73E-02	bad-chisq
group_1054	1.43E-02	7.73E-04	1.54E-01	-1.16E-01	8.13E-02	6.03E-02	bad-chisq
vraR	1.43E-02	8.55E-25	7.99E-01	-2.05E-02	8.06E-02	1.08E-02	bad-chisq
eno2	1.43E-02	4.30E-01	9.38E-01	1.32E-02	1.70E-01	3.30E-03	bad-chisq
eno	1.43E-02	4.30E-01	9.38E-01	1.32E-02	1.70E-01	3.30E-03	bad-chisq
namA	1.43E-02	4.30E-01	9.87E-01	1.31E-03	8.16E-02	6.77E-04	bad-chisq
group_966	1.43E-02	4.30E-01	9.87E-01	1.31E-03	8.16E-02	6.77E-04	bad-chisq
group_899	1.43E-02	4.30E-01	9.81E-01	1.68E-03	6.97E-02	1.02E-03	bad-chisq
group_896	1.43E-02	4.30E-01	3.35E-01	6.04E-02	6.27E-02	4.07E-02	bad-chisq
group_880	1.43E-02	5.75E-14	1.90E-02	-4.86E-01	2.06E-01	9.90E-02	
dapE_2	1.43E-02	5.52E-01	5.68E-01	-4.62E-02	8.09E-02	2.41E-02	bad-chisq
mdtK_1	1.43E-02	4.30E-01	9.87E-01	1.31E-03	8.16E-02	6.77E-04	bad-chisq
group_829	1.43E-02	4.30E-01	9.73E-01	2.10E-04	6.18E-03	1.44E-03	bad-chisq
group_816	1.43E-02	4.30E-01	4.78E-01	3.47E-02	4.89E-02	3.00E-02	bad-chisq
group_814	1.43E-02	4.30E-01	3.35E-01	6.04E-02	6.27E-02	4.07E-02	bad-chisq
araA_4	1.43E-02	5.52E-01	9.91E-01	7.01E-04	6.04E-02	4.91E-04	bad-chisq
styD	1.43E-02	4.30E-01	9.87E-01	1.31E-03	8.16E-02	6.77E-04	bad-chisq
group_716	1.43E-02	4.30E-01	4.78E-01	3.47E-02	4.89E-02	3.00E-02	bad-chisq
group_703	1.43E-02	5.52E-01	9.91E-01	7.01E-04	6.04E-02	4.91E-04	bad-chisq
group_678	1.43E-02	4.30E-01	3.25E-01	1.40E-01	1.42E-01	4.16E-02	bad-chisq
rbsA_4	1.43E-02	5.75E-14	1.90E-02	-4.86E-01	2.06E-01	9.90E-02	
ypwA_1	1.43E-02	4.30E-01	9.87E-01	1.31E-03	8.16E-02	6.77E-04	bad-chisq
opuE	1.43E-02	5.71E-19	9.57E-01	-9.49E-03	1.77E-01	2.27E-03	bad-chisq
group_571	1.43E-02	5.52E-01	5.68E-01	-4.62E-02	8.09E-02	2.41E-02	bad-chisq
group_547	1.43E-02	5.52E-01	5.68E-01	-4.62E-02	8.09E-02	2.41E-02	bad-chisq
group_534	1.43E-02	5.52E-01	5.68E-01	-4.62E-02	8.09E-02	2.41E-02	bad-chisq
group_424	1.43E-02	7.73E-04	1.54E-01	-1.16E-01	8.13E-02	6.03E-02	bad-chisq
group_422	1.43E-02	4.30E-01	9.93E-01	5.76E-04	6.52E-02	3.74E-04	bad-chisq
group_374	1.43E-02	4.30E-01	9.84E-01	3.45E-03	1.75E-01	8.31E-04	bad-chisq
group_362	1.43E-02	7.73E-04	1.54E-01	-1.16E-01	8.13E-02	6.03E-02	bad-chisq
group_227	1.43E-02	4.30E-01	9.86E-01	7.56E-04	4.45E-02	7.19E-04	bad-chisq
group_116	1.43E-02	4.30E-01	8.26E-01	1.61E-02	7.33E-02	9.30E-03	bad-chisq
group_90	1.43E-02	7.73E-04	1.54E-01	-1.16E-01	8.13E-02	6.03E-02	bad-chisq
group_45	1.43E-02	4.30E-01	9.72E-01	2.51E-03	7.07E-02	1.50E-03	bad-chisq
group_30	1.25E-02	4.61E-01	6.35E-01	2.87E-02	6.05E-02	2.01E-02	bad-chisq
group_21171	1.25E-02	4.61E-01	9.22E-01	6.03E-04	6.18E-03	4.13E-03	bad-chisq
group_21089	1.25E-02	2.19E-04	9.49E-01	-4.71E-03	7.38E-02	2.70E-03	bad-chisq
group_19572	1.25E-02	4.61E-01	9.75E-01	1.95E-04	6.17E-03	1.34E-03	bad-chisq
group_18812	1.25E-02	4.61E-01	9.97E-01	1.97E-05	6.17E-03	1.35E-04	bad-chisq
group_18755	1.25E-02	4.61E-01	9.94E-01	4.61E-04	5.75E-02	3.39E-04	bad-chisq
group_18671	1.25E-02	4.61E-01	9.94E-01	3.35E-04	4.67E-02	3.03E-04	bad-chisq
group_18665	1.25E-02	4.61E-01	8.04E-01	1.01E-02	4.08E-02	1.05E-02	bad-chisq
group_18664	1.25E-02	4.61E-01	8.04E-01	1.01E-02	4.08E-02	1.05E-02	bad-chisq
group_18663	1.25E-02	4.61E-01	8.04E-01	1.01E-02	4.08E-02	1.05E-02	bad-chisq
group_18660	1.25E-02	4.61E-01	8.04E-01	1.01E-02	4.08E-02	1.05E-02	bad-chisq
hcp_2	1.25E-02	4.61E-01	8.04E-01	1.01E-02	4.08E-02	1.05E-02	bad-chisq
group_18414	1.25E-02	4.61E-01	9.69E-01	2.17E-03	5.56E-02	1.65E-03	bad-chisq
group_18290	1.25E-02	4.61E-01	7.99E-01	1.67E-02	6.55E-02	1.08E-02	bad-chisq
group_16741	1.25E-02	4.61E-01	1.00E+00	3.81E-06	6.18E-03	2.61E-05	bad-chisq
group_16713	1.25E-02	4.61E-01	1.00E+00	6.63E-07	3.44E-03	8.16E-06	bad-chisq
group_16710	1.25E-02	4.61E-01	1.00E+00	6.63E-07	3.44E-03	8.16E-06	bad-chisq
group_16699	1.25E-02	4.61E-01	1.00E+00	3.07E-07	3.44E-03	3.78E-06	bad-chisq
group_16698	1.25E-02	4.61E-01	1.00E+00	3.07E-07	3.44E-03	3.78E-06	bad-chisq
lip2~~~aes_4	1.25E-02	4.61E-01	1.00E+00	6.63E-07	3.44E-03	8.16E-06	bad-chisq
group_16668	1.25E-02	4.61E-01	9.98E-01	9.05E-06	4.38E-03	8.73E-05	bad-chisq
group_16664	1.25E-02	4.61E-01	9.81E-01	1.04E-04	4.38E-03	1.00E-03	bad-chisq
group_15803	1.25E-02	4.59E-01	9.48E-01	4.03E-04	6.18E-03	2.76E-03	bad-chisq
group_15764	1.25E-02	4.61E-01	8.54E-01	1.14E-03	6.18E-03	7.81E-03	bad-chisq
group_15761	1.25E-02	4.61E-01	8.58E-01	1.11E-03	6.17E-03	7.59E-03	bad-chisq
group_15758	1.25E-02	4.61E-01	8.54E-01	1.14E-03	6.18E-03	7.81E-03	bad-chisq
group_15753	1.25E-02	4.61E-01	8.58E-01	1.11E-03	6.17E-03	7.59E-03	bad-chisq
group_15752	1.25E-02	4.61E-01	8.58E-01	1.11E-03	6.17E-03	7.59E-03	bad-chisq
group_15750	1.25E-02	4.61E-01	8.58E-01	1.11E-03	6.17E-03	7.59E-03	bad-chisq
group_15736	1.25E-02	4.61E-01	8.58E-01	1.11E-03	6.17E-03	7.59E-03	bad-chisq
group_15729	1.25E-02	4.61E-01	8.58E-01	1.11E-03	6.17E-03	7.59E-03	bad-chisq
group_15725	1.25E-02	4.61E-01	8.58E-01	1.11E-03	6.17E-03	7.59E-03	bad-chisq
group_15719	1.25E-02	4.61E-01	8.58E-01	1.11E-03	6.17E-03	7.59E-03	bad-chisq
group_15706	1.25E-02	4.61E-01	8.52E-01	1.15E-03	6.17E-03	7.88E-03	bad-chisq
group_15703	1.25E-02	4.61E-01	8.58E-01	1.11E-03	6.17E-03	7.59E-03	bad-chisq
group_15691	1.25E-02	4.61E-01	8.58E-01	1.11E-03	6.17E-03	7.59E-03	bad-chisq
group_15690	1.25E-02	4.61E-01	8.58E-01	1.11E-03	6.17E-03	7.59E-03	bad-chisq
group_15652	1.25E-02	4.61E-01	9.59E-01	2.74E-03	5.38E-02	2.16E-03	bad-chisq
pglF_2	1.25E-02	4.59E-01	9.76E-01	1.61E-03	5.40E-02	1.26E-03	bad-chisq
group_15635	1.25E-02	4.59E-01	9.76E-01	1.61E-03	5.40E-02	1.26E-03	bad-chisq
group_15495	1.25E-02	4.61E-01	9.09E-01	1.17E-01	1.02E+00	4.85E-03	bad-chisq
group_15467	1.25E-02	4.59E-01	8.76E-01	-8.42E-04	5.38E-03	6.62E-03	bad-chisq
group_15411	1.25E-02	4.61E-01	9.94E-01	3.70E-05	5.36E-03	2.92E-04	bad-chisq
group_15410	1.25E-02	4.61E-01	9.78E-01	1.18E-04	4.37E-03	1.15E-03	bad-chisq
group_15405	1.25E-02	4.61E-01	9.96E-01	3.02E-05	6.19E-03	2.06E-04	bad-chisq
group_15361	1.25E-02	4.61E-01	3.18E-01	6.49E-02	6.50E-02	4.22E-02	bad-chisq
group_15252	1.25E-02	4.61E-01	7.85E-01	1.60E-02	5.87E-02	1.15E-02	bad-chisq
group_15215	1.25E-02	4.59E-01	4.01E-01	-6.74E-02	8.02E-02	3.55E-02	bad-chisq
group_15205	1.25E-02	4.59E-01	9.99E-01	-3.18E-06	3.17E-03	4.25E-05	bad-chisq
group_15199	1.25E-02	4.61E-01	4.81E-01	3.80E-02	5.40E-02	2.98E-02	bad-chisq
group_15198	1.25E-02	2.65E-02	8.53E-01	1.85E-02	1.00E-01	7.82E-03	bad-chisq
group_15113	1.25E-02	4.59E-01	9.88E-01	7.86E-05	5.37E-03	6.19E-04	bad-chisq
group_15104	1.25E-02	4.61E-01	9.09E-01	1.17E-01	1.02E+00	4.85E-03	bad-chisq
group_15093	1.25E-02	4.61E-01	9.96E-01	3.02E-05	6.19E-03	2.06E-04	bad-chisq
group_14992	1.25E-02	4.61E-01	1.03E-02	1.21E-01	4.69E-02	1.08E-01	bad-chisq
group_14983	1.25E-02	4.61E-01	9.55E-01	3.48E-04	6.17E-03	2.38E-03	bad-chisq
group_14953	1.25E-02	4.61E-01	9.89E-01	1.27E-03	9.00E-02	5.99E-04	bad-chisq
group_14906	1.25E-02	4.59E-01	4.01E-01	-6.74E-02	8.02E-02	3.55E-02	bad-chisq
group_14884	1.25E-02	4.61E-01	9.95E-01	2.95E-05	4.38E-03	2.85E-04	bad-chisq
group_14872	1.25E-02	4.61E-01	9.35E-01	5.08E-04	6.20E-03	3.46E-03	bad-chisq
group_14801	1.25E-02	4.61E-01	9.87E-01	6.84E-04	4.23E-02	6.84E-04	bad-chisq
group_14785	1.25E-02	4.61E-01	9.96E-01	3.02E-05	6.19E-03	2.06E-04	bad-chisq
group_14711	1.25E-02	4.61E-01	4.40E-01	7.99E-02	1.03E-01	3.26E-02	bad-chisq
group_14620	1.25E-02	4.59E-01	6.33E-26	-4.47E-01	4.04E-02	4.24E-01	bad-chisq
group_14544	1.25E-02	4.61E-01	9.96E-01	3.02E-05	6.19E-03	2.06E-04	bad-chisq
group_14530	1.25E-02	4.61E-01	9.96E-01	2.22E-05	4.06E-03	2.32E-04	bad-chisq
group_14445	1.25E-02	4.61E-01	9.87E-01	7.54E-05	4.62E-03	6.90E-04	bad-chisq
group_14364	1.25E-02	4.61E-01	4.81E-01	3.80E-02	5.40E-02	2.98E-02	bad-chisq
group_14340	1.25E-02	4.59E-01	9.99E-01	4.20E-06	5.37E-03	3.31E-05	bad-chisq
group_14317	1.25E-02	4.61E-01	9.43E-01	5.16E-03	7.20E-02	3.03E-03	bad-chisq
group_14294	1.25E-02	4.59E-01	1.63E-01	8.60E-03	6.15E-03	5.90E-02	bad-chisq
group_14209	1.25E-02	4.61E-01	9.94E-01	7.34E-04	9.03E-02	3.44E-04	bad-chisq
group_14190	1.25E-02	4.61E-01	1.00E+00	2.42E-06	4.39E-03	2.33E-05	bad-chisq
phoR_2	1.25E-02	4.59E-01	3.06E-01	-8.49E-02	8.28E-02	4.33E-02	bad-chisq
group_14155	1.25E-02	4.61E-01	9.09E-01	1.17E-01	1.02E+00	4.85E-03	bad-chisq
group_14152	1.25E-02	4.59E-01	4.72E-01	3.25E-02	4.51E-02	3.05E-02	bad-chisq
group_14103	1.25E-02	2.65E-02	9.46E-01	3.80E-03	5.59E-02	2.87E-03	bad-chisq
group_14087	1.25E-02	4.59E-01	8.74E-01	9.09E-03	5.74E-02	6.69E-03	bad-chisq
group_13919	1.25E-02	4.61E-01	9.09E-01	1.17E-01	1.02E+00	4.85E-03	bad-chisq
celA	1.25E-02	4.61E-01	4.81E-01	3.80E-02	5.40E-02	2.98E-02	bad-chisq
group_13847	1.25E-02	4.59E-01	9.57E-01	-4.16E-03	7.66E-02	2.29E-03	bad-chisq
group_13812	1.25E-02	4.61E-01	9.80E-01	1.14E-03	4.52E-02	1.07E-03	bad-chisq
group_13805	1.25E-02	4.61E-01	8.16E-01	4.26E-02	1.83E-01	9.83E-03	bad-chisq
celD	1.25E-02	4.61E-01	4.81E-01	3.80E-02	5.40E-02	2.98E-02	bad-chisq
group_13757	1.25E-02	4.61E-01	9.96E-01	3.02E-05	6.19E-03	2.06E-04	bad-chisq
group_13755	1.25E-02	4.61E-01	3.18E-01	6.49E-02	6.50E-02	4.22E-02	bad-chisq
group_13702	1.25E-02	4.61E-01	9.09E-01	1.17E-01	1.02E+00	4.85E-03	bad-chisq
group_13669	1.25E-02	2.65E-02	2.43E-06	-2.38E-01	4.99E-02	1.98E-01	bad-chisq
blaI	1.25E-02	7.35E-22	6.37E-01	-7.33E-01	1.56E+00	1.99E-02	bad-chisq
group_13659	1.25E-02	4.61E-01	9.16E-01	4.78E-03	4.54E-02	4.46E-03	bad-chisq
group_13642	1.25E-02	4.61E-01	9.43E-01	3.05E-03	4.25E-02	3.03E-03	bad-chisq
group_13620	1.25E-02	2.88E-11	4.49E-01	-6.12E-02	8.07E-02	3.20E-02	bad-chisq
group_13616	1.25E-02	7.35E-22	6.37E-01	-7.33E-01	1.56E+00	1.99E-02	bad-chisq
group_13587	1.25E-02	4.59E-01	3.72E-01	-6.55E-02	7.34E-02	3.77E-02	bad-chisq
group_13577	1.25E-02	4.27E-16	1.16E-01	-2.19E-01	1.39E-01	6.65E-02	bad-chisq
group_13575	1.25E-02	7.35E-22	6.37E-01	-7.33E-01	1.56E+00	1.99E-02	bad-chisq
group_13518	1.25E-02	4.61E-01	9.09E-01	1.17E-01	1.02E+00	4.85E-03	bad-chisq
group_13461	1.25E-02	4.61E-01	9.85E-01	1.05E-03	5.61E-02	7.93E-04	bad-chisq
group_13422	1.25E-02	4.61E-01	3.18E-01	6.49E-02	6.50E-02	4.22E-02	bad-chisq
group_13406	1.25E-02	4.61E-01	9.09E-01	1.17E-01	1.02E+00	4.85E-03	bad-chisq
group_13387	1.25E-02	4.61E-01	1.00E+00	1.83E-06	3.92E-03	1.97E-05	bad-chisq
group_13360	1.25E-02	4.61E-01	9.96E-01	3.02E-05	6.19E-03	2.06E-04	bad-chisq
group_13340	1.25E-02	4.61E-01	3.18E-01	6.49E-02	6.50E-02	4.22E-02	bad-chisq
group_13312	1.25E-02	4.61E-01	9.92E-01	6.28E-05	6.18E-03	4.29E-04	bad-chisq
group_13287	1.25E-02	4.61E-01	9.09E-01	1.17E-01	1.02E+00	4.85E-03	bad-chisq
group_13280	1.25E-02	4.61E-01	3.18E-01	6.49E-02	6.50E-02	4.22E-02	bad-chisq
group_13237	1.25E-02	2.65E-02	8.40E-01	-4.20E-02	2.07E-01	8.56E-03	bad-chisq
group_13190	1.25E-02	4.59E-01	1.63E-01	8.60E-03	6.15E-03	5.90E-02	bad-chisq
group_13187	1.25E-02	7.35E-22	6.37E-01	-7.33E-01	1.56E+00	1.99E-02	bad-chisq
group_13143	1.25E-02	4.59E-01	9.05E-01	-5.24E-04	4.40E-03	5.04E-03	bad-chisq
group_13139	1.25E-02	4.61E-01	3.18E-01	6.49E-02	6.50E-02	4.22E-02	bad-chisq
group_13126	1.25E-02	4.61E-01	9.84E-01	1.53E-03	7.49E-02	8.66E-04	bad-chisq
group_13119	1.25E-02	4.59E-01	2.07E-02	-1.79E-01	7.74E-02	9.76E-02	bad-chisq
group_12999	1.25E-02	4.61E-01	9.37E-01	4.89E-04	6.20E-03	3.34E-03	bad-chisq
group_12995	1.25E-02	4.59E-01	8.15E-01	-1.44E-03	6.14E-03	9.92E-03	bad-chisq
group_12979	1.25E-02	4.61E-01	9.89E-01	7.53E-05	5.37E-03	5.93E-04	bad-chisq
group_12966	1.25E-02	4.61E-01	9.09E-01	1.17E-01	1.02E+00	4.85E-03	bad-chisq
group_12881	1.25E-02	4.61E-01	9.93E-01	4.66E-05	5.05E-03	3.90E-04	bad-chisq
group_12856	1.25E-02	4.61E-01	9.96E-01	3.02E-05	6.19E-03	2.06E-04	bad-chisq
group_12854	1.25E-02	7.35E-22	6.37E-01	-7.33E-01	1.56E+00	1.99E-02	bad-chisq
group_12845	1.25E-02	4.61E-01	6.03E-01	3.68E-02	7.07E-02	2.20E-02	bad-chisq
group_12844	1.25E-02	4.61E-01	9.09E-01	1.17E-01	1.02E+00	4.85E-03	bad-chisq
group_12832	1.25E-02	4.61E-01	9.91E-01	6.77E-05	6.19E-03	4.62E-04	bad-chisq
group_12797	1.25E-02	2.65E-02	8.40E-01	-4.20E-02	2.07E-01	8.56E-03	bad-chisq
group_12783	1.25E-02	4.61E-01	9.65E-01	2.91E-03	6.55E-02	1.88E-03	bad-chisq
group_12781	1.25E-02	4.61E-01	3.18E-01	6.49E-02	6.50E-02	4.22E-02	bad-chisq
group_12765	1.25E-02	4.59E-01	1.94E-28	-4.88E-01	4.17E-02	4.44E-01	bad-chisq
group_12282	1.25E-02	4.61E-01	9.47E-01	3.67E-03	5.57E-02	2.79E-03	bad-chisq
group_12278	1.25E-02	4.61E-01	9.47E-01	3.67E-03	5.57E-02	2.79E-03	bad-chisq
bceA~~~bceA_1	1.25E-02	4.61E-01	9.99E-01	1.01E-04	8.12E-02	5.28E-05	bad-chisq
group_12231	1.25E-02	4.61E-01	9.51E-01	3.95E-03	6.36E-02	2.62E-03	bad-chisq
group_12230	1.25E-02	4.61E-01	9.49E-01	3.98E-03	6.25E-02	2.69E-03	bad-chisq
group_11952	1.25E-02	4.61E-01	9.94E-01	3.78E-04	5.06E-02	3.16E-04	bad-chisq
group_11884	1.25E-02	4.59E-01	9.81E-01	-1.51E-03	6.48E-02	9.87E-04	bad-chisq
group_11883	1.25E-02	4.59E-01	9.37E-01	-4.87E-04	6.20E-03	3.32E-03	bad-chisq
group_11818	1.25E-02	4.61E-01	8.00E-01	1.30E-02	5.14E-02	1.07E-02	bad-chisq
group_11814	1.25E-02	4.61E-01	8.70E-01	9.16E-03	5.57E-02	6.95E-03	bad-chisq
group_11812	1.25E-02	4.61E-01	8.70E-01	9.16E-03	5.57E-02	6.95E-03	bad-chisq
group_11811	1.25E-02	4.61E-01	8.70E-01	9.16E-03	5.57E-02	6.95E-03	bad-chisq
group_11756	1.25E-02	7.35E-22	6.37E-01	-7.33E-01	1.56E+00	1.99E-02	bad-chisq
ykoD~~~btuD_2~~~btuD_5	1.25E-02	2.88E-11	5.18E-01	-6.33E-02	9.77E-02	2.74E-02	bad-chisq
group_11752	1.25E-02	4.61E-01	9.98E-01	1.54E-05	6.19E-03	1.05E-04	bad-chisq
group_11749	1.25E-02	7.35E-22	6.37E-01	-7.33E-01	1.56E+00	1.99E-02	bad-chisq
argR_2~~~argR_1	1.25E-02	7.35E-22	6.37E-01	-7.33E-01	1.56E+00	1.99E-02	bad-chisq
group_11744	1.25E-02	4.61E-01	9.98E-01	1.92E-04	6.55E-02	1.24E-04	bad-chisq
gph_5~~~gph_3	1.25E-02	4.59E-01	9.24E-01	5.43E-03	5.71E-02	4.03E-03	bad-chisq
group_11721	1.25E-02	7.35E-22	6.37E-01	-7.33E-01	1.56E+00	1.99E-02	bad-chisq
tnpR~~~hin	1.25E-02	2.19E-04	9.45E-01	-5.77E-03	8.44E-02	2.89E-03	bad-chisq
group_11693	1.25E-02	4.61E-01	8.96E-01	7.35E-03	5.63E-02	5.52E-03	bad-chisq
group_11682	1.25E-02	4.59E-01	9.99E-01	-3.18E-06	3.17E-03	4.25E-05	bad-chisq
group_11663	1.25E-02	2.19E-04	7.14E-01	-3.59E-02	9.81E-02	1.55E-02	bad-chisq
group_11661	1.25E-02	4.61E-01	9.94E-01	4.08E-05	5.04E-03	3.42E-04	bad-chisq
group_11652	1.25E-02	4.61E-01	8.96E-01	7.35E-03	5.63E-02	5.52E-03	bad-chisq
group_11651	1.25E-02	4.61E-01	8.96E-01	7.35E-03	5.63E-02	5.52E-03	bad-chisq
group_11590	1.25E-02	4.59E-01	3.30E-01	4.78E-02	4.90E-02	4.12E-02	bad-chisq
group_11546	1.25E-02	4.59E-01	9.90E-01	7.37E-05	6.18E-03	5.05E-04	bad-chisq
group_11535	1.25E-02	7.35E-22	6.37E-01	-7.33E-01	1.56E+00	1.99E-02	bad-chisq
group_11520	1.25E-02	4.61E-01	9.36E-01	4.32E-04	5.34E-03	3.42E-03	bad-chisq
group_11515	1.25E-02	4.59E-01	9.20E-01	5.20E-03	5.20E-02	4.23E-03	bad-chisq
group_11486	1.25E-02	4.61E-01	9.19E-01	7.30E-03	7.16E-02	4.31E-03	bad-chisq
group_11482	1.25E-02	4.61E-01	9.98E-01	1.32E-05	4.61E-03	1.21E-04	bad-chisq
czrA~~~ziaR	1.25E-02	7.35E-22	9.36E-01	-1.49E-02	1.86E-01	3.38E-03	bad-chisq
group_11366	1.25E-02	4.61E-01	9.19E-01	7.30E-03	7.16E-02	4.31E-03	bad-chisq
group_11308	1.25E-02	4.61E-01	8.96E-01	7.35E-03	5.63E-02	5.52E-03	bad-chisq
group_11298	1.25E-02	4.61E-01	9.59E-01	1.30E-02	2.55E-01	2.16E-03	bad-chisq
group_11271	1.25E-02	7.35E-22	6.37E-01	-7.33E-01	1.56E+00	1.99E-02	bad-chisq
group_11263	1.25E-02	4.61E-01	9.92E-01	5.10E-05	5.35E-03	4.03E-04	bad-chisq
group_11251	1.25E-02	4.61E-01	9.86E-01	5.01E-03	2.82E-01	7.51E-04	bad-chisq
group_11216	1.25E-02	4.61E-01	9.59E-01	1.30E-02	2.55E-01	2.16E-03	bad-chisq
group_11200	1.25E-02	4.61E-01	9.59E-01	1.30E-02	2.55E-01	2.16E-03	bad-chisq
group_11176	1.25E-02	4.61E-01	9.09E-01	1.17E-01	1.02E+00	4.85E-03	bad-chisq
group_11137	1.25E-02	4.61E-01	3.22E-01	8.91E-02	8.99E-02	4.19E-02	bad-chisq
group_11111	1.25E-02	4.61E-01	9.94E-01	5.01E-05	6.18E-03	3.43E-04	bad-chisq
group_11106	1.25E-02	7.35E-22	6.37E-01	-7.33E-01	1.56E+00	1.99E-02	bad-chisq
group_11102	1.25E-02	4.59E-01	3.77E-01	5.22E-02	5.90E-02	3.74E-02	bad-chisq
group_11093	1.25E-02	7.35E-22	6.37E-01	-7.33E-01	1.56E+00	1.99E-02	bad-chisq
group_11083	1.25E-02	2.28E-07	7.63E-01	-2.06E-02	6.86E-02	1.27E-02	bad-chisq
group_11044	1.25E-02	7.35E-22	6.37E-01	-7.33E-01	1.56E+00	1.99E-02	bad-chisq
add~~~add_2	1.25E-02	4.61E-01	9.98E-01	1.30E-05	6.18E-03	8.91E-05	bad-chisq
group_10990	1.25E-02	4.61E-01	5.82E-02	2.80E-01	1.47E-01	8.00E-02	bad-chisq
group_10965	1.25E-02	4.61E-01	5.82E-02	2.80E-01	1.47E-01	8.00E-02	bad-chisq
group_10931	1.25E-02	4.61E-01	9.09E-01	1.17E-01	1.02E+00	4.85E-03	bad-chisq
group_10897	1.25E-02	4.61E-01	9.32E-01	4.98E-03	5.86E-02	3.59E-03	bad-chisq
group_10814	1.25E-02	4.61E-01	9.19E-01	7.30E-03	7.16E-02	4.31E-03	bad-chisq
group_10807	1.25E-02	4.61E-01	9.19E-01	7.30E-03	7.16E-02	4.31E-03	bad-chisq
todS~~~sasA_9	1.25E-02	4.61E-01	9.09E-01	1.17E-01	1.02E+00	4.85E-03	bad-chisq
group_10745	1.25E-02	4.61E-01	9.51E-01	4.03E-03	6.53E-02	2.61E-03	bad-chisq
group_10737	1.25E-02	4.59E-01	6.29E-01	5.17E-02	1.07E-01	2.05E-02	bad-chisq
group_10730	1.25E-02	4.61E-01	9.51E-01	4.03E-03	6.53E-02	2.61E-03	bad-chisq
group_10710	1.25E-02	4.61E-01	3.73E-29	4.98E-01	4.19E-02	4.49E-01	bad-chisq
group_10704	1.25E-02	4.61E-01	8.76E-01	1.35E-02	8.62E-02	6.62E-03	bad-chisq
group_10702	1.25E-02	4.59E-01	9.39E-01	-4.74E-04	6.17E-03	3.25E-03	bad-chisq
group_10701	1.25E-02	4.61E-01	9.11E-01	5.51E-03	4.94E-02	4.72E-03	bad-chisq
group_10660	1.25E-02	7.35E-22	6.37E-01	-7.33E-01	1.56E+00	1.99E-02	bad-chisq
group_10613	1.25E-02	2.65E-02	8.48E-01	-1.18E-03	6.17E-03	8.12E-03	bad-chisq
group_10601	1.25E-02	2.65E-02	3.64E-08	-3.49E-01	6.24E-02	2.30E-01	bad-chisq
group_10592	1.25E-02	4.59E-01	9.82E-01	1.43E-04	6.20E-03	9.79E-04	bad-chisq
group_10591	1.25E-02	4.61E-01	9.99E-01	1.01E-04	6.41E-02	6.65E-05	bad-chisq
group_10582	1.25E-02	4.61E-01	9.38E-01	3.69E-02	4.77E-01	3.27E-03	bad-chisq
group_10580	1.25E-02	4.61E-01	9.94E-01	5.01E-05	6.18E-03	3.43E-04	bad-chisq
group_10566	1.25E-02	7.35E-22	6.37E-01	-7.33E-01	1.56E+00	1.99E-02	bad-chisq
thpA~~~thpA_2	1.25E-02	4.61E-01	9.96E-01	3.25E-05	6.16E-03	2.24E-04	bad-chisq
rbsA_2~~~araG	1.25E-02	4.61E-01	9.96E-01	3.25E-05	6.16E-03	2.24E-04	bad-chisq
group_10463	1.25E-02	4.61E-01	9.09E-01	1.17E-01	1.02E+00	4.85E-03	bad-chisq
group_10440	1.25E-02	4.27E-16	9.93E-01	-4.61E-04	5.18E-02	3.76E-04	bad-chisq
rbsC_2~~~yjfF_1	1.25E-02	4.61E-01	9.96E-01	3.25E-05	6.16E-03	2.24E-04	bad-chisq
ahpC	1.25E-02	4.61E-01	9.97E-01	9.78E-06	3.10E-03	1.33E-04	bad-chisq
thiT	1.25E-02	7.35E-22	6.37E-01	-7.33E-01	1.56E+00	1.99E-02	bad-chisq
group_10134	1.25E-02	2.65E-02	1.00E+00	3.35E-06	6.18E-03	2.29E-05	bad-chisq
group_10124	1.25E-02	4.59E-01	9.96E-01	2.45E-05	4.62E-03	2.24E-04	bad-chisq
group_10122	1.25E-02	4.61E-01	9.94E-01	3.34E-05	4.61E-03	3.07E-04	bad-chisq
group_10083	1.25E-02	4.61E-01	9.88E-01	1.11E-03	7.41E-02	6.36E-04	bad-chisq
group_10028	1.25E-02	7.35E-22	6.37E-01	-7.33E-01	1.56E+00	1.99E-02	bad-chisq
group_9961	1.25E-02	4.59E-01	8.97E-01	-5.68E-04	4.38E-03	5.48E-03	bad-chisq
group_9940	1.25E-02	4.61E-01	9.32E-01	3.57E-03	4.16E-02	3.63E-03	bad-chisq
group_9928	1.25E-02	4.61E-01	9.79E-01	1.63E-04	6.18E-03	1.12E-03	bad-chisq
group_9926	1.25E-02	4.61E-01	1.00E+00	8.84E-07	4.06E-03	9.21E-06	bad-chisq
group_9863	1.25E-02	4.61E-01	9.28E-01	4.87E-04	5.37E-03	3.83E-03	bad-chisq
group_9815	1.25E-02	7.35E-22	6.37E-01	-7.33E-01	1.56E+00	1.99E-02	bad-chisq
group_9807	1.25E-02	4.61E-01	9.54E-01	5.55E-03	9.60E-02	2.45E-03	bad-chisq
group_9805	1.25E-02	4.61E-01	9.99E-01	6.64E-06	6.18E-03	4.55E-05	bad-chisq
group_9802	1.25E-02	4.61E-01	9.92E-01	5.68E-04	5.42E-02	4.44E-04	bad-chisq
group_9797	1.25E-02	4.61E-01	9.96E-01	3.02E-05	6.19E-03	2.06E-04	bad-chisq
group_9750	1.25E-02	4.61E-01	7.78E-01	1.78E-02	6.31E-02	1.19E-02	bad-chisq
group_9721	1.25E-02	4.61E-01	9.99E-01	7.37E-06	6.17E-03	5.05E-05	bad-chisq
group_9718	1.25E-02	4.61E-01	9.99E-01	6.64E-06	6.18E-03	4.55E-05	bad-chisq
group_9704	1.25E-02	4.61E-01	9.38E-01	3.69E-02	4.77E-01	3.27E-03	bad-chisq
group_9691	1.25E-02	4.61E-01	9.06E-01	7.31E-04	6.16E-03	5.02E-03	bad-chisq
group_9646	1.25E-02	2.65E-02	9.08E-01	-7.17E-04	6.19E-03	4.90E-03	bad-chisq
group_9640	1.25E-02	4.61E-01	6.27E-01	4.47E-02	9.21E-02	2.05E-02	bad-chisq
group_9630	1.25E-02	2.65E-02	9.08E-01	-7.17E-04	6.19E-03	4.90E-03	bad-chisq
group_9590	1.25E-02	2.88E-11	1.94E-01	-1.72E-01	1.32E-01	5.49E-02	bad-chisq
glnK	1.25E-02	2.88E-11	1.94E-01	-1.72E-01	1.32E-01	5.49E-02	bad-chisq
group_9577	1.25E-02	4.59E-01	1.63E-01	8.60E-03	6.15E-03	5.90E-02	bad-chisq
group_9573	1.25E-02	4.61E-01	8.87E-01	7.60E-03	5.35E-02	6.00E-03	bad-chisq
group_9566	1.25E-02	4.59E-01	8.51E-01	-1.20E-02	6.37E-02	7.94E-03	bad-chisq
group_9536	1.25E-02	4.61E-01	1.60E-01	1.61E-01	1.15E-01	5.95E-02	bad-chisq
group_9530	1.07E-02	4.95E-01	8.43E-01	1.52E-02	7.63E-02	8.39E-03	bad-chisq
group_9461	1.25E-02	4.59E-01	8.79E-01	1.25E-02	8.19E-02	6.47E-03	bad-chisq
group_9438	1.25E-02	4.61E-01	9.98E-01	1.35E-05	5.37E-03	1.06E-04	bad-chisq
gltC~~~rutC~~~hdfR_2~~~hdfR_3	1.25E-02	4.27E-16	6.23E-03	-4.64E-01	1.69E-01	1.15E-01	bad-chisq
group_9360	1.25E-02	4.61E-01	1.41E-01	9.07E-03	6.15E-03	6.22E-02	bad-chisq
group_9359	1.25E-02	4.61E-01	1.41E-01	9.07E-03	6.15E-03	6.22E-02	bad-chisq
group_9355	1.25E-02	4.59E-01	6.83E-01	-2.32E-02	5.68E-02	1.73E-02	bad-chisq
group_9354	1.25E-02	4.59E-01	4.53E-01	-4.26E-02	5.66E-02	3.18E-02	bad-chisq
group_9349	1.25E-02	4.61E-01	9.99E-01	6.59E-06	6.18E-03	4.51E-05	bad-chisq
group_9330	1.25E-02	4.61E-01	9.96E-01	2.86E-05	6.16E-03	1.96E-04	bad-chisq
group_9326	1.25E-02	7.35E-22	6.37E-01	-7.33E-01	1.56E+00	1.99E-02	bad-chisq
group_9321	1.25E-02	4.61E-01	9.99E-01	4.36E-05	6.65E-02	2.77E-05	bad-chisq
lmrA	1.25E-02	7.35E-22	6.37E-01	-7.33E-01	1.56E+00	1.99E-02	bad-chisq
group_9320	1.25E-02	7.35E-22	6.37E-01	-7.33E-01	1.56E+00	1.99E-02	bad-chisq
group_9307	1.25E-02	7.35E-22	6.37E-01	-7.33E-01	1.56E+00	1.99E-02	bad-chisq
group_9306	1.25E-02	7.35E-22	6.37E-01	-7.33E-01	1.56E+00	1.99E-02	bad-chisq
group_9292	1.25E-02	7.35E-22	6.37E-01	-7.33E-01	1.56E+00	1.99E-02	bad-chisq
group_9291	1.25E-02	7.35E-22	6.37E-01	-7.33E-01	1.56E+00	1.99E-02	bad-chisq
group_9278	1.25E-02	7.35E-22	6.37E-01	-7.33E-01	1.56E+00	1.99E-02	bad-chisq
group_9276	1.25E-02	7.35E-22	6.37E-01	-7.33E-01	1.56E+00	1.99E-02	bad-chisq
group_9264	1.25E-02	4.59E-01	9.72E-01	-1.55E-04	4.38E-03	1.49E-03	bad-chisq
group_9246	1.25E-02	4.59E-01	1.00E+00	-1.39E-08	6.18E-03	9.55E-08	bad-chisq
group_9218	1.25E-02	7.35E-22	6.37E-01	-7.33E-01	1.56E+00	1.99E-02	bad-chisq
group_9216	1.25E-02	7.35E-22	6.37E-01	-7.33E-01	1.56E+00	1.99E-02	bad-chisq
group_9213	1.25E-02	4.61E-01	8.66E-01	9.25E-03	5.50E-02	7.12E-03	bad-chisq
group_9190	1.25E-02	4.61E-01	9.74E-01	2.74E-03	8.41E-02	1.38E-03	bad-chisq
yxdL~~~yxdL_1	1.25E-02	4.59E-01	9.45E-01	3.19E-04	4.61E-03	2.92E-03	bad-chisq
group_9171	1.25E-02	4.61E-01	9.96E-01	3.02E-05	6.19E-03	2.06E-04	bad-chisq
group_9167	1.25E-02	4.59E-01	9.37E-01	-6.95E-03	8.83E-02	3.33E-03	bad-chisq
group_9161	1.25E-02	4.61E-01	9.66E-01	2.75E-03	6.40E-02	1.82E-03	bad-chisq
sph_1	1.25E-02	2.65E-02	6.05E-01	-6.81E-02	1.31E-01	2.19E-02	bad-chisq
group_9146	1.25E-02	4.61E-01	9.94E-01	2.66E-05	3.69E-03	3.05E-04	bad-chisq
group_9142	1.25E-02	7.35E-22	6.37E-01	-7.33E-01	1.56E+00	1.99E-02	bad-chisq
group_9141	1.25E-02	7.35E-22	6.37E-01	-7.33E-01	1.56E+00	1.99E-02	bad-chisq
group_9130	1.25E-02	4.59E-01	8.71E-01	1.18E-02	7.25E-02	6.88E-03	bad-chisq
group_9129	1.25E-02	4.61E-01	9.74E-01	2.74E-03	8.41E-02	1.38E-03	bad-chisq
group_9097	1.25E-02	4.61E-01	3.18E-01	6.49E-02	6.50E-02	4.22E-02	bad-chisq
group_9089	1.25E-02	7.35E-22	6.37E-01	-7.33E-01	1.56E+00	1.99E-02	bad-chisq
gph_1~~~gph_3	1.25E-02	7.35E-22	6.37E-01	-7.33E-01	1.56E+00	1.99E-02	bad-chisq
group_9047	1.25E-02	7.35E-22	6.37E-01	-7.33E-01	1.56E+00	1.99E-02	bad-chisq
group_9024	1.25E-02	4.59E-01	9.95E-01	3.49E-05	5.37E-03	2.75E-04	bad-chisq
group_9014	1.25E-02	4.61E-01	8.56E-01	9.79E-03	5.40E-02	7.66E-03	bad-chisq
group_9006	1.25E-02	4.61E-01	9.94E-01	2.66E-05	3.69E-03	3.05E-04	bad-chisq
group_8987	1.25E-02	4.61E-01	8.96E-01	8.09E-04	6.15E-03	5.56E-03	bad-chisq
ugtP_1	1.25E-02	7.35E-22	6.37E-01	-7.33E-01	1.56E+00	1.99E-02	bad-chisq
group_8955	1.25E-02	4.59E-01	9.51E-01	-3.82E-04	6.17E-03	2.62E-03	bad-chisq
group_8930	1.25E-02	2.65E-02	4.42E-01	-4.53E-02	5.89E-02	3.25E-02	bad-chisq
group_8920	1.25E-02	4.61E-01	9.90E-01	7.74E-05	6.18E-03	5.30E-04	bad-chisq
group_8915	1.25E-02	4.61E-01	9.96E-01	1.95E-05	4.06E-03	2.03E-04	bad-chisq
group_8903	1.25E-02	7.35E-22	6.37E-01	-7.33E-01	1.56E+00	1.99E-02	bad-chisq
group_8895	1.25E-02	4.61E-01	1.00E+00	4.83E-07	4.39E-03	4.66E-06	bad-chisq
ltrA~~~ltrA_2	1.25E-02	4.59E-01	2.51E-01	-5.69E-02	4.95E-02	4.86E-02	bad-chisq
xerC_1~~~xerC_11	1.25E-02	4.61E-01	9.99E-01	2.31E-06	3.41E-03	2.86E-05	bad-chisq
group_8841	1.25E-02	4.61E-01	9.83E-01	1.15E-04	5.37E-03	9.08E-04	bad-chisq
group_8836	1.25E-02	4.61E-01	9.96E-01	1.36E-05	2.98E-03	1.94E-04	bad-chisq
group_8833	1.25E-02	4.61E-01	9.74E-01	2.74E-03	8.41E-02	1.38E-03	bad-chisq
group_8812	1.25E-02	4.61E-01	1.00E+00	7.40E-07	5.07E-03	6.18E-06	bad-chisq
group_8785	1.25E-02	4.59E-01	8.58E-01	-1.11E-03	6.18E-03	7.57E-03	bad-chisq
group_8774	1.25E-02	4.59E-01	8.88E-02	-1.28E-01	7.54E-02	7.19E-02	bad-chisq
group_8766	1.25E-02	4.61E-01	9.87E-01	8.43E-05	5.37E-03	6.64E-04	bad-chisq
group_8757	1.25E-02	4.61E-01	6.83E-01	2.13E-02	5.21E-02	1.73E-02	bad-chisq
group_8752	1.25E-02	4.61E-01	9.73E-01	3.72E-03	1.08E-01	1.45E-03	bad-chisq
group_8749	1.25E-02	4.61E-01	9.78E-01	1.18E-04	4.37E-03	1.15E-03	bad-chisq
hemE~~~hemE_2	1.25E-02	7.35E-22	6.37E-01	-7.33E-01	1.56E+00	1.99E-02	bad-chisq
group_8728	1.25E-02	4.61E-01	9.89E-01	9.88E-04	7.42E-02	5.63E-04	bad-chisq
group_8720	1.25E-02	4.61E-01	9.92E-01	6.53E-05	6.18E-03	4.47E-04	bad-chisq
group_8719	1.25E-02	7.35E-22	6.37E-01	-7.33E-01	1.56E+00	1.99E-02	bad-chisq
group_8690	1.25E-02	2.65E-02	9.97E-01	1.94E-05	6.19E-03	1.33E-04	bad-chisq
group_8661	1.25E-02	4.61E-01	7.53E-01	2.12E-02	6.74E-02	1.33E-02	bad-chisq
group_8650	1.25E-02	4.61E-01	9.45E-24	4.06E-01	3.86E-02	4.07E-01	bad-chisq
group_8596	1.25E-02	4.61E-01	9.94E-01	4.61E-05	6.19E-03	3.15E-04	bad-chisq
group_8589	1.25E-02	4.61E-01	9.88E-01	8.00E-04	5.21E-02	6.49E-04	bad-chisq
group_8553	1.25E-02	4.61E-01	9.99E-01	4.33E-06	4.38E-03	4.18E-05	bad-chisq
group_8486	1.25E-02	7.35E-22	6.37E-01	-7.33E-01	1.56E+00	1.99E-02	bad-chisq
group_8451	1.25E-02	4.61E-01	9.42E-01	4.32E-03	5.93E-02	3.08E-03	bad-chisq
group_8432	1.25E-02	7.35E-22	6.37E-01	-7.33E-01	1.56E+00	1.99E-02	bad-chisq
group_8429	1.25E-02	4.61E-01	9.62E-01	3.03E-03	6.35E-02	2.02E-03	bad-chisq
ychF_2~~~ychF_1	1.25E-02	4.61E-01	9.77E-01	1.58E-03	5.51E-02	1.21E-03	bad-chisq
group_8378	1.25E-02	4.59E-01	9.90E-01	1.38E-03	1.12E-01	5.22E-04	bad-chisq
group_8371	1.25E-02	4.59E-01	7.18E-01	1.52E-02	4.21E-02	1.53E-02	bad-chisq
group_8368	1.25E-02	4.61E-01	6.09E-02	1.30E-01	6.92E-02	7.92E-02	bad-chisq
pyrE_1	1.25E-02	7.35E-22	6.37E-01	-7.33E-01	1.56E+00	1.99E-02	bad-chisq
group_8327	1.25E-02	4.61E-01	9.84E-01	1.23E-04	6.19E-03	8.40E-04	bad-chisq
group_8184	1.25E-02	4.61E-01	9.88E-01	5.41E-04	3.59E-02	6.36E-04	bad-chisq
group_8182	1.25E-02	4.59E-01	9.02E-01	-7.59E-04	6.18E-03	5.19E-03	bad-chisq
group_8111	1.25E-02	4.61E-01	9.88E-01	5.41E-04	3.59E-02	6.36E-04	bad-chisq
group_8106	1.25E-02	4.61E-01	9.89E-01	7.11E-05	5.05E-03	5.96E-04	bad-chisq
group_8095	1.25E-02	7.35E-22	6.37E-01	-7.33E-01	1.56E+00	1.99E-02	bad-chisq
group_8068	1.25E-02	4.61E-01	9.93E-01	4.83E-05	5.36E-03	3.81E-04	bad-chisq
group_8037	1.25E-02	7.35E-22	6.37E-01	-7.33E-01	1.56E+00	1.99E-02	bad-chisq
group_8014	1.25E-02	4.59E-01	8.47E-01	-1.19E-03	6.19E-03	8.16E-03	bad-chisq
group_8008	1.25E-02	4.61E-01	9.93E-01	4.83E-05	5.36E-03	3.81E-04	bad-chisq
group_7989	1.25E-02	7.35E-22	6.37E-01	-7.33E-01	1.56E+00	1.99E-02	bad-chisq
group_7984	1.25E-02	4.61E-01	9.99E-01	6.96E-06	5.37E-03	5.48E-05	bad-chisq
group_7963	1.25E-02	7.35E-22	6.37E-01	-7.33E-01	1.56E+00	1.99E-02	bad-chisq
group_7960	1.25E-02	4.27E-16	1.07E-02	-5.75E-01	2.24E-01	1.08E-01	bad-chisq
xylP_1~~~xylP_2	1.25E-02	4.61E-01	9.38E-01	3.69E-02	4.77E-01	3.27E-03	bad-chisq
group_7948	1.25E-02	4.59E-01	9.99E-01	-5.30E-06	4.06E-03	5.53E-05	bad-chisq
group_7947	1.25E-02	2.65E-02	8.98E-01	-5.22E-04	4.06E-03	5.43E-03	bad-chisq
group_7943	1.25E-02	4.61E-01	9.87E-01	8.51E-05	5.37E-03	6.70E-04	bad-chisq
thiN	1.25E-02	7.35E-22	6.37E-01	-7.33E-01	1.56E+00	1.99E-02	bad-chisq
puuB~~~petC	1.25E-02	7.35E-22	6.37E-01	-7.33E-01	1.56E+00	1.99E-02	bad-chisq
group_7885	1.25E-02	4.59E-01	8.47E-01	-1.19E-03	6.19E-03	8.16E-03	bad-chisq
sdpI	1.25E-02	7.35E-22	6.37E-01	-7.33E-01	1.56E+00	1.99E-02	bad-chisq
group_7839	1.25E-02	4.61E-01	8.76E-01	1.35E-02	8.62E-02	6.62E-03	bad-chisq
group_7816	1.25E-02	7.35E-22	6.37E-01	-7.33E-01	1.56E+00	1.99E-02	bad-chisq
cbiL~~~cysG_1	1.25E-02	7.35E-22	6.37E-01	-7.33E-01	1.56E+00	1.99E-02	bad-chisq
group_7809	1.25E-02	7.35E-22	6.37E-01	-7.33E-01	1.56E+00	1.99E-02	bad-chisq
group_7806	1.25E-02	4.61E-01	9.93E-01	6.42E-04	7.79E-02	3.49E-04	bad-chisq
group_7790	1.25E-02	7.35E-22	6.37E-01	-7.33E-01	1.56E+00	1.99E-02	bad-chisq
group_7777	1.25E-02	4.61E-01	9.96E-01	2.61E-04	5.08E-02	2.18E-04	bad-chisq
group_7766	1.25E-02	4.61E-01	9.09E-01	1.17E-01	1.02E+00	4.85E-03	bad-chisq
group_7763	1.25E-02	7.35E-22	6.37E-01	-7.33E-01	1.56E+00	1.99E-02	bad-chisq
group_7758	1.25E-02	2.65E-02	7.36E-02	-1.17E-01	6.54E-02	7.56E-02	bad-chisq
group_7719	1.25E-02	4.59E-01	9.99E-01	-5.30E-06	4.06E-03	5.53E-05	bad-chisq
group_7718	1.25E-02	4.59E-01	9.99E-01	-3.29E-06	3.24E-03	4.30E-05	bad-chisq
group_7716	1.25E-02	4.61E-01	9.09E-01	1.17E-01	1.02E+00	4.85E-03	bad-chisq
group_7707	1.25E-02	7.35E-22	6.37E-01	-7.33E-01	1.56E+00	1.99E-02	bad-chisq
mepA_7	1.25E-02	4.61E-01	9.54E-01	5.55E-03	9.60E-02	2.45E-03	bad-chisq
group_7701	1.25E-02	7.35E-22	6.37E-01	-7.33E-01	1.56E+00	1.99E-02	bad-chisq
plsC	1.25E-02	7.35E-22	6.37E-01	-7.33E-01	1.56E+00	1.99E-02	bad-chisq
hemA	1.25E-02	7.35E-22	6.37E-01	-7.33E-01	1.56E+00	1.99E-02	bad-chisq
group_7655	1.25E-02	4.61E-01	9.09E-01	1.17E-01	1.02E+00	4.85E-03	bad-chisq
prsW	1.25E-02	7.35E-22	6.37E-01	-7.33E-01	1.56E+00	1.99E-02	bad-chisq
group_7635	1.25E-02	7.35E-22	6.37E-01	-7.33E-01	1.56E+00	1.99E-02	bad-chisq
group_7629	1.25E-02	7.35E-22	6.37E-01	-7.33E-01	1.56E+00	1.99E-02	bad-chisq
group_7617	1.25E-02	7.35E-22	6.37E-01	-7.33E-01	1.56E+00	1.99E-02	bad-chisq
group_7613	1.25E-02	4.61E-01	8.16E-01	4.26E-02	1.83E-01	9.83E-03	bad-chisq
group_7612	1.25E-02	7.35E-22	6.37E-01	-7.33E-01	1.56E+00	1.99E-02	bad-chisq
group_7607	1.25E-02	4.61E-01	9.99E-01	1.45E-04	1.12E-01	5.47E-05	bad-chisq
group_7599	1.25E-02	4.61E-01	9.98E-01	1.42E-05	5.37E-03	1.12E-04	bad-chisq
group_7596	1.25E-02	4.61E-01	9.93E-01	4.77E-05	5.36E-03	3.77E-04	bad-chisq
group_7567	1.25E-02	7.35E-22	6.37E-01	-7.33E-01	1.56E+00	1.99E-02	bad-chisq
group_7522	1.25E-02	7.35E-22	9.56E-01	-5.13E-03	9.26E-02	2.34E-03	bad-chisq
group_7500	1.25E-02	4.59E-01	2.92E-01	-8.50E-02	8.07E-02	4.46E-02	bad-chisq
group_7463	1.25E-02	7.35E-22	6.37E-01	-7.33E-01	1.56E+00	1.99E-02	bad-chisq
group_7426	1.07E-02	4.95E-01	2.16E-03	1.67E-01	5.41E-02	1.29E-01	bad-chisq
group_7417	1.25E-02	4.61E-01	8.16E-01	4.26E-02	1.83E-01	9.83E-03	bad-chisq
group_7388	1.25E-02	7.35E-22	6.37E-01	-7.33E-01	1.56E+00	1.99E-02	bad-chisq
baeR	1.25E-02	4.61E-01	7.21E-01	3.20E-02	8.94E-02	1.51E-02	bad-chisq
group_7380	1.25E-02	4.61E-01	9.96E-01	1.71E-05	3.69E-03	1.96E-04	bad-chisq
group_7376	1.25E-02	7.35E-22	6.37E-01	-7.33E-01	1.56E+00	1.99E-02	bad-chisq
group_7368	1.25E-02	4.61E-01	9.94E-01	4.54E-05	6.16E-03	3.12E-04	bad-chisq
group_7344	1.25E-02	4.61E-01	9.96E-01	2.43E-05	5.37E-03	1.92E-04	bad-chisq
group_7342	1.25E-02	7.35E-22	6.37E-01	-7.33E-01	1.56E+00	1.99E-02	bad-chisq
cmk_3~~~cmk_2	1.25E-02	4.59E-01	8.08E-01	-1.76E-02	7.22E-02	1.03E-02	bad-chisq
group_7322	1.25E-02	7.35E-22	6.37E-01	-7.33E-01	1.56E+00	1.99E-02	bad-chisq
group_7305	1.25E-02	4.59E-01	4.85E-01	-4.18E-02	5.98E-02	2.96E-02	bad-chisq
group_7295	1.25E-02	4.61E-01	9.98E-01	1.10E-04	5.29E-02	8.79E-05	bad-chisq
group_7294	1.25E-02	4.27E-16	1.07E-02	-5.75E-01	2.24E-01	1.08E-01	bad-chisq
group_7275	1.25E-02	4.61E-01	9.93E-01	4.77E-05	5.36E-03	3.77E-04	bad-chisq
group_7230	1.25E-02	7.35E-22	6.37E-01	-7.33E-01	1.56E+00	1.99E-02	bad-chisq
group_7228	1.25E-02	4.61E-01	9.23E-01	5.18E-03	5.37E-02	4.08E-03	bad-chisq
group_7183	1.25E-02	4.61E-01	9.96E-01	3.02E-05	6.19E-03	2.06E-04	bad-chisq
group_7140	1.25E-02	4.59E-01	9.67E-01	-2.56E-04	6.18E-03	1.75E-03	bad-chisq
rpsH_2	1.25E-02	4.61E-01	9.98E-01	7.92E-06	3.24E-03	1.03E-04	bad-chisq
group_7114	1.25E-02	7.35E-22	6.37E-01	-7.33E-01	1.56E+00	1.99E-02	bad-chisq
group_7110	1.25E-02	4.61E-01	9.79E-01	1.66E-04	6.19E-03	1.13E-03	bad-chisq
group_7092	1.25E-02	4.59E-01	9.99E-01	-5.30E-06	4.06E-03	5.53E-05	bad-chisq
group_7091	1.25E-02	4.59E-01	9.99E-01	-3.29E-06	3.24E-03	4.30E-05	bad-chisq
group_7067	1.25E-02	4.59E-01	8.53E-01	-1.15E-03	6.18E-03	7.84E-03	bad-chisq
group_7047	1.25E-02	4.61E-01	9.09E-01	1.17E-01	1.02E+00	4.85E-03	bad-chisq
plsY~~~plsY_1	1.25E-02	7.35E-22	6.37E-01	-7.33E-01	1.56E+00	1.99E-02	bad-chisq
group_7040	1.25E-02	2.28E-07	7.85E-02	-1.07E-01	6.06E-02	7.44E-02	bad-chisq
group_7035	1.25E-02	4.61E-01	9.09E-01	1.17E-01	1.02E+00	4.85E-03	bad-chisq
group_7019	1.25E-02	4.59E-01	8.23E-02	-1.02E-01	5.87E-02	7.34E-02	bad-chisq
group_6981	1.25E-02	7.35E-22	6.37E-01	-7.33E-01	1.56E+00	1.99E-02	bad-chisq
group_6975	1.25E-02	4.61E-01	9.09E-01	1.17E-01	1.02E+00	4.85E-03	bad-chisq
group_6974	1.25E-02	4.61E-01	9.09E-01	1.17E-01	1.02E+00	4.85E-03	bad-chisq
group_6960	1.25E-02	7.35E-22	6.37E-01	-7.33E-01	1.56E+00	1.99E-02	bad-chisq
walR_3	1.25E-02	7.35E-22	6.37E-01	-7.33E-01	1.56E+00	1.99E-02	bad-chisq
group_6953	1.25E-02	7.35E-22	6.37E-01	-7.33E-01	1.56E+00	1.99E-02	bad-chisq
group_6952	1.25E-02	7.35E-22	6.37E-01	-7.33E-01	1.56E+00	1.99E-02	bad-chisq
group_6949	1.25E-02	7.35E-22	6.37E-01	-7.33E-01	1.56E+00	1.99E-02	bad-chisq
group_6942	1.25E-02	4.61E-01	2.05E-01	6.39E-02	5.03E-02	5.36E-02	bad-chisq
livF	1.25E-02	7.35E-22	6.37E-01	-7.33E-01	1.56E+00	1.99E-02	bad-chisq
hemC	1.25E-02	7.35E-22	6.37E-01	-7.33E-01	1.56E+00	1.99E-02	bad-chisq
bdhA_2~~~bacC	1.25E-02	4.27E-16	1.07E-02	-5.75E-01	2.24E-01	1.08E-01	bad-chisq
group_6871	1.25E-02	4.61E-01	8.16E-01	4.26E-02	1.83E-01	9.83E-03	bad-chisq
group_6863	1.25E-02	7.35E-22	6.37E-01	-7.33E-01	1.56E+00	1.99E-02	bad-chisq
group_6855	1.25E-02	4.61E-01	9.44E-01	3.72E-03	5.31E-02	2.96E-03	bad-chisq
group_6851	1.25E-02	7.35E-22	6.37E-01	-7.33E-01	1.56E+00	1.99E-02	bad-chisq
group_6813	1.25E-02	7.35E-22	6.37E-01	-7.33E-01	1.56E+00	1.99E-02	bad-chisq
group_6799	1.25E-02	7.35E-22	6.37E-01	-7.33E-01	1.56E+00	1.99E-02	bad-chisq
adh2~~~adh2_2	1.25E-02	4.61E-01	9.83E-01	1.29E-04	6.18E-03	8.83E-04	bad-chisq
group_6769	1.25E-02	7.35E-22	6.37E-01	-7.33E-01	1.56E+00	1.99E-02	bad-chisq
group_6731	1.25E-02	4.61E-01	9.09E-01	1.17E-01	1.02E+00	4.85E-03	bad-chisq
group_6718	1.25E-02	4.61E-01	9.09E-01	1.17E-01	1.02E+00	4.85E-03	bad-chisq
purC_2	1.25E-02	7.35E-22	6.37E-01	-7.33E-01	1.56E+00	1.99E-02	bad-chisq
group_6708	1.25E-02	4.61E-01	9.93E-01	4.77E-05	5.36E-03	3.77E-04	bad-chisq
group_6671	1.25E-02	7.35E-22	6.37E-01	-7.33E-01	1.56E+00	1.99E-02	bad-chisq
group_6656	1.25E-02	4.61E-01	9.89E-01	9.88E-04	7.42E-02	5.63E-04	bad-chisq
group_6650	1.25E-02	2.65E-02	9.97E-01	1.94E-05	5.37E-03	1.53E-04	bad-chisq
group_6648	1.25E-02	7.35E-22	6.37E-01	-7.33E-01	1.56E+00	1.99E-02	bad-chisq
group_6644	1.25E-02	4.61E-01	9.36E-01	3.76E-03	4.66E-02	3.42E-03	bad-chisq
group_6640	1.25E-02	4.61E-01	9.09E-01	1.17E-01	1.02E+00	4.85E-03	bad-chisq
group_6632	1.25E-02	7.35E-22	6.37E-01	-7.33E-01	1.56E+00	1.99E-02	bad-chisq
thiK	1.25E-02	4.61E-01	9.96E-01	1.36E-05	2.97E-03	1.94E-04	bad-chisq
group_6603	1.25E-02	4.59E-01	5.94E-02	-1.19E-01	6.31E-02	7.96E-02	bad-chisq
pfbA	1.25E-02	4.59E-01	1.93E-01	-6.28E-02	4.81E-02	5.51E-02	bad-chisq
group_6581	1.25E-02	7.35E-22	6.37E-01	-7.33E-01	1.56E+00	1.99E-02	bad-chisq
group_6579	1.25E-02	2.65E-02	8.40E-01	-4.20E-02	2.07E-01	8.56E-03	bad-chisq
group_6576	1.25E-02	4.61E-01	9.93E-01	4.84E-05	5.36E-03	3.82E-04	bad-chisq
group_6573	1.25E-02	4.61E-01	9.09E-01	1.17E-01	1.02E+00	4.85E-03	bad-chisq
yxdM	1.25E-02	4.61E-01	9.09E-01	1.17E-01	1.02E+00	4.85E-03	bad-chisq
group_6537	1.25E-02	4.61E-01	9.09E-01	1.17E-01	1.02E+00	4.85E-03	bad-chisq
group_6527	1.25E-02	4.61E-01	9.97E-01	1.69E-04	5.16E-02	1.38E-04	bad-chisq
cbiH	1.25E-02	7.35E-22	6.37E-01	-7.33E-01	1.56E+00	1.99E-02	bad-chisq
group_6466	1.25E-02	7.35E-22	6.37E-01	-7.33E-01	1.56E+00	1.99E-02	bad-chisq
group_6460	1.25E-02	4.61E-01	9.98E-01	1.42E-05	5.37E-03	1.12E-04	bad-chisq
group_6447	1.25E-02	4.61E-01	9.93E-01	4.83E-05	5.36E-03	3.81E-04	bad-chisq
map_2~~~map_1	1.25E-02	4.61E-01	9.99E-01	3.40E-06	5.36E-03	2.68E-05	bad-chisq
group_6441	1.25E-02	4.61E-01	9.09E-01	1.17E-01	1.02E+00	4.85E-03	bad-chisq
group_6421	1.25E-02	4.61E-01	1.00E+00	1.22E-06	6.17E-03	8.35E-06	bad-chisq
group_6417	1.25E-02	4.59E-01	8.72E-01	-8.63E-04	5.37E-03	6.80E-03	bad-chisq
group_6407	1.25E-02	7.35E-22	6.37E-01	-7.33E-01	1.56E+00	1.99E-02	bad-chisq
group_6392	1.25E-02	7.35E-22	6.37E-01	-7.33E-01	1.56E+00	1.99E-02	bad-chisq
group_6383	1.25E-02	4.61E-01	9.96E-01	2.43E-05	5.37E-03	1.92E-04	bad-chisq
group_6364	1.25E-02	7.35E-22	6.37E-01	-7.33E-01	1.56E+00	1.99E-02	bad-chisq
group_6363	1.25E-02	4.61E-01	1.45E-01	6.80E-02	4.66E-02	6.16E-02	bad-chisq
group_6349	1.25E-02	7.35E-22	6.37E-01	-7.33E-01	1.56E+00	1.99E-02	bad-chisq
group_6329	1.25E-02	2.65E-02	9.10E-04	-2.13E-01	6.38E-02	1.40E-01	bad-chisq
group_6303	1.25E-02	4.61E-01	9.09E-01	1.17E-01	1.02E+00	4.85E-03	bad-chisq
group_6293	1.25E-02	7.35E-22	6.37E-01	-7.33E-01	1.56E+00	1.99E-02	bad-chisq
group_6286	1.25E-02	4.61E-01	9.37E-01	4.89E-04	6.20E-03	3.34E-03	bad-chisq
group_6253	1.25E-02	4.61E-01	9.09E-01	1.17E-01	1.02E+00	4.85E-03	bad-chisq
aptA_1~~~aptA_4	1.25E-02	4.61E-01	9.38E-01	3.69E-02	4.77E-01	3.27E-03	bad-chisq
dxs_2~~~aptB_1~~~aptB_4	1.25E-02	4.61E-01	9.38E-01	3.69E-02	4.77E-01	3.27E-03	bad-chisq
group_6240	1.25E-02	7.35E-22	6.37E-01	-7.33E-01	1.56E+00	1.99E-02	bad-chisq
group_6222	1.25E-02	7.35E-22	6.37E-01	-7.33E-01	1.56E+00	1.99E-02	bad-chisq
group_6221	1.25E-02	4.61E-01	8.03E-01	1.52E-02	6.07E-02	1.06E-02	bad-chisq
group_6217	1.25E-02	7.35E-22	6.37E-01	-7.33E-01	1.56E+00	1.99E-02	bad-chisq
group_6196	1.25E-02	4.59E-01	2.50E-01	6.12E-02	5.32E-02	4.86E-02	bad-chisq
group_6188	1.25E-02	7.35E-22	6.37E-01	-7.33E-01	1.56E+00	1.99E-02	bad-chisq
pyrC	1.25E-02	7.35E-22	6.37E-01	-7.33E-01	1.56E+00	1.99E-02	bad-chisq
lepA_2~~~lepA_1~~~lepA	1.25E-02	4.61E-01	8.47E-01	1.31E-02	6.79E-02	8.16E-03	bad-chisq
group_6117	1.25E-02	4.61E-01	9.93E-01	4.77E-05	5.36E-03	3.77E-04	bad-chisq
group_6116	1.25E-02	4.61E-01	9.93E-01	4.77E-05	5.36E-03	3.77E-04	bad-chisq
iolG~~~iolG_1	1.25E-02	4.59E-01	4.04E-01	-1.99E-01	2.38E-01	3.53E-02	bad-chisq
cbiF	1.25E-02	7.35E-22	6.37E-01	-7.33E-01	1.56E+00	1.99E-02	bad-chisq
group_6026	1.25E-02	4.61E-01	9.53E-01	3.74E-03	6.39E-02	2.47E-03	bad-chisq
group_5970	1.25E-02	4.61E-01	9.89E-01	9.88E-04	7.42E-02	5.63E-04	bad-chisq
ygaZ	1.25E-02	4.61E-01	9.09E-01	1.17E-01	1.02E+00	4.85E-03	bad-chisq
group_5919	1.25E-02	7.35E-22	6.37E-01	-7.33E-01	1.56E+00	1.99E-02	bad-chisq
group_5912	1.25E-02	7.35E-22	6.37E-01	-7.33E-01	1.56E+00	1.99E-02	bad-chisq
group_5906	1.25E-02	7.35E-22	6.37E-01	-7.33E-01	1.56E+00	1.99E-02	bad-chisq
group_5905	1.25E-02	7.35E-22	6.37E-01	-7.33E-01	1.56E+00	1.99E-02	bad-chisq
group_5881	1.25E-02	7.35E-22	6.37E-01	-7.33E-01	1.56E+00	1.99E-02	bad-chisq
group_5871	1.25E-02	4.61E-01	9.09E-01	1.17E-01	1.02E+00	4.85E-03	bad-chisq
group_5856	1.25E-02	7.35E-22	6.37E-01	-7.33E-01	1.56E+00	1.99E-02	bad-chisq
group_5828	1.25E-02	4.61E-01	9.44E-01	3.72E-03	5.31E-02	2.96E-03	bad-chisq
group_5787	1.25E-02	4.61E-01	9.61E-01	2.46E-03	4.98E-02	2.09E-03	bad-chisq
group_5784	1.25E-02	4.59E-01	8.15E-01	-1.44E-03	6.14E-03	9.92E-03	bad-chisq
group_5777	1.25E-02	4.61E-01	9.09E-01	1.17E-01	1.02E+00	4.85E-03	bad-chisq
mntP_2	1.25E-02	4.61E-01	9.23E-01	5.18E-03	5.37E-02	4.08E-03	bad-chisq
group_5750	1.25E-02	4.61E-01	9.09E-01	1.17E-01	1.02E+00	4.85E-03	bad-chisq
group_5704	1.25E-02	4.59E-01	8.75E-01	-9.76E-04	6.18E-03	6.68E-03	bad-chisq
cysA_2	1.25E-02	4.61E-01	8.16E-01	4.26E-02	1.83E-01	9.83E-03	bad-chisq
group_5688	1.25E-02	7.35E-22	6.37E-01	-7.33E-01	1.56E+00	1.99E-02	bad-chisq
group_5670	1.25E-02	4.61E-01	9.94E-01	3.70E-05	5.36E-03	2.92E-04	bad-chisq
group_5644	1.25E-02	4.59E-01	9.69E-01	-6.89E-03	1.75E-01	1.66E-03	bad-chisq
rplE~~~rplE_2~~~rplE_1	1.25E-02	4.61E-01	1.00E+00	9.65E-07	4.06E-03	1.01E-05	bad-chisq
group_5595	1.25E-02	4.61E-01	9.66E-01	3.01E-03	7.15E-02	1.78E-03	bad-chisq
xynR_2	1.25E-02	2.65E-02	8.40E-01	-4.20E-02	2.07E-01	8.56E-03	bad-chisq
group_5540	1.25E-02	4.61E-01	9.96E-01	3.02E-05	6.19E-03	2.06E-04	bad-chisq
group_5524	1.25E-02	4.61E-01	9.98E-01	1.38E-04	6.16E-02	9.49E-05	bad-chisq
group_5445	1.25E-02	4.59E-01	9.87E-01	6.17E-05	3.93E-03	6.64E-04	bad-chisq
bdhA_2	1.25E-02	4.61E-01	8.16E-01	4.26E-02	1.83E-01	9.83E-03	bad-chisq
ylbJ	1.25E-02	7.35E-22	6.37E-01	-7.33E-01	1.56E+00	1.99E-02	bad-chisq
group_5398	1.25E-02	7.35E-22	6.37E-01	-7.33E-01	1.56E+00	1.99E-02	bad-chisq
group_5397	1.25E-02	7.35E-22	6.37E-01	-7.33E-01	1.56E+00	1.99E-02	bad-chisq
group_5374	1.25E-02	4.59E-01	8.74E-01	9.09E-03	5.74E-02	6.69E-03	bad-chisq
group_5334	1.25E-02	4.61E-01	9.09E-01	1.17E-01	1.02E+00	4.85E-03	bad-chisq
group_5263	1.25E-02	4.61E-01	9.09E-01	1.17E-01	1.02E+00	4.85E-03	bad-chisq
group_5259	1.25E-02	4.61E-01	9.09E-01	1.17E-01	1.02E+00	4.85E-03	bad-chisq
group_5250	1.25E-02	4.61E-01	9.52E-01	8.63E-03	1.43E-01	2.55E-03	bad-chisq
group_5229	1.25E-02	4.59E-01	3.72E-01	-6.55E-02	7.34E-02	3.77E-02	bad-chisq
group_5222	1.25E-02	7.35E-22	6.37E-01	-7.33E-01	1.56E+00	1.99E-02	bad-chisq
group_5204	1.25E-02	4.61E-01	9.09E-01	1.17E-01	1.02E+00	4.85E-03	bad-chisq
group_5154	1.25E-02	7.35E-22	6.37E-01	-7.33E-01	1.56E+00	1.99E-02	bad-chisq
group_5132	1.25E-02	4.61E-01	9.98E-01	1.12E-05	5.37E-03	8.83E-05	bad-chisq
group_5123	1.25E-02	4.61E-01	9.96E-01	3.02E-05	6.19E-03	2.06E-04	bad-chisq
group_5116	1.25E-02	7.35E-22	6.37E-01	-7.33E-01	1.56E+00	1.99E-02	bad-chisq
group_5102	1.25E-02	7.35E-22	6.37E-01	-7.33E-01	1.56E+00	1.99E-02	bad-chisq
group_5081	1.25E-02	7.35E-22	6.37E-01	-7.33E-01	1.56E+00	1.99E-02	bad-chisq
group_5080	1.25E-02	4.59E-01	8.50E-01	-1.02E-03	5.36E-03	8.03E-03	bad-chisq
group_5058	1.25E-02	4.61E-01	9.96E-01	2.43E-05	5.37E-03	1.92E-04	bad-chisq
ribBA	1.25E-02	4.61E-01	7.54E-01	1.89E-02	6.02E-02	1.33E-02	bad-chisq
group_5025	1.25E-02	7.35E-22	9.63E-01	-4.23E-03	9.14E-02	1.96E-03	bad-chisq
group_5021	1.25E-02	4.61E-01	9.09E-01	1.17E-01	1.02E+00	4.85E-03	bad-chisq
group_5019	1.25E-02	7.35E-22	6.37E-01	-7.33E-01	1.56E+00	1.99E-02	bad-chisq
group_5008	1.25E-02	2.65E-02	1.16E-01	-7.96E-02	5.05E-02	6.65E-02	bad-chisq
group_4932	1.25E-02	4.61E-01	9.89E-01	9.88E-04	7.42E-02	5.63E-04	bad-chisq
group_4930	1.25E-02	7.35E-22	6.37E-01	-7.33E-01	1.56E+00	1.99E-02	bad-chisq
group_4888	1.25E-02	4.61E-01	9.23E-01	4.85E-03	5.04E-02	4.07E-03	bad-chisq
group_4884	1.25E-02	7.35E-22	6.37E-01	-7.33E-01	1.56E+00	1.99E-02	bad-chisq
murJ_2~~~mepA_2	1.25E-02	7.35E-22	6.37E-01	-7.33E-01	1.56E+00	1.99E-02	bad-chisq
group_4867	1.25E-02	7.35E-22	6.37E-01	-7.33E-01	1.56E+00	1.99E-02	bad-chisq
group_4855	1.25E-02	4.61E-01	1.00E+00	1.75E-07	3.40E-03	2.18E-06	bad-chisq
group_4821	1.25E-02	4.59E-01	6.83E-01	-2.32E-02	5.68E-02	1.73E-02	bad-chisq
group_4813	1.25E-02	7.35E-22	6.37E-01	-7.33E-01	1.56E+00	1.99E-02	bad-chisq
cysQ~~~suhB	1.25E-02	7.35E-22	6.37E-01	-7.33E-01	1.56E+00	1.99E-02	bad-chisq
group_4805	1.25E-02	4.61E-01	9.80E-01	2.35E-03	9.18E-02	1.08E-03	bad-chisq
group_4798	1.25E-02	7.35E-22	6.37E-01	-7.33E-01	1.56E+00	1.99E-02	bad-chisq
group_4786	1.25E-02	4.61E-01	9.96E-01	3.02E-05	6.19E-03	2.06E-04	bad-chisq
group_4775	1.25E-02	4.61E-01	9.95E-01	2.99E-05	4.37E-03	2.89E-04	bad-chisq
group_4771	1.25E-02	7.35E-22	6.37E-01	-7.33E-01	1.56E+00	1.99E-02	bad-chisq
group_4724	1.25E-02	7.35E-22	6.37E-01	-7.33E-01	1.56E+00	1.99E-02	bad-chisq
group_4718	1.25E-02	7.35E-22	6.37E-01	-7.33E-01	1.56E+00	1.99E-02	bad-chisq
group_4715	1.25E-02	7.35E-22	9.56E-01	-5.13E-03	9.26E-02	2.34E-03	bad-chisq
group_4710	1.25E-02	7.35E-22	6.37E-01	-7.33E-01	1.56E+00	1.99E-02	bad-chisq
exoA_2	1.25E-02	4.59E-01	9.99E-01	-4.26E-06	3.41E-03	5.29E-05	bad-chisq
group_4689	1.25E-02	4.61E-01	9.78E-01	1.71E-04	6.19E-03	1.17E-03	bad-chisq
rluC_1~~~rluA_1	1.25E-02	7.35E-22	6.37E-01	-7.33E-01	1.56E+00	1.99E-02	bad-chisq
group_4671	1.25E-02	7.35E-22	6.37E-01	-7.33E-01	1.56E+00	1.99E-02	bad-chisq
group_4670	1.25E-02	4.61E-01	9.96E-01	3.02E-05	6.19E-03	2.06E-04	bad-chisq
group_4666	1.25E-02	4.59E-01	9.96E-01	2.68E-05	5.37E-03	2.11E-04	bad-chisq
group_4657	1.25E-02	7.35E-22	6.37E-01	-7.33E-01	1.56E+00	1.99E-02	bad-chisq
rsmF	1.25E-02	7.35E-22	6.37E-01	-7.33E-01	1.56E+00	1.99E-02	bad-chisq
group_4638	1.25E-02	4.61E-01	9.09E-01	1.17E-01	1.02E+00	4.85E-03	bad-chisq
lptB_1	1.25E-02	4.61E-01	9.09E-01	1.17E-01	1.02E+00	4.85E-03	bad-chisq
purE	1.25E-02	7.35E-22	6.37E-01	-7.33E-01	1.56E+00	1.99E-02	bad-chisq
group_4625	1.25E-02	4.61E-01	9.93E-01	4.84E-05	5.36E-03	3.82E-04	bad-chisq
dapA_2~~~dapA_1	1.25E-02	7.35E-22	6.37E-01	-7.33E-01	1.56E+00	1.99E-02	bad-chisq
ybbA	1.25E-02	7.35E-22	6.37E-01	-7.33E-01	1.56E+00	1.99E-02	bad-chisq
group_4596	1.25E-02	7.35E-22	6.37E-01	-7.33E-01	1.56E+00	1.99E-02	bad-chisq
group_4586	1.25E-02	7.35E-22	6.37E-01	-7.33E-01	1.56E+00	1.99E-02	bad-chisq
sodC	1.25E-02	7.35E-22	6.37E-01	-7.33E-01	1.56E+00	1.99E-02	bad-chisq
btrK~~~lysA_2	1.25E-02	7.35E-22	6.37E-01	-7.33E-01	1.56E+00	1.99E-02	bad-chisq
group_4573	1.25E-02	4.61E-01	9.09E-01	1.17E-01	1.02E+00	4.85E-03	bad-chisq
group_4545	1.25E-02	4.61E-01	9.98E-01	1.78E-05	6.19E-03	1.21E-04	bad-chisq
group_4532	1.25E-02	4.61E-01	1.00E+00	1.35E-06	4.62E-03	1.23E-05	bad-chisq
group_4516	1.25E-02	4.61E-01	9.96E-01	3.02E-05	6.19E-03	2.06E-04	bad-chisq
group_4469	1.25E-02	4.61E-01	7.66E-01	2.77E-02	9.30E-02	1.26E-02	bad-chisq
group_4462	1.25E-02	7.35E-22	6.37E-01	-7.33E-01	1.56E+00	1.99E-02	bad-chisq
lptB	1.25E-02	7.35E-22	6.37E-01	-7.33E-01	1.56E+00	1.99E-02	bad-chisq
group_4451	1.25E-02	4.61E-01	7.38E-01	2.38E-02	7.10E-02	1.42E-02	bad-chisq
group_4447	1.25E-02	7.35E-22	6.37E-01	-7.33E-01	1.56E+00	1.99E-02	bad-chisq
group_4446	1.25E-02	7.35E-22	6.37E-01	-7.33E-01	1.56E+00	1.99E-02	bad-chisq
group_4443	1.25E-02	4.61E-01	9.09E-01	1.17E-01	1.02E+00	4.85E-03	bad-chisq
group_4439	1.25E-02	7.35E-22	6.37E-01	-7.33E-01	1.56E+00	1.99E-02	bad-chisq
group_4434	1.25E-02	7.35E-22	6.37E-01	-7.33E-01	1.56E+00	1.99E-02	bad-chisq
group_4427	1.25E-02	4.27E-16	9.76E-01	-5.27E-03	1.75E-01	1.27E-03	bad-chisq
group_4415	1.25E-02	4.59E-01	9.96E-01	2.68E-05	5.37E-03	2.11E-04	bad-chisq
surA_1	1.25E-02	7.35E-22	6.37E-01	-7.33E-01	1.56E+00	1.99E-02	bad-chisq
group_4393	1.25E-02	4.27E-16	9.72E-01	-7.57E-03	2.16E-01	1.48E-03	bad-chisq
group_4385	1.25E-02	4.59E-01	8.99E-01	-5.15E-04	4.06E-03	5.37E-03	bad-chisq
group_4340	1.25E-02	4.61E-01	9.88E-01	5.41E-04	3.59E-02	6.36E-04	bad-chisq
group_4327	1.25E-02	4.61E-01	9.68E-01	1.23E-04	3.10E-03	1.68E-03	bad-chisq
btuD_1~~~btuD_2	1.25E-02	7.35E-22	6.37E-01	-7.33E-01	1.56E+00	1.99E-02	bad-chisq
group_4323	1.25E-02	4.61E-01	9.09E-01	1.17E-01	1.02E+00	4.85E-03	bad-chisq
group_4293	1.25E-02	4.61E-01	9.94E-01	3.20E-05	4.06E-03	3.34E-04	bad-chisq
group_4268	1.25E-02	4.61E-01	9.09E-01	1.17E-01	1.02E+00	4.85E-03	bad-chisq
cysG~~~cysG_2	1.25E-02	7.35E-22	6.37E-01	-7.33E-01	1.56E+00	1.99E-02	bad-chisq
group_4217	1.25E-02	7.35E-22	6.37E-01	-7.33E-01	1.56E+00	1.99E-02	bad-chisq
ngcG_2	1.25E-02	4.59E-01	1.93E-01	-6.28E-02	4.81E-02	5.51E-02	bad-chisq
group_4202	1.25E-02	4.59E-01	9.57E-01	-3.31E-04	6.18E-03	2.27E-03	bad-chisq
group_4200	1.25E-02	4.61E-01	8.23E-01	1.07E-02	4.78E-02	9.45E-03	bad-chisq
group_4194	1.25E-02	7.35E-22	6.37E-01	-7.33E-01	1.56E+00	1.99E-02	bad-chisq
ybbH	1.25E-02	4.59E-01	9.05E-01	-5.24E-04	4.40E-03	5.04E-03	bad-chisq
mlc_1	1.25E-02	7.35E-22	6.37E-01	-7.33E-01	1.56E+00	1.99E-02	bad-chisq
group_4175	1.25E-02	4.61E-01	9.78E-01	2.31E-03	8.20E-02	1.19E-03	bad-chisq
group_4144	1.25E-02	7.35E-22	6.37E-01	-7.33E-01	1.56E+00	1.99E-02	bad-chisq
group_4089	1.25E-02	4.61E-01	8.16E-01	4.26E-02	1.83E-01	9.83E-03	bad-chisq
group_4066	1.25E-02	4.61E-01	9.44E-01	3.72E-03	5.31E-02	2.96E-03	bad-chisq
group_4051	1.25E-02	4.59E-01	4.04E-01	-1.99E-01	2.38E-01	3.53E-02	bad-chisq
ucpA~~~fabG_3	1.25E-02	4.61E-01	9.38E-01	3.69E-02	4.77E-01	3.27E-03	bad-chisq
group_4032	1.25E-02	7.35E-22	6.37E-01	-7.33E-01	1.56E+00	1.99E-02	bad-chisq
group_4025	1.25E-02	4.61E-01	9.96E-01	3.02E-05	6.19E-03	2.06E-04	bad-chisq
livH	1.25E-02	7.35E-22	6.37E-01	-7.33E-01	1.56E+00	1.99E-02	bad-chisq
group_3993	1.25E-02	4.61E-01	9.72E-01	2.11E-03	6.06E-02	1.47E-03	bad-chisq
group_3982	1.25E-02	7.35E-22	6.37E-01	-7.33E-01	1.56E+00	1.99E-02	bad-chisq
group_3969	1.25E-02	4.61E-01	9.86E-01	9.13E-05	5.06E-03	7.63E-04	bad-chisq
group_3968	1.25E-02	4.61E-01	9.52E-01	3.71E-03	6.15E-02	2.55E-03	bad-chisq
group_3963	1.25E-02	4.59E-01	9.37E-01	-7.17E-03	9.09E-02	3.33E-03	bad-chisq
epsE_2~~~epsE	1.25E-02	4.61E-01	1.00E+00	2.28E-06	6.20E-03	1.56E-05	bad-chisq
group_3935	1.25E-02	4.61E-01	9.59E-01	1.30E-02	2.55E-01	2.16E-03	bad-chisq
group_3934	1.25E-02	7.35E-22	6.37E-01	-7.33E-01	1.56E+00	1.99E-02	bad-chisq
group_3931	1.25E-02	4.59E-01	1.93E-01	-6.28E-02	4.81E-02	5.51E-02	bad-chisq
group_3923	1.25E-02	4.61E-01	7.57E-01	1.50E-02	4.85E-02	1.31E-02	bad-chisq
group_3889	1.25E-02	4.59E-01	9.03E-01	9.19E-03	7.57E-02	5.14E-03	bad-chisq
pucA	1.25E-02	7.35E-22	6.37E-01	-7.33E-01	1.56E+00	1.99E-02	bad-chisq
group_3875	1.25E-02	7.35E-22	6.37E-01	-7.33E-01	1.56E+00	1.99E-02	bad-chisq
group_3865	1.25E-02	7.35E-22	6.37E-01	-7.33E-01	1.56E+00	1.99E-02	bad-chisq
group_3830	1.25E-02	4.61E-01	9.44E-01	3.72E-03	5.31E-02	2.96E-03	bad-chisq
vsr	1.07E-02	4.95E-01	9.86E-01	1.09E-03	6.35E-02	7.28E-04	bad-chisq
dppC	1.25E-02	7.35E-22	6.37E-01	-7.33E-01	1.56E+00	1.99E-02	bad-chisq
garD~~~uxaA	1.25E-02	4.61E-01	9.09E-01	1.17E-01	1.02E+00	4.85E-03	bad-chisq
group_3724	1.25E-02	7.35E-22	6.37E-01	-7.33E-01	1.56E+00	1.99E-02	bad-chisq
group_3700	1.25E-02	4.27E-16	9.93E-01	-4.61E-04	5.18E-02	3.76E-04	bad-chisq
group_3675	1.25E-02	4.61E-01	9.52E-01	8.63E-03	1.43E-01	2.55E-03	bad-chisq
group_3656	1.25E-02	4.61E-01	9.46E-01	3.94E-03	5.84E-02	2.85E-03	bad-chisq
apgM	1.25E-02	7.35E-22	6.37E-01	-7.33E-01	1.56E+00	1.99E-02	bad-chisq
group_3614	1.25E-02	4.59E-01	9.97E-01	-1.97E-05	6.18E-03	1.35E-04	bad-chisq
group_3608	1.25E-02	4.61E-01	9.84E-01	5.88E-05	2.99E-03	8.33E-04	bad-chisq
pyrK	1.25E-02	7.35E-22	6.37E-01	-7.33E-01	1.56E+00	1.99E-02	bad-chisq
group_3578	1.25E-02	4.59E-01	8.97E-01	-2.92E-02	2.26E-01	5.47E-03	bad-chisq
pyrDB	1.25E-02	7.35E-22	6.37E-01	-7.33E-01	1.56E+00	1.99E-02	bad-chisq
yjbR	1.25E-02	7.35E-22	6.37E-01	-7.33E-01	1.56E+00	1.99E-02	bad-chisq
group_3553	1.25E-02	4.59E-01	9.05E-01	-5.24E-04	4.40E-03	5.04E-03	bad-chisq
group_3527	1.25E-02	4.61E-01	8.70E-01	9.72E-03	5.96E-02	6.90E-03	bad-chisq
gltC	1.25E-02	4.61E-01	8.16E-01	4.26E-02	1.83E-01	9.83E-03	bad-chisq
group_3492	1.25E-02	4.61E-01	9.28E-01	9.30E-03	1.03E-01	3.82E-03	bad-chisq
group_3484	1.25E-02	4.61E-01	9.82E-01	1.29E-03	5.70E-02	9.60E-04	bad-chisq
parA	1.25E-02	4.59E-01	5.02E-01	2.91E-02	4.34E-02	2.84E-02	bad-chisq
rhaS_4~~~rhaS_2	1.25E-02	2.65E-02	1.12E-01	-8.12E-02	5.10E-02	6.71E-02	bad-chisq
group_3458	1.25E-02	4.27E-16	9.93E-01	-4.61E-04	5.18E-02	3.76E-04	bad-chisq
group_3454	1.25E-02	2.65E-02	9.97E-01	1.94E-05	5.37E-03	1.53E-04	bad-chisq
group_3428	1.25E-02	7.35E-22	6.37E-01	-7.33E-01	1.56E+00	1.99E-02	bad-chisq
group_3427	1.25E-02	7.35E-22	6.37E-01	-7.33E-01	1.56E+00	1.99E-02	bad-chisq
group_3418	1.25E-02	4.59E-01	8.68E-02	-1.21E-01	7.07E-02	7.24E-02	bad-chisq
rbn	1.25E-02	4.59E-01	1.93E-01	-6.28E-02	4.81E-02	5.51E-02	bad-chisq
ancA_1	1.25E-02	4.59E-01	9.62E-01	2.56E-04	5.36E-03	2.02E-03	bad-chisq
bglB_2~~~nagZ_1~~~bglB_1~~~bglB_7~~~apy	1.25E-02	4.61E-01	9.74E-01	1.90E-03	5.78E-02	1.39E-03	bad-chisq
group_3376	1.25E-02	7.35E-22	6.37E-01	-7.33E-01	1.56E+00	1.99E-02	bad-chisq
group_3368	1.25E-02	4.61E-01	9.09E-01	1.17E-01	1.02E+00	4.85E-03	bad-chisq
group_3367	1.25E-02	4.61E-01	9.09E-01	1.17E-01	1.02E+00	4.85E-03	bad-chisq
group_3360	1.25E-02	4.61E-01	9.38E-01	3.69E-02	4.77E-01	3.27E-03	bad-chisq
purL~~~purQ	1.25E-02	7.35E-22	6.37E-01	-7.33E-01	1.56E+00	1.99E-02	bad-chisq
group_3309	1.25E-02	4.61E-01	9.96E-01	1.36E-05	2.97E-03	1.94E-04	bad-chisq
group_3287	1.25E-02	4.61E-01	9.96E-01	3.02E-05	6.19E-03	2.06E-04	bad-chisq
group_3266	1.25E-02	4.61E-01	9.25E-01	5.84E-04	6.18E-03	4.00E-03	bad-chisq
group_3248	1.25E-02	7.35E-22	6.37E-01	-7.33E-01	1.56E+00	1.99E-02	bad-chisq
group_3232	1.25E-02	4.59E-01	7.50E-01	3.52E-02	1.10E-01	1.35E-02	bad-chisq
group_3223	1.25E-02	7.35E-22	6.37E-01	-7.33E-01	1.56E+00	1.99E-02	bad-chisq
group_3207	1.25E-02	7.35E-22	6.37E-01	-7.33E-01	1.56E+00	1.99E-02	bad-chisq
group_3205	1.25E-02	4.59E-01	8.96E-01	-5.75E-04	4.38E-03	5.55E-03	bad-chisq
group_3194	1.25E-02	7.35E-22	6.37E-01	-7.33E-01	1.56E+00	1.99E-02	bad-chisq
slyA	1.25E-02	7.35E-22	6.37E-01	-7.33E-01	1.56E+00	1.99E-02	bad-chisq
group_3188	1.25E-02	4.59E-01	9.67E-01	-2.56E-04	6.18E-03	1.75E-03	bad-chisq
group_3179	1.25E-02	7.35E-22	6.37E-01	-7.33E-01	1.56E+00	1.99E-02	bad-chisq
rssB_1~~~rhaR_1	1.25E-02	7.35E-22	6.37E-01	-7.33E-01	1.56E+00	1.99E-02	bad-chisq
alsB	1.25E-02	7.35E-22	6.37E-01	-7.33E-01	1.56E+00	1.99E-02	bad-chisq
group_3171	1.25E-02	4.61E-01	9.09E-01	1.17E-01	1.02E+00	4.85E-03	bad-chisq
group_3159	1.25E-02	4.61E-01	1.27E-25	4.37E-01	3.97E-02	4.22E-01	bad-chisq
group_3130	1.25E-02	4.61E-01	9.09E-01	1.17E-01	1.02E+00	4.85E-03	bad-chisq
ltaE_2~~~ltaE_1	1.25E-02	4.61E-01	9.09E-01	1.17E-01	1.02E+00	4.85E-03	bad-chisq
group_3128	1.25E-02	4.59E-01	9.05E-01	-5.24E-04	4.40E-03	5.04E-03	bad-chisq
group_3126	1.25E-02	4.61E-01	9.09E-01	1.17E-01	1.02E+00	4.85E-03	bad-chisq
group_3107	1.25E-02	7.35E-22	6.37E-01	-7.33E-01	1.56E+00	1.99E-02	bad-chisq
group_3098	1.25E-02	4.61E-01	9.09E-01	1.17E-01	1.02E+00	4.85E-03	bad-chisq
group_3080	1.25E-02	4.61E-01	9.84E-01	5.88E-05	2.99E-03	8.33E-04	bad-chisq
group_3060	1.25E-02	7.35E-22	6.37E-01	-7.33E-01	1.56E+00	1.99E-02	bad-chisq
group_3054	1.25E-02	4.61E-01	6.04E-02	1.21E-01	6.44E-02	7.93E-02	bad-chisq
group_3040	1.25E-02	7.35E-22	6.37E-01	-7.33E-01	1.56E+00	1.99E-02	bad-chisq
group_3033	1.25E-02	7.35E-22	6.37E-01	-7.33E-01	1.56E+00	1.99E-02	bad-chisq
group_3029	1.25E-02	4.61E-01	9.93E-01	4.77E-05	5.36E-03	3.77E-04	bad-chisq
group_3012	1.25E-02	4.61E-01	9.09E-01	1.17E-01	1.02E+00	4.85E-03	bad-chisq
oppC_2	1.25E-02	4.59E-01	9.73E-01	2.88E-03	8.39E-02	1.45E-03	bad-chisq
insK	1.25E-02	2.28E-07	2.66E-01	8.11E-02	7.29E-02	4.70E-02	bad-chisq
group_2964	1.25E-02	4.61E-01	9.96E-01	2.74E-05	6.18E-03	1.88E-04	bad-chisq
aadK	1.25E-02	4.61E-01	4.43E-01	2.60E-03	3.39E-03	3.24E-02	bad-chisq
group_2849	1.25E-02	4.59E-01	8.61E-01	-1.08E-03	6.18E-03	7.39E-03	bad-chisq
group_2848	1.25E-02	4.59E-01	9.05E-01	-5.24E-04	4.40E-03	5.04E-03	bad-chisq
group_2842	1.25E-02	4.61E-01	9.44E-01	3.72E-03	5.31E-02	2.96E-03	bad-chisq
oppF_8	1.25E-02	4.59E-01	9.73E-01	2.88E-03	8.39E-02	1.45E-03	bad-chisq
group_2798	1.25E-02	7.35E-22	6.37E-01	-7.33E-01	1.56E+00	1.99E-02	bad-chisq
hemB	1.25E-02	7.35E-22	6.37E-01	-7.33E-01	1.56E+00	1.99E-02	bad-chisq
group_2726	1.25E-02	4.61E-01	9.98E-01	8.68E-06	4.37E-03	8.40E-05	bad-chisq
group_2673	1.25E-02	4.61E-01	8.16E-01	4.26E-02	1.83E-01	9.83E-03	bad-chisq
dppB	1.25E-02	7.35E-22	6.37E-01	-7.33E-01	1.56E+00	1.99E-02	bad-chisq
group_2648	1.25E-02	2.65E-02	8.40E-01	-4.20E-02	2.07E-01	8.56E-03	bad-chisq
group_2621	1.25E-02	2.65E-02	9.46E-01	3.80E-03	5.59E-02	2.87E-03	bad-chisq
group_2560	1.25E-02	4.59E-01	8.13E-01	-1.46E-03	6.18E-03	9.99E-03	bad-chisq
group_2534	1.25E-02	7.35E-22	6.37E-01	-7.33E-01	1.56E+00	1.99E-02	bad-chisq
group_2522	1.25E-02	4.61E-01	9.78E-01	2.31E-03	8.20E-02	1.19E-03	bad-chisq
group_2519	1.25E-02	4.61E-01	4.81E-01	3.80E-02	5.40E-02	2.98E-02	bad-chisq
group_2500	1.25E-02	4.61E-01	9.09E-01	1.17E-01	1.02E+00	4.85E-03	bad-chisq
group_2445	1.25E-02	4.59E-01	1.78E-02	-1.88E-01	7.93E-02	1.00E-01	bad-chisq
group_2432	1.25E-02	4.61E-01	9.44E-01	3.72E-03	5.31E-02	2.96E-03	bad-chisq
group_2431	1.25E-02	7.35E-22	6.37E-01	-7.33E-01	1.56E+00	1.99E-02	bad-chisq
group_2421	1.25E-02	4.61E-01	9.40E-01	4.28E-03	5.70E-02	3.18E-03	bad-chisq
group_2417	1.25E-02	4.61E-01	9.98E-01	1.54E-05	6.19E-03	1.05E-04	bad-chisq
ltaE_1	1.25E-02	4.61E-01	9.09E-01	1.17E-01	1.02E+00	4.85E-03	bad-chisq
group_2287	1.25E-02	4.61E-01	3.18E-01	6.49E-02	6.50E-02	4.22E-02	bad-chisq
group_2281	1.25E-02	4.61E-01	6.87E-01	2.66E-02	6.62E-02	1.70E-02	bad-chisq
btuD_1	1.25E-02	4.61E-01	9.09E-01	1.17E-01	1.02E+00	4.85E-03	bad-chisq
group_2194	1.25E-02	2.65E-02	2.43E-06	-2.38E-01	4.99E-02	1.98E-01	bad-chisq
group_2189	1.25E-02	4.61E-01	9.84E-01	5.88E-05	2.99E-03	8.33E-04	bad-chisq
yhcG	1.25E-02	4.61E-01	9.66E-01	3.01E-03	7.15E-02	1.78E-03	bad-chisq
group_2134	1.25E-02	4.61E-01	9.38E-01	3.69E-02	4.77E-01	3.27E-03	bad-chisq
oppD_8	1.25E-02	4.59E-01	9.73E-01	2.88E-03	8.39E-02	1.45E-03	bad-chisq
group_2074	1.25E-02	4.61E-01	9.96E-01	3.02E-05	6.19E-03	2.06E-04	bad-chisq
group_2063	1.25E-02	4.61E-01	9.83E-01	1.36E-03	6.33E-02	9.09E-04	bad-chisq
group_2013	1.25E-02	4.61E-01	9.96E-01	3.02E-05	6.19E-03	2.06E-04	bad-chisq
group_2003	1.25E-02	4.61E-01	8.87E-01	7.60E-03	5.35E-02	6.00E-03	bad-chisq
group_2001	1.25E-02	4.61E-01	9.87E-01	6.84E-04	4.23E-02	6.84E-04	bad-chisq
group_1964	1.25E-02	4.61E-01	9.93E-01	5.15E-05	6.14E-03	3.55E-04	bad-chisq
pyrF_2	1.25E-02	7.35E-22	6.37E-01	-7.33E-01	1.56E+00	1.99E-02	bad-chisq
frlC_2~~~frlC_3	1.25E-02	4.27E-16	1.07E-02	-5.75E-01	2.24E-01	1.08E-01	bad-chisq
group_1905	1.25E-02	4.61E-01	9.52E-01	3.71E-03	6.15E-02	2.55E-03	bad-chisq
tmpC	1.25E-02	4.61E-01	7.98E-01	1.89E-02	7.37E-02	1.09E-02	bad-chisq
group_1886	1.25E-02	4.59E-01	9.37E-01	-7.17E-03	9.09E-02	3.33E-03	bad-chisq
epsG	1.25E-02	4.61E-01	1.00E+00	2.28E-06	6.20E-03	1.56E-05	bad-chisq
group_1811	1.25E-02	4.61E-01	8.16E-01	4.26E-02	1.83E-01	9.83E-03	bad-chisq
xylB_2~~~xylB_3	1.25E-02	4.27E-16	1.07E-02	-5.75E-01	2.24E-01	1.08E-01	bad-chisq
group_1782	1.25E-02	4.59E-01	1.93E-01	-6.28E-02	4.81E-02	5.51E-02	bad-chisq
group_1742	1.25E-02	4.61E-01	9.99E-01	1.06E-05	6.18E-03	7.28E-05	bad-chisq
group_1739	1.25E-02	4.59E-01	9.96E-01	-7.86E-04	1.78E-01	1.86E-04	bad-chisq
group_1677	1.25E-02	7.35E-22	6.37E-01	-7.33E-01	1.56E+00	1.99E-02	bad-chisq
group_1675	1.25E-02	4.59E-01	9.05E-01	-5.24E-04	4.40E-03	5.04E-03	bad-chisq
xerC_14~~~xerC_7	1.25E-02	4.61E-01	9.85E-01	1.20E-03	6.36E-02	7.97E-04	bad-chisq
yidE	1.25E-02	7.35E-22	6.37E-01	-7.33E-01	1.56E+00	1.99E-02	bad-chisq
group_1637	1.25E-02	4.61E-01	9.74E-01	1.90E-03	5.78E-02	1.39E-03	bad-chisq
group_1631	1.07E-02	4.95E-01	7.39E-01	2.06E-03	6.18E-03	1.41E-02	bad-chisq
oppF	1.25E-02	7.35E-22	6.37E-01	-7.33E-01	1.56E+00	1.99E-02	bad-chisq
dapX	1.25E-02	7.35E-22	6.37E-01	-7.33E-01	1.56E+00	1.99E-02	bad-chisq
purR_4	1.25E-02	4.61E-01	9.84E-01	5.88E-05	2.99E-03	8.33E-04	bad-chisq
group_1564	1.25E-02	4.61E-01	9.09E-01	1.17E-01	1.02E+00	4.85E-03	bad-chisq
group_1518	1.25E-02	2.65E-02	2.19E-01	-2.13E-01	1.73E-01	5.19E-02	bad-chisq
dapH	1.25E-02	7.35E-22	6.37E-01	-7.33E-01	1.56E+00	1.99E-02	bad-chisq
group_1473	1.25E-02	4.61E-01	9.33E-01	4.13E-03	4.88E-02	3.58E-03	bad-chisq
group_1442	1.25E-02	4.61E-01	9.59E-01	1.30E-02	2.55E-01	2.16E-03	bad-chisq
gbsB	1.25E-02	4.59E-01	9.73E-01	2.88E-03	8.39E-02	1.45E-03	bad-chisq
hutI_2	1.25E-02	4.59E-01	9.73E-01	2.88E-03	8.39E-02	1.45E-03	bad-chisq
group_1424	1.25E-02	4.61E-01	1.00E+00	1.51E-05	8.02E-02	7.99E-06	bad-chisq
ecoRIIR	1.07E-02	4.95E-01	9.86E-01	1.09E-03	6.35E-02	7.28E-04	bad-chisq
pchR~~~rhaR_1	1.25E-02	4.61E-01	9.90E-01	7.78E-04	6.13E-02	5.37E-04	bad-chisq
group_1407	1.25E-02	4.61E-01	8.16E-01	4.26E-02	1.83E-01	9.83E-03	bad-chisq
oppD	1.25E-02	7.35E-22	6.37E-01	-7.33E-01	1.56E+00	1.99E-02	bad-chisq
adh1	1.25E-02	4.61E-01	9.09E-01	1.17E-01	1.02E+00	4.85E-03	bad-chisq
group_1355	1.25E-02	4.59E-01	8.15E-01	-1.44E-03	6.14E-03	9.92E-03	bad-chisq
group_1339	1.25E-02	2.65E-02	2.19E-01	-2.13E-01	1.73E-01	5.19E-02	bad-chisq
group_1322	1.25E-02	4.61E-01	8.16E-01	4.26E-02	1.83E-01	9.83E-03	bad-chisq
group_1311	1.25E-02	4.61E-01	9.99E-01	8.62E-06	6.18E-03	5.90E-05	bad-chisq
group_1302	1.25E-02	7.35E-22	6.37E-01	-7.33E-01	1.56E+00	1.99E-02	bad-chisq
group_1266	1.25E-02	4.59E-01	9.05E-01	-5.24E-04	4.40E-03	5.04E-03	bad-chisq
suyB	1.25E-02	4.61E-01	9.09E-01	1.17E-01	1.02E+00	4.85E-03	bad-chisq
group_1252	1.25E-02	4.61E-01	4.81E-01	3.80E-02	5.40E-02	2.98E-02	bad-chisq
group_1209	1.07E-02	4.95E-01	9.86E-01	1.09E-03	6.35E-02	7.28E-04	bad-chisq
group_1169	1.25E-02	4.61E-01	9.44E-01	3.72E-03	5.31E-02	2.96E-03	bad-chisq
group_1166	1.25E-02	4.61E-01	1.00E+00	1.96E-07	5.37E-03	1.54E-06	bad-chisq
group_1134	1.25E-02	4.61E-01	7.66E-01	2.77E-02	9.30E-02	1.26E-02	bad-chisq
mlc	1.25E-02	4.61E-01	9.88E-01	2.99E-03	2.02E-01	6.26E-04	bad-chisq
group_1087	1.25E-02	4.61E-01	4.81E-01	3.80E-02	5.40E-02	2.98E-02	bad-chisq
lysA_1	1.25E-02	7.35E-22	6.37E-01	-7.33E-01	1.56E+00	1.99E-02	bad-chisq
hemL	1.25E-02	7.35E-22	6.37E-01	-7.33E-01	1.56E+00	1.99E-02	bad-chisq
group_1019	1.25E-02	4.61E-01	9.27E-01	8.37E-03	9.09E-02	3.90E-03	bad-chisq
murAB	1.25E-02	7.35E-22	6.37E-01	-7.33E-01	1.56E+00	1.99E-02	bad-chisq
group_1000	1.25E-02	4.61E-01	9.44E-01	3.72E-03	5.31E-02	2.96E-03	bad-chisq
group_965	1.25E-02	4.59E-01	8.15E-01	-1.44E-03	6.14E-03	9.92E-03	bad-chisq
melA_2	1.25E-02	2.65E-02	1.12E-01	-8.12E-02	5.10E-02	6.71E-02	bad-chisq
group_854	1.25E-02	4.59E-01	1.93E-01	-6.28E-02	4.81E-02	5.51E-02	bad-chisq
mepA_5	1.25E-02	4.61E-01	9.09E-01	1.17E-01	1.02E+00	4.85E-03	bad-chisq
group_822	1.25E-02	4.61E-01	9.96E-01	3.02E-05	6.19E-03	2.06E-04	bad-chisq
group_815	1.25E-02	4.61E-01	9.16E-01	6.56E-04	6.19E-03	4.48E-03	bad-chisq
group_800	1.25E-02	4.59E-01	8.53E-01	-1.15E-03	6.18E-03	7.84E-03	bad-chisq
group_791	1.25E-02	4.61E-01	9.74E-01	1.90E-03	5.78E-02	1.39E-03	bad-chisq
group_773	1.25E-02	4.61E-01	9.09E-01	1.17E-01	1.02E+00	4.85E-03	bad-chisq
bglH	1.25E-02	4.61E-01	4.81E-01	3.80E-02	5.40E-02	2.98E-02	bad-chisq
group_757	1.25E-02	4.61E-01	9.09E-01	1.17E-01	1.02E+00	4.85E-03	bad-chisq
group_751	1.25E-02	7.35E-22	6.37E-01	-7.33E-01	1.56E+00	1.99E-02	bad-chisq
group_741	1.25E-02	4.61E-01	9.09E-01	1.17E-01	1.02E+00	4.85E-03	bad-chisq
group_692	1.25E-02	4.61E-01	9.84E-01	5.88E-05	2.99E-03	8.33E-04	bad-chisq
group_663	1.25E-02	7.35E-22	6.37E-01	-7.33E-01	1.56E+00	1.99E-02	bad-chisq
group_644	1.25E-02	4.61E-01	9.78E-01	2.84E-03	1.04E-01	1.16E-03	bad-chisq
xylB_2	1.25E-02	4.61E-01	8.16E-01	4.26E-02	1.83E-01	9.83E-03	bad-chisq
purF	1.25E-02	7.35E-22	6.37E-01	-7.33E-01	1.56E+00	1.99E-02	bad-chisq
guaB	1.25E-02	7.35E-22	6.37E-01	-7.33E-01	1.56E+00	1.99E-02	bad-chisq
mglA_5	1.25E-02	4.61E-01	7.98E-01	1.89E-02	7.37E-02	1.09E-02	bad-chisq
opuD	1.25E-02	4.61E-01	9.96E-01	1.36E-05	2.97E-03	1.94E-04	bad-chisq
group_588	1.25E-02	4.59E-01	8.15E-01	-1.44E-03	6.14E-03	9.92E-03	bad-chisq
group_566	1.25E-02	4.61E-01	1.00E+00	2.28E-06	6.20E-03	1.56E-05	bad-chisq
xynB	1.25E-02	4.61E-01	9.72E-01	2.11E-03	6.06E-02	1.47E-03	bad-chisq
group_530	1.25E-02	4.61E-01	4.81E-01	3.80E-02	5.40E-02	2.98E-02	bad-chisq
group_525	1.25E-02	4.61E-01	9.74E-01	1.90E-03	5.78E-02	1.39E-03	bad-chisq
group_472	1.25E-02	4.59E-01	9.73E-01	2.88E-03	8.39E-02	1.45E-03	bad-chisq
group_465	1.25E-02	7.35E-22	6.37E-01	-7.33E-01	1.56E+00	1.99E-02	bad-chisq
group_460	1.25E-02	4.59E-01	9.73E-01	2.88E-03	8.39E-02	1.45E-03	bad-chisq
cysH_1	1.25E-02	4.61E-01	7.66E-01	2.77E-02	9.30E-02	1.26E-02	bad-chisq
oppA	1.25E-02	4.59E-01	9.73E-01	2.88E-03	8.39E-02	1.45E-03	bad-chisq
group_432	1.25E-02	4.61E-01	4.81E-01	3.80E-02	5.40E-02	2.98E-02	bad-chisq
walK	1.25E-02	7.35E-22	6.37E-01	-7.33E-01	1.56E+00	1.99E-02	bad-chisq
btuD_11	1.25E-02	4.59E-01	9.67E-01	-2.56E-04	6.18E-03	1.75E-03	bad-chisq
group_418	1.25E-02	4.61E-01	9.09E-01	1.17E-01	1.02E+00	4.85E-03	bad-chisq
group_412	1.25E-02	4.59E-01	9.67E-01	-2.56E-04	6.18E-03	1.75E-03	bad-chisq
group_400	1.25E-02	7.35E-22	6.37E-01	-7.33E-01	1.56E+00	1.99E-02	bad-chisq
group_387	1.25E-02	4.61E-01	9.09E-01	1.17E-01	1.02E+00	4.85E-03	bad-chisq
group_386	1.25E-02	7.35E-22	6.37E-01	-7.33E-01	1.56E+00	1.99E-02	bad-chisq
ltrA	1.25E-02	4.61E-01	9.89E-01	6.91E-05	5.05E-03	5.79E-04	bad-chisq
group_321	1.25E-02	4.61E-01	4.81E-01	3.80E-02	5.40E-02	2.98E-02	bad-chisq
group_317	1.25E-02	4.61E-01	9.09E-01	1.17E-01	1.02E+00	4.85E-03	bad-chisq
group_305	1.25E-02	4.61E-01	9.09E-01	1.17E-01	1.02E+00	4.85E-03	bad-chisq
kbaZ_2	1.25E-02	4.59E-01	9.05E-01	-5.24E-04	4.40E-03	5.04E-03	bad-chisq
group_239	1.25E-02	4.61E-01	8.69E-01	1.05E-02	6.41E-02	6.95E-03	bad-chisq
group_231	1.25E-02	4.61E-01	9.84E-01	5.88E-05	2.99E-03	8.33E-04	bad-chisq
group_179	1.25E-02	4.61E-01	9.72E-01	2.11E-03	6.06E-02	1.47E-03	bad-chisq
group_131	1.25E-02	4.61E-01	9.27E-01	8.37E-03	9.09E-02	3.90E-03	bad-chisq
group_28	1.25E-02	4.61E-01	7.57E-01	2.98E-02	9.61E-02	1.31E-02	bad-chisq
group_21258	1.07E-02	4.95E-01	9.95E-01	3.88E-05	6.18E-03	2.65E-04	bad-chisq
group_21192	1.07E-02	3.61E-01	1.33E-01	-1.16E-01	7.71E-02	6.36E-02	bad-chisq
group_21094	1.07E-02	1.22E-02	9.65E-01	-3.30E-03	7.51E-02	1.86E-03	bad-chisq
group_19569	1.07E-02	4.95E-01	9.61E-01	2.56E-03	5.23E-02	2.07E-03	bad-chisq
group_19561	1.07E-02	4.95E-01	9.99E-01	5.68E-06	5.36E-03	4.49E-05	bad-chisq
expZ	1.07E-02	4.95E-01	9.72E-01	3.42E-03	9.90E-02	1.46E-03	bad-chisq
cysK	1.07E-02	4.95E-01	9.25E-01	5.74E-03	6.13E-02	3.96E-03	bad-chisq
group_18815	1.07E-02	4.95E-01	9.99E-01	7.90E-05	5.68E-02	5.89E-05	bad-chisq
group_18807	1.07E-02	4.95E-01	9.99E-01	7.90E-05	5.68E-02	5.89E-05	bad-chisq
mepA_7~~~mepA_3	1.07E-02	4.95E-01	9.89E-01	9.34E-04	6.59E-02	5.99E-04	bad-chisq
group_18758	1.07E-02	4.95E-01	9.93E-01	5.34E-05	6.19E-03	3.65E-04	bad-chisq
group_18653	1.07E-02	4.95E-01	9.94E-01	3.64E-04	4.87E-02	3.16E-04	bad-chisq
vldH_2	1.07E-02	4.95E-01	9.94E-01	3.64E-04	4.87E-02	3.16E-04	bad-chisq
group_18595	1.07E-02	4.95E-01	9.30E-01	5.41E-04	6.17E-03	3.71E-03	bad-chisq
group_18587	1.07E-02	4.95E-01	9.34E-01	5.09E-04	6.17E-03	3.49E-03	bad-chisq
treB	1.07E-02	4.95E-01	9.98E-01	1.72E-04	5.60E-02	1.30E-04	bad-chisq
group_18417	1.07E-02	4.95E-01	9.94E-01	3.79E-05	5.37E-03	2.98E-04	bad-chisq
group_17764	1.07E-02	4.95E-01	9.79E-01	1.65E-04	6.20E-03	1.13E-03	bad-chisq
group_16880	1.07E-02	4.95E-01	9.96E-01	4.14E-04	7.44E-02	2.35E-04	bad-chisq
group_16726	1.07E-02	4.95E-01	9.97E-01	2.55E-05	6.19E-03	1.75E-04	bad-chisq
group_16717	1.07E-02	4.95E-01	1.00E+00	3.08E-06	6.17E-03	2.11E-05	bad-chisq
group_16716	1.07E-02	4.95E-01	1.00E+00	3.08E-06	6.17E-03	2.11E-05	bad-chisq
group_16711	1.07E-02	4.95E-01	1.00E+00	8.00E-07	3.44E-03	9.83E-06	bad-chisq
group_16703	1.07E-02	4.95E-01	1.00E+00	8.00E-07	3.44E-03	9.83E-06	bad-chisq
group_16701	1.07E-02	4.95E-01	9.96E-01	3.22E-05	6.18E-03	2.21E-04	bad-chisq
group_16690	1.07E-02	4.95E-01	1.00E+00	8.00E-07	3.44E-03	9.83E-06	bad-chisq
group_16684	1.07E-02	4.95E-01	1.00E+00	6.17E-07	3.44E-03	7.59E-06	bad-chisq
group_16670	1.07E-02	4.95E-01	9.81E-01	1.06E-04	4.39E-03	1.02E-03	bad-chisq
group_16658	1.07E-02	3.61E-01	8.72E-01	-1.01E-02	6.30E-02	6.80E-03	bad-chisq
group_16657	1.07E-02	4.95E-01	9.85E-01	8.06E-05	4.38E-03	7.78E-04	bad-chisq
group_16654	1.07E-02	4.95E-01	9.81E-01	1.06E-04	4.39E-03	1.02E-03	bad-chisq
malT_2~~~malT_1	1.07E-02	4.95E-01	9.86E-01	7.88E-05	4.38E-03	7.60E-04	bad-chisq
group_16408	1.07E-02	4.95E-01	1.00E+00	8.94E-07	4.07E-03	9.30E-06	bad-chisq
group_16041	1.07E-02	4.95E-01	9.95E-01	3.52E-05	6.18E-03	2.41E-04	bad-chisq
group_15910	1.07E-02	6.23E-19	8.72E-01	-1.52E-01	9.39E-01	6.84E-03	bad-chisq
group_15909	1.07E-02	6.23E-19	9.50E-01	-1.34E-02	2.14E-01	2.64E-03	bad-chisq
group_15900	1.07E-02	6.23E-19	8.72E-01	-1.52E-01	9.39E-01	6.84E-03	bad-chisq
group_15887	1.07E-02	6.23E-19	8.72E-01	-1.52E-01	9.39E-01	6.84E-03	bad-chisq
pflD_1~~~cutC_1	1.07E-02	6.23E-19	8.72E-01	-1.52E-01	9.39E-01	6.84E-03	bad-chisq
hpdA_1	1.07E-02	6.23E-19	8.72E-01	-1.52E-01	9.39E-01	6.84E-03	bad-chisq
group_15875	1.07E-02	6.23E-19	8.72E-01	-1.52E-01	9.39E-01	6.84E-03	bad-chisq
mglA_1~~~mglA_2	1.07E-02	6.23E-19	8.72E-01	-1.52E-01	9.39E-01	6.84E-03	bad-chisq
group_15859	1.07E-02	6.23E-19	8.72E-01	-1.52E-01	9.39E-01	6.84E-03	bad-chisq
group_15856	1.07E-02	6.23E-19	8.72E-01	-1.52E-01	9.39E-01	6.84E-03	bad-chisq
group_15843	1.07E-02	6.23E-19	8.72E-01	-1.52E-01	9.39E-01	6.84E-03	bad-chisq
group_15838	1.07E-02	6.23E-19	8.72E-01	-1.52E-01	9.39E-01	6.84E-03	bad-chisq
group_15826	1.07E-02	6.23E-19	8.72E-01	-1.52E-01	9.39E-01	6.84E-03	bad-chisq
group_15825	1.07E-02	6.23E-19	8.72E-01	-1.52E-01	9.39E-01	6.84E-03	bad-chisq
group_15823	1.07E-02	6.23E-19	8.72E-01	-1.52E-01	9.39E-01	6.84E-03	bad-chisq
group_15802	1.07E-02	3.61E-01	9.48E-01	4.03E-04	6.18E-03	2.76E-03	bad-chisq
group_15797	1.07E-02	1.22E-02	9.68E-01	2.50E-04	6.18E-03	1.71E-03	bad-chisq
group_15760	1.07E-02	4.95E-01	8.58E-01	1.11E-03	6.18E-03	7.60E-03	bad-chisq
group_15757	1.07E-02	4.95E-01	8.58E-01	1.11E-03	6.17E-03	7.59E-03	bad-chisq
group_15745	1.07E-02	4.95E-01	8.58E-01	1.11E-03	6.18E-03	7.60E-03	bad-chisq
group_15741	1.07E-02	4.95E-01	8.58E-01	1.11E-03	6.18E-03	7.60E-03	bad-chisq
group_15740	1.07E-02	4.95E-01	8.58E-01	1.11E-03	6.18E-03	7.60E-03	bad-chisq
group_15727	1.07E-02	4.95E-01	8.58E-01	1.10E-03	6.16E-03	7.57E-03	bad-chisq
group_15726	1.07E-02	4.95E-01	9.91E-01	5.83E-04	5.01E-02	4.92E-04	bad-chisq
group_15721	1.07E-02	4.95E-01	8.58E-01	1.11E-03	6.18E-03	7.59E-03	bad-chisq
group_15716	1.07E-02	4.95E-01	8.58E-01	1.11E-03	6.17E-03	7.59E-03	bad-chisq
group_15696	1.07E-02	4.95E-01	8.58E-01	1.11E-03	6.18E-03	7.60E-03	bad-chisq
group_15693	1.07E-02	4.95E-01	8.58E-01	1.11E-03	6.18E-03	7.60E-03	bad-chisq
group_15660	1.07E-02	4.95E-01	9.59E-01	2.82E-03	5.48E-02	2.18E-03	bad-chisq
group_15659	1.07E-02	4.95E-01	9.59E-01	2.82E-03	5.48E-02	2.18E-03	bad-chisq
uppS_1	1.07E-02	4.95E-01	9.58E-01	2.90E-03	5.55E-02	2.21E-03	bad-chisq
group_15656	1.07E-02	4.95E-01	9.59E-01	2.82E-03	5.48E-02	2.18E-03	bad-chisq
group_15654	1.07E-02	4.95E-01	9.59E-01	2.82E-03	5.48E-02	2.18E-03	bad-chisq
group_15645	1.07E-02	4.95E-01	9.59E-01	2.82E-03	5.48E-02	2.18E-03	bad-chisq
group_15639	1.07E-02	4.95E-01	9.59E-01	2.82E-03	5.48E-02	2.18E-03	bad-chisq
group_15638	1.07E-02	4.95E-01	9.58E-01	2.90E-03	5.55E-02	2.21E-03	bad-chisq
group_15636	1.07E-02	4.95E-01	9.59E-01	2.82E-03	5.48E-02	2.18E-03	bad-chisq
group_15634	1.07E-02	4.95E-01	9.58E-01	2.90E-03	5.55E-02	2.21E-03	bad-chisq
group_15630	1.07E-02	4.95E-01	9.58E-01	2.90E-03	5.55E-02	2.21E-03	bad-chisq
group_15621	1.07E-02	4.95E-01	9.59E-01	2.82E-03	5.48E-02	2.18E-03	bad-chisq
group_15620	1.07E-02	4.95E-01	9.58E-01	2.90E-03	5.55E-02	2.21E-03	bad-chisq
group_15619	1.07E-02	4.95E-01	9.58E-01	2.90E-03	5.55E-02	2.21E-03	bad-chisq
group_15615	1.07E-02	4.95E-01	9.58E-01	2.90E-03	5.55E-02	2.21E-03	bad-chisq
soj_1	1.07E-02	4.95E-01	9.58E-01	2.90E-03	5.55E-02	2.21E-03	bad-chisq
group_15614	1.07E-02	4.95E-01	9.58E-01	2.90E-03	5.55E-02	2.21E-03	bad-chisq
group_15556	1.07E-02	4.95E-01	9.30E-01	1.62E-02	1.85E-01	3.71E-03	bad-chisq
group_15555	1.07E-02	4.95E-01	8.87E-01	2.60E-02	1.83E-01	6.01E-03	bad-chisq
group_15550	1.07E-02	4.95E-01	9.76E-01	1.47E-02	4.83E-01	1.29E-03	bad-chisq
group_15513	1.07E-02	4.95E-01	9.79E-01	6.96E-03	2.69E-01	1.09E-03	bad-chisq
group_15511	1.07E-02	6.23E-19	8.72E-01	-1.52E-01	9.39E-01	6.84E-03	bad-chisq
group_15501	1.07E-02	4.95E-01	9.51E-01	5.27E-03	8.50E-02	2.62E-03	bad-chisq
group_15456	1.07E-02	4.95E-01	9.99E-01	5.70E-06	6.19E-03	3.90E-05	bad-chisq
group_15400	1.07E-02	4.95E-01	9.87E-01	1.45E-03	9.24E-02	6.65E-04	bad-chisq
group_15393	1.07E-02	6.23E-19	8.72E-01	-1.52E-01	9.39E-01	6.84E-03	bad-chisq
group_15319	1.07E-02	4.95E-01	7.37E-01	3.53E-02	1.05E-01	1.42E-02	bad-chisq
group_15213	1.07E-02	4.95E-01	9.57E-01	3.52E-03	6.45E-02	2.31E-03	bad-chisq
group_15209	1.07E-02	4.95E-01	9.28E-01	5.60E-03	6.21E-02	3.81E-03	bad-chisq
group_15185	1.07E-02	3.61E-01	2.39E-02	-1.84E-01	8.11E-02	9.53E-02	bad-chisq
group_15065	1.07E-02	6.23E-19	8.72E-01	-1.52E-01	9.39E-01	6.84E-03	bad-chisq
group_15026	1.07E-02	4.95E-01	9.97E-01	1.95E-05	6.19E-03	1.33E-04	bad-chisq
group_15019	1.07E-02	4.95E-01	9.77E-01	7.18E-03	2.53E-01	1.20E-03	bad-chisq
group_14945	1.07E-02	6.23E-19	9.23E-01	-3.92E-02	4.05E-01	4.09E-03	bad-chisq
group_14905	1.07E-02	3.61E-01	2.33E-01	-9.57E-02	8.01E-02	5.05E-02	bad-chisq
group_14895	1.07E-02	3.61E-01	9.91E-01	9.66E-04	8.27E-02	4.94E-04	bad-chisq
group_14890	1.07E-02	3.61E-01	9.99E-01	3.72E-06	5.39E-03	2.92E-05	bad-chisq
group_14876	1.07E-02	4.95E-01	9.18E-01	7.05E-03	6.87E-02	4.34E-03	bad-chisq
group_14874	1.07E-02	4.95E-01	9.28E-01	5.60E-03	6.21E-02	3.81E-03	bad-chisq
group_14873	1.07E-02	4.95E-01	9.94E-01	5.02E-05	6.17E-03	3.44E-04	bad-chisq
group_14861	1.07E-02	4.95E-01	2.21E-01	6.54E-03	5.33E-03	5.18E-02	bad-chisq
group_14858	1.07E-02	1.22E-02	9.36E-01	4.56E-03	5.70E-02	3.38E-03	bad-chisq
group_14857	1.07E-02	4.95E-01	9.72E-01	2.02E-03	5.86E-02	1.46E-03	bad-chisq
group_14848	1.07E-02	3.61E-01	8.31E-01	-3.26E-02	1.53E-01	9.01E-03	bad-chisq
group_14835	1.07E-02	4.95E-01	1.00E+00	1.63E-06	4.06E-03	1.69E-05	bad-chisq
group_14830	1.07E-02	4.95E-01	9.96E-01	2.11E-05	3.91E-03	2.28E-04	bad-chisq
group_14826	1.07E-02	4.95E-01	5.65E-01	7.10E-02	1.23E-01	2.44E-02	bad-chisq
group_14824	1.07E-02	4.95E-01	8.87E-01	1.51E-02	1.07E-01	5.99E-03	bad-chisq
group_14822	1.07E-02	4.95E-01	9.99E-01	6.23E-06	5.37E-03	4.91E-05	bad-chisq
group_14816	1.07E-02	6.23E-19	8.72E-01	-1.52E-01	9.39E-01	6.84E-03	bad-chisq
group_14793	1.07E-02	4.95E-01	9.26E-01	5.90E-03	6.36E-02	3.93E-03	bad-chisq
group_14789	1.07E-02	4.95E-01	9.90E-01	8.19E-04	6.83E-02	5.07E-04	bad-chisq
group_14778	1.07E-02	6.23E-19	8.72E-01	-1.52E-01	9.39E-01	6.84E-03	bad-chisq
group_14762	1.07E-02	4.95E-01	8.19E-01	1.54E-02	6.72E-02	9.68E-03	bad-chisq
group_14761	1.07E-02	4.95E-01	9.28E-01	5.60E-03	6.21E-02	3.81E-03	bad-chisq
group_14666	1.07E-02	4.95E-01	8.87E-01	2.60E-02	1.83E-01	6.01E-03	bad-chisq
group_14619	1.07E-02	4.95E-01	9.28E-01	5.60E-03	6.21E-02	3.81E-03	bad-chisq
group_14597	1.07E-02	4.95E-01	9.85E-01	1.08E-03	5.57E-02	8.20E-04	bad-chisq
group_14570	1.07E-02	4.95E-01	8.72E-01	1.06E-02	6.56E-02	6.82E-03	bad-chisq
group_14539	1.07E-02	4.95E-01	9.22E-01	5.80E-03	5.95E-02	4.12E-03	bad-chisq
group_14486	1.07E-02	6.23E-19	8.72E-01	-1.52E-01	9.39E-01	6.84E-03	bad-chisq
group_14476	1.07E-02	4.95E-01	8.97E-01	8.42E-03	6.47E-02	5.50E-03	bad-chisq
group_14465	1.07E-02	4.95E-01	1.00E+00	1.95E-07	5.37E-03	1.54E-06	bad-chisq
group_14447	1.07E-02	4.95E-01	8.87E-01	1.51E-02	1.07E-01	5.99E-03	bad-chisq
group_14428	1.07E-02	4.95E-01	9.95E-01	4.21E-04	7.20E-02	2.47E-04	bad-chisq
group_14392	1.07E-02	4.95E-01	9.79E-01	6.96E-03	2.69E-01	1.09E-03	bad-chisq
group_14375	1.07E-02	4.95E-01	1.00E+00	1.63E-06	4.06E-03	1.69E-05	bad-chisq
group_14363	1.07E-02	4.95E-01	9.84E-01	4.23E-03	2.16E-01	8.27E-04	bad-chisq
group_14346	1.07E-02	4.95E-01	9.28E-01	5.60E-03	6.21E-02	3.81E-03	bad-chisq
group_14341	1.07E-02	4.95E-01	7.19E-01	2.23E-03	6.19E-03	1.52E-02	bad-chisq
yafQ_2	1.07E-02	4.95E-01	1.95E-01	6.64E-02	5.12E-02	5.47E-02	bad-chisq
group_14314	1.07E-02	4.95E-01	1.95E-01	6.64E-02	5.12E-02	5.47E-02	bad-chisq
group_14258	1.07E-02	4.95E-01	9.77E-01	7.18E-03	2.53E-01	1.20E-03	bad-chisq
group_14234	1.07E-02	4.95E-01	9.98E-01	1.34E-05	5.37E-03	1.06E-04	bad-chisq
group_14220	1.07E-02	4.95E-01	9.99E-01	1.03E-05	6.20E-03	6.99E-05	bad-chisq
group_14176	1.07E-02	4.95E-01	9.28E-01	5.60E-03	6.21E-02	3.81E-03	bad-chisq
group_14115	1.07E-02	4.95E-01	9.82E-01	2.64E-03	1.15E-01	9.71E-04	bad-chisq
group_14110	1.07E-02	4.95E-01	9.80E-01	6.40E-03	2.52E-01	1.07E-03	bad-chisq
group_14104	1.07E-02	6.23E-19	8.72E-01	-1.52E-01	9.39E-01	6.84E-03	bad-chisq
group_14059	1.07E-02	4.95E-01	9.76E-01	1.47E-02	4.83E-01	1.29E-03	bad-chisq
group_14056	1.07E-02	3.61E-01	8.62E-01	-1.07E-03	6.18E-03	7.34E-03	bad-chisq
group_14005	1.07E-02	1.22E-02	9.99E-01	-5.44E-06	6.20E-03	3.71E-05	bad-chisq
immR	1.07E-02	4.95E-01	9.90E-01	8.19E-04	6.83E-02	5.07E-04	bad-chisq
group_13941	1.07E-02	4.95E-01	9.62E-01	3.84E-03	8.00E-02	2.03E-03	bad-chisq
group_13937	1.07E-02	6.23E-19	8.72E-01	-1.52E-01	9.39E-01	6.84E-03	bad-chisq
group_13913	1.07E-02	4.95E-01	6.84E-01	3.14E-02	7.72E-02	1.72E-02	bad-chisq
group_13895	1.07E-02	4.95E-01	9.28E-01	5.60E-03	6.21E-02	3.81E-03	bad-chisq
group_13886	1.07E-02	4.95E-01	9.95E-01	2.77E-05	4.06E-03	2.88E-04	bad-chisq
group_13873	1.07E-02	4.95E-01	9.28E-01	5.60E-03	6.21E-02	3.81E-03	bad-chisq
group_13863	1.07E-02	4.95E-01	1.12E-01	2.06E-01	1.29E-01	6.71E-02	bad-chisq
group_13826	1.07E-02	4.95E-01	9.89E-01	7.03E-04	5.32E-02	5.59E-04	bad-chisq
group_13802	1.07E-02	4.95E-01	8.98E-01	1.01E-02	7.88E-02	5.42E-03	bad-chisq
group_13753	1.07E-02	6.23E-19	8.72E-01	-1.52E-01	9.39E-01	6.84E-03	bad-chisq
group_13721	1.07E-02	4.95E-01	9.36E-01	4.28E-03	5.36E-02	3.38E-03	bad-chisq
group_13720	1.07E-02	4.95E-01	1.12E-01	2.06E-01	1.29E-01	6.71E-02	bad-chisq
group_13718	1.07E-02	1.22E-02	8.95E-01	-1.66E-02	1.25E-01	5.60E-03	bad-chisq
group_13678	1.07E-02	4.95E-01	8.87E-01	1.51E-02	1.07E-01	5.99E-03	bad-chisq
group_13617	1.07E-02	4.95E-01	8.87E-01	2.60E-02	1.83E-01	6.01E-03	bad-chisq
group_13610	1.07E-02	4.95E-01	1.00E+00	1.63E-06	4.06E-03	1.69E-05	bad-chisq
group_13583	1.07E-02	4.95E-01	9.99E-01	5.70E-06	6.19E-03	3.90E-05	bad-chisq
group_13576	1.07E-02	3.61E-01	8.31E-01	-3.26E-02	1.53E-01	9.01E-03	bad-chisq
group_13565	1.07E-02	4.95E-01	3.37E-01	6.07E-02	6.32E-02	4.06E-02	bad-chisq
group_13513	1.07E-02	4.95E-01	9.34E-01	6.10E-03	7.38E-02	3.50E-03	bad-chisq
group_13499	1.07E-02	4.95E-01	9.99E-01	5.22E-06	5.37E-03	4.11E-05	bad-chisq
group_13482	1.07E-02	4.95E-01	9.89E-01	7.03E-04	5.32E-02	5.59E-04	bad-chisq
group_13446	1.07E-02	4.95E-01	9.22E-01	5.80E-03	5.95E-02	4.12E-03	bad-chisq
group_13374	1.07E-02	6.23E-19	8.72E-01	-1.52E-01	9.39E-01	6.84E-03	bad-chisq
zur	1.07E-02	4.95E-01	7.39E-01	2.07E-03	6.19E-03	1.41E-02	bad-chisq
group_13337	1.07E-02	4.95E-01	9.56E-01	3.62E-03	6.54E-02	2.34E-03	bad-chisq
group_13214	1.07E-02	3.61E-01	4.82E-03	-2.65E-01	9.35E-02	1.19E-01	bad-chisq
group_13211	1.07E-02	6.23E-19	8.72E-01	-1.52E-01	9.39E-01	6.84E-03	bad-chisq
group_13180	1.07E-02	4.95E-01	9.76E-01	1.47E-02	4.83E-01	1.29E-03	bad-chisq
group_13178	1.07E-02	4.95E-01	9.62E-01	3.84E-03	8.00E-02	2.03E-03	bad-chisq
group_13172	1.07E-02	6.23E-19	8.72E-01	-1.52E-01	9.39E-01	6.84E-03	bad-chisq
group_13152	1.07E-02	6.23E-19	8.72E-01	-1.52E-01	9.39E-01	6.84E-03	bad-chisq
group_13145	1.07E-02	4.95E-01	9.49E-01	4.71E-03	7.40E-02	2.69E-03	bad-chisq
group_13106	1.07E-02	4.95E-01	9.79E-01	1.17E-04	4.38E-03	1.13E-03	bad-chisq
group_13100	1.07E-02	4.95E-01	9.18E-01	7.05E-03	6.87E-02	4.34E-03	bad-chisq
group_13090	1.07E-02	6.23E-19	8.72E-01	-1.52E-01	9.39E-01	6.84E-03	bad-chisq
group_12951	1.07E-02	4.95E-01	7.38E-01	2.79E-02	8.35E-02	1.41E-02	bad-chisq
group_12932	1.07E-02	6.23E-19	8.72E-01	-1.52E-01	9.39E-01	6.84E-03	bad-chisq
group_12878	1.07E-02	4.95E-01	9.28E-01	5.60E-03	6.21E-02	3.81E-03	bad-chisq
group_12875	1.07E-02	4.95E-01	9.86E-01	1.73E-03	1.02E-01	7.17E-04	bad-chisq
group_12857	1.07E-02	4.95E-01	9.62E-01	3.84E-03	8.00E-02	2.03E-03	bad-chisq
group_12841	1.07E-02	3.61E-01	3.27E-01	6.42E-02	6.55E-02	4.14E-02	bad-chisq
group_12827	1.07E-02	4.95E-01	9.76E-01	1.47E-02	4.83E-01	1.29E-03	bad-chisq
group_12780	1.07E-02	6.23E-19	9.61E-01	-9.26E-03	1.87E-01	2.09E-03	bad-chisq
group_12740	1.07E-02	6.23E-19	8.72E-01	-1.52E-01	9.39E-01	6.84E-03	bad-chisq
group_12302	1.07E-02	3.61E-01	9.75E-01	2.65E-03	8.56E-02	1.31E-03	bad-chisq
group_12290	1.07E-02	4.95E-01	9.64E-01	2.98E-03	6.63E-02	1.90E-03	bad-chisq
group_12262	1.07E-02	4.95E-01	8.22E-01	2.82E-02	1.25E-01	9.49E-03	bad-chisq
group_12252	1.07E-02	4.95E-01	8.60E-01	9.63E-03	5.47E-02	7.45E-03	bad-chisq
group_12187	1.07E-02	4.95E-01	9.98E-01	1.67E-05	5.36E-03	1.32E-04	bad-chisq
group_11971	1.07E-02	4.95E-01	9.76E-01	1.61E-03	5.33E-02	1.28E-03	bad-chisq
group_11936	1.07E-02	4.95E-01	9.99E-01	8.57E-06	6.20E-03	5.85E-05	bad-chisq
group_11872	1.07E-02	4.95E-01	2.53E-01	5.77E-03	5.05E-03	4.83E-02	bad-chisq
bcrA_1	1.07E-02	4.95E-01	9.14E-01	5.64E-03	5.23E-02	4.56E-03	bad-chisq
group_11868	1.07E-02	4.95E-01	1.59E-01	8.68E-03	6.16E-03	5.95E-02	bad-chisq
group_11849	1.07E-02	4.95E-01	7.64E-01	2.51E-02	8.38E-02	1.27E-02	bad-chisq
group_11791	1.07E-02	4.95E-01	9.97E-01	2.37E-05	6.20E-03	1.62E-04	bad-chisq
ecfT_4~~~ecfT_1	1.07E-02	1.21E-08	5.29E-01	-5.69E-02	9.04E-02	2.66E-02	bad-chisq
group_11745	1.07E-02	3.61E-01	9.99E-01	-5.23E-06	4.06E-03	5.44E-05	bad-chisq
group_11733	1.07E-02	1.21E-08	5.29E-01	-5.69E-02	9.04E-02	2.66E-02	bad-chisq
group_11639	1.07E-02	4.08E-05	9.58E-01	-3.69E-03	6.96E-02	2.24E-03	bad-chisq
ytrA_2~~~ytrA_3	1.07E-02	4.95E-01	9.35E-01	4.01E-03	4.93E-02	3.45E-03	bad-chisq
group_11610	1.07E-02	4.95E-01	9.96E-01	3.41E-05	6.20E-03	2.33E-04	bad-chisq
topB_1~~~topB~~~topB_3	1.07E-02	3.61E-01	2.96E-01	-1.05E-01	1.00E-01	4.42E-02	bad-chisq
group_11606	1.07E-02	4.95E-01	9.67E-01	3.40E-03	8.24E-02	1.75E-03	bad-chisq
fabF~~~fabF_1~~~fabF_2	1.07E-02	3.61E-01	8.05E-01	-6.62E-02	2.68E-01	1.04E-02	bad-chisq
group_11512	1.07E-02	4.95E-01	1.00E+00	1.44E-07	6.20E-03	9.84E-07	bad-chisq
cat3_2~~~cmlA	1.07E-02	4.95E-01	9.80E-01	6.40E-03	2.52E-01	1.07E-03	bad-chisq
group_11494	1.07E-02	4.95E-01	9.28E-01	5.60E-03	6.21E-02	3.81E-03	bad-chisq
group_11460	1.07E-02	3.61E-01	7.65E-01	-1.85E-03	6.19E-03	1.26E-02	bad-chisq
group_11458	1.07E-02	3.61E-01	7.65E-01	-1.85E-03	6.20E-03	1.26E-02	bad-chisq
group_11451	1.07E-02	1.22E-02	4.53E-04	-4.04E-01	1.15E-01	1.48E-01	bad-chisq
group_11387	1.07E-02	4.95E-01	9.63E-01	3.71E-03	7.99E-02	1.97E-03	bad-chisq
group_11372	1.07E-02	4.95E-01	9.99E-01	3.44E-06	5.06E-03	2.87E-05	bad-chisq
group_11367	1.07E-02	6.23E-19	9.45E-01	-1.63E-02	2.37E-01	2.92E-03	bad-chisq
cwlH	1.07E-02	4.95E-01	9.26E-01	7.95E-03	8.58E-02	3.92E-03	bad-chisq
group_11332	1.07E-02	6.23E-19	9.61E-01	-9.26E-03	1.87E-01	2.09E-03	bad-chisq
group_11330	1.07E-02	4.95E-01	9.92E-01	5.05E-05	5.36E-03	3.98E-04	bad-chisq
group_11297	1.07E-02	6.23E-19	8.72E-01	-1.52E-01	9.39E-01	6.84E-03	bad-chisq
group_11292	1.07E-02	4.95E-01	9.91E-01	6.77E-05	6.15E-03	4.66E-04	bad-chisq
rpoH~~~sigA_3	1.07E-02	4.95E-01	9.36E-01	3.59E-03	4.48E-02	3.39E-03	bad-chisq
eltD_2~~~eltD	1.07E-02	3.61E-01	9.73E-01	3.64E-03	1.06E-01	1.45E-03	bad-chisq
group_11230	1.07E-02	4.95E-01	3.15E-01	4.40E-03	4.37E-03	4.25E-02	bad-chisq
group_11199	1.07E-02	1.22E-02	9.97E-01	-2.17E-05	6.20E-03	1.48E-04	bad-chisq
ypeA	1.07E-02	4.95E-01	9.62E-01	2.79E-03	5.92E-02	1.99E-03	bad-chisq
group_11195	1.07E-02	4.95E-01	9.65E-01	4.11E-03	9.35E-02	1.86E-03	bad-chisq
group_11189	1.07E-02	6.23E-19	9.61E-01	-9.26E-03	1.87E-01	2.09E-03	bad-chisq
group_11179	1.07E-02	4.95E-01	9.62E-01	3.84E-03	8.00E-02	2.03E-03	bad-chisq
arsR1	1.07E-02	6.23E-19	9.61E-01	-9.26E-03	1.87E-01	2.09E-03	bad-chisq
ypbG_1~~~ypbG_2	1.07E-02	4.95E-01	1.00E+00	2.75E-06	6.20E-03	1.87E-05	bad-chisq
group_11130	1.07E-02	4.95E-01	1.00E+00	1.82E-06	5.37E-03	1.43E-05	bad-chisq
group_11094	1.07E-02	4.95E-01	9.97E-01	1.88E-05	4.38E-03	1.81E-04	bad-chisq
group_11056	1.07E-02	4.95E-01	6.52E-01	3.61E-02	8.02E-02	1.91E-02	bad-chisq
pyrR	1.07E-02	6.23E-19	8.72E-01	-1.52E-01	9.39E-01	6.84E-03	bad-chisq
group_10985	1.07E-02	3.61E-01	9.54E-01	-3.57E-04	6.19E-03	2.44E-03	bad-chisq
group_10920	1.07E-02	4.95E-01	9.62E-01	3.84E-03	8.00E-02	2.03E-03	bad-chisq
group_10915	1.07E-02	4.95E-01	9.97E-01	2.11E-04	5.69E-02	1.57E-04	bad-chisq
group_10868	1.07E-02	4.95E-01	9.32E-01	4.64E-03	5.47E-02	3.59E-03	bad-chisq
group_10827	1.07E-02	4.95E-01	9.68E-01	2.75E-03	6.92E-02	1.68E-03	bad-chisq
group_10815	1.07E-02	3.61E-01	9.88E-01	-1.10E-03	7.48E-02	6.23E-04	bad-chisq
group_10803	1.07E-02	3.61E-01	9.99E-01	6.69E-06	6.19E-03	4.57E-05	bad-chisq
group_10754	1.07E-02	4.95E-01	9.81E-01	1.48E-03	6.10E-02	1.03E-03	bad-chisq
group_10724	1.07E-02	4.95E-01	9.94E-01	4.14E-05	5.36E-03	3.27E-04	bad-chisq
group_10688	1.07E-02	4.95E-01	7.37E-01	3.53E-02	1.05E-01	1.42E-02	bad-chisq
group_10661	1.07E-02	3.61E-01	8.98E-01	-6.70E-03	5.24E-02	5.41E-03	bad-chisq
group_10659	1.07E-02	4.95E-01	9.96E-01	1.76E-05	3.90E-03	1.90E-04	bad-chisq
group_10657	1.07E-02	6.23E-19	8.72E-01	-1.52E-01	9.39E-01	6.84E-03	bad-chisq
adk_2~~~adk	1.07E-02	3.61E-01	8.81E-01	-8.00E-04	5.36E-03	6.31E-03	bad-chisq
group_10646	1.07E-02	4.95E-01	9.99E-01	6.62E-06	6.18E-03	4.53E-05	bad-chisq
kdpD_2~~~kdpD_1~~~kdpD_3~~~kdpD	1.07E-02	1.22E-02	9.97E-01	2.09E-04	5.99E-02	1.48E-04	bad-chisq
group_10563	1.07E-02	3.61E-01	9.43E-01	5.28E-03	7.32E-02	3.05E-03	bad-chisq
group_10550	1.07E-02	4.95E-01	9.69E-01	8.10E-03	2.10E-01	1.63E-03	bad-chisq
group_10498	1.07E-02	4.95E-01	9.99E-01	4.56E-06	6.19E-03	3.11E-05	bad-chisq
group_10484	1.07E-02	6.23E-19	9.50E-01	-1.34E-02	2.14E-01	2.64E-03	bad-chisq
group_10471	1.07E-02	4.95E-01	8.71E-01	1.30E-02	8.00E-02	6.85E-03	bad-chisq
group_10439	1.07E-02	4.08E-05	1.36E-01	-3.18E-01	2.13E-01	6.30E-02	bad-chisq
xerC_14~~~xerC_13~~~xerC_8~~~xerC_4	1.07E-02	3.61E-01	9.61E-01	4.08E-03	8.33E-02	2.07E-03	bad-chisq
group_10246	1.07E-02	3.61E-01	1.08E-01	8.87E-02	5.51E-02	6.80E-02	bad-chisq
atzB	1.07E-02	1.22E-02	5.35E-01	-6.27E-02	1.01E-01	2.62E-02	bad-chisq
group_10138	1.07E-02	3.61E-01	9.42E-01	1.02E-02	1.41E-01	3.07E-03	bad-chisq
group_10061	1.07E-02	4.95E-01	9.98E-01	1.93E-04	6.52E-02	1.25E-04	bad-chisq
group_10030	1.07E-02	4.95E-01	9.21E-01	5.75E-03	5.76E-02	4.22E-03	bad-chisq
group_10022	1.07E-02	3.61E-01	8.19E-01	2.18E-02	9.50E-02	9.70E-03	bad-chisq
group_9884	1.07E-02	4.95E-01	9.83E-01	1.53E-03	7.13E-02	9.08E-04	bad-chisq
group_9875	1.07E-02	4.95E-01	9.96E-01	2.44E-04	4.59E-02	2.25E-04	bad-chisq
group_9870	1.07E-02	4.95E-01	1.00E+00	1.09E-06	3.25E-03	1.42E-05	bad-chisq
group_9868	1.07E-02	4.95E-01	9.76E-01	1.47E-02	4.83E-01	1.29E-03	bad-chisq
group_9857	1.07E-02	4.95E-01	9.25E-01	2.08E-02	2.20E-01	3.99E-03	bad-chisq
group_9831	1.07E-02	4.95E-01	9.99E-01	7.25E-06	6.18E-03	4.96E-05	bad-chisq
group_9799	1.07E-02	4.95E-01	9.57E-01	3.52E-03	6.45E-02	2.31E-03	bad-chisq
group_9699	1.07E-02	3.61E-01	9.12E-01	-6.87E-04	6.19E-03	4.69E-03	bad-chisq
group_9659	1.07E-02	4.95E-01	9.97E-01	2.51E-05	6.18E-03	1.71E-04	bad-chisq
group_9585	1.07E-02	3.61E-01	8.95E-01	-5.82E-04	4.40E-03	5.59E-03	bad-chisq
group_9462	1.07E-02	4.95E-01	9.76E-01	1.47E-02	4.83E-01	1.29E-03	bad-chisq
group_9344	1.07E-02	4.95E-01	9.76E-01	1.47E-02	4.83E-01	1.29E-03	bad-chisq
group_9338	1.07E-02	4.95E-01	9.98E-01	1.39E-05	6.19E-03	9.48E-05	bad-chisq
group_9319	1.07E-02	6.23E-19	8.72E-01	-1.52E-01	9.39E-01	6.84E-03	bad-chisq
group_9290	1.07E-02	4.95E-01	9.85E-01	1.20E-03	6.18E-02	8.22E-04	bad-chisq
group_9243	1.07E-02	6.23E-19	8.72E-01	-1.52E-01	9.39E-01	6.84E-03	bad-chisq
group_9242	1.07E-02	6.23E-19	8.72E-01	-1.52E-01	9.39E-01	6.84E-03	bad-chisq
group_9196	1.07E-02	4.95E-01	9.44E-01	4.54E-03	6.45E-02	2.98E-03	bad-chisq
group_9195	1.07E-02	4.95E-01	9.44E-01	4.54E-03	6.45E-02	2.98E-03	bad-chisq
group_9184	1.07E-02	3.61E-01	4.96E-01	3.44E-02	5.05E-02	2.88E-02	bad-chisq
group_9172	1.07E-02	3.61E-01	9.75E-01	4.45E-03	1.43E-01	1.32E-03	bad-chisq
thiE_2	1.07E-02	6.23E-19	8.72E-01	-1.52E-01	9.39E-01	6.84E-03	bad-chisq
group_9135	1.07E-02	4.95E-01	9.44E-01	4.54E-03	6.45E-02	2.98E-03	bad-chisq
group_9134	1.07E-02	4.95E-01	9.44E-01	4.54E-03	6.45E-02	2.98E-03	bad-chisq
group_9116	1.07E-02	3.61E-01	3.48E-02	-1.48E-01	6.99E-02	8.91E-02	bad-chisq
group_9091	1.07E-02	4.95E-01	9.66E-01	2.67E-04	6.18E-03	1.83E-03	bad-chisq
group_9061	1.07E-02	4.95E-01	9.99E-01	4.95E-06	3.40E-03	6.15E-05	bad-chisq
group_9040	1.07E-02	4.95E-01	1.00E+00	2.85E-06	4.62E-03	2.61E-05	bad-chisq
radA_2	1.07E-02	4.95E-01	1.97E-19	3.29E-01	3.51E-02	3.68E-01	bad-chisq
group_8978	1.07E-02	3.61E-01	6.07E-01	2.87E-02	5.59E-02	2.18E-02	bad-chisq
group_8971	1.07E-02	4.95E-01	1.00E+00	1.43E-06	4.38E-03	1.38E-05	bad-chisq
group_8969	1.07E-02	4.95E-01	2.21E-01	1.41E-01	1.15E-01	5.18E-02	bad-chisq
group_8960	1.07E-02	4.95E-01	9.99E-01	6.32E-06	4.38E-03	6.10E-05	bad-chisq
group_8939	1.07E-02	4.95E-01	9.55E-01	3.48E-04	6.18E-03	2.38E-03	bad-chisq
group_8913	1.07E-02	4.95E-01	9.37E-01	5.23E-03	6.62E-02	3.34E-03	bad-chisq
group_8902	1.07E-02	4.95E-01	9.96E-01	2.41E-05	5.37E-03	1.89E-04	bad-chisq
group_8882	1.07E-02	4.95E-01	9.44E-01	4.54E-03	6.45E-02	2.98E-03	bad-chisq
group_8835	1.07E-02	4.95E-01	1.00E+00	2.82E-06	4.61E-03	2.59E-05	bad-chisq
yjcQ	1.07E-02	4.95E-01	1.00E+00	1.90E-06	6.20E-03	1.29E-05	bad-chisq
group_8823	1.07E-02	4.95E-01	9.99E-01	7.13E-06	5.37E-03	5.61E-05	bad-chisq
group_8802	1.07E-02	3.61E-01	7.64E-02	-1.11E-01	6.27E-02	7.49E-02	bad-chisq
group_8787	1.07E-02	4.95E-01	8.78E-01	1.50E-02	9.77E-02	6.51E-03	bad-chisq
group_8782	1.07E-02	4.95E-01	8.20E-01	1.52E-02	6.69E-02	9.61E-03	bad-chisq
group_8751	1.07E-02	4.95E-01	1.30E-23	3.94E-01	3.75E-02	4.05E-01	bad-chisq
group_8732	1.07E-02	4.95E-01	9.76E-01	1.47E-02	4.83E-01	1.29E-03	bad-chisq
group_8731	1.07E-02	3.61E-01	9.04E-01	-4.91E-04	4.06E-03	5.11E-03	bad-chisq
group_8704	1.07E-02	1.22E-02	1.00E+00	3.18E-06	5.37E-03	2.51E-05	bad-chisq
group_8673	1.07E-02	4.95E-01	9.90E-01	7.74E-04	6.09E-02	5.37E-04	bad-chisq
malP_1~~~glgP_2~~~malP	1.07E-02	4.95E-01	1.00E+00	2.73E-06	6.15E-03	1.88E-05	bad-chisq
group_8617	1.07E-02	4.95E-01	9.28E-01	5.60E-03	6.21E-02	3.81E-03	bad-chisq
group_8605	1.07E-02	4.95E-01	9.23E-01	5.94E-04	6.16E-03	4.08E-03	bad-chisq
group_8582	1.07E-02	4.95E-01	9.92E-01	4.00E-05	4.07E-03	4.16E-04	bad-chisq
group_8579	1.07E-02	1.22E-02	3.16E-01	5.90E-02	5.88E-02	4.24E-02	bad-chisq
group_8575	1.07E-02	4.95E-01	9.88E-01	1.09E-03	7.41E-02	6.24E-04	bad-chisq
thiE_1	1.07E-02	6.23E-19	8.72E-01	-1.52E-01	9.39E-01	6.84E-03	bad-chisq
plsY_2	1.07E-02	6.23E-19	8.72E-01	-1.52E-01	9.39E-01	6.84E-03	bad-chisq
group_8573	1.07E-02	6.23E-19	8.72E-01	-1.52E-01	9.39E-01	6.84E-03	bad-chisq
group_8571	1.07E-02	4.95E-01	9.88E-01	1.09E-03	7.41E-02	6.24E-04	bad-chisq
group_8568	1.07E-02	4.95E-01	9.93E-01	9.13E-04	1.00E-01	3.85E-04	bad-chisq
group_8558	1.07E-02	1.22E-02	9.59E-01	2.96E-03	5.73E-02	2.18E-03	bad-chisq
group_8532	1.07E-02	4.95E-01	9.52E-01	3.13E-03	5.17E-02	2.56E-03	bad-chisq
group_8509	1.07E-02	4.95E-01	9.20E-01	8.35E-03	8.35E-02	4.23E-03	bad-chisq
group_8500	1.07E-02	4.95E-01	8.05E-01	1.69E-02	6.86E-02	1.04E-02	bad-chisq
group_8494	1.07E-02	4.95E-01	9.14E-01	8.27E-03	7.65E-02	4.57E-03	bad-chisq
group_8492	1.07E-02	6.23E-19	8.72E-01	-1.52E-01	9.39E-01	6.84E-03	bad-chisq
group_8477	1.07E-02	3.61E-01	9.72E-01	-2.80E-03	8.01E-02	1.48E-03	bad-chisq
group_8460	1.07E-02	4.95E-01	9.13E-01	1.69E-02	1.55E-01	4.62E-03	bad-chisq
hacB	1.07E-02	4.95E-01	9.08E-01	8.91E-03	7.72E-02	4.88E-03	bad-chisq
group_8427	1.07E-02	3.61E-01	9.95E-01	4.60E-04	7.49E-02	2.60E-04	bad-chisq
group_8423	1.07E-02	4.95E-01	6.23E-01	3.07E-02	6.25E-02	2.08E-02	bad-chisq
metH_1	1.07E-02	4.95E-01	9.13E-01	1.69E-02	1.55E-01	4.62E-03	bad-chisq
group_8362	1.07E-02	4.95E-01	9.99E-01	1.09E-05	6.19E-03	7.45E-05	bad-chisq
tet32~~~tetW	1.07E-02	4.95E-01	4.37E-01	2.67E-03	3.43E-03	3.29E-02	bad-chisq
group_8353	1.07E-02	4.95E-01	9.85E-01	8.24E-05	4.38E-03	7.95E-04	bad-chisq
group_8330	1.07E-02	4.95E-01	9.97E-01	2.23E-05	6.17E-03	1.53E-04	bad-chisq
group_8329	1.07E-02	4.95E-01	8.62E-01	1.07E-03	6.18E-03	7.33E-03	bad-chisq
cbiC	1.07E-02	6.23E-19	8.72E-01	-1.52E-01	9.39E-01	6.84E-03	bad-chisq
rplK_1~~~rplK_2~~~rplK	1.07E-02	4.95E-01	9.99E-01	7.41E-05	5.08E-02	6.17E-05	bad-chisq
group_8276	1.07E-02	4.95E-01	9.49E-01	1.11E-02	1.72E-01	2.73E-03	bad-chisq
group_8265	1.07E-02	3.03E-13	9.92E-01	-4.96E-04	4.99E-02	4.21E-04	bad-chisq
group_8251	1.07E-02	4.95E-01	9.99E-01	4.57E-06	6.19E-03	3.12E-05	bad-chisq
group_8207	1.07E-02	4.95E-01	8.60E-01	1.16E-02	6.54E-02	7.48E-03	bad-chisq
group_8200	1.07E-02	4.95E-01	1.84E-01	7.03E-02	5.28E-02	5.62E-02	bad-chisq
group_8176	1.07E-02	4.95E-01	9.98E-01	1.80E-05	6.17E-03	1.24E-04	bad-chisq
group_8146	1.07E-02	3.61E-01	9.99E-01	-5.33E-06	4.06E-03	5.55E-05	bad-chisq
dpnA_1~~~yhdJ_1	1.07E-02	4.95E-01	9.44E-01	4.33E-04	6.19E-03	2.96E-03	bad-chisq
group_8089	1.07E-02	4.95E-01	9.44E-01	3.89E-03	5.50E-02	2.99E-03	bad-chisq
topB_1~~~topB~~~topB_2~~~topB_3~~~topB_4	1.07E-02	4.95E-01	9.97E-01	1.79E-05	4.38E-03	1.73E-04	bad-chisq
group_8035	1.07E-02	4.95E-01	9.72E-01	8.39E-03	2.36E-01	1.51E-03	bad-chisq
group_8026	1.07E-02	4.95E-01	9.62E-01	3.84E-03	8.00E-02	2.03E-03	bad-chisq
group_8015	1.07E-02	4.95E-01	9.36E-01	4.63E-03	5.76E-02	3.40E-03	bad-chisq
group_7980	1.07E-02	3.61E-01	9.99E-01	-5.33E-06	4.06E-03	5.55E-05	bad-chisq
cmk_3	1.07E-02	4.95E-01	9.99E-01	4.88E-06	4.06E-03	5.09E-05	bad-chisq
group_7941	1.07E-02	6.23E-19	9.45E-01	-1.63E-02	2.37E-01	2.92E-03	bad-chisq
group_7908	1.07E-02	4.95E-01	9.77E-01	7.18E-03	2.53E-01	1.20E-03	bad-chisq
group_7902	1.07E-02	4.95E-01	9.94E-01	2.90E-05	4.05E-03	3.03E-04	bad-chisq
group_7870	1.07E-02	4.95E-01	9.99E-01	5.13E-06	6.19E-03	3.50E-05	bad-chisq
topB~~~topB_6	1.07E-02	4.95E-01	9.93E-01	4.83E-05	5.36E-03	3.81E-04	bad-chisq
group_7841	1.07E-02	4.08E-05	9.98E-01	4.12E-04	1.41E-01	1.24E-04	bad-chisq
ywaC_2	1.07E-02	4.95E-01	9.10E-01	4.44E-04	3.92E-03	4.80E-03	bad-chisq
group_7776	1.07E-02	4.95E-01	9.13E-01	1.69E-02	1.55E-01	4.62E-03	bad-chisq
apu	1.07E-02	4.95E-01	9.73E-01	2.91E-03	8.74E-02	1.41E-03	bad-chisq
group_7754	1.07E-02	3.61E-01	8.77E-01	9.14E-03	5.93E-02	6.52E-03	bad-chisq
group_7751	1.07E-02	4.95E-01	9.35E-01	5.01E-03	6.16E-02	3.45E-03	bad-chisq
group_7704	1.07E-02	3.61E-01	7.31E-02	-1.13E-01	6.27E-02	7.57E-02	bad-chisq
group_7692	1.07E-02	4.95E-01	9.83E-01	1.17E-04	5.36E-03	9.26E-04	bad-chisq
group_7588	1.07E-02	6.23E-19	8.72E-01	-1.52E-01	9.39E-01	6.84E-03	bad-chisq
group_7578	1.07E-02	4.95E-01	9.22E-01	5.36E-03	5.46E-02	4.15E-03	bad-chisq
alsE	1.07E-02	4.95E-01	9.08E-01	8.91E-03	7.72E-02	4.88E-03	bad-chisq
group_7456	1.07E-02	3.61E-01	8.47E-01	-1.20E-03	6.20E-03	8.19E-03	bad-chisq
group_7407	1.07E-02	4.95E-01	9.62E-01	3.84E-03	8.00E-02	2.03E-03	bad-chisq
group_7406	1.07E-02	3.61E-01	9.75E-01	2.65E-03	8.56E-02	1.31E-03	bad-chisq
group_7393	1.07E-02	4.95E-01	9.76E-01	1.47E-02	4.83E-01	1.29E-03	bad-chisq
group_7391	1.07E-02	6.23E-19	9.45E-01	-1.63E-02	2.37E-01	2.92E-03	bad-chisq
group_7385	1.07E-02	6.23E-19	9.23E-01	-3.92E-02	4.05E-01	4.09E-03	bad-chisq
group_7345	1.07E-02	4.95E-01	9.97E-01	1.39E-05	4.06E-03	1.45E-04	bad-chisq
group_7311	1.07E-02	4.08E-05	9.98E-01	4.12E-04	1.41E-01	1.24E-04	bad-chisq
group_7272	1.07E-02	3.61E-01	9.35E-01	-5.02E-04	6.20E-03	3.43E-03	bad-chisq
group_7263	1.07E-02	4.95E-01	7.95E-01	2.02E-02	7.76E-02	1.10E-02	bad-chisq
group_7259	1.07E-02	4.95E-01	1.00E+00	2.30E-06	4.61E-03	2.11E-05	bad-chisq
group_7225	1.07E-02	4.95E-01	9.99E-01	7.13E-06	5.37E-03	5.61E-05	bad-chisq
group_7197	1.07E-02	4.95E-01	9.54E-01	3.54E-04	6.18E-03	2.43E-03	bad-chisq
group_7195	1.07E-02	4.95E-01	9.76E-01	1.47E-02	4.83E-01	1.29E-03	bad-chisq
group_7162	1.07E-02	4.95E-01	9.98E-01	1.61E-05	6.20E-03	1.10E-04	bad-chisq
group_7100	1.07E-02	6.23E-19	9.50E-01	-1.34E-02	2.14E-01	2.64E-03	bad-chisq
group_7082	1.07E-02	3.61E-01	8.99E-01	8.20E-03	6.48E-02	5.35E-03	bad-chisq
group_7046	1.07E-02	4.95E-01	9.24E-01	6.43E-03	6.76E-02	4.02E-03	bad-chisq
group_6985	1.07E-02	4.95E-01	9.99E-01	1.21E-04	1.14E-01	4.52E-05	bad-chisq
group_6945	1.07E-02	4.95E-01	9.94E-01	4.14E-05	5.36E-03	3.27E-04	bad-chisq
group_6921	1.07E-02	3.61E-01	9.51E-01	-3.78E-04	6.16E-03	2.59E-03	bad-chisq
group_6810	1.07E-02	3.61E-01	9.85E-01	-1.04E-04	5.38E-03	8.17E-04	bad-chisq
rpe_2	1.07E-02	4.95E-01	1.07E-36	6.15E-01	4.52E-02	4.99E-01	bad-chisq
group_6756	1.07E-02	6.23E-19	8.72E-01	-1.52E-01	9.39E-01	6.84E-03	bad-chisq
group_6705	1.07E-02	4.95E-01	9.76E-01	1.47E-02	4.83E-01	1.29E-03	bad-chisq
hypB_1	1.07E-02	6.23E-19	8.72E-01	-1.52E-01	9.39E-01	6.84E-03	bad-chisq
dasR	1.07E-02	4.95E-01	9.13E-01	1.69E-02	1.55E-01	4.62E-03	bad-chisq
dasC~~~ngcF~~~melD_2	1.07E-02	3.61E-01	9.86E-01	2.97E-03	1.70E-01	7.38E-04	bad-chisq
group_6586	1.07E-02	1.21E-08	7.08E-01	-3.19E-02	8.52E-02	1.58E-02	bad-chisq
kat~~~kat_2~~~hemL_2~~~kat_1	1.07E-02	4.95E-01	9.76E-01	1.47E-02	4.83E-01	1.29E-03	bad-chisq
group_6541	1.07E-02	4.95E-01	9.91E-01	7.12E-05	6.18E-03	4.88E-04	bad-chisq
group_6539	1.07E-02	3.61E-01	8.75E-01	-8.00E-04	5.06E-03	6.68E-03	bad-chisq
group_6515	1.07E-02	6.23E-19	8.72E-01	-1.52E-01	9.39E-01	6.84E-03	bad-chisq
group_6496	1.07E-02	4.95E-01	8.90E-01	1.09E-02	7.84E-02	5.87E-03	bad-chisq
xerC_3~~~xerC_7	1.07E-02	3.61E-01	1.57E-02	-1.95E-01	8.04E-02	1.02E-01	bad-chisq
rplX_2~~~rplX	1.07E-02	4.95E-01	1.00E+00	1.50E-06	5.36E-03	1.18E-05	bad-chisq
group_6426	1.07E-02	4.95E-01	1.00E+00	4.46E-06	8.44E-02	2.24E-06	bad-chisq
group_6384	1.07E-02	4.95E-01	9.97E-01	1.39E-05	4.06E-03	1.45E-04	bad-chisq
nrtC	1.07E-02	4.95E-01	9.76E-01	1.47E-02	4.83E-01	1.29E-03	bad-chisq
group_6301	1.07E-02	3.61E-01	8.47E-01	-1.20E-03	6.20E-03	8.19E-03	bad-chisq
group_6300	1.07E-02	3.61E-01	8.47E-01	-1.20E-03	6.20E-03	8.19E-03	bad-chisq
recU~~~recU_1	1.07E-02	4.95E-01	9.90E-01	7.39E-05	6.17E-03	5.06E-04	bad-chisq
mglA_1~~~mglA_5~~~mglA_2	1.07E-02	4.08E-05	9.98E-01	4.12E-04	1.41E-01	1.24E-04	bad-chisq
cbiJ	1.07E-02	6.23E-19	8.72E-01	-1.52E-01	9.39E-01	6.84E-03	bad-chisq
group_6182	1.07E-02	3.61E-01	9.81E-01	-9.16E-05	3.80E-03	1.02E-03	bad-chisq
group_6143	1.07E-02	4.95E-01	9.07E-01	8.50E-03	7.24E-02	4.97E-03	bad-chisq
group_6142	1.07E-02	4.95E-01	9.79E-01	1.62E-04	6.19E-03	1.11E-03	bad-chisq
ogt	1.07E-02	6.23E-19	9.50E-01	-1.34E-02	2.14E-01	2.64E-03	bad-chisq
group_6113	1.07E-02	1.22E-02	1.76E-01	-2.57E-01	1.90E-01	5.72E-02	bad-chisq
group_6112	1.07E-02	4.95E-01	2.70E-01	1.86E-01	1.68E-01	4.67E-02	bad-chisq
group_6105	1.07E-02	4.95E-01	9.49E-01	4.00E-04	6.20E-03	2.73E-03	bad-chisq
group_6077	1.07E-02	4.95E-01	6.67E-01	2.35E-02	5.47E-02	1.82E-02	bad-chisq
group_6076	1.07E-02	4.95E-01	9.97E-01	2.23E-04	5.97E-02	1.58E-04	bad-chisq
group_6040	1.07E-02	3.61E-01	8.77E-02	-1.10E-01	6.42E-02	7.22E-02	bad-chisq
group_6030	1.07E-02	4.95E-01	9.94E-01	4.94E-05	6.19E-03	3.38E-04	bad-chisq
group_6020	1.07E-02	4.95E-01	9.18E-01	5.27E-03	5.14E-02	4.34E-03	bad-chisq
bshA	1.07E-02	4.95E-01	1.81E-01	6.16E-02	4.59E-02	5.66E-02	bad-chisq
dadD~~~trzA~~~dadD_1	1.07E-02	4.95E-01	9.76E-01	1.47E-02	4.83E-01	1.29E-03	bad-chisq
menH	1.07E-02	6.23E-19	3.06E-02	-1.46E-01	6.73E-02	9.13E-02	bad-chisq
nrtD	1.07E-02	4.95E-01	9.76E-01	1.47E-02	4.83E-01	1.29E-03	bad-chisq
group_5995	1.07E-02	4.95E-01	9.77E-01	1.54E-04	5.36E-03	1.21E-03	bad-chisq
group_5944	1.07E-02	4.95E-01	8.09E-01	2.15E-02	8.89E-02	1.02E-02	bad-chisq
cbiM_2	1.07E-02	6.23E-19	8.72E-01	-1.52E-01	9.39E-01	6.84E-03	bad-chisq
group_5915	1.07E-02	6.23E-19	7.64E-04	-9.94E-01	2.94E-01	1.42E-01	bad-chisq
group_5840	1.07E-02	4.95E-01	9.40E-01	5.36E-03	7.12E-02	3.18E-03	bad-chisq
group_5839	1.07E-02	6.23E-19	9.23E-01	-3.92E-02	4.05E-01	4.09E-03	bad-chisq
thiG	1.07E-02	6.23E-19	8.72E-01	-1.52E-01	9.39E-01	6.84E-03	bad-chisq
group_5826	1.07E-02	6.23E-19	8.72E-01	-1.52E-01	9.39E-01	6.84E-03	bad-chisq
hpdA_2	1.07E-02	6.23E-19	8.72E-01	-1.52E-01	9.39E-01	6.84E-03	bad-chisq
group_5737	1.07E-02	4.95E-01	1.43E-22	3.89E-01	3.81E-02	3.97E-01	bad-chisq
fecE	1.07E-02	6.23E-19	8.72E-01	-1.52E-01	9.39E-01	6.84E-03	bad-chisq
group_5680	1.07E-02	6.23E-19	8.72E-01	-1.52E-01	9.39E-01	6.84E-03	bad-chisq
group_5631	1.07E-02	6.23E-19	9.45E-01	-1.63E-02	2.37E-01	2.92E-03	bad-chisq
group_5628	1.07E-02	4.95E-01	9.32E-01	3.71E-04	4.38E-03	3.59E-03	bad-chisq
cmpB_1	1.07E-02	4.95E-01	9.76E-01	1.47E-02	4.83E-01	1.29E-03	bad-chisq
group_5586	1.07E-02	4.95E-01	9.97E-01	2.16E-04	6.20E-02	1.47E-04	bad-chisq
group_5581	1.07E-02	4.95E-01	8.03E-01	1.35E-02	5.40E-02	1.06E-02	bad-chisq
group_5575	1.07E-02	4.95E-01	8.61E-01	7.35E-03	4.19E-02	7.42E-03	bad-chisq
group_5573	1.07E-02	6.23E-19	9.45E-01	-1.63E-02	2.37E-01	2.92E-03	bad-chisq
group_5556	1.07E-02	4.95E-01	9.94E-01	5.02E-05	6.17E-03	3.44E-04	bad-chisq
group_5554	1.07E-02	4.95E-01	9.72E-01	2.02E-03	5.86E-02	1.46E-03	bad-chisq
group_5552	1.07E-02	4.95E-01	1.00E+00	1.63E-06	4.06E-03	1.69E-05	bad-chisq
group_5550	1.07E-02	4.95E-01	1.00E+00	1.58E-06	5.36E-03	1.24E-05	bad-chisq
group_5545	1.07E-02	4.95E-01	9.26E-01	5.90E-03	6.36E-02	3.93E-03	bad-chisq
group_5509	1.07E-02	3.61E-01	3.65E-26	-4.50E-01	4.04E-02	4.26E-01	bad-chisq
group_5493	1.07E-02	4.95E-01	9.92E-01	5.10E-05	5.35E-03	4.03E-04	bad-chisq
group_5490	1.07E-02	6.23E-19	9.23E-01	-3.92E-02	4.05E-01	4.09E-03	bad-chisq
group_5486	1.07E-02	4.95E-01	9.22E-01	5.80E-03	5.95E-02	4.12E-03	bad-chisq
group_5467	1.07E-02	4.95E-01	8.86E-01	1.02E-02	7.13E-02	6.04E-03	bad-chisq
group_5442	1.07E-02	4.95E-01	9.72E-01	2.19E-03	6.20E-02	1.50E-03	bad-chisq
group_5427	1.07E-02	4.95E-01	9.76E-01	1.47E-02	4.83E-01	1.29E-03	bad-chisq
group_5425	1.07E-02	4.95E-01	9.98E-01	1.22E-05	5.36E-03	9.60E-05	bad-chisq
group_5424	1.07E-02	4.95E-01	8.98E-01	1.01E-02	7.88E-02	5.42E-03	bad-chisq
group_5367	1.07E-02	4.95E-01	9.76E-01	1.47E-02	4.83E-01	1.29E-03	bad-chisq
group_5318	1.07E-02	3.61E-01	4.26E-01	4.04E-02	5.07E-02	3.37E-02	bad-chisq
group_5298	1.07E-02	3.61E-01	4.26E-01	4.04E-02	5.07E-02	3.37E-02	bad-chisq
group_5288	1.07E-02	4.95E-01	9.99E-01	8.69E-06	6.19E-03	5.94E-05	bad-chisq
group_5279	1.07E-02	6.23E-19	8.72E-01	-1.52E-01	9.39E-01	6.84E-03	bad-chisq
group_5270	1.07E-02	4.95E-01	9.36E-01	4.28E-03	5.36E-02	3.38E-03	bad-chisq
group_5237	1.07E-02	6.23E-19	9.23E-01	-3.92E-02	4.05E-01	4.09E-03	bad-chisq
acsE_1	1.07E-02	4.95E-01	9.13E-01	1.69E-02	1.55E-01	4.62E-03	bad-chisq
group_5187	1.07E-02	3.61E-01	3.10E-01	-7.70E-02	7.58E-02	4.29E-02	bad-chisq
group_5179	1.07E-02	4.95E-01	9.88E-01	1.12E-03	7.53E-02	6.30E-04	bad-chisq
group_5138	1.07E-02	3.61E-01	1.73E-02	-1.59E-01	6.67E-02	1.00E-01	bad-chisq
group_5134	1.07E-02	4.95E-01	9.72E-01	2.16E-04	6.17E-03	1.48E-03	bad-chisq
group_5121	1.07E-02	4.95E-01	9.59E-01	3.16E-04	6.19E-03	2.16E-03	bad-chisq
group_5113	1.07E-02	6.23E-19	8.72E-01	-1.52E-01	9.39E-01	6.84E-03	bad-chisq
group_5086	1.07E-02	4.95E-01	9.18E-01	7.05E-03	6.87E-02	4.34E-03	bad-chisq
group_5072	1.07E-02	4.95E-01	1.84E-01	7.03E-02	5.28E-02	5.62E-02	bad-chisq
group_5059	1.07E-02	4.95E-01	9.97E-01	1.39E-05	4.06E-03	1.45E-04	bad-chisq
group_5053	1.07E-02	4.95E-01	9.84E-01	2.65E-03	1.31E-01	8.57E-04	bad-chisq
cbiO_2	1.07E-02	6.23E-19	8.72E-01	-1.52E-01	9.39E-01	6.84E-03	bad-chisq
group_5016	1.07E-02	4.95E-01	9.79E-01	6.96E-03	2.69E-01	1.09E-03	bad-chisq
group_5013	1.07E-02	4.95E-01	9.76E-01	1.47E-02	4.83E-01	1.29E-03	bad-chisq
group_5012	1.07E-02	6.23E-19	8.72E-01	-1.52E-01	9.39E-01	6.84E-03	bad-chisq
group_4942	1.07E-02	4.95E-01	9.62E-01	3.84E-03	8.00E-02	2.03E-03	bad-chisq
group_4925	1.07E-02	4.95E-01	5.44E-01	3.04E-02	5.01E-02	2.57E-02	bad-chisq
group_4920	1.07E-02	4.95E-01	9.94E-01	4.14E-05	5.36E-03	3.27E-04	bad-chisq
gloB_1	1.07E-02	4.95E-01	9.72E-01	2.19E-03	6.20E-02	1.50E-03	bad-chisq
group_4903	1.07E-02	4.95E-01	8.71E-01	1.30E-02	8.00E-02	6.85E-03	bad-chisq
group_4902	1.07E-02	4.95E-01	9.99E-01	6.40E-06	6.16E-03	4.39E-05	bad-chisq
group_4893	1.07E-02	6.23E-19	8.72E-01	-1.52E-01	9.39E-01	6.84E-03	bad-chisq
group_4887	1.07E-02	4.95E-01	9.03E-01	1.06E-02	8.63E-02	5.18E-03	bad-chisq
group_4880	1.07E-02	1.22E-02	8.76E-01	1.25E-02	7.98E-02	6.62E-03	bad-chisq
group_4874	1.07E-02	6.23E-19	8.72E-01	-1.52E-01	9.39E-01	6.84E-03	bad-chisq
group_4873	1.07E-02	4.95E-01	9.87E-01	8.54E-04	5.13E-02	7.05E-04	bad-chisq
group_4869	1.07E-02	4.95E-01	3.12E-01	5.64E-02	5.57E-02	4.28E-02	bad-chisq
group_4865	1.07E-02	4.95E-01	9.99E-01	1.46E-04	1.01E-01	6.14E-05	bad-chisq
group_4822	1.07E-02	4.95E-01	9.86E-01	1.06E-04	6.18E-03	7.24E-04	bad-chisq
group_4820	1.07E-02	3.61E-01	8.33E-01	-1.17E-02	5.56E-02	8.92E-03	bad-chisq
group_4818	1.07E-02	6.23E-19	8.72E-01	-1.52E-01	9.39E-01	6.84E-03	bad-chisq
thiD	1.07E-02	6.23E-19	8.72E-01	-1.52E-01	9.39E-01	6.84E-03	bad-chisq
group_4784	1.07E-02	4.95E-01	8.09E-01	2.92E-02	1.21E-01	1.02E-02	bad-chisq
group_4762	1.07E-02	4.95E-01	8.31E-01	9.01E-03	4.22E-02	9.03E-03	bad-chisq
group_4750	1.07E-02	4.95E-01	9.62E-01	3.84E-03	8.00E-02	2.03E-03	bad-chisq
group_4722	1.07E-02	1.22E-02	8.76E-01	1.25E-02	7.98E-02	6.62E-03	bad-chisq
group_4714	1.07E-02	4.95E-01	1.00E+00	7.20E-07	3.17E-03	9.61E-06	bad-chisq
group_4703	1.07E-02	4.95E-01	9.99E-01	1.21E-04	1.14E-01	4.52E-05	bad-chisq
group_4665	1.07E-02	3.61E-01	8.71E-01	1.46E-02	9.04E-02	6.85E-03	bad-chisq
group_4661	1.07E-02	4.95E-01	9.97E-01	2.23E-04	6.80E-02	1.39E-04	bad-chisq
group_4640	1.07E-02	4.95E-01	9.76E-01	1.47E-02	4.83E-01	1.29E-03	bad-chisq
group_4611	1.07E-02	4.95E-01	9.76E-01	1.47E-02	4.83E-01	1.29E-03	bad-chisq
group_4589	1.07E-02	4.95E-01	9.89E-01	1.87E-03	1.34E-01	5.91E-04	bad-chisq
group_4588	1.07E-02	4.95E-01	9.00E-01	1.17E-02	9.30E-02	5.31E-03	bad-chisq
thiH	1.07E-02	6.23E-19	8.72E-01	-1.52E-01	9.39E-01	6.84E-03	bad-chisq
group_4581	1.07E-02	4.95E-01	2.27E-01	5.79E-02	4.79E-02	5.11E-02	bad-chisq
group_4565	1.07E-02	4.95E-01	9.94E-01	4.14E-05	5.36E-03	3.27E-04	bad-chisq
group_4558	1.07E-02	6.23E-19	9.61E-01	-9.26E-03	1.87E-01	2.09E-03	bad-chisq
group_4556	1.07E-02	4.95E-01	9.86E-01	1.60E-03	9.14E-02	7.42E-04	bad-chisq
cmpB_2	1.07E-02	4.95E-01	9.76E-01	1.47E-02	4.83E-01	1.29E-03	bad-chisq
group_4543	1.07E-02	4.95E-01	8.60E-01	1.04E-02	5.86E-02	7.47E-03	bad-chisq
group_4535	1.07E-02	4.95E-01	1.84E-01	7.03E-02	5.28E-02	5.62E-02	bad-chisq
group_4522	1.07E-02	6.23E-19	8.72E-01	-1.52E-01	9.39E-01	6.84E-03	bad-chisq
group_4464	1.07E-02	4.95E-01	1.00E+00	1.56E-06	5.37E-03	1.23E-05	bad-chisq
group_4438	1.07E-02	4.95E-01	9.28E-01	5.60E-03	6.21E-02	3.81E-03	bad-chisq
group_4426	1.07E-02	6.23E-19	8.72E-01	-1.52E-01	9.39E-01	6.84E-03	bad-chisq
group_4422	1.07E-02	4.95E-01	9.99E-01	5.70E-06	6.19E-03	3.90E-05	bad-chisq
group_4384	1.07E-02	3.61E-01	8.47E-01	-1.20E-03	6.20E-03	8.19E-03	bad-chisq
group_4368	1.07E-02	6.23E-19	9.50E-01	-1.34E-02	2.14E-01	2.64E-03	bad-chisq
group_4359	1.07E-02	6.23E-19	8.72E-01	-1.52E-01	9.39E-01	6.84E-03	bad-chisq
group_4344	1.07E-02	4.95E-01	6.10E-01	5.38E-02	1.05E-01	2.16E-02	bad-chisq
group_4330	1.07E-02	4.95E-01	8.08E-02	1.00E-01	5.73E-02	7.38E-02	bad-chisq
group_4311	1.07E-02	4.95E-01	1.00E+00	3.63E-07	4.40E-03	3.49E-06	bad-chisq
group_4297	1.07E-02	3.61E-01	1.57E-01	-7.29E-02	5.14E-02	5.99E-02	bad-chisq
group_4245	1.07E-02	6.23E-19	8.72E-01	-1.52E-01	9.39E-01	6.84E-03	bad-chisq
group_4216	1.07E-02	6.23E-19	9.50E-01	-1.34E-02	2.14E-01	2.64E-03	bad-chisq
gamR	1.07E-02	6.23E-19	9.50E-01	-1.34E-02	2.14E-01	2.64E-03	bad-chisq
group_4109	1.07E-02	6.23E-19	9.50E-01	-1.34E-02	2.14E-01	2.64E-03	bad-chisq
group_4070	1.07E-02	6.23E-19	9.50E-01	-1.34E-02	2.14E-01	2.64E-03	bad-chisq
cheB_1~~~cheB	1.07E-02	3.03E-13	1.27E-01	-2.22E-01	1.46E-01	6.44E-02	bad-chisq
group_4048	1.07E-02	4.95E-01	9.97E-01	1.97E-05	6.18E-03	1.35E-04	bad-chisq
metR_2	1.07E-02	4.95E-01	4.62E-02	1.11E-01	5.55E-02	8.42E-02	bad-chisq
group_4030	1.07E-02	4.95E-01	9.76E-01	1.47E-02	4.83E-01	1.29E-03	bad-chisq
group_4006	1.07E-02	4.95E-01	7.86E-01	1.85E-02	6.80E-02	1.15E-02	bad-chisq
group_3996	1.07E-02	4.95E-01	9.90E-01	7.97E-04	6.21E-02	5.43E-04	bad-chisq
group_3995	1.07E-02	4.95E-01	9.90E-01	7.97E-04	6.21E-02	5.43E-04	bad-chisq
melD_4	1.07E-02	4.95E-01	9.86E-01	1.60E-03	9.14E-02	7.42E-04	bad-chisq
group_3978	1.07E-02	4.95E-01	9.76E-01	1.47E-02	4.83E-01	1.29E-03	bad-chisq
group_3945	1.07E-02	4.95E-01	9.69E-01	3.51E-03	9.05E-02	1.64E-03	bad-chisq
sau3AIR	1.07E-02	4.95E-01	7.38E-01	2.79E-02	8.35E-02	1.41E-02	bad-chisq
group_3852	1.07E-02	4.95E-01	9.98E-01	2.46E-04	8.49E-02	1.23E-04	bad-chisq
melD_1	1.07E-02	3.61E-01	8.71E-01	1.46E-02	9.04E-02	6.85E-03	bad-chisq
group_3843	1.07E-02	6.23E-19	9.45E-01	-1.63E-02	2.37E-01	2.92E-03	bad-chisq
group_3786	1.07E-02	6.23E-19	8.72E-01	-1.52E-01	9.39E-01	6.84E-03	bad-chisq
group_3781	1.07E-02	6.23E-19	8.72E-01	-1.52E-01	9.39E-01	6.84E-03	bad-chisq
araC	1.07E-02	6.23E-19	8.72E-01	-1.52E-01	9.39E-01	6.84E-03	bad-chisq
group_3727	1.07E-02	6.23E-19	8.72E-01	-1.52E-01	9.39E-01	6.84E-03	bad-chisq
group_3711	1.07E-02	6.23E-19	9.45E-01	-1.63E-02	2.37E-01	2.92E-03	bad-chisq
group_3708	1.07E-02	1.22E-02	8.49E-01	1.49E-02	7.80E-02	8.07E-03	bad-chisq
group_3645	1.07E-02	4.95E-01	9.72E-01	2.19E-03	6.20E-02	1.50E-03	bad-chisq
group_3628	1.07E-02	4.95E-01	1.21E-34	5.85E-01	4.44E-02	4.86E-01	bad-chisq
group_3600	1.07E-02	6.23E-19	1.79E-01	-1.18E-01	8.74E-02	5.68E-02	bad-chisq
cwlA	1.07E-02	6.23E-19	8.72E-01	-1.52E-01	9.39E-01	6.84E-03	bad-chisq
group_3586	1.07E-02	4.95E-01	7.37E-01	3.53E-02	1.05E-01	1.42E-02	bad-chisq
group_3546	1.07E-02	3.61E-01	9.92E-01	6.46E-04	6.18E-02	4.42E-04	bad-chisq
group_3543	1.07E-02	4.08E-05	3.36E-03	-1.54E-01	5.24E-02	1.24E-01	bad-chisq
group_3532	1.07E-02	4.95E-01	9.18E-01	7.05E-03	6.87E-02	4.34E-03	bad-chisq
group_3510	1.07E-02	4.95E-01	9.42E-01	8.36E-03	1.15E-01	3.06E-03	bad-chisq
pyrB	1.07E-02	6.23E-19	8.72E-01	-1.52E-01	9.39E-01	6.84E-03	bad-chisq
group_3471	1.07E-02	4.95E-01	9.76E-01	1.47E-02	4.83E-01	1.29E-03	bad-chisq
oppB_2	1.07E-02	3.61E-01	9.75E-01	2.65E-03	8.56E-02	1.31E-03	bad-chisq
group_3456	1.07E-02	6.23E-19	8.72E-01	-1.52E-01	9.39E-01	6.84E-03	bad-chisq
group_3452	1.07E-02	3.03E-13	9.94E-01	-4.10E-04	5.06E-02	3.43E-04	bad-chisq
group_3440	1.07E-02	4.95E-01	1.00E+00	2.19E-06	6.17E-03	1.50E-05	bad-chisq
group_3424	1.07E-02	4.95E-01	9.86E-01	1.60E-03	9.14E-02	7.42E-04	bad-chisq
group_3405	1.07E-02	3.61E-01	9.58E-02	-1.24E-01	7.40E-02	7.04E-02	bad-chisq
group_3400	1.07E-02	4.95E-01	8.56E-01	1.12E-03	6.17E-03	7.67E-03	bad-chisq
group_3375	1.07E-02	6.23E-19	8.72E-01	-1.52E-01	9.39E-01	6.84E-03	bad-chisq
glcK_2	1.07E-02	6.23E-19	8.72E-01	-1.52E-01	9.39E-01	6.84E-03	bad-chisq
group_3366	1.07E-02	4.95E-01	9.76E-01	1.47E-02	4.83E-01	1.29E-03	bad-chisq
irtA_1~~~irtA	1.07E-02	4.95E-01	9.98E-01	1.13E-05	4.60E-03	1.04E-04	bad-chisq
group_3350	1.07E-02	4.95E-01	6.10E-01	5.38E-02	1.05E-01	2.16E-02	bad-chisq
group_3348	1.07E-02	4.95E-01	9.72E-01	2.19E-03	6.20E-02	1.50E-03	bad-chisq
dusB	1.07E-02	6.23E-19	8.72E-01	-1.52E-01	9.39E-01	6.84E-03	bad-chisq
group_3308	1.07E-02	3.61E-01	9.98E-01	-2.43E-04	1.03E-01	1.00E-04	bad-chisq
group_3294	1.07E-02	4.95E-01	8.12E-01	1.04E-03	4.38E-03	1.00E-02	bad-chisq
group_3286	1.07E-02	3.61E-01	6.43E-01	-3.29E-02	7.11E-02	1.96E-02	bad-chisq
group_3273	1.07E-02	6.23E-19	8.72E-01	-1.52E-01	9.39E-01	6.84E-03	bad-chisq
group_3218	1.07E-02	1.21E-08	7.08E-01	-3.19E-02	8.52E-02	1.58E-02	bad-chisq
group_3181	1.07E-02	4.95E-01	9.96E-01	6.35E-04	1.19E-01	2.26E-04	bad-chisq
group_3178	1.07E-02	4.95E-01	9.99E-01	2.80E-06	2.47E-03	4.79E-05	bad-chisq
group_3166	1.07E-02	3.61E-01	4.26E-01	4.04E-02	5.07E-02	3.37E-02	bad-chisq
group_3162	1.07E-02	4.95E-01	9.84E-01	4.23E-03	2.16E-01	8.27E-04	bad-chisq
group_3156	1.07E-02	4.95E-01	6.10E-01	5.38E-02	1.05E-01	2.16E-02	bad-chisq
group_3150	1.07E-02	4.95E-01	9.80E-01	6.40E-03	2.52E-01	1.07E-03	bad-chisq
spo0A_2	1.07E-02	4.95E-01	9.93E-01	5.44E-05	6.19E-03	3.72E-04	bad-chisq
group_3109	1.07E-02	4.95E-01	3.50E-49	7.97E-01	4.89E-02	5.68E-01	bad-chisq
group_3101	1.07E-02	4.95E-01	9.18E-01	6.35E-04	6.16E-03	4.36E-03	bad-chisq
group_3095	1.07E-02	3.61E-01	9.99E-01	6.91E-06	6.20E-03	4.71E-05	bad-chisq
murK	1.07E-02	4.95E-01	9.76E-01	1.47E-02	4.83E-01	1.29E-03	bad-chisq
group_3015	1.07E-02	6.23E-19	9.45E-01	-1.63E-02	2.37E-01	2.92E-03	bad-chisq
ptsI~~~ptsI_3	1.07E-02	4.95E-01	9.89E-01	8.54E-04	6.18E-02	5.85E-04	bad-chisq
group_2984	1.07E-02	4.95E-01	1.00E+00	2.16E-07	4.40E-03	2.08E-06	bad-chisq
group_2976	1.07E-02	4.95E-01	1.81E-01	6.16E-02	4.59E-02	5.66E-02	bad-chisq
group_2960	1.07E-02	6.23E-19	9.65E-01	-4.01E-03	9.26E-02	1.83E-03	bad-chisq
group_2945	1.07E-02	4.95E-01	9.93E-01	6.66E-04	7.18E-02	3.92E-04	bad-chisq
oppD_2~~~dppD	1.07E-02	4.95E-01	9.95E-01	3.96E-05	6.19E-03	2.71E-04	bad-chisq
group_2934	1.07E-02	4.95E-01	9.08E-01	8.91E-03	7.72E-02	4.88E-03	bad-chisq
group_2909	1.07E-02	4.95E-01	9.32E-01	7.25E-03	8.46E-02	3.63E-03	bad-chisq
group_2880	1.07E-02	1.22E-02	8.76E-01	1.25E-02	7.98E-02	6.62E-03	bad-chisq
group_2871	1.07E-02	3.61E-01	8.61E-01	-8.08E-04	4.62E-03	7.40E-03	bad-chisq
yteP	1.07E-02	1.22E-02	8.49E-01	1.49E-02	7.80E-02	8.07E-03	bad-chisq
group_2865	1.07E-02	4.95E-01	9.99E-01	9.08E-06	6.20E-03	6.19E-05	bad-chisq
group_2838	1.07E-02	1.21E-08	9.59E-01	-3.31E-03	6.38E-02	2.19E-03	bad-chisq
group_2832	1.07E-02	4.95E-01	9.29E-01	5.53E-03	6.20E-02	3.77E-03	bad-chisq
group_2818	1.07E-02	6.23E-19	8.72E-01	-1.52E-01	9.39E-01	6.84E-03	bad-chisq
pgl_1	1.07E-02	3.61E-01	9.75E-01	2.65E-03	8.56E-02	1.31E-03	bad-chisq
group_2803	1.07E-02	3.61E-01	8.77E-02	-1.10E-01	6.42E-02	7.22E-02	bad-chisq
yhdJ	1.07E-02	4.95E-01	9.52E-01	2.64E-03	4.40E-02	2.54E-03	bad-chisq
group_2778	1.07E-02	6.23E-19	8.72E-01	-1.52E-01	9.39E-01	6.84E-03	bad-chisq
group_2746	1.07E-02	6.23E-19	8.72E-01	-1.52E-01	9.39E-01	6.84E-03	bad-chisq
group_2713	1.07E-02	4.95E-01	9.99E-01	5.93E-06	6.16E-03	4.07E-05	bad-chisq
group_2690	1.07E-02	6.23E-19	8.72E-01	-1.52E-01	9.39E-01	6.84E-03	bad-chisq
xerD_1	1.07E-02	4.95E-01	3.38E-01	4.78E-02	4.99E-02	4.05E-02	bad-chisq
group_2659	1.07E-02	6.23E-19	8.72E-01	-1.52E-01	9.39E-01	6.84E-03	bad-chisq
group_2658	1.07E-02	4.95E-01	9.71E-01	2.98E-03	8.19E-02	1.54E-03	bad-chisq
group_2633	1.07E-02	4.95E-01	2.72E-52	8.39E-01	4.95E-02	5.83E-01	bad-chisq
group_2624	1.07E-02	1.22E-02	8.49E-01	1.49E-02	7.80E-02	8.07E-03	bad-chisq
hemE_1	1.07E-02	6.23E-19	8.72E-01	-1.52E-01	9.39E-01	6.84E-03	bad-chisq
group_2605	1.07E-02	3.61E-01	8.88E-01	-7.57E-04	5.38E-03	5.95E-03	bad-chisq
group_2582	1.07E-02	3.61E-01	9.99E-01	-5.01E-06	2.98E-03	7.11E-05	bad-chisq
group_2568	1.07E-02	4.95E-01	9.89E-01	6.75E-04	4.69E-02	6.09E-04	bad-chisq
rbsC_5~~~rbsC_2	1.07E-02	1.21E-08	9.69E-01	-2.50E-03	6.48E-02	1.63E-03	bad-chisq
galE	1.07E-02	6.23E-19	8.72E-01	-1.52E-01	9.39E-01	6.84E-03	bad-chisq
group_2527	1.07E-02	4.95E-01	9.93E-01	4.27E-04	5.18E-02	3.48E-04	bad-chisq
group_2512	1.07E-02	1.22E-02	8.76E-01	1.25E-02	7.98E-02	6.62E-03	bad-chisq
group_2469	1.07E-02	6.23E-19	8.72E-01	-1.52E-01	9.39E-01	6.84E-03	bad-chisq
group_2463	1.07E-02	6.23E-19	8.72E-01	-1.52E-01	9.39E-01	6.84E-03	bad-chisq
group_2461	1.07E-02	4.95E-01	8.56E-01	1.12E-03	6.17E-03	7.67E-03	bad-chisq
group_2438	1.07E-02	4.95E-01	9.76E-01	1.47E-02	4.83E-01	1.29E-03	bad-chisq
group_2428	1.07E-02	3.61E-01	9.12E-01	-4.08E-04	3.68E-03	4.69E-03	bad-chisq
group_2419	1.07E-02	4.95E-01	9.72E-01	2.19E-03	6.20E-02	1.50E-03	bad-chisq
group_2397	1.07E-02	4.95E-01	9.76E-01	1.47E-02	4.83E-01	1.29E-03	bad-chisq
group_2391	1.07E-02	4.95E-01	3.57E-35	5.92E-01	4.46E-02	4.90E-01	bad-chisq
group_2390	1.07E-02	1.22E-02	8.49E-01	1.49E-02	7.80E-02	8.07E-03	bad-chisq
group_2386	1.07E-02	6.23E-19	8.72E-01	-1.52E-01	9.39E-01	6.84E-03	bad-chisq
group_2362	1.07E-02	1.22E-02	4.33E-15	-5.07E-01	6.28E-02	3.23E-01	bad-chisq
ypdE	1.07E-02	6.23E-19	9.50E-01	-1.34E-02	2.14E-01	2.64E-03	bad-chisq
group_2311	1.07E-02	3.61E-01	9.91E-01	9.66E-04	8.27E-02	4.94E-04	bad-chisq
fbiB	1.07E-02	6.23E-19	7.64E-04	-9.94E-01	2.94E-01	1.42E-01	bad-chisq
cobD_2	1.07E-02	6.23E-19	8.72E-01	-1.52E-01	9.39E-01	6.84E-03	bad-chisq
group_2225	1.07E-02	6.23E-19	8.72E-01	-1.52E-01	9.39E-01	6.84E-03	bad-chisq
group_2224	1.07E-02	6.23E-19	8.72E-01	-1.52E-01	9.39E-01	6.84E-03	bad-chisq
group_2195	1.07E-02	4.95E-01	6.71E-01	3.36E-02	7.91E-02	1.80E-02	bad-chisq
group_2191	1.07E-02	6.23E-19	8.72E-01	-1.52E-01	9.39E-01	6.84E-03	bad-chisq
group_2157	1.07E-02	1.22E-02	8.49E-01	1.49E-02	7.80E-02	8.07E-03	bad-chisq
group_2138	1.07E-02	6.23E-19	8.72E-01	-1.52E-01	9.39E-01	6.84E-03	bad-chisq
group_2133	1.07E-02	6.23E-19	8.72E-01	-1.52E-01	9.39E-01	6.84E-03	bad-chisq
group_2132	1.07E-02	4.95E-01	9.76E-01	1.47E-02	4.83E-01	1.29E-03	bad-chisq
group_2127	1.07E-02	6.23E-19	8.72E-01	-1.52E-01	9.39E-01	6.84E-03	bad-chisq
group_2122	1.07E-02	4.95E-01	9.76E-01	1.47E-02	4.83E-01	1.29E-03	bad-chisq
group_2121	1.07E-02	4.95E-01	8.69E-01	1.40E-02	8.47E-02	6.98E-03	bad-chisq
pfp_3	1.07E-02	6.23E-19	8.72E-01	-1.52E-01	9.39E-01	6.84E-03	bad-chisq
group_2050	1.07E-02	1.22E-02	8.76E-01	1.25E-02	7.98E-02	6.62E-03	bad-chisq
group_2039	1.07E-02	4.95E-01	7.86E-01	1.85E-02	6.80E-02	1.15E-02	bad-chisq
group_2027	1.07E-02	4.95E-01	9.21E-01	5.75E-03	5.76E-02	4.22E-03	bad-chisq
group_2018	1.07E-02	4.95E-01	9.08E-01	8.91E-03	7.72E-02	4.88E-03	bad-chisq
rfuC_2	1.07E-02	4.95E-01	3.50E-49	7.97E-01	4.89E-02	5.68E-01	bad-chisq
group_2010	1.07E-02	3.61E-01	7.70E-01	3.16E-02	1.08E-01	1.24E-02	bad-chisq
group_1982	1.07E-02	4.95E-01	9.90E-01	7.97E-04	6.21E-02	5.43E-04	bad-chisq
group_1971	1.07E-02	4.95E-01	8.84E-01	7.33E-04	5.04E-03	6.16E-03	bad-chisq
group_1966	1.07E-02	4.95E-01	8.52E-01	2.87E-02	1.53E-01	7.91E-03	bad-chisq
group_1949	1.07E-02	4.95E-01	9.40E-01	5.36E-03	7.12E-02	3.18E-03	bad-chisq
dkgA	1.07E-02	4.95E-01	9.75E-01	3.06E-03	9.86E-02	1.31E-03	bad-chisq
group_1933	1.07E-02	4.95E-01	9.62E-01	3.84E-03	8.00E-02	2.03E-03	bad-chisq
rbsC	1.07E-02	1.22E-02	5.53E-01	-5.73E-02	9.67E-02	2.51E-02	bad-chisq
kdpD_1~~~kdpD	1.07E-02	6.23E-19	8.72E-01	-1.52E-01	9.39E-01	6.84E-03	bad-chisq
scmP	1.07E-02	1.22E-02	8.49E-01	1.49E-02	7.80E-02	8.07E-03	bad-chisq
sasA_1	1.07E-02	6.23E-19	8.72E-01	-1.52E-01	9.39E-01	6.84E-03	bad-chisq
group_1865	1.07E-02	4.95E-01	9.76E-01	1.47E-02	4.83E-01	1.29E-03	bad-chisq
group_1857	1.07E-02	4.95E-01	4.36E-51	8.23E-01	4.93E-02	5.77E-01	bad-chisq
group_1855	1.07E-02	1.22E-02	5.02E-01	4.16E-02	6.19E-02	2.84E-02	bad-chisq
group_1843	1.07E-02	6.23E-19	8.72E-01	-1.52E-01	9.39E-01	6.84E-03	bad-chisq
group_1836	1.07E-02	4.95E-01	8.98E-01	1.01E-02	7.88E-02	5.42E-03	bad-chisq
group_1835	1.07E-02	4.95E-01	8.98E-01	1.01E-02	7.88E-02	5.42E-03	bad-chisq
group_1822	1.07E-02	6.23E-19	8.72E-01	-1.52E-01	9.39E-01	6.84E-03	bad-chisq
group_1810	1.07E-02	3.61E-01	9.75E-01	2.65E-03	8.56E-02	1.31E-03	bad-chisq
group_1802	1.07E-02	4.95E-01	9.43E-01	3.48E-03	4.91E-02	3.00E-03	bad-chisq
group_1797	1.07E-02	4.95E-01	9.95E-01	3.62E-05	5.37E-03	2.85E-04	bad-chisq
btuC	1.07E-02	6.23E-19	8.72E-01	-1.52E-01	9.39E-01	6.84E-03	bad-chisq
group_1747	1.07E-02	6.23E-19	8.72E-01	-1.52E-01	9.39E-01	6.84E-03	bad-chisq
group_1728	1.07E-02	4.95E-01	9.54E-01	5.73E-03	9.83E-02	2.46E-03	bad-chisq
cutC_2	1.07E-02	6.23E-19	8.72E-01	-1.52E-01	9.39E-01	6.84E-03	bad-chisq
group_1713	1.07E-02	1.22E-02	1.57E-01	-1.17E-01	8.26E-02	5.99E-02	bad-chisq
sigW	1.07E-02	6.23E-19	8.72E-01	-1.52E-01	9.39E-01	6.84E-03	bad-chisq
group_1670	1.07E-02	4.95E-01	7.75E-01	2.48E-02	8.68E-02	1.21E-02	bad-chisq
cobT	1.07E-02	6.23E-19	8.72E-01	-1.52E-01	9.39E-01	6.84E-03	bad-chisq
group_1644	1.07E-02	3.61E-01	9.44E-03	1.24E-01	4.78E-02	1.10E-01	bad-chisq
group_1642	1.07E-02	6.23E-19	8.72E-01	-1.52E-01	9.39E-01	6.84E-03	bad-chisq
rhaR_2~~~rhaR_5	1.07E-02	4.95E-01	9.72E-01	8.39E-03	2.36E-01	1.51E-03	bad-chisq
group_1638	1.07E-02	6.23E-19	8.72E-01	-1.52E-01	9.39E-01	6.84E-03	bad-chisq
group_1617	1.07E-02	4.95E-01	7.38E-01	2.79E-02	8.35E-02	1.41E-02	bad-chisq
sufS_2	1.07E-02	4.95E-01	7.37E-01	3.53E-02	1.05E-01	1.42E-02	bad-chisq
cbiA	1.07E-02	6.23E-19	8.72E-01	-1.52E-01	9.39E-01	6.84E-03	bad-chisq
group_1582	1.07E-02	4.95E-01	9.40E-01	5.36E-03	7.12E-02	3.18E-03	bad-chisq
yhhX	1.07E-02	4.95E-01	9.75E-01	3.06E-03	9.86E-02	1.31E-03	bad-chisq
frcA	1.07E-02	1.22E-02	5.53E-01	-5.73E-02	9.67E-02	2.51E-02	bad-chisq
group_1569	1.07E-02	6.23E-19	8.72E-01	-1.52E-01	9.39E-01	6.84E-03	bad-chisq
group_1563	1.07E-02	4.95E-01	9.76E-01	1.47E-02	4.83E-01	1.29E-03	bad-chisq
group_1562	1.07E-02	4.95E-01	9.99E-01	8.56E-06	6.19E-03	5.85E-05	bad-chisq
group_1554	1.07E-02	6.23E-19	8.72E-01	-1.52E-01	9.39E-01	6.84E-03	bad-chisq
murR_2~~~murR_1	1.07E-02	4.95E-01	9.98E-01	1.21E-05	6.19E-03	8.29E-05	bad-chisq
leuC_3	1.07E-02	4.95E-01	9.08E-01	8.91E-03	7.72E-02	4.88E-03	bad-chisq
group_1516	1.07E-02	4.95E-01	9.73E-01	2.09E-04	6.18E-03	1.43E-03	bad-chisq
group_1508	1.07E-02	4.95E-01	9.54E-01	3.54E-04	6.18E-03	2.43E-03	bad-chisq
xerC_5~~~xerC_4	1.07E-02	4.95E-01	3.38E-01	4.78E-02	4.99E-02	4.05E-02	bad-chisq
group_1469	1.07E-02	4.95E-01	9.17E-01	8.88E-03	8.49E-02	4.43E-03	bad-chisq
nanK~~~nagC	1.07E-02	6.23E-19	8.72E-01	-1.52E-01	9.39E-01	6.84E-03	bad-chisq
ugpA	1.07E-02	4.95E-01	9.76E-01	1.47E-02	4.83E-01	1.29E-03	bad-chisq
group_1428	1.07E-02	4.95E-01	9.13E-01	1.69E-02	1.55E-01	4.62E-03	bad-chisq
purH_1	1.07E-02	6.23E-19	8.72E-01	-1.52E-01	9.39E-01	6.84E-03	bad-chisq
thi4	1.07E-02	4.95E-01	3.57E-35	5.92E-01	4.46E-02	4.90E-01	bad-chisq
group_1391	1.07E-02	4.95E-01	9.76E-01	1.47E-02	4.83E-01	1.29E-03	bad-chisq
hutI_3	1.07E-02	4.95E-01	1.07E-36	6.15E-01	4.52E-02	4.99E-01	bad-chisq
group_1379	1.07E-02	6.23E-19	8.72E-01	-1.52E-01	9.39E-01	6.84E-03	bad-chisq
group_1372	1.07E-02	6.23E-19	8.72E-01	-1.52E-01	9.39E-01	6.84E-03	bad-chisq
group_1349	1.07E-02	4.95E-01	9.76E-01	1.47E-02	4.83E-01	1.29E-03	bad-chisq
group_1318	1.07E-02	3.61E-01	8.14E-01	-1.44E-03	6.14E-03	9.94E-03	bad-chisq
btuD_7~~~btuD_5	1.07E-02	4.95E-01	9.98E-01	1.38E-05	6.17E-03	9.44E-05	bad-chisq
group_1315	1.07E-02	4.95E-01	9.76E-01	1.47E-02	4.83E-01	1.29E-03	bad-chisq
group_1289	1.07E-02	4.95E-01	9.94E-01	4.35E-04	6.20E-02	2.97E-04	bad-chisq
group_1267	1.07E-02	4.95E-01	9.18E-01	6.29E-03	6.11E-02	4.35E-03	bad-chisq
cbiET	1.07E-02	6.23E-19	8.72E-01	-1.52E-01	9.39E-01	6.84E-03	bad-chisq
group_1251	1.07E-02	1.22E-02	8.49E-01	1.49E-02	7.80E-02	8.07E-03	bad-chisq
eis	1.07E-02	1.22E-02	8.49E-01	1.49E-02	7.80E-02	8.07E-03	bad-chisq
group_1239	1.07E-02	4.95E-01	9.73E-01	1.81E-03	5.29E-02	1.45E-03	bad-chisq
group_1237	1.07E-02	3.61E-01	8.14E-01	-1.44E-03	6.14E-03	9.94E-03	bad-chisq
group_1229	1.07E-02	4.95E-01	9.80E-01	2.15E-03	8.71E-02	1.04E-03	bad-chisq
hypB_2	1.07E-02	6.23E-19	8.72E-01	-1.52E-01	9.39E-01	6.84E-03	bad-chisq
group_1188	1.07E-02	6.23E-19	8.72E-01	-1.52E-01	9.39E-01	6.84E-03	bad-chisq
mlc_2	1.07E-02	6.23E-19	8.72E-01	-1.52E-01	9.39E-01	6.84E-03	bad-chisq
anmK	1.07E-02	4.95E-01	9.08E-01	8.91E-03	7.72E-02	4.88E-03	bad-chisq
group_1179	1.07E-02	4.95E-01	9.97E-01	4.20E-04	1.21E-01	1.47E-04	bad-chisq
group_1140	1.07E-02	4.95E-01	7.38E-01	2.79E-02	8.35E-02	1.41E-02	bad-chisq
group_1115	1.07E-02	4.95E-01	9.45E-01	4.18E-03	6.03E-02	2.93E-03	bad-chisq
group_1109	1.07E-02	6.23E-19	8.72E-01	-1.52E-01	9.39E-01	6.84E-03	bad-chisq
group_1094	1.07E-02	6.23E-19	8.72E-01	-1.52E-01	9.39E-01	6.84E-03	bad-chisq
group_1073	1.07E-02	6.23E-19	8.72E-01	-1.52E-01	9.39E-01	6.84E-03	bad-chisq
fpgS	1.07E-02	6.23E-19	8.72E-01	-1.52E-01	9.39E-01	6.84E-03	bad-chisq
group_1053	1.07E-02	6.23E-19	8.72E-01	-1.52E-01	9.39E-01	6.84E-03	bad-chisq
group_1015	1.07E-02	1.22E-02	8.49E-01	1.49E-02	7.80E-02	8.07E-03	bad-chisq
rhaR_9	1.07E-02	4.95E-01	9.88E-01	7.02E-05	4.61E-03	6.43E-04	bad-chisq
group_936	1.07E-02	6.23E-19	8.72E-01	-1.52E-01	9.39E-01	6.84E-03	bad-chisq
group_910	1.07E-02	3.61E-01	8.71E-01	1.46E-02	9.04E-02	6.85E-03	bad-chisq
group_898	1.07E-02	4.95E-01	9.87E-01	1.27E-03	7.90E-02	6.78E-04	bad-chisq
group_873	1.07E-02	4.95E-01	9.86E-01	1.60E-03	9.14E-02	7.42E-04	bad-chisq
brnQ_2	1.07E-02	4.95E-01	4.62E-02	1.11E-01	5.55E-02	8.42E-02	bad-chisq
group_868	1.07E-02	4.95E-01	9.76E-01	1.47E-02	4.83E-01	1.29E-03	bad-chisq
group_858	1.07E-02	6.23E-19	8.72E-01	-1.52E-01	9.39E-01	6.84E-03	bad-chisq
hemE_3	1.07E-02	6.23E-19	8.72E-01	-1.52E-01	9.39E-01	6.84E-03	bad-chisq
mepA_1	1.07E-02	6.23E-19	8.72E-01	-1.52E-01	9.39E-01	6.84E-03	bad-chisq
tnaA2	1.07E-02	3.61E-01	9.75E-01	2.65E-03	8.56E-02	1.31E-03	bad-chisq
group_834	1.07E-02	4.95E-01	2.17E-01	6.04E-02	4.88E-02	5.23E-02	bad-chisq
group_788	1.07E-02	6.23E-19	8.72E-01	-1.52E-01	9.39E-01	6.84E-03	bad-chisq
group_769	1.07E-02	4.95E-01	9.76E-01	1.47E-02	4.83E-01	1.29E-03	bad-chisq
group_767	1.07E-02	6.23E-19	8.72E-01	-1.52E-01	9.39E-01	6.84E-03	bad-chisq
xylA_2	1.07E-02	4.95E-01	9.72E-01	2.19E-03	6.20E-02	1.50E-03	bad-chisq
group_719	1.07E-02	4.95E-01	6.10E-01	5.38E-02	1.05E-01	2.16E-02	bad-chisq
group_714	1.07E-02	4.95E-01	9.13E-01	1.69E-02	1.55E-01	4.62E-03	bad-chisq
group_694	1.07E-02	4.95E-01	9.08E-01	8.91E-03	7.72E-02	4.88E-03	bad-chisq
group_683	1.07E-02	6.23E-19	8.72E-01	-1.52E-01	9.39E-01	6.84E-03	bad-chisq
cobQ	1.07E-02	6.23E-19	8.72E-01	-1.52E-01	9.39E-01	6.84E-03	bad-chisq
group_672	1.07E-02	6.23E-19	8.72E-01	-1.52E-01	9.39E-01	6.84E-03	bad-chisq
group_650	1.07E-02	1.22E-02	8.49E-01	1.49E-02	7.80E-02	8.07E-03	bad-chisq
group_638	1.07E-02	3.61E-01	8.71E-01	1.46E-02	9.04E-02	6.85E-03	bad-chisq
group_635	1.07E-02	4.95E-01	9.99E-01	6.32E-06	4.38E-03	6.10E-05	bad-chisq
rbsA_1	1.07E-02	1.22E-02	8.76E-01	1.25E-02	7.98E-02	6.62E-03	bad-chisq
group_627	1.07E-02	6.23E-19	8.72E-01	-1.52E-01	9.39E-01	6.84E-03	bad-chisq
group_624	1.07E-02	3.61E-01	2.79E-01	-1.68E-01	1.55E-01	4.58E-02	bad-chisq
group_598	1.07E-02	4.95E-01	9.89E-01	1.20E-03	9.10E-02	5.59E-04	bad-chisq
group_594	1.07E-02	6.23E-19	8.72E-01	-1.52E-01	9.39E-01	6.84E-03	bad-chisq
group_578	1.07E-02	6.23E-19	8.72E-01	-1.52E-01	9.39E-01	6.84E-03	bad-chisq
group_563	1.07E-02	4.95E-01	8.69E-01	8.52E-03	5.16E-02	6.98E-03	bad-chisq
group_559	1.07E-02	4.95E-01	9.72E-01	2.19E-03	6.20E-02	1.50E-03	bad-chisq
group_539	1.07E-02	4.95E-01	5.03E-01	3.99E-02	5.95E-02	2.83E-02	bad-chisq
madA	1.07E-02	4.08E-05	3.36E-03	-1.54E-01	5.24E-02	1.24E-01	bad-chisq
pccB	1.07E-02	4.08E-05	3.36E-03	-1.54E-01	5.24E-02	1.24E-01	bad-chisq
group_481	1.07E-02	1.22E-02	8.49E-01	1.49E-02	7.80E-02	8.07E-03	bad-chisq
fhs	1.07E-02	6.23E-19	8.72E-01	-1.52E-01	9.39E-01	6.84E-03	bad-chisq
group_471	1.07E-02	1.22E-02	5.53E-01	-5.73E-02	9.67E-02	2.51E-02	bad-chisq
group_456	1.07E-02	4.95E-01	9.97E-01	4.20E-04	1.21E-01	1.47E-04	bad-chisq
group_455	1.07E-02	3.61E-01	8.14E-01	-1.44E-03	6.14E-03	9.94E-03	bad-chisq
group_438	1.07E-02	4.95E-01	1.00E+00	4.79E-07	6.18E-03	3.28E-06	bad-chisq
group_378	1.07E-02	4.95E-01	7.34E-01	3.59E-02	1.05E-01	1.44E-02	bad-chisq
group_370	1.07E-02	3.61E-01	8.71E-01	1.46E-02	9.04E-02	6.85E-03	bad-chisq
nplT	1.07E-02	4.95E-01	9.77E-01	1.09E-04	3.80E-03	1.21E-03	bad-chisq
group_348	1.07E-02	4.95E-01	9.42E-01	3.53E-03	4.86E-02	3.07E-03	bad-chisq
group_342	1.07E-02	4.95E-01	9.02E-01	1.12E-02	9.13E-02	5.21E-03	bad-chisq
group_340	1.07E-02	4.95E-01	9.76E-01	1.47E-02	4.83E-01	1.29E-03	bad-chisq
gloB	1.07E-02	6.23E-19	8.72E-01	-1.52E-01	9.39E-01	6.84E-03	bad-chisq
group_318	1.07E-02	4.95E-01	9.76E-01	1.47E-02	4.83E-01	1.29E-03	bad-chisq
group_309	1.07E-02	4.95E-01	9.94E-01	4.35E-04	6.20E-02	2.97E-04	bad-chisq
group_282	1.07E-02	4.95E-01	7.37E-01	3.53E-02	1.05E-01	1.42E-02	bad-chisq
lacZ_2	1.07E-02	3.61E-01	8.71E-01	1.46E-02	9.04E-02	6.85E-03	bad-chisq
ppk	1.07E-02	6.23E-19	8.72E-01	-1.52E-01	9.39E-01	6.84E-03	bad-chisq
group_222	1.07E-02	4.95E-01	7.37E-01	3.53E-02	1.05E-01	1.42E-02	bad-chisq
group_220	1.07E-02	3.61E-01	1.57E-01	-7.29E-02	5.14E-02	5.99E-02	bad-chisq
group_210	1.07E-02	6.23E-19	8.72E-01	-1.52E-01	9.39E-01	6.84E-03	bad-chisq
group_208	1.07E-02	6.23E-19	8.72E-01	-1.52E-01	9.39E-01	6.84E-03	bad-chisq
rhaR_4	1.07E-02	1.22E-02	8.49E-01	1.49E-02	7.80E-02	8.07E-03	bad-chisq
group_171	1.07E-02	4.95E-01	9.73E-01	1.81E-03	5.29E-02	1.45E-03	bad-chisq
group_166	1.07E-02	3.61E-01	8.14E-01	-1.44E-03	6.14E-03	9.94E-03	bad-chisq
group_165	1.07E-02	4.95E-01	5.86E-01	3.28E-02	6.00E-02	2.31E-02	bad-chisq
group_153	1.07E-02	4.95E-01	6.44E-01	3.33E-02	7.19E-02	1.96E-02	bad-chisq
group_139	1.07E-02	4.95E-01	9.72E-01	2.19E-03	6.20E-02	1.50E-03	bad-chisq
group_134	1.07E-02	4.95E-01	9.72E-01	2.19E-03	6.20E-02	1.50E-03	bad-chisq
group_114	1.07E-02	4.95E-01	9.02E-01	1.12E-02	9.13E-02	5.21E-03	bad-chisq
group_66	1.07E-02	4.95E-01	7.37E-01	3.53E-02	1.05E-01	1.42E-02	bad-chisq
group_42	1.07E-02	4.95E-01	9.76E-01	1.47E-02	4.83E-01	1.29E-03	bad-chisq
