variant	af	filter-pvalue	lrt-pvalue	beta	beta-std-err	variant_h2	notes
group_3986	2.09E-01	7.17E-03	5.71E-01	4.59E-01	8.09E-01	2.40E-02	
group_3954	2.09E-01	7.17E-03	5.71E-01	4.59E-01	8.09E-01	2.40E-02	
group_3953	2.09E-01	7.17E-03	5.71E-01	4.59E-01	8.09E-01	2.40E-02	
group_3894	2.09E-01	7.17E-03	5.71E-01	4.59E-01	8.09E-01	2.40E-02	
pdp	2.09E-01	7.17E-03	5.71E-01	4.59E-01	8.09E-01	2.40E-02	
acpP	2.09E-01	7.17E-03	5.71E-01	4.59E-01	8.09E-01	2.40E-02	
dltC	2.09E-01	7.17E-03	5.71E-01	4.59E-01	8.09E-01	2.40E-02	
group_3706	2.09E-01	7.17E-03	5.71E-01	4.59E-01	8.09E-01	2.40E-02	
odhB	2.09E-01	7.17E-03	5.71E-01	4.59E-01	8.09E-01	2.40E-02	
group_3681	2.09E-01	7.17E-03	5.71E-01	4.59E-01	8.09E-01	2.40E-02	
group_3639	2.09E-01	7.17E-03	5.71E-01	4.59E-01	8.09E-01	2.40E-02	
group_3599	2.09E-01	7.17E-03	5.71E-01	4.59E-01	8.09E-01	2.40E-02	
crh	2.09E-01	7.17E-03	5.71E-01	4.59E-01	8.09E-01	2.40E-02	
group_3575	2.09E-01	7.17E-03	5.71E-01	4.59E-01	8.09E-01	2.40E-02	
groS	2.09E-01	7.17E-03	5.71E-01	4.59E-01	8.09E-01	2.40E-02	
group_3487	2.09E-01	7.17E-03	5.71E-01	4.59E-01	8.09E-01	2.40E-02	
group_3472	2.09E-01	7.17E-03	5.71E-01	4.59E-01	8.09E-01	2.40E-02	
group_3414	2.09E-01	7.17E-03	5.71E-01	4.59E-01	8.09E-01	2.40E-02	
group_3348	2.09E-01	7.17E-03	5.71E-01	4.59E-01	8.09E-01	2.40E-02	
group_3341	2.09E-01	7.17E-03	5.71E-01	4.59E-01	8.09E-01	2.40E-02	
group_3328	2.09E-01	7.17E-03	5.71E-01	4.59E-01	8.09E-01	2.40E-02	
group_3297	2.09E-01	7.17E-03	5.71E-01	4.59E-01	8.09E-01	2.40E-02	
group_3268	2.09E-01	7.17E-03	5.71E-01	4.59E-01	8.09E-01	2.40E-02	
group_3266	2.09E-01	7.17E-03	5.71E-01	4.59E-01	8.09E-01	2.40E-02	
group_3258	2.09E-01	7.17E-03	5.71E-01	4.59E-01	8.09E-01	2.40E-02	
group_3223	2.09E-01	7.17E-03	5.71E-01	4.59E-01	8.09E-01	2.40E-02	
mrnC	2.09E-01	7.17E-03	5.71E-01	4.59E-01	8.09E-01	2.40E-02	
mraZ	2.09E-01	7.17E-03	5.71E-01	4.59E-01	8.09E-01	2.40E-02	
group_3158	2.09E-01	7.17E-03	5.71E-01	4.59E-01	8.09E-01	2.40E-02	
group_3157	2.09E-01	7.17E-03	5.71E-01	4.59E-01	8.09E-01	2.40E-02	
tadA	2.09E-01	7.17E-03	5.71E-01	4.59E-01	8.09E-01	2.40E-02	
yvbK	2.09E-01	7.17E-03	5.71E-01	4.59E-01	8.09E-01	2.40E-02	
fucU_2	2.09E-01	7.17E-03	5.71E-01	4.59E-01	8.09E-01	2.40E-02	
nusB	2.09E-01	7.17E-03	5.71E-01	4.59E-01	8.09E-01	2.40E-02	
group_3109	2.09E-01	7.17E-03	5.71E-01	4.59E-01	8.09E-01	2.40E-02	
argR	2.09E-01	7.17E-03	5.71E-01	4.59E-01	8.09E-01	2.40E-02	
group_3091	2.09E-01	7.17E-03	5.71E-01	4.59E-01	8.09E-01	2.40E-02	
mutX	2.09E-01	7.17E-03	5.71E-01	4.59E-01	8.09E-01	2.40E-02	
group_3065	2.09E-01	7.17E-03	5.71E-01	4.59E-01	8.09E-01	2.40E-02	
ispF	2.09E-01	7.17E-03	5.71E-01	4.59E-01	8.09E-01	2.40E-02	
group_3052	2.09E-01	7.17E-03	5.71E-01	4.59E-01	8.09E-01	2.40E-02	
group_3051	2.09E-01	7.17E-03	5.71E-01	4.59E-01	8.09E-01	2.40E-02	
group_3019	2.09E-01	7.17E-03	5.71E-01	4.59E-01	8.09E-01	2.40E-02	
def	2.09E-01	7.17E-03	5.71E-01	4.59E-01	8.09E-01	2.40E-02	
group_2995	2.09E-01	7.17E-03	5.71E-01	4.59E-01	8.09E-01	2.40E-02	
group_2988	2.09E-01	7.17E-03	5.71E-01	4.59E-01	8.09E-01	2.40E-02	
group_2972	2.09E-01	7.17E-03	5.71E-01	4.59E-01	8.09E-01	2.40E-02	
group_2969	2.09E-01	7.17E-03	5.71E-01	4.59E-01	8.09E-01	2.40E-02	
group_2968	2.09E-01	7.17E-03	5.71E-01	4.59E-01	8.09E-01	2.40E-02	
group_2965	2.09E-01	7.17E-03	5.71E-01	4.59E-01	8.09E-01	2.40E-02	
rsmD	2.09E-01	7.17E-03	5.71E-01	4.59E-01	8.09E-01	2.40E-02	
bioY	2.09E-01	7.17E-03	5.71E-01	4.59E-01	8.09E-01	2.40E-02	
udg	2.09E-01	7.17E-03	5.71E-01	4.59E-01	8.09E-01	2.40E-02	
azoR	2.09E-01	7.17E-03	5.71E-01	4.59E-01	8.09E-01	2.40E-02	
group_2844	2.09E-01	7.17E-03	5.71E-01	4.59E-01	8.09E-01	2.40E-02	
gmk	2.09E-01	7.17E-03	5.71E-01	4.59E-01	8.09E-01	2.40E-02	
rnmV	2.09E-01	7.17E-03	5.71E-01	4.59E-01	8.09E-01	2.40E-02	
rnhB	2.09E-01	7.17E-03	5.71E-01	4.59E-01	8.09E-01	2.40E-02	
yigZ	2.09E-01	7.17E-03	5.71E-01	4.59E-01	8.09E-01	2.40E-02	
group_2787	2.09E-01	7.17E-03	5.71E-01	4.59E-01	8.09E-01	2.40E-02	
recX	2.09E-01	7.17E-03	5.71E-01	4.59E-01	8.09E-01	2.40E-02	
prs_1	2.09E-01	7.17E-03	5.71E-01	4.59E-01	8.09E-01	2.40E-02	
group_2748	2.09E-01	7.17E-03	5.71E-01	4.59E-01	8.09E-01	2.40E-02	
ppaX	2.09E-01	7.17E-03	5.71E-01	4.59E-01	8.09E-01	2.40E-02	
group_2733	2.09E-01	7.17E-03	5.71E-01	4.59E-01	8.09E-01	2.40E-02	
lepB	2.09E-01	7.17E-03	5.71E-01	4.59E-01	8.09E-01	2.40E-02	
group_2722	2.09E-01	7.17E-03	5.71E-01	4.59E-01	8.09E-01	2.40E-02	
group_2696	2.09E-01	7.17E-03	5.71E-01	4.59E-01	8.09E-01	2.40E-02	
kdpE_1	2.09E-01	7.17E-03	5.71E-01	4.59E-01	8.09E-01	2.40E-02	
nanR	2.09E-01	7.17E-03	5.71E-01	4.59E-01	8.09E-01	2.40E-02	
surE	2.09E-01	7.17E-03	5.71E-01	4.59E-01	8.09E-01	2.40E-02	
gatD	2.09E-01	7.17E-03	5.71E-01	4.59E-01	8.09E-01	2.40E-02	
group_2625	2.09E-01	7.17E-03	5.71E-01	4.59E-01	8.09E-01	2.40E-02	
group_2603	2.09E-01	7.17E-03	5.71E-01	4.59E-01	8.09E-01	2.40E-02	
group_2595	2.09E-01	7.17E-03	5.71E-01	4.59E-01	8.09E-01	2.40E-02	
ymdB	2.09E-01	7.17E-03	5.71E-01	4.59E-01	8.09E-01	2.40E-02	
lacR	2.09E-01	7.17E-03	5.71E-01	4.59E-01	8.09E-01	2.40E-02	
group_2531	2.09E-01	7.17E-03	5.71E-01	4.59E-01	8.09E-01	2.40E-02	
punA	2.09E-01	7.17E-03	5.71E-01	4.59E-01	8.09E-01	2.40E-02	
melC	2.09E-01	7.17E-03	5.71E-01	4.59E-01	8.09E-01	2.40E-02	
mreC	2.09E-01	7.17E-03	5.71E-01	4.59E-01	8.09E-01	2.40E-02	
group_2503	2.09E-01	7.17E-03	5.71E-01	4.59E-01	8.09E-01	2.40E-02	
prmC	2.09E-01	7.17E-03	5.71E-01	4.59E-01	8.09E-01	2.40E-02	
lgt	2.09E-01	7.17E-03	5.71E-01	4.59E-01	8.09E-01	2.40E-02	
hslO	2.09E-01	7.17E-03	5.71E-01	4.59E-01	8.09E-01	2.40E-02	
group_2428	2.09E-01	7.17E-03	5.71E-01	4.59E-01	8.09E-01	2.40E-02	
group_2416	2.09E-01	7.17E-03	5.71E-01	4.59E-01	8.09E-01	2.40E-02	
melD_2	2.09E-01	7.17E-03	5.71E-01	4.59E-01	8.09E-01	2.40E-02	
rpsR	2.09E-01	7.17E-03	5.71E-01	4.59E-01	8.09E-01	2.40E-02	
group_2132	2.09E-01	7.17E-03	5.71E-01	4.59E-01	8.09E-01	2.40E-02	
group_1884	2.09E-01	7.17E-03	5.71E-01	4.59E-01	8.09E-01	2.40E-02	
pstS1	2.09E-01	7.17E-03	5.71E-01	4.59E-01	8.09E-01	2.40E-02	
asrB~~~pyrK_2	2.09E-01	7.17E-03	5.71E-01	4.59E-01	8.09E-01	2.40E-02	
mazG	2.09E-01	7.17E-03	5.71E-01	4.59E-01	8.09E-01	2.40E-02	
ypdA	2.09E-01	7.17E-03	5.71E-01	4.59E-01	8.09E-01	2.40E-02	
rssB~~~rhaR_3~~~rhaR_2~~~rhaR_4	2.09E-01	7.17E-03	5.71E-01	4.59E-01	8.09E-01	2.40E-02	
asd~~~asd_1	2.09E-01	7.17E-03	5.71E-01	4.59E-01	8.09E-01	2.40E-02	
dprA	2.09E-01	7.17E-03	5.71E-01	4.59E-01	8.09E-01	2.40E-02	
mutS2	2.09E-01	7.17E-03	5.71E-01	4.59E-01	8.09E-01	2.40E-02	
comM	2.09E-01	7.17E-03	5.71E-01	4.59E-01	8.09E-01	2.40E-02	
group_1684	2.09E-01	7.17E-03	5.71E-01	4.59E-01	8.09E-01	2.40E-02	
group_1648	2.09E-01	7.17E-03	5.71E-01	4.59E-01	8.09E-01	2.40E-02	
pstC	2.09E-01	7.17E-03	5.71E-01	4.59E-01	8.09E-01	2.40E-02	
rsxA~~~rnfA	2.09E-01	7.17E-03	5.71E-01	4.59E-01	8.09E-01	2.40E-02	
group_1598	2.09E-01	7.17E-03	5.71E-01	4.59E-01	8.09E-01	2.40E-02	
tsaD_1	2.09E-01	7.17E-03	5.71E-01	4.59E-01	8.09E-01	2.40E-02	
group_1587	2.09E-01	7.17E-03	5.71E-01	4.59E-01	8.09E-01	2.40E-02	
phoP~~~walR_1	2.09E-01	7.17E-03	5.71E-01	4.59E-01	8.09E-01	2.40E-02	
mutS_1~~~mutS	2.09E-01	7.17E-03	5.71E-01	4.59E-01	8.09E-01	2.40E-02	
malQ	2.09E-01	7.17E-03	5.71E-01	4.59E-01	8.09E-01	2.40E-02	
asrA	2.09E-01	7.17E-03	5.71E-01	4.59E-01	8.09E-01	2.40E-02	
group_1533	2.09E-01	7.17E-03	5.71E-01	4.59E-01	8.09E-01	2.40E-02	
rlmN	2.09E-01	7.17E-03	5.71E-01	4.59E-01	8.09E-01	2.40E-02	
group_1513	2.09E-01	7.17E-03	5.71E-01	4.59E-01	8.09E-01	2.40E-02	
group_1512	2.09E-01	7.17E-03	5.71E-01	4.59E-01	8.09E-01	2.40E-02	
group_1453	2.09E-01	7.17E-03	5.71E-01	4.59E-01	8.09E-01	2.40E-02	
group_1448	2.09E-01	7.17E-03	5.71E-01	4.59E-01	8.09E-01	2.40E-02	
lipA~~~LIAS~~~lipA_1~~~lipA_2	2.09E-01	7.17E-03	5.71E-01	4.59E-01	8.09E-01	2.40E-02	
ytrB_2	2.09E-01	7.17E-03	5.71E-01	4.59E-01	8.09E-01	2.40E-02	
rsxB_5~~~rsxB_1~~~rsxB_4	2.09E-01	7.17E-03	5.71E-01	4.59E-01	8.09E-01	2.40E-02	
yqeN	2.09E-01	7.17E-03	5.71E-01	4.59E-01	8.09E-01	2.40E-02	
group_1375	2.09E-01	7.17E-03	5.71E-01	4.59E-01	8.09E-01	2.40E-02	
ppsC~~~dltA~~~tycC~~~srfAB	2.09E-01	7.17E-03	5.71E-01	4.59E-01	8.09E-01	2.40E-02	
group_1363	2.09E-01	7.17E-03	5.71E-01	4.59E-01	8.09E-01	2.40E-02	
group_1349	2.09E-01	7.17E-03	5.71E-01	4.59E-01	8.09E-01	2.40E-02	
mutY	2.09E-01	7.17E-03	5.71E-01	4.59E-01	8.09E-01	2.40E-02	
group_1321	2.09E-01	7.17E-03	5.71E-01	4.59E-01	8.09E-01	2.40E-02	
infB	2.09E-01	7.17E-03	5.71E-01	4.59E-01	8.09E-01	2.40E-02	
group_1306	2.09E-01	7.17E-03	5.71E-01	4.59E-01	8.09E-01	2.40E-02	
rqcH	2.09E-01	7.17E-03	5.71E-01	4.59E-01	8.09E-01	2.40E-02	
hup~~~hupA	2.09E-01	7.17E-03	5.71E-01	4.59E-01	8.09E-01	2.40E-02	
ybeY	2.09E-01	7.17E-03	5.71E-01	4.59E-01	8.09E-01	2.40E-02	
ddlA	2.09E-01	7.17E-03	5.71E-01	4.59E-01	8.09E-01	2.40E-02	
group_1285	2.09E-01	7.17E-03	5.71E-01	4.59E-01	8.09E-01	2.40E-02	
ppnK~~~nadK	2.09E-01	7.17E-03	5.71E-01	4.59E-01	8.09E-01	2.40E-02	
rnfD	2.09E-01	7.17E-03	5.71E-01	4.59E-01	8.09E-01	2.40E-02	
priA	2.09E-01	7.17E-03	5.71E-01	4.59E-01	8.09E-01	2.40E-02	
fmt~~~fmt_1	2.09E-01	7.17E-03	5.71E-01	4.59E-01	8.09E-01	2.40E-02	
cobT~~~cobT_2~~~cobT_1	2.09E-01	7.17E-03	5.71E-01	4.59E-01	8.09E-01	2.40E-02	
cobS	2.09E-01	7.17E-03	5.71E-01	4.59E-01	8.09E-01	2.40E-02	
pstA	2.09E-01	7.17E-03	5.71E-01	4.59E-01	8.09E-01	2.40E-02	
pepT_1	2.09E-01	7.17E-03	5.71E-01	4.59E-01	8.09E-01	2.40E-02	
spo0J	2.09E-01	7.17E-03	5.71E-01	4.59E-01	8.09E-01	2.40E-02	
nudF	2.09E-01	7.17E-03	5.71E-01	4.59E-01	8.09E-01	2.40E-02	
dacA	2.09E-01	7.17E-03	5.71E-01	4.59E-01	8.09E-01	2.40E-02	
rny	2.09E-01	7.17E-03	5.71E-01	4.59E-01	8.09E-01	2.40E-02	
group_1213	2.09E-01	7.17E-03	5.71E-01	4.59E-01	8.09E-01	2.40E-02	
yqgN	2.09E-01	7.17E-03	5.71E-01	4.59E-01	8.09E-01	2.40E-02	
fecE_2	2.09E-01	7.17E-03	5.71E-01	4.59E-01	8.09E-01	2.40E-02	
rbgA	2.09E-01	7.17E-03	5.71E-01	4.59E-01	8.09E-01	2.40E-02	
recA~~~recA_1	2.09E-01	7.17E-03	5.71E-01	4.59E-01	8.09E-01	2.40E-02	
tmpC	2.09E-01	7.17E-03	5.71E-01	4.59E-01	8.09E-01	2.40E-02	
group_1170	2.09E-01	7.17E-03	5.71E-01	4.59E-01	8.09E-01	2.40E-02	
graR	2.09E-01	7.17E-03	5.71E-01	4.59E-01	8.09E-01	2.40E-02	
group_1163	2.09E-01	7.17E-03	5.71E-01	4.59E-01	8.09E-01	2.40E-02	
group_1162	2.09E-01	7.17E-03	5.71E-01	4.59E-01	8.09E-01	2.40E-02	
group_1161	2.09E-01	7.17E-03	5.71E-01	4.59E-01	8.09E-01	2.40E-02	
group_1152	2.09E-01	7.17E-03	5.71E-01	4.59E-01	8.09E-01	2.40E-02	
group_1141	2.09E-01	7.17E-03	5.71E-01	4.59E-01	8.09E-01	2.40E-02	
galT_1~~~galT	2.09E-01	7.17E-03	5.71E-01	4.59E-01	8.09E-01	2.40E-02	
dhaM	2.09E-01	7.17E-03	5.71E-01	4.59E-01	8.09E-01	2.40E-02	
btuC	2.09E-01	7.17E-03	5.71E-01	4.59E-01	8.09E-01	2.40E-02	
ade_3~~~ade_2~~~ade_1	2.09E-01	7.17E-03	5.71E-01	4.59E-01	8.09E-01	2.40E-02	
murG	2.09E-01	7.17E-03	5.71E-01	4.59E-01	8.09E-01	2.40E-02	
group_1090	2.09E-01	7.17E-03	5.71E-01	4.59E-01	8.09E-01	2.40E-02	
deaD~~~rhlB~~~cshA	2.09E-01	7.17E-03	5.71E-01	4.59E-01	8.09E-01	2.40E-02	
mutL	2.09E-01	7.17E-03	5.71E-01	4.59E-01	8.09E-01	2.40E-02	
group_1035	2.09E-01	7.17E-03	5.71E-01	4.59E-01	8.09E-01	2.40E-02	
dapA~~~dapA_1	2.09E-01	7.17E-03	5.71E-01	4.59E-01	8.09E-01	2.40E-02	
rimI	2.09E-01	7.17E-03	5.71E-01	4.59E-01	8.09E-01	2.40E-02	
ptsI_2~~~ptsI~~~ptsI_1	2.09E-01	7.17E-03	5.71E-01	4.59E-01	8.09E-01	2.40E-02	
group_1030	2.09E-01	7.17E-03	5.71E-01	4.59E-01	8.09E-01	2.40E-02	
stp	2.09E-01	7.17E-03	5.71E-01	4.59E-01	8.09E-01	2.40E-02	
hdpA_2~~~yutF	2.09E-01	7.17E-03	5.71E-01	4.59E-01	8.09E-01	2.40E-02	
group_1010	2.09E-01	7.17E-03	5.71E-01	4.59E-01	8.09E-01	2.40E-02	
topA~~~topA_1	2.09E-01	7.17E-03	5.71E-01	4.59E-01	8.09E-01	2.40E-02	
group_972	2.09E-01	7.17E-03	5.71E-01	4.59E-01	8.09E-01	2.40E-02	
whiA	2.09E-01	7.17E-03	5.71E-01	4.59E-01	8.09E-01	2.40E-02	
group_966	2.09E-01	7.17E-03	5.71E-01	4.59E-01	8.09E-01	2.40E-02	
group_962	2.09E-01	7.17E-03	5.71E-01	4.59E-01	8.09E-01	2.40E-02	
udk_1~~~udk_2	2.09E-01	7.17E-03	5.71E-01	4.59E-01	8.09E-01	2.40E-02	
lvr	2.09E-01	7.17E-03	5.71E-01	4.59E-01	8.09E-01	2.40E-02	
gyrA_1~~~parC~~~gyrA_2~~~gyrA	2.09E-01	7.17E-03	5.71E-01	4.59E-01	8.09E-01	2.40E-02	
group_953	2.09E-01	7.17E-03	5.71E-01	4.59E-01	8.09E-01	2.40E-02	
mepH	2.09E-01	7.17E-03	5.71E-01	4.59E-01	8.09E-01	2.40E-02	
rsxC	2.09E-01	7.17E-03	5.71E-01	4.59E-01	8.09E-01	2.40E-02	
group_939	2.09E-01	7.17E-03	5.71E-01	4.59E-01	8.09E-01	2.40E-02	
ispD	2.09E-01	7.17E-03	5.71E-01	4.59E-01	8.09E-01	2.40E-02	
btuD_3~~~btuD_2~~~ettA_1~~~btuD_1	2.09E-01	7.17E-03	5.71E-01	4.59E-01	8.09E-01	2.40E-02	
oppA~~~dppE	2.09E-01	7.17E-03	5.71E-01	4.59E-01	8.09E-01	2.40E-02	
recO_1~~~recO	2.09E-01	7.17E-03	5.71E-01	4.59E-01	8.09E-01	2.40E-02	
ctpC_1~~~ctpC~~~actP	2.09E-01	7.17E-03	5.71E-01	4.59E-01	8.09E-01	2.40E-02	
group_893	2.09E-01	7.17E-03	5.71E-01	4.59E-01	8.09E-01	2.40E-02	
rlhA	2.09E-01	7.17E-03	5.71E-01	4.59E-01	8.09E-01	2.40E-02	
yajL	2.09E-01	7.17E-03	5.71E-01	4.59E-01	8.09E-01	2.40E-02	
group_857	2.09E-01	7.17E-03	5.71E-01	4.59E-01	8.09E-01	2.40E-02	
artQ	2.09E-01	7.17E-03	5.71E-01	4.59E-01	8.09E-01	2.40E-02	
group_856	2.09E-01	7.17E-03	5.71E-01	4.59E-01	8.09E-01	2.40E-02	
resE~~~sasA_1	2.09E-01	7.17E-03	5.71E-01	4.59E-01	8.09E-01	2.40E-02	
group_847	2.09E-01	7.17E-03	5.71E-01	4.59E-01	8.09E-01	2.40E-02	
group_826	2.09E-01	7.17E-03	5.71E-01	4.59E-01	8.09E-01	2.40E-02	
nth_2~~~gltR~~~gltC_2	2.09E-01	7.17E-03	5.71E-01	4.59E-01	8.09E-01	2.40E-02	
group_799	2.09E-01	7.17E-03	5.71E-01	4.59E-01	8.09E-01	2.40E-02	
aspC_1	2.09E-01	7.17E-03	5.71E-01	4.59E-01	8.09E-01	2.40E-02	
ytrA_2	2.09E-01	7.17E-03	5.71E-01	4.59E-01	8.09E-01	2.40E-02	
dxs~~~dxs_2	2.09E-01	7.17E-03	5.71E-01	4.59E-01	8.09E-01	2.40E-02	
group_788	2.09E-01	7.17E-03	5.71E-01	4.59E-01	8.09E-01	2.40E-02	
cooS1~~~cooS	2.09E-01	7.17E-03	5.71E-01	4.59E-01	8.09E-01	2.40E-02	
malP~~~malP_1~~~glgP_2	2.09E-01	7.17E-03	5.71E-01	4.59E-01	8.09E-01	2.40E-02	
clpP_1~~~clpP	2.09E-01	7.17E-03	5.71E-01	4.59E-01	8.09E-01	2.40E-02	
yheS~~~btuD_3~~~btuD_9~~~btuD_2~~~yheS_1~~~btuD_5~~~ybiT_1	2.09E-01	7.17E-03	5.71E-01	4.59E-01	8.09E-01	2.40E-02	
smc_1~~~smc_2	2.09E-01	7.17E-03	5.71E-01	4.59E-01	8.09E-01	2.40E-02	
group_687	2.09E-01	7.17E-03	5.71E-01	4.59E-01	8.09E-01	2.40E-02	
group_684	2.09E-01	7.17E-03	5.71E-01	4.59E-01	8.09E-01	2.40E-02	
murB_2~~~murB	2.09E-01	7.17E-03	5.71E-01	4.59E-01	8.09E-01	2.40E-02	
pglK	2.09E-01	7.17E-03	5.71E-01	4.59E-01	8.09E-01	2.40E-02	
yheH	2.09E-01	7.17E-03	5.71E-01	4.59E-01	8.09E-01	2.40E-02	
yheI_2	2.09E-01	7.17E-03	5.71E-01	4.59E-01	8.09E-01	2.40E-02	
cysE	2.09E-01	7.17E-03	5.71E-01	4.59E-01	8.09E-01	2.40E-02	
group_662	2.09E-01	7.17E-03	5.71E-01	4.59E-01	8.09E-01	2.40E-02	
group_658	2.09E-01	7.17E-03	5.71E-01	4.59E-01	8.09E-01	2.40E-02	
group_654	2.09E-01	7.17E-03	5.71E-01	4.59E-01	8.09E-01	2.40E-02	
tig_1	2.09E-01	7.17E-03	5.71E-01	4.59E-01	8.09E-01	2.40E-02	
copA~~~kdpB	2.09E-01	7.17E-03	5.71E-01	4.59E-01	8.09E-01	2.40E-02	
ydfK_1	2.09E-01	7.17E-03	5.71E-01	4.59E-01	8.09E-01	2.40E-02	
group_646	2.09E-01	7.17E-03	5.71E-01	4.59E-01	8.09E-01	2.40E-02	
malT~~~malT_1~~~malT_2	2.09E-01	7.17E-03	5.71E-01	4.59E-01	8.09E-01	2.40E-02	
group_640	2.09E-01	7.17E-03	5.71E-01	4.59E-01	8.09E-01	2.40E-02	
group_636	2.09E-01	7.17E-03	5.71E-01	4.59E-01	8.09E-01	2.40E-02	
cysS	2.09E-01	7.17E-03	5.71E-01	4.59E-01	8.09E-01	2.40E-02	
rsxE~~~rnfE	2.09E-01	7.17E-03	5.71E-01	4.59E-01	8.09E-01	2.40E-02	
group_623	2.09E-01	7.17E-03	5.71E-01	4.59E-01	8.09E-01	2.40E-02	
trmH	2.09E-01	7.17E-03	5.71E-01	4.59E-01	8.09E-01	2.40E-02	
lon1	2.09E-01	7.17E-03	5.71E-01	4.59E-01	8.09E-01	2.40E-02	
group_609	2.09E-01	7.17E-03	5.71E-01	4.59E-01	8.09E-01	2.40E-02	
dnaE~~~dnaE2	2.09E-01	7.17E-03	5.71E-01	4.59E-01	8.09E-01	2.40E-02	
coaX	2.09E-01	7.17E-03	5.71E-01	4.59E-01	8.09E-01	2.40E-02	
group_607	2.09E-01	7.17E-03	5.71E-01	4.59E-01	8.09E-01	2.40E-02	
group_602	2.09E-01	7.17E-03	5.71E-01	4.59E-01	8.09E-01	2.40E-02	
group_598	2.09E-01	7.17E-03	5.71E-01	4.59E-01	8.09E-01	2.40E-02	
nqrF	2.09E-01	7.17E-03	5.71E-01	4.59E-01	8.09E-01	2.40E-02	
napF	2.09E-01	7.17E-03	5.71E-01	4.59E-01	8.09E-01	2.40E-02	
lplJ_3~~~lplJ_1	2.09E-01	7.17E-03	5.71E-01	4.59E-01	8.09E-01	2.40E-02	
group_587	2.09E-01	7.17E-03	5.71E-01	4.59E-01	8.09E-01	2.40E-02	
ribF	2.09E-01	7.17E-03	5.71E-01	4.59E-01	8.09E-01	2.40E-02	
pheA	2.09E-01	7.17E-03	5.71E-01	4.59E-01	8.09E-01	2.40E-02	
group_578	2.09E-01	7.17E-03	5.71E-01	4.59E-01	8.09E-01	2.40E-02	
group_573	2.09E-01	7.17E-03	5.71E-01	4.59E-01	8.09E-01	2.40E-02	
apeA	2.09E-01	7.17E-03	5.71E-01	4.59E-01	8.09E-01	2.40E-02	
fieF	2.09E-01	7.17E-03	5.71E-01	4.59E-01	8.09E-01	2.40E-02	
murF	2.09E-01	7.17E-03	5.71E-01	4.59E-01	8.09E-01	2.40E-02	
group_568	2.09E-01	7.17E-03	5.71E-01	4.59E-01	8.09E-01	2.40E-02	
group_563	2.09E-01	7.17E-03	5.71E-01	4.59E-01	8.09E-01	2.40E-02	
group_560	2.09E-01	7.17E-03	5.71E-01	4.59E-01	8.09E-01	2.40E-02	
yidA_2~~~cof~~~ycsE	2.09E-01	7.17E-03	5.71E-01	4.59E-01	8.09E-01	2.40E-02	
algC_1~~~algC	2.09E-01	7.17E-03	5.71E-01	4.59E-01	8.09E-01	2.40E-02	
sasA_2	2.09E-01	7.17E-03	5.71E-01	4.59E-01	8.09E-01	2.40E-02	
ruvA	2.09E-01	7.17E-03	5.71E-01	4.59E-01	8.09E-01	2.40E-02	
group_548	2.09E-01	7.17E-03	5.71E-01	4.59E-01	8.09E-01	2.40E-02	
cytR_2~~~purR_2	2.09E-01	7.17E-03	5.71E-01	4.59E-01	8.09E-01	2.40E-02	
expZ	2.09E-01	7.17E-03	5.71E-01	4.59E-01	8.09E-01	2.40E-02	
udk_1	2.09E-01	7.17E-03	5.71E-01	4.59E-01	8.09E-01	2.40E-02	
murT	2.09E-01	7.17E-03	5.71E-01	4.59E-01	8.09E-01	2.40E-02	
hemZ	2.09E-01	7.17E-03	5.71E-01	4.59E-01	8.09E-01	2.40E-02	
groL	2.09E-01	7.17E-03	5.71E-01	4.59E-01	8.09E-01	2.40E-02	
cobC	2.09E-01	7.17E-03	5.71E-01	4.59E-01	8.09E-01	2.40E-02	
phoR~~~walK~~~sasA_8	2.09E-01	7.17E-03	5.71E-01	4.59E-01	8.09E-01	2.40E-02	
group_532	2.09E-01	7.17E-03	5.71E-01	4.59E-01	8.09E-01	2.40E-02	
rsmF	2.09E-01	7.17E-03	5.71E-01	4.59E-01	8.09E-01	2.40E-02	
feoB_2~~~feoB_1	2.09E-01	7.17E-03	5.71E-01	4.59E-01	8.09E-01	2.40E-02	
recD2~~~recD2_1	2.09E-01	7.17E-03	5.71E-01	4.59E-01	8.09E-01	2.40E-02	
group_518	2.09E-01	7.17E-03	5.71E-01	4.59E-01	8.09E-01	2.40E-02	
group_507	2.09E-01	7.17E-03	5.71E-01	4.59E-01	8.09E-01	2.40E-02	
group_495	2.09E-01	7.17E-03	5.71E-01	4.59E-01	8.09E-01	2.40E-02	
coaD	2.09E-01	7.17E-03	5.71E-01	4.59E-01	8.09E-01	2.40E-02	
capA	2.09E-01	7.17E-03	5.71E-01	4.59E-01	8.09E-01	2.40E-02	
gph_1~~~mupP	2.09E-01	7.17E-03	5.71E-01	4.59E-01	8.09E-01	2.40E-02	
araA_1	2.09E-01	7.17E-03	5.71E-01	4.59E-01	8.09E-01	2.40E-02	
era	2.09E-01	7.17E-03	5.71E-01	4.59E-01	8.09E-01	2.40E-02	
group_487	2.09E-01	7.17E-03	5.71E-01	4.59E-01	8.09E-01	2.40E-02	
iscU	2.09E-01	7.17E-03	5.71E-01	4.59E-01	8.09E-01	2.40E-02	
xseA	2.09E-01	7.17E-03	5.71E-01	4.59E-01	8.09E-01	2.40E-02	
putP_3~~~putP_1	2.09E-01	7.17E-03	5.71E-01	4.59E-01	8.09E-01	2.40E-02	
group_458	2.09E-01	7.17E-03	5.71E-01	4.59E-01	8.09E-01	2.40E-02	
glmM	2.09E-01	7.17E-03	5.71E-01	4.59E-01	8.09E-01	2.40E-02	
group_442	2.09E-01	7.17E-03	5.71E-01	4.59E-01	8.09E-01	2.40E-02	
nudC	2.09E-01	7.17E-03	5.71E-01	4.59E-01	8.09E-01	2.40E-02	
phoP~~~sphR~~~walR_1	2.09E-01	7.17E-03	5.71E-01	4.59E-01	8.09E-01	2.40E-02	
dhaL	2.09E-01	7.17E-03	5.71E-01	4.59E-01	8.09E-01	2.40E-02	
sdhE	2.09E-01	7.17E-03	5.71E-01	4.59E-01	8.09E-01	2.40E-02	
group_421	2.09E-01	7.17E-03	5.71E-01	4.59E-01	8.09E-01	2.40E-02	
group_410	2.09E-01	7.17E-03	5.71E-01	4.59E-01	8.09E-01	2.40E-02	
udp	2.09E-01	7.17E-03	5.71E-01	4.59E-01	8.09E-01	2.40E-02	
iscS_2	2.09E-01	7.17E-03	5.71E-01	4.59E-01	8.09E-01	2.40E-02	
mnmG	2.09E-01	7.17E-03	5.71E-01	4.59E-01	8.09E-01	2.40E-02	
comEC	2.09E-01	7.17E-03	5.71E-01	4.59E-01	8.09E-01	2.40E-02	
polA	2.09E-01	7.17E-03	5.71E-01	4.59E-01	8.09E-01	2.40E-02	
group_401	2.09E-01	7.17E-03	5.71E-01	4.59E-01	8.09E-01	2.40E-02	
rlmL~~~rlmL_2~~~rlmL_1	2.09E-01	7.17E-03	5.71E-01	4.59E-01	8.09E-01	2.40E-02	
galK	2.09E-01	7.17E-03	5.71E-01	4.59E-01	8.09E-01	2.40E-02	
group_395	2.09E-01	7.17E-03	5.71E-01	4.59E-01	8.09E-01	2.40E-02	
group_393	2.09E-01	7.17E-03	5.71E-01	4.59E-01	8.09E-01	2.40E-02	
rbsK~~~pfkB	2.09E-01	7.17E-03	5.71E-01	4.59E-01	8.09E-01	2.40E-02	
uvrC	2.09E-01	7.17E-03	5.71E-01	4.59E-01	8.09E-01	2.40E-02	
rimO_1~~~rimO_2	2.09E-01	7.17E-03	5.71E-01	4.59E-01	8.09E-01	2.40E-02	
pdaC	2.09E-01	7.17E-03	5.71E-01	4.59E-01	8.09E-01	2.40E-02	
glmS_1~~~glmS_2	2.09E-01	7.17E-03	5.71E-01	4.59E-01	8.09E-01	2.40E-02	
rsmH	2.09E-01	7.17E-03	5.71E-01	4.59E-01	8.09E-01	2.40E-02	
ywlF	2.09E-01	7.17E-03	5.71E-01	4.59E-01	8.09E-01	2.40E-02	
group_371	2.09E-01	7.17E-03	5.71E-01	4.59E-01	8.09E-01	2.40E-02	
group_369	2.09E-01	7.17E-03	5.71E-01	4.59E-01	8.09E-01	2.40E-02	
group_366	2.09E-01	7.17E-03	5.71E-01	4.59E-01	8.09E-01	2.40E-02	
lplJ_1~~~lplJ_2	2.09E-01	7.17E-03	5.71E-01	4.59E-01	8.09E-01	2.40E-02	
ispE	2.09E-01	7.17E-03	5.71E-01	4.59E-01	8.09E-01	2.40E-02	
dhaK~~~dhaK2	2.09E-01	7.17E-03	5.71E-01	4.59E-01	8.09E-01	2.40E-02	
hflX	2.09E-01	7.17E-03	5.71E-01	4.59E-01	8.09E-01	2.40E-02	
putP_1	2.09E-01	7.17E-03	5.71E-01	4.59E-01	8.09E-01	2.40E-02	
mltG	2.09E-01	7.17E-03	5.71E-01	4.59E-01	8.09E-01	2.40E-02	
rsxG	2.09E-01	7.17E-03	5.71E-01	4.59E-01	8.09E-01	2.40E-02	
plsX	2.09E-01	7.17E-03	5.71E-01	4.59E-01	8.09E-01	2.40E-02	
thrC_2	2.09E-01	7.17E-03	5.71E-01	4.59E-01	8.09E-01	2.40E-02	
mbl	2.09E-01	7.17E-03	5.71E-01	4.59E-01	8.09E-01	2.40E-02	
fumC	2.09E-01	7.17E-03	5.71E-01	4.59E-01	8.09E-01	2.40E-02	
alaS_2~~~alaS_1	2.09E-01	7.17E-03	5.71E-01	4.59E-01	8.09E-01	2.40E-02	
artP_2~~~artP_1	2.09E-01	7.17E-03	5.71E-01	4.59E-01	8.09E-01	2.40E-02	
maf	2.09E-01	7.17E-03	5.71E-01	4.59E-01	8.09E-01	2.40E-02	
tlyA	2.09E-01	7.17E-03	5.71E-01	4.59E-01	8.09E-01	2.40E-02	
group_286	2.09E-01	7.17E-03	5.71E-01	4.59E-01	8.09E-01	2.40E-02	
remA	2.09E-01	7.17E-03	5.71E-01	4.59E-01	8.09E-01	2.40E-02	
group_281	2.09E-01	7.17E-03	5.71E-01	4.59E-01	8.09E-01	2.40E-02	
group_278	2.09E-01	7.17E-03	5.71E-01	4.59E-01	8.09E-01	2.40E-02	
cmoM~~~bsmA	2.09E-01	7.17E-03	5.71E-01	4.59E-01	8.09E-01	2.40E-02	
sasA_7~~~sasA_4~~~sasA_5	2.09E-01	7.17E-03	5.71E-01	4.59E-01	8.09E-01	2.40E-02	
group_275	2.09E-01	7.17E-03	5.71E-01	4.59E-01	8.09E-01	2.40E-02	
rnfC	2.09E-01	7.17E-03	5.71E-01	4.59E-01	8.09E-01	2.40E-02	
group_268	2.09E-01	7.17E-03	5.71E-01	4.59E-01	8.09E-01	2.40E-02	
murJ_5	2.09E-01	7.17E-03	5.71E-01	4.59E-01	8.09E-01	2.40E-02	
tagO	2.09E-01	7.17E-03	5.71E-01	4.59E-01	8.09E-01	2.40E-02	
yidC	2.09E-01	7.17E-03	5.71E-01	4.59E-01	8.09E-01	2.40E-02	
yvcJ	2.09E-01	7.17E-03	5.71E-01	4.59E-01	8.09E-01	2.40E-02	
ybjL~~~yidE	2.09E-01	7.17E-03	5.71E-01	4.59E-01	8.09E-01	2.40E-02	
trmFO	2.09E-01	7.17E-03	5.71E-01	4.59E-01	8.09E-01	2.40E-02	
group_237	2.09E-01	7.17E-03	5.71E-01	4.59E-01	8.09E-01	2.40E-02	
group_225	2.09E-01	7.17E-03	5.71E-01	4.59E-01	8.09E-01	2.40E-02	
group_224	2.09E-01	7.17E-03	5.71E-01	4.59E-01	8.09E-01	2.40E-02	
ftsW_2~~~ftsW_1	2.09E-01	7.17E-03	5.71E-01	4.59E-01	8.09E-01	2.40E-02	
cadA~~~cadA_2	2.09E-01	7.17E-03	5.71E-01	4.59E-01	8.09E-01	2.40E-02	
rluD	2.09E-01	7.17E-03	5.71E-01	4.59E-01	8.09E-01	2.40E-02	
mglA_4~~~xylG_2~~~xylG~~~mglA_3~~~mglA_1	2.09E-01	7.17E-03	5.71E-01	4.59E-01	8.09E-01	2.40E-02	
group_217	2.09E-01	7.17E-03	5.71E-01	4.59E-01	8.09E-01	2.40E-02	
dnaG	2.09E-01	7.17E-03	5.71E-01	4.59E-01	8.09E-01	2.40E-02	
patA_3	2.09E-01	7.17E-03	5.71E-01	4.59E-01	8.09E-01	2.40E-02	
group_199	2.09E-01	7.17E-03	5.71E-01	4.59E-01	8.09E-01	2.40E-02	
mraY	2.09E-01	7.17E-03	5.71E-01	4.59E-01	8.09E-01	2.40E-02	
group_196	2.09E-01	7.17E-03	5.71E-01	4.59E-01	8.09E-01	2.40E-02	
group_193	2.09E-01	7.17E-03	5.71E-01	4.59E-01	8.09E-01	2.40E-02	
group_188	2.09E-01	7.17E-03	5.71E-01	4.59E-01	8.09E-01	2.40E-02	
sbnB_2~~~ala	2.09E-01	7.17E-03	5.71E-01	4.59E-01	8.09E-01	2.40E-02	
lyx~~~xylB_1	2.09E-01	7.17E-03	5.71E-01	4.59E-01	8.09E-01	2.40E-02	
ruvB	2.09E-01	7.17E-03	5.71E-01	4.59E-01	8.09E-01	2.40E-02	
yidD	2.09E-01	7.17E-03	5.71E-01	4.59E-01	8.09E-01	2.40E-02	
tcdA	2.09E-01	7.17E-03	5.71E-01	4.59E-01	8.09E-01	2.40E-02	
egsA	2.09E-01	7.17E-03	5.71E-01	4.59E-01	8.09E-01	2.40E-02	
nahK_1~~~cmk_2~~~nahK	2.09E-01	7.17E-03	5.71E-01	4.59E-01	8.09E-01	2.40E-02	
thiI	2.09E-01	7.17E-03	5.71E-01	4.59E-01	8.09E-01	2.40E-02	
group_151	2.09E-01	7.17E-03	5.71E-01	4.59E-01	8.09E-01	2.40E-02	
mtaD	2.09E-01	7.17E-03	5.71E-01	4.59E-01	8.09E-01	2.40E-02	
lspA	2.09E-01	7.17E-03	5.71E-01	4.59E-01	8.09E-01	2.40E-02	
group_142	2.09E-01	7.17E-03	5.71E-01	4.59E-01	8.09E-01	2.40E-02	
walR_2~~~uvrC_2	2.09E-01	7.17E-03	5.71E-01	4.59E-01	8.09E-01	2.40E-02	
mrdA_1~~~penA	2.09E-01	7.17E-03	5.71E-01	4.59E-01	8.09E-01	2.40E-02	
group_135	2.09E-01	7.17E-03	5.71E-01	4.59E-01	8.09E-01	2.40E-02	
group_133	2.09E-01	7.17E-03	5.71E-01	4.59E-01	8.09E-01	2.40E-02	
pdaA	2.09E-01	7.17E-03	5.71E-01	4.59E-01	8.09E-01	2.40E-02	
group_128	2.09E-01	7.17E-03	5.71E-01	4.59E-01	8.09E-01	2.40E-02	
arcC1	2.09E-01	7.17E-03	5.71E-01	4.59E-01	8.09E-01	2.40E-02	
clpX~~~clpX_1	2.09E-01	7.17E-03	5.71E-01	4.59E-01	8.09E-01	2.40E-02	
group_105	2.09E-01	7.17E-03	5.71E-01	4.59E-01	8.09E-01	2.40E-02	
group_62	2.09E-01	7.17E-03	5.71E-01	4.59E-01	8.09E-01	2.40E-02	
group_53	2.09E-01	7.17E-03	5.71E-01	4.59E-01	8.09E-01	2.40E-02	
group_3963	2.07E-01	6.41E-03	9.45E-01	7.18E-03	1.04E-01	2.93E-03	
group_3893	2.07E-01	6.41E-03	9.42E-01	-4.54E-04	6.21E-03	3.09E-03	
rpmB	2.07E-01	6.41E-03	9.02E-01	2.16E-02	1.76E-01	5.20E-03	
group_3762	2.07E-01	6.41E-03	9.45E-01	7.18E-03	1.04E-01	2.93E-03	
hfq	2.07E-01	6.41E-03	7.80E-02	-3.03E-01	1.72E-01	7.45E-02	
xseB	2.07E-01	6.41E-03	9.33E-01	1.76E-02	2.09E-01	3.56E-03	
group_3564	2.07E-01	6.41E-03	2.20E-01	-4.07E-01	3.31E-01	5.19E-02	
group_3540	2.07E-01	6.41E-03	9.98E-01	1.21E-05	5.38E-03	9.51E-05	
group_3535	2.07E-01	6.41E-03	9.30E-01	-1.27E-02	1.44E-01	3.73E-03	
group_3524	2.07E-01	6.41E-03	8.01E-01	9.03E-02	3.59E-01	1.06E-02	
ntpG	2.07E-01	2.03E-02	1.86E-05	7.72E-01	1.79E-01	1.80E-01	
group_3429	2.07E-01	6.41E-03	9.45E-01	7.18E-03	1.04E-01	2.93E-03	
group_3422	2.07E-01	6.41E-03	9.39E-01	1.46E-02	1.89E-01	3.26E-03	
group_3407	2.07E-01	2.03E-02	1.86E-05	7.72E-01	1.79E-01	1.80E-01	
group_3380	2.07E-01	6.41E-03	9.50E-01	-1.10E-02	1.75E-01	2.67E-03	
rnpA	2.07E-01	2.03E-02	7.35E-01	1.17E-01	3.45E-01	1.43E-02	
ndoA	2.07E-01	6.41E-03	9.45E-01	7.62E-03	1.09E-01	2.94E-03	
group_3298	2.07E-01	6.41E-03	9.10E-01	1.90E-02	1.67E-01	4.80E-03	
group_3287	2.07E-01	6.41E-03	9.42E-01	7.48E-03	1.04E-01	3.05E-03	
group_3267	2.07E-01	6.41E-03	9.43E-01	7.51E-03	1.06E-01	3.01E-03	
blaI_4	2.07E-01	6.41E-03	8.19E-01	8.57E-02	3.74E-01	9.68E-03	
yabJ	2.07E-01	6.41E-03	9.42E-01	7.48E-03	1.04E-01	3.05E-03	
rbfA	2.07E-01	6.41E-03	7.87E-01	1.21E-01	4.46E-01	1.14E-02	
group_3237	2.07E-01	2.03E-02	6.32E-08	9.69E-01	1.77E-01	2.26E-01	
group_3216	2.07E-01	6.41E-03	9.39E-01	1.46E-02	1.89E-01	3.26E-03	
group_3215	2.07E-01	6.41E-03	9.45E-01	7.62E-03	1.09E-01	2.94E-03	
group_3196	2.07E-01	6.41E-03	9.52E-01	7.98E-03	1.32E-01	2.56E-03	
cdd	2.07E-01	6.41E-03	9.52E-01	7.98E-03	1.32E-01	2.56E-03	
group_3172	2.07E-01	2.03E-02	7.35E-01	1.17E-01	3.45E-01	1.43E-02	
group_3165	2.07E-01	6.41E-03	9.38E-01	1.58E-02	2.04E-01	3.28E-03	
group_3145	2.07E-01	6.41E-03	9.45E-01	7.18E-03	1.04E-01	2.93E-03	
group_3125	2.07E-01	6.41E-03	9.45E-01	7.62E-03	1.09E-01	2.94E-03	
rimP	2.07E-01	6.41E-03	9.45E-01	7.18E-03	1.04E-01	2.93E-03	
group_3045	2.07E-01	6.41E-03	9.21E-01	-1.39E-02	1.40E-01	4.18E-03	
nrdG	2.07E-01	2.03E-02	8.00E-01	4.96E-02	1.96E-01	1.07E-02	
sepF	2.07E-01	6.41E-03	7.80E-02	-3.03E-01	1.72E-01	7.45E-02	
group_2973	2.07E-01	6.41E-03	9.97E-01	2.21E-05	6.21E-03	1.50E-04	
pgsA_1	2.07E-01	6.41E-03	2.20E-01	-4.07E-01	3.31E-01	5.19E-02	
queH	2.07E-01	2.03E-02	8.98E-01	1.92E-02	1.51E-01	5.41E-03	
frr	2.07E-01	6.41E-03	8.71E-01	3.80E-02	2.34E-01	6.85E-03	
group_2922	2.07E-01	6.41E-03	7.42E-01	1.66E-01	5.03E-01	1.40E-02	
group_2921	2.07E-01	6.41E-03	7.87E-01	1.21E-01	4.46E-01	1.14E-02	
hpt_1	2.07E-01	6.41E-03	9.45E-01	7.62E-03	1.09E-01	2.94E-03	
group_2911	2.07E-01	2.03E-02	8.07E-01	5.51E-02	2.25E-01	1.04E-02	
group_2904	2.07E-01	6.41E-03	8.64E-01	-1.93E-02	1.13E-01	7.22E-03	
group_2892	2.07E-01	6.41E-03	9.45E-01	7.62E-03	1.09E-01	2.94E-03	
group_2887	2.07E-01	6.41E-03	9.98E-01	1.21E-05	5.38E-03	9.51E-05	
spmA	2.07E-01	6.41E-03	8.55E-01	-3.14E-02	1.71E-01	7.74E-03	
group_2843	2.07E-01	6.41E-03	9.57E-01	5.10E-03	9.50E-02	2.27E-03	
atpE	2.07E-01	2.03E-02	1.86E-05	7.72E-01	1.79E-01	1.80E-01	
group_2775	2.07E-01	6.41E-03	9.42E-01	7.48E-03	1.04E-01	3.05E-03	
rpe	2.07E-01	6.41E-03	9.89E-01	3.99E-03	2.94E-01	5.73E-04	
tmk	2.07E-01	6.41E-03	9.00E-01	4.58E-02	3.64E-01	5.33E-03	
group_2690	2.07E-01	6.41E-03	8.19E-01	8.57E-02	3.74E-01	9.68E-03	
group_2680	2.07E-01	2.03E-02	8.83E-01	2.75E-02	1.87E-01	6.23E-03	
rspR	2.07E-01	6.41E-03	8.62E-01	4.32E-02	2.48E-01	7.36E-03	
group_2662	2.07E-01	6.41E-03	9.89E-01	3.99E-03	2.94E-01	5.73E-04	
tsaB	2.07E-01	6.41E-03	9.39E-01	8.44E-03	1.11E-01	3.21E-03	
cobB	2.07E-01	6.41E-03	9.60E-01	3.65E-03	7.21E-02	2.14E-03	
tagA	2.07E-01	6.41E-03	9.00E-01	4.58E-02	3.64E-01	5.33E-03	
scpA	2.07E-01	6.41E-03	8.64E-01	-1.93E-02	1.13E-01	7.22E-03	
ecfT_1	2.07E-01	6.41E-03	9.43E-01	7.51E-03	1.06E-01	3.01E-03	
proC	2.07E-01	6.41E-03	9.50E-01	-1.10E-02	1.75E-01	2.67E-03	
znuB	2.07E-01	2.03E-02	8.83E-01	2.75E-02	1.87E-01	6.23E-03	
group_2448	2.07E-01	6.41E-03	9.97E-01	2.21E-05	6.21E-03	1.50E-04	
group_2442	2.07E-01	6.41E-03	9.49E-01	7.49E-03	1.17E-01	2.70E-03	
group_2414	2.07E-01	6.41E-03	8.64E-01	-1.93E-02	1.13E-01	7.22E-03	
baiN_1~~~baiN_2~~~baiN_3	2.07E-01	6.41E-03	9.02E-01	2.17E-02	1.77E-01	5.20E-03	
opuBA~~~ecfA2_2	2.07E-01	6.41E-03	9.10E-01	1.90E-02	1.67E-01	4.80E-03	
group_2274	2.07E-01	6.41E-03	9.50E-01	-1.10E-02	1.75E-01	2.67E-03	
group_2268	2.07E-01	6.41E-03	9.10E-01	1.90E-02	1.67E-01	4.80E-03	
rlmH	2.07E-01	6.41E-03	9.49E-01	7.49E-03	1.17E-01	2.70E-03	
group_2258	2.07E-01	6.41E-03	9.60E-01	3.65E-03	7.21E-02	2.14E-03	
metAA_1	2.07E-01	6.41E-03	9.10E-01	1.90E-02	1.67E-01	4.80E-03	
group_2250	2.07E-01	6.41E-03	9.45E-01	7.62E-03	1.09E-01	2.94E-03	
group_2249	2.07E-01	6.41E-03	9.90E-01	-2.33E-03	1.95E-01	5.07E-04	
mglA_1~~~btuD_1~~~mglA_5~~~mglA_3	2.07E-01	6.41E-03	9.02E-01	-1.40E-02	1.13E-01	5.21E-03	
uvrB_1~~~uvrB	2.07E-01	6.41E-03	9.97E-01	2.68E-05	6.21E-03	1.83E-04	
hdpA	2.07E-01	6.41E-03	9.56E-01	-1.08E-02	1.95E-01	2.33E-03	
valS~~~valS_2~~~valS_1	2.07E-01	6.41E-03	8.64E-01	-1.84E-02	1.07E-01	7.24E-03	
miaA	2.07E-01	6.41E-03	7.80E-02	-3.03E-01	1.72E-01	7.45E-02	
nrnA	2.07E-01	6.41E-03	7.87E-01	1.21E-01	4.46E-01	1.14E-02	
glcK	2.07E-01	2.03E-02	8.83E-01	2.75E-02	1.87E-01	6.23E-03	
group_1922	2.07E-01	6.41E-03	9.42E-01	-4.54E-04	6.21E-03	3.09E-03	
cmk_1~~~cmk_2	2.07E-01	6.41E-03	9.02E-01	2.17E-02	1.77E-01	5.20E-03	
fadD3~~~lcfB~~~lcfB_1	2.07E-01	6.41E-03	9.45E-01	7.62E-03	1.09E-01	2.94E-03	
tyrS~~~tyrS_1	2.07E-01	2.03E-02	9.21E-01	1.11E-02	1.12E-01	4.18E-03	
oppF	2.07E-01	6.41E-03	9.52E-01	1.44E-02	2.40E-01	2.54E-03	
murAB~~~murA_1	2.07E-01	6.41E-03	9.97E-01	2.68E-05	6.21E-03	1.83E-04	
rlmB_2	2.07E-01	6.41E-03	9.39E-01	1.46E-02	1.89E-01	3.26E-03	
group_1707	2.07E-01	6.41E-03	9.45E-01	7.18E-03	1.04E-01	2.93E-03	
group_1696	2.07E-01	6.41E-03	8.69E-01	3.89E-02	2.36E-01	6.97E-03	
tcyB~~~occM~~~glnP	2.07E-01	6.41E-03	9.95E-01	1.07E-03	1.85E-01	2.45E-04	
uppP	2.07E-01	6.41E-03	9.57E-01	5.10E-03	9.50E-02	2.27E-03	
ureG~~~hypB	2.07E-01	2.03E-02	1.86E-05	7.72E-01	1.79E-01	1.80E-01	
group_1615	2.07E-01	6.41E-03	9.25E-01	1.35E-02	1.43E-01	4.01E-03	
group_1614	2.07E-01	6.41E-03	9.38E-01	1.58E-02	2.04E-01	3.28E-03	
hmuU	2.07E-01	2.03E-02	9.17E-01	1.51E-02	1.44E-01	4.43E-03	
group_1584	2.07E-01	6.41E-03	8.62E-01	4.32E-02	2.48E-01	7.36E-03	
group_1571	2.07E-01	6.41E-03	9.43E-01	7.51E-03	1.06E-01	3.01E-03	
rlmL_3~~~rlmL_2~~~rlmK	2.07E-01	6.41E-03	9.43E-01	7.51E-03	1.06E-01	3.01E-03	
group_1560	2.07E-01	6.41E-03	9.10E-01	1.90E-02	1.67E-01	4.80E-03	
mtgA~~~ftsI	2.07E-01	6.41E-03	9.43E-01	7.51E-03	1.06E-01	3.01E-03	
group_1535	2.07E-01	2.03E-02	8.07E-01	5.51E-02	2.25E-01	1.04E-02	
group_1527	2.07E-01	6.41E-03	9.63E-01	-6.79E-03	1.45E-01	1.97E-03	
rnc	2.07E-01	6.41E-03	9.38E-01	1.58E-02	2.04E-01	3.28E-03	
group_1487	2.07E-01	6.41E-03	9.52E-01	1.44E-02	2.40E-01	2.54E-03	
truB	2.07E-01	6.41E-03	7.87E-01	1.21E-01	4.46E-01	1.14E-02	
group_1454	2.07E-01	2.03E-02	7.35E-01	1.17E-01	3.45E-01	1.43E-02	
ywlC	2.07E-01	6.41E-03	9.33E-01	1.76E-02	2.09E-01	3.56E-03	
aroF~~~kdsA	2.07E-01	6.41E-03	8.73E-01	3.89E-02	2.44E-01	6.75E-03	
group_1431	2.07E-01	6.41E-03	9.38E-01	1.58E-02	2.04E-01	3.28E-03	
group_1424	2.07E-01	6.41E-03	9.47E-01	6.37E-03	9.55E-02	2.82E-03	
group_1423	2.07E-01	6.41E-03	9.52E-01	1.44E-02	2.40E-01	2.54E-03	
mfd_1~~~mfd_2~~~mfd	2.07E-01	6.41E-03	9.10E-01	1.90E-02	1.67E-01	4.80E-03	
nagZ	2.07E-01	6.41E-03	9.49E-01	7.49E-03	1.17E-01	2.70E-03	
group_1374	2.07E-01	6.41E-03	9.45E-01	7.62E-03	1.09E-01	2.94E-03	
ispG	2.07E-01	6.41E-03	9.30E-01	-1.27E-02	1.44E-01	3.73E-03	
alr1~~~alr1_2	2.07E-01	6.41E-03	9.45E-01	7.62E-03	1.09E-01	2.94E-03	
selD	2.07E-01	6.41E-03	1.00E+00	8.52E-07	5.38E-03	6.70E-06	
thrC_1	2.07E-01	6.41E-03	9.42E-01	7.48E-03	1.04E-01	3.05E-03	
gdpP	2.07E-01	6.41E-03	9.45E-01	7.62E-03	1.09E-01	2.94E-03	
pncB~~~pncB2	2.07E-01	6.41E-03	4.57E-01	-8.56E-02	1.15E-01	3.15E-02	
group_1298	2.07E-01	6.41E-03	8.12E-01	-3.61E-02	1.52E-01	1.01E-02	
hrcA	2.07E-01	6.41E-03	9.50E-01	-1.10E-02	1.75E-01	2.67E-03	
group_1282	2.07E-01	6.41E-03	2.20E-01	-4.07E-01	3.31E-01	5.19E-02	
lacC	2.07E-01	2.03E-02	8.83E-01	2.75E-02	1.87E-01	6.23E-03	
group_1268	2.07E-01	6.41E-03	9.45E-01	7.18E-03	1.04E-01	2.93E-03	
group_1264	2.07E-01	6.41E-03	7.87E-01	1.21E-01	4.46E-01	1.14E-02	
group_1249	2.07E-01	6.41E-03	8.19E-01	8.57E-02	3.74E-01	9.68E-03	
yggS	2.07E-01	6.41E-03	7.80E-02	-3.03E-01	1.72E-01	7.45E-02	
GFM1_1~~~tetO~~~GFM1	2.07E-01	2.03E-02	6.32E-08	9.69E-01	1.77E-01	2.26E-01	
uppS_1~~~uppS	2.07E-01	6.41E-03	8.71E-01	3.80E-02	2.34E-01	6.85E-03	
group_1229	2.07E-01	6.41E-03	9.97E-01	2.21E-05	6.21E-03	1.50E-04	
ybhF~~~btuD_1	2.07E-01	6.41E-03	9.04E-01	-1.22E-02	1.01E-01	5.11E-03	
group_1227	2.07E-01	6.41E-03	9.45E-01	7.62E-03	1.09E-01	2.94E-03	
group_1226	2.07E-01	6.41E-03	9.98E-01	1.21E-05	5.38E-03	9.51E-05	
group_1220	2.07E-01	6.41E-03	9.50E-01	-1.10E-02	1.75E-01	2.67E-03	
rnfB~~~rnfB_2~~~rnfB_1	2.07E-01	6.41E-03	9.21E-01	-1.39E-02	1.40E-01	4.18E-03	
rpoZ	2.07E-01	6.41E-03	8.71E-01	3.80E-02	2.34E-01	6.85E-03	
group_1211	2.07E-01	6.41E-03	9.57E-01	5.10E-03	9.50E-02	2.27E-03	
trpS	2.07E-01	2.03E-02	6.32E-08	9.69E-01	1.77E-01	2.26E-01	
atpC~~~ntpC	2.07E-01	2.03E-02	1.86E-05	7.72E-01	1.79E-01	1.80E-01	
group_1207	2.07E-01	6.41E-03	9.97E-01	2.68E-05	6.21E-03	1.83E-04	
lacZ~~~lacZ_2	2.07E-01	6.41E-03	8.01E-01	9.03E-02	3.59E-01	1.06E-02	
group_1176	2.07E-01	6.41E-03	9.10E-01	1.90E-02	1.67E-01	4.80E-03	
asnA~~~asnA_2	2.07E-01	6.41E-03	9.89E-01	3.99E-03	2.94E-01	5.73E-04	
group_1169	2.07E-01	2.03E-02	1.86E-05	7.72E-01	1.79E-01	1.80E-01	
group_1167	2.07E-01	6.41E-03	9.02E-01	2.16E-02	1.76E-01	5.20E-03	
ftsZ~~~ftsZ_2	2.07E-01	6.41E-03	9.66E-01	7.33E-03	1.70E-01	1.82E-03	
group_1157	2.07E-01	2.03E-02	9.21E-01	1.11E-02	1.12E-01	4.18E-03	
dnaC_2	2.07E-01	6.41E-03	8.93E-01	2.59E-02	1.92E-01	5.70E-03	
scpB	2.07E-01	6.41E-03	8.64E-01	-1.93E-02	1.13E-01	7.22E-03	
xynR	2.07E-01	6.41E-03	8.01E-01	9.03E-02	3.59E-01	1.06E-02	
iscS_1	2.07E-01	6.41E-03	9.82E-01	-3.56E-03	1.58E-01	9.50E-04	
group_1083	2.07E-01	6.41E-03	9.45E-01	7.18E-03	1.04E-01	2.93E-03	
sta	2.07E-01	6.41E-03	9.04E-01	-1.22E-02	1.01E-01	5.11E-03	
group_1073	2.07E-01	6.41E-03	9.50E-01	-1.10E-02	1.75E-01	2.67E-03	
purR_4~~~ccpA	2.07E-01	6.41E-03	7.42E-01	1.66E-01	5.03E-01	1.40E-02	
inlA	2.07E-01	6.41E-03	9.50E-01	-1.10E-02	1.75E-01	2.67E-03	
nrdD~~~nrdD_1~~~nrdD_2	2.07E-01	6.41E-03	9.95E-01	1.07E-03	1.85E-01	2.45E-04	
rsmB~~~rsmF_2	2.07E-01	6.41E-03	2.20E-01	-4.07E-01	3.31E-01	5.19E-02	
mnaA	2.07E-01	6.41E-03	2.20E-01	-4.07E-01	3.31E-01	5.19E-02	
group_984	2.07E-01	6.41E-03	9.38E-01	1.58E-02	2.04E-01	3.28E-03	
apu	2.07E-01	6.41E-03	9.45E-01	7.62E-03	1.09E-01	2.94E-03	
group_959	2.07E-01	6.41E-03	9.38E-01	1.58E-02	2.04E-01	3.28E-03	
group_934	2.07E-01	6.41E-03	8.19E-01	8.57E-02	3.74E-01	9.68E-03	
group_932	2.07E-01	6.41E-03	9.02E-01	2.17E-02	1.77E-01	5.20E-03	
glpF_1~~~glpF~~~glpF_2	2.07E-01	6.41E-03	9.42E-01	7.48E-03	1.04E-01	3.05E-03	
rlmI	2.07E-01	2.03E-02	1.86E-05	7.72E-01	1.79E-01	1.80E-01	
folD	2.07E-01	6.41E-03	9.39E-01	1.46E-02	1.89E-01	3.26E-03	
group_899	2.07E-01	6.41E-03	9.10E-01	1.90E-02	1.67E-01	4.80E-03	
metK	2.07E-01	6.41E-03	9.45E-01	7.18E-03	1.04E-01	2.93E-03	
group_897	2.07E-01	6.41E-03	9.43E-01	7.51E-03	1.06E-01	3.01E-03	
prfA	2.07E-01	6.41E-03	8.12E-01	-3.61E-02	1.52E-01	1.01E-02	
dnaC~~~dnaC_2	2.07E-01	6.41E-03	9.45E-01	7.62E-03	1.09E-01	2.94E-03	
dinG_2~~~dinG_1~~~polC_1	2.07E-01	6.41E-03	9.50E-01	-1.10E-02	1.75E-01	2.67E-03	
rsmG_2~~~rsmG~~~rsmG_1	2.07E-01	6.41E-03	9.35E-01	9.38E-03	1.16E-01	3.43E-03	
group_866	2.07E-01	6.41E-03	9.89E-01	3.99E-03	2.94E-01	5.73E-04	
ecfA1	2.07E-01	6.41E-03	9.43E-01	7.51E-03	1.06E-01	3.01E-03	
ecfA2~~~ecfA2_1	2.07E-01	6.41E-03	9.43E-01	7.51E-03	1.06E-01	3.01E-03	
rsgA	2.07E-01	6.41E-03	9.30E-01	1.87E-02	2.12E-01	3.73E-03	
nadD_1	2.07E-01	6.41E-03	9.95E-01	1.07E-03	1.85E-01	2.45E-04	
group_850	2.07E-01	6.41E-03	9.97E-01	2.21E-05	6.21E-03	1.50E-04	
group_848	2.07E-01	6.41E-03	9.64E-01	2.99E-03	6.66E-02	1.90E-03	
ltaE	2.07E-01	6.41E-03	9.89E-01	3.99E-03	2.94E-01	5.73E-04	
group_846	2.07E-01	2.03E-02	1.86E-05	7.72E-01	1.79E-01	1.80E-01	
group_837	2.07E-01	6.41E-03	9.98E-01	1.21E-05	5.38E-03	9.51E-05	
aroA	2.07E-01	6.41E-03	8.73E-01	3.89E-02	2.44E-01	6.75E-03	
yhaO	2.07E-01	6.41E-03	8.19E-01	8.57E-02	3.74E-01	9.68E-03	
group_810	2.07E-01	6.41E-03	9.42E-01	-4.54E-04	6.21E-03	3.09E-03	
yitJ_2~~~yitJ_1	2.07E-01	6.41E-03	9.10E-01	1.90E-02	1.67E-01	4.80E-03	
group_806	2.07E-01	6.41E-03	7.42E-01	1.66E-01	5.03E-01	1.40E-02	
cobQ_2~~~cobQ~~~cobQ_1	2.07E-01	2.03E-02	9.17E-01	1.51E-02	1.44E-01	4.43E-03	
ybiT~~~ybiT_2	2.07E-01	6.41E-03	9.21E-01	-1.39E-02	1.40E-01	4.18E-03	
group_796	2.07E-01	6.41E-03	9.50E-01	-1.10E-02	1.75E-01	2.67E-03	
nadE	2.07E-01	6.41E-03	9.98E-01	1.21E-05	5.38E-03	9.51E-05	
truA_1	2.07E-01	6.41E-03	9.43E-01	7.51E-03	1.06E-01	3.01E-03	
pheT	2.07E-01	6.41E-03	8.64E-01	-1.93E-02	1.13E-01	7.22E-03	
group_778	2.07E-01	6.41E-03	9.30E-01	-1.27E-02	1.44E-01	3.73E-03	
spoIIIE	2.07E-01	6.41E-03	9.57E-01	5.10E-03	9.50E-02	2.27E-03	
group_775	2.07E-01	2.03E-02	1.86E-05	7.72E-01	1.79E-01	1.80E-01	
relA	2.07E-01	2.03E-02	6.32E-08	9.69E-01	1.77E-01	2.26E-01	
mtnA	2.07E-01	6.41E-03	9.35E-01	1.08E-02	1.32E-01	3.45E-03	
group_685	2.07E-01	6.41E-03	8.19E-01	8.57E-02	3.74E-01	9.68E-03	
nadD_1~~~nadD_2	2.07E-01	6.41E-03	9.45E-01	7.18E-03	1.04E-01	2.93E-03	
clpB_2~~~clpE	2.07E-01	6.41E-03	9.43E-01	7.51E-03	1.06E-01	3.01E-03	
group_664	2.07E-01	6.41E-03	9.43E-01	7.51E-03	1.06E-01	3.01E-03	
menE~~~lcfB_3~~~fadD3	2.07E-01	6.41E-03	9.52E-01	1.44E-02	2.40E-01	2.54E-03	
group_649	2.07E-01	6.41E-03	9.30E-01	1.87E-02	2.12E-01	3.73E-03	
glpK	2.07E-01	6.41E-03	9.42E-01	7.48E-03	1.04E-01	3.05E-03	
group_642	2.07E-01	2.03E-02	1.86E-05	7.72E-01	1.79E-01	1.80E-01	
lhgD	2.07E-01	6.41E-03	9.42E-01	7.48E-03	1.04E-01	3.05E-03	
group_641	2.07E-01	6.41E-03	9.42E-01	-4.54E-04	6.21E-03	3.09E-03	
group_633	2.07E-01	6.41E-03	9.45E-01	7.18E-03	1.04E-01	2.93E-03	
pncA	2.07E-01	6.41E-03	9.38E-01	1.58E-02	2.04E-01	3.28E-03	
group_620	2.07E-01	6.41E-03	9.97E-01	2.21E-05	6.21E-03	1.50E-04	
sadH	2.07E-01	6.41E-03	9.10E-01	1.90E-02	1.67E-01	4.80E-03	
pstB3	2.07E-01	6.41E-03	9.39E-01	8.46E-03	1.10E-01	3.26E-03	
cmpC~~~nrtC	2.07E-01	6.41E-03	9.39E-01	8.46E-03	1.10E-01	3.26E-03	
group_606	2.07E-01	6.41E-03	7.42E-01	1.66E-01	5.03E-01	1.40E-02	
group_599	2.07E-01	6.41E-03	9.10E-01	1.90E-02	1.67E-01	4.80E-03	
serS	2.07E-01	6.41E-03	9.55E-01	6.59E-03	1.18E-01	2.37E-03	
upp	2.07E-01	6.41E-03	9.39E-01	8.44E-03	1.11E-01	3.21E-03	
melD_1	2.07E-01	6.41E-03	8.19E-01	8.57E-02	3.74E-01	9.68E-03	
livH_3~~~livH_2	2.07E-01	6.41E-03	9.89E-01	3.99E-03	2.94E-01	5.73E-04	
group_583	2.07E-01	6.41E-03	9.89E-01	3.99E-03	2.94E-01	5.73E-04	
tyrC	2.07E-01	6.41E-03	8.73E-01	3.89E-02	2.44E-01	6.75E-03	
proA	2.07E-01	6.41E-03	9.50E-01	-1.10E-02	1.75E-01	2.67E-03	
pcrA_2~~~pcrA	2.07E-01	2.03E-02	8.07E-01	5.51E-02	2.25E-01	1.04E-02	
group_561	2.07E-01	6.41E-03	9.00E-01	2.26E-02	1.80E-01	5.30E-03	
group_559	2.07E-01	6.41E-03	9.39E-01	1.46E-02	1.89E-01	3.26E-03	
femX	2.07E-01	6.41E-03	9.82E-01	-3.56E-03	1.58E-01	9.50E-04	
group_552	2.07E-01	6.41E-03	7.87E-01	1.21E-01	4.46E-01	1.14E-02	
group_550	2.07E-01	6.41E-03	9.10E-01	1.90E-02	1.67E-01	4.80E-03	
mglA_2~~~mglA_3~~~rbsA_6	2.07E-01	6.41E-03	9.42E-01	-4.54E-04	6.21E-03	3.09E-03	
group_540	2.07E-01	6.41E-03	4.57E-01	-8.56E-02	1.15E-01	3.15E-02	
asnB	2.07E-01	6.41E-03	8.28E-01	-3.39E-02	1.56E-01	9.19E-03	
group_538	2.07E-01	6.41E-03	7.42E-01	1.66E-01	5.03E-01	1.40E-02	
group_536	2.07E-01	6.41E-03	9.52E-01	1.44E-02	2.40E-01	2.54E-03	
pgaB	2.07E-01	6.41E-03	9.30E-01	-1.27E-02	1.44E-01	3.73E-03	
ypfD~~~rpsA~~~ispH	2.07E-01	6.41E-03	9.02E-01	2.17E-02	1.77E-01	5.20E-03	
ybaB	2.07E-01	2.03E-02	1.86E-05	7.72E-01	1.79E-01	1.80E-01	
group_524	2.07E-01	6.41E-03	9.45E-01	7.18E-03	1.04E-01	2.93E-03	
group_522	2.07E-01	6.41E-03	7.42E-01	1.66E-01	5.03E-01	1.40E-02	
group_515	2.07E-01	6.41E-03	9.38E-01	1.58E-02	2.04E-01	3.28E-03	
murD	2.07E-01	6.41E-03	9.43E-01	7.51E-03	1.06E-01	3.01E-03	
glgD	2.07E-01	6.41E-03	9.45E-01	7.62E-03	1.09E-01	2.94E-03	
murI~~~yrpC	2.07E-01	6.41E-03	9.49E-01	7.49E-03	1.17E-01	2.70E-03	
group_512	2.07E-01	2.03E-02	8.98E-01	1.92E-02	1.51E-01	5.41E-03	
group_511	2.07E-01	6.41E-03	9.52E-01	5.49E-03	9.18E-02	2.53E-03	
group_508	2.07E-01	6.41E-03	9.57E-01	5.10E-03	9.50E-02	2.27E-03	
prs_2	2.07E-01	6.41E-03	9.10E-01	1.90E-02	1.67E-01	4.80E-03	
glmU	2.07E-01	6.41E-03	9.10E-01	1.90E-02	1.67E-01	4.80E-03	
hemW	2.07E-01	6.41E-03	9.63E-01	-6.79E-03	1.45E-01	1.97E-03	
dnaJ_3	2.07E-01	6.41E-03	9.00E-01	4.58E-02	3.64E-01	5.33E-03	
rihA~~~rihA_1~~~rihA_2	2.07E-01	6.41E-03	9.42E-01	-4.54E-04	6.21E-03	3.09E-03	
amyB	2.07E-01	6.41E-03	9.42E-01	-4.54E-04	6.21E-03	3.09E-03	
mdtK_4	2.07E-01	6.41E-03	9.40E-01	8.53E-03	1.14E-01	3.17E-03	
nusA	2.07E-01	6.41E-03	9.45E-01	7.18E-03	1.04E-01	2.93E-03	
mrdB_1~~~ftsW_2	2.07E-01	6.41E-03	9.39E-01	8.44E-03	1.11E-01	3.21E-03	
group_449	2.07E-01	6.41E-03	9.39E-01	1.46E-02	1.89E-01	3.26E-03	
group_444	2.07E-01	6.41E-03	9.21E-01	-1.39E-02	1.40E-01	4.18E-03	
wecC	2.07E-01	6.41E-03	9.45E-01	7.18E-03	1.04E-01	2.93E-03	
group_433	2.07E-01	6.41E-03	9.42E-01	7.48E-03	1.04E-01	3.05E-03	
apbE	2.07E-01	6.41E-03	9.21E-01	-1.39E-02	1.40E-01	4.18E-03	
group_428	2.07E-01	6.41E-03	9.39E-01	8.44E-03	1.11E-01	3.21E-03	
group_425	2.07E-01	6.41E-03	9.25E-01	1.35E-02	1.43E-01	4.01E-03	
dapC	2.07E-01	6.41E-03	9.45E-01	7.62E-03	1.09E-01	2.94E-03	
group_419	2.07E-01	6.41E-03	9.10E-01	1.90E-02	1.67E-01	4.80E-03	
group_417	2.07E-01	6.41E-03	9.42E-01	-4.54E-04	6.21E-03	3.09E-03	
murE	2.07E-01	6.41E-03	7.87E-01	1.21E-01	4.46E-01	1.14E-02	
deoB	2.07E-01	6.41E-03	9.52E-01	7.98E-03	1.32E-01	2.56E-03	
group_414	2.07E-01	6.41E-03	9.52E-01	7.98E-03	1.32E-01	2.56E-03	
paaK	2.07E-01	6.41E-03	9.45E-01	7.62E-03	1.09E-01	2.94E-03	
aroK~~~aroE	2.07E-01	6.41E-03	8.73E-01	3.89E-02	2.44E-01	6.75E-03	
iolU	2.07E-01	6.41E-03	4.57E-01	-8.56E-02	1.15E-01	3.15E-02	
pyk	2.07E-01	6.41E-03	9.52E-01	5.49E-03	9.18E-02	2.53E-03	
recQ	2.07E-01	6.41E-03	9.21E-01	-1.39E-02	1.40E-01	4.18E-03	
gerAA~~~gerXA	2.07E-01	6.41E-03	9.82E-01	-3.56E-03	1.58E-01	9.50E-04	
pyrH	2.07E-01	6.41E-03	8.71E-01	3.80E-02	2.34E-01	6.85E-03	
spoVD	2.07E-01	6.41E-03	7.87E-01	1.21E-01	4.46E-01	1.14E-02	
tilS	2.07E-01	6.41E-03	9.45E-01	7.62E-03	1.09E-01	2.94E-03	
dinB	2.07E-01	6.41E-03	9.45E-01	7.62E-03	1.09E-01	2.94E-03	
group_352	2.07E-01	6.41E-03	5.54E-01	-7.37E-02	1.25E-01	2.50E-02	
group_350	2.07E-01	6.41E-03	8.64E-01	-1.93E-02	1.13E-01	7.22E-03	
ktrB~~~ntpJ	2.07E-01	6.41E-03	9.39E-01	1.46E-02	1.89E-01	3.26E-03	
atzB	2.07E-01	6.41E-03	9.25E-01	1.35E-02	1.43E-01	4.01E-03	
group_332	2.07E-01	6.41E-03	9.45E-01	7.18E-03	1.04E-01	2.93E-03	
aes	2.07E-01	6.41E-03	9.63E-01	-6.79E-03	1.45E-01	1.97E-03	
group_328	2.07E-01	6.41E-03	7.80E-02	-3.03E-01	1.72E-01	7.45E-02	
lptB_2	2.07E-01	6.41E-03	9.89E-01	3.99E-03	2.94E-01	5.73E-04	
tsaE	2.07E-01	6.41E-03	9.39E-01	8.44E-03	1.11E-01	3.21E-03	
clsA	2.07E-01	6.41E-03	1.00E+00	9.57E-07	5.39E-03	7.52E-06	
acsA~~~acs_1	2.07E-01	6.41E-03	9.97E-01	2.68E-05	6.21E-03	1.83E-04	
pdxK	2.07E-01	6.41E-03	9.39E-01	8.46E-03	1.10E-01	3.26E-03	
engB	2.07E-01	6.41E-03	9.35E-01	1.08E-02	1.32E-01	3.45E-03	
patA_1~~~patA_4	2.07E-01	6.41E-03	9.52E-01	7.98E-03	1.32E-01	2.56E-03	
phoU	2.07E-01	6.41E-03	9.39E-01	8.46E-03	1.10E-01	3.26E-03	
dck	2.07E-01	6.41E-03	9.49E-01	7.49E-03	1.17E-01	2.70E-03	
bioF	2.07E-01	6.41E-03	9.38E-01	1.58E-02	2.04E-01	3.28E-03	
group_310	2.07E-01	6.41E-03	9.10E-01	1.90E-02	1.67E-01	4.80E-03	
group_309	2.07E-01	6.41E-03	8.64E-01	-1.93E-02	1.13E-01	7.22E-03	
znuC~~~ecfA3	2.07E-01	2.03E-02	8.83E-01	2.75E-02	1.87E-01	6.23E-03	
group_284	2.07E-01	2.03E-02	8.98E-01	1.92E-02	1.51E-01	5.41E-03	
pknD_1	2.07E-01	6.41E-03	9.30E-01	1.87E-02	2.12E-01	3.73E-03	
ypbG	2.07E-01	6.41E-03	7.42E-01	1.66E-01	5.03E-01	1.40E-02	
group_272	2.07E-01	6.41E-03	9.97E-01	2.21E-05	6.21E-03	1.50E-04	
group_270	2.07E-01	6.41E-03	9.04E-01	-1.22E-02	1.01E-01	5.11E-03	
ftsH_1~~~ftsH_2	2.07E-01	6.41E-03	9.45E-01	7.62E-03	1.09E-01	2.94E-03	
murJ_1	2.07E-01	6.41E-03	7.42E-01	1.66E-01	5.03E-01	1.40E-02	
group_264	2.07E-01	6.41E-03	9.38E-01	1.58E-02	2.04E-01	3.28E-03	
group_259	2.07E-01	2.03E-02	8.83E-01	2.75E-02	1.87E-01	6.23E-03	
group_253	2.07E-01	6.41E-03	9.49E-01	7.49E-03	1.17E-01	2.70E-03	
group_250	2.07E-01	6.41E-03	9.62E-01	3.33E-03	6.95E-02	2.03E-03	
group_249	2.07E-01	6.41E-03	9.43E-01	7.51E-03	1.06E-01	3.01E-03	
btsS	2.07E-01	6.41E-03	9.02E-01	2.16E-02	1.76E-01	5.20E-03	
rplS	2.07E-01	6.41E-03	9.60E-01	8.28E-03	1.66E-01	2.10E-03	
araQ_1	2.07E-01	6.41E-03	8.19E-01	8.57E-02	3.74E-01	9.68E-03	
group_240	2.07E-01	6.41E-03	9.89E-01	3.99E-03	2.94E-01	5.73E-04	
btuF	2.07E-01	6.41E-03	9.21E-01	-1.39E-02	1.40E-01	4.18E-03	
oppC	2.07E-01	6.41E-03	9.52E-01	1.44E-02	2.40E-01	2.54E-03	
group_236	2.07E-01	6.41E-03	9.60E-01	3.65E-03	7.21E-02	2.14E-03	
dxr	2.07E-01	6.41E-03	7.42E-01	1.66E-01	5.03E-01	1.40E-02	
queA	2.07E-01	6.41E-03	8.19E-01	8.57E-02	3.74E-01	9.68E-03	
fruK	2.07E-01	6.41E-03	9.02E-01	2.16E-02	1.76E-01	5.20E-03	
mnmE	2.07E-01	6.41E-03	9.82E-01	-3.56E-03	1.58E-01	9.50E-04	
deoD	2.07E-01	6.41E-03	9.52E-01	7.98E-03	1.32E-01	2.56E-03	
rbsC_4~~~rbsC_2	2.07E-01	6.41E-03	9.42E-01	-4.54E-04	6.21E-03	3.09E-03	
group_207	2.07E-01	2.03E-02	1.86E-05	7.72E-01	1.79E-01	1.80E-01	
glgB	2.07E-01	6.41E-03	9.45E-01	7.62E-03	1.09E-01	2.94E-03	
adh2~~~bdhA	2.07E-01	2.03E-02	1.86E-05	7.72E-01	1.79E-01	1.80E-01	
group_198	2.07E-01	6.41E-03	9.95E-01	1.07E-03	1.85E-01	2.45E-04	
sasA_7~~~sasA_9	2.07E-01	6.41E-03	9.39E-01	1.46E-02	1.89E-01	3.26E-03	
tsaD_2	2.07E-01	2.03E-02	8.07E-01	5.51E-02	2.25E-01	1.04E-02	
ydjH	2.07E-01	6.41E-03	9.97E-01	2.21E-05	6.21E-03	1.50E-04	
aroC	2.07E-01	6.41E-03	8.73E-01	3.89E-02	2.44E-01	6.75E-03	
aroB	2.07E-01	6.41E-03	8.73E-01	3.89E-02	2.44E-01	6.75E-03	
proB	2.07E-01	6.41E-03	9.50E-01	-1.10E-02	1.75E-01	2.67E-03	
apeB	2.07E-01	6.41E-03	9.25E-01	1.35E-02	1.43E-01	4.01E-03	
walK~~~sasA_4~~~walK_2~~~sasA_3	2.07E-01	6.41E-03	9.10E-01	1.90E-02	1.67E-01	4.80E-03	
fpuD~~~yusV	2.07E-01	2.03E-02	9.17E-01	1.51E-02	1.44E-01	4.43E-03	
group_177	2.07E-01	6.41E-03	9.82E-01	-3.56E-03	1.58E-01	9.50E-04	
dapE_3	2.07E-01	6.41E-03	8.19E-01	8.57E-02	3.74E-01	9.68E-03	
yosS~~~yncF	2.07E-01	2.03E-02	8.00E-01	4.96E-02	1.96E-01	1.07E-02	
ldh2~~~ldh1	2.07E-01	6.41E-03	9.35E-01	1.08E-02	1.32E-01	3.45E-03	
tepA	2.07E-01	6.41E-03	9.52E-01	5.49E-03	9.18E-02	2.53E-03	
dapE_3~~~dapE_4	2.07E-01	6.41E-03	8.62E-01	4.32E-02	2.48E-01	7.36E-03	
srrA_1	2.07E-01	6.41E-03	9.10E-01	1.90E-02	1.67E-01	4.80E-03	
yxeO~~~glnQ	2.07E-01	2.03E-02	8.98E-01	1.92E-02	1.51E-01	5.41E-03	
murJ_1~~~murJ_3	2.07E-01	6.41E-03	9.39E-01	8.46E-03	1.10E-01	3.26E-03	
fucA~~~drdA	2.07E-01	6.41E-03	9.36E-01	1.02E-02	1.26E-01	3.42E-03	
fruE~~~ytfQ_1	2.07E-01	6.41E-03	9.02E-01	2.16E-02	1.76E-01	5.20E-03	
group_152	2.07E-01	6.41E-03	9.42E-01	-4.54E-04	6.21E-03	3.09E-03	
COQ5_4	2.07E-01	6.41E-03	9.21E-01	-1.39E-02	1.40E-01	4.18E-03	
mdtK_1	2.07E-01	2.03E-02	8.98E-01	1.92E-02	1.51E-01	5.41E-03	
ydbD	2.07E-01	6.41E-03	9.50E-01	-1.10E-02	1.75E-01	2.67E-03	
recR~~~recR_1	2.07E-01	2.03E-02	1.86E-05	7.72E-01	1.79E-01	1.80E-01	
group_121	2.07E-01	2.03E-02	8.07E-01	5.51E-02	2.25E-01	1.04E-02	
group_119	2.07E-01	6.41E-03	7.87E-01	1.21E-01	4.46E-01	1.14E-02	
fldZ	2.07E-01	6.41E-03	9.38E-01	1.58E-02	2.04E-01	3.28E-03	
group_114	2.07E-01	6.41E-03	9.43E-01	7.51E-03	1.06E-01	3.01E-03	
pheS	2.07E-01	6.41E-03	8.64E-01	-1.93E-02	1.13E-01	7.22E-03	
glgA	2.07E-01	6.41E-03	9.45E-01	7.62E-03	1.09E-01	2.94E-03	
group_112	2.07E-01	6.41E-03	9.25E-01	1.35E-02	1.43E-01	4.01E-03	
miaB	2.07E-01	2.03E-02	8.07E-01	5.51E-02	2.25E-01	1.04E-02	
group_98	2.07E-01	6.41E-03	9.60E-01	3.65E-03	7.21E-02	2.14E-03	
thrH	2.07E-01	6.41E-03	9.60E-01	3.65E-03	7.21E-02	2.14E-03	
group_49	2.07E-01	6.41E-03	8.55E-01	-3.14E-02	1.71E-01	7.74E-03	
group_3833	2.05E-01	1.84E-02	9.59E-01	3.05E-03	5.93E-02	2.18E-03	
group_3822	2.05E-01	5.71E-03	9.97E-01	2.19E-05	6.20E-03	1.49E-04	
group_3821	2.05E-01	5.71E-03	9.74E-01	3.23E-03	9.76E-02	1.40E-03	
group_3764	2.05E-01	5.71E-03	9.69E-01	-2.46E-03	6.28E-02	1.65E-03	
group_3554	2.05E-01	5.71E-03	9.90E-01	1.05E-03	8.33E-02	5.35E-04	
group_3536	2.05E-01	1.84E-02	9.64E-01	2.47E-03	5.39E-02	1.94E-03	
group_3423	2.05E-01	5.71E-03	9.69E-01	-2.46E-03	6.28E-02	1.65E-03	
group_3259	2.05E-01	5.71E-03	9.49E-01	6.86E-03	1.07E-01	2.70E-03	
group_3249	2.05E-01	1.84E-02	9.00E-01	1.69E-02	1.34E-01	5.34E-03	
ytrA_1	2.05E-01	5.71E-03	9.29E-01	-5.70E-03	6.37E-02	3.79E-03	
group_3164	2.05E-01	5.71E-03	9.90E-01	1.05E-03	8.33E-02	5.35E-04	
group_3146	2.05E-01	5.71E-03	9.98E-01	-1.23E-05	5.38E-03	9.66E-05	
yugI	2.05E-01	5.71E-03	9.18E-01	2.16E-02	2.11E-01	4.34E-03	
group_3088	2.05E-01	1.84E-02	9.63E-01	-4.09E-03	8.82E-02	1.96E-03	
group_3080	2.05E-01	1.84E-02	9.44E-01	6.22E-03	8.91E-02	2.95E-03	
group_3048	2.05E-01	1.84E-02	1.45E-03	4.36E-01	1.36E-01	1.34E-01	
rimM	2.05E-01	5.71E-03	9.68E-01	2.53E-03	6.28E-02	1.70E-03	
group_3020	2.05E-01	5.71E-03	9.09E-01	1.93E-02	1.69E-01	4.82E-03	
thiT	2.05E-01	5.71E-03	9.60E-01	-4.98E-03	9.81E-02	2.15E-03	
group_2847	2.05E-01	5.71E-03	9.83E-01	1.99E-03	9.21E-02	9.13E-04	
gloC	2.05E-01	5.71E-03	9.48E-01	1.20E-02	1.82E-01	2.78E-03	
ktrA	2.05E-01	5.71E-03	9.93E-01	1.55E-03	1.72E-01	3.82E-04	
group_2760	2.05E-01	5.71E-03	9.70E-01	-4.22E-03	1.11E-01	1.61E-03	
dauR	2.05E-01	5.71E-03	9.72E-01	-3.88E-03	1.09E-01	1.50E-03	
trmD	2.05E-01	5.71E-03	9.68E-01	2.53E-03	6.28E-02	1.70E-03	
group_2567	2.05E-01	1.84E-02	9.55E-01	4.93E-03	8.82E-02	2.36E-03	
group_2558	2.05E-01	5.71E-03	9.63E-01	-5.73E-03	1.22E-01	1.98E-03	
rsmI	2.05E-01	5.71E-03	8.54E-01	-3.05E-02	1.65E-01	7.79E-03	
hpdA	2.05E-01	1.84E-02	1.45E-03	4.36E-01	1.36E-01	1.34E-01	
murR_2	2.05E-01	1.84E-02	8.79E-01	2.16E-02	1.41E-01	6.47E-03	
prmA	2.05E-01	5.71E-03	8.39E-01	-2.09E-02	1.03E-01	8.57E-03	
group_2266	2.05E-01	5.71E-03	8.39E-01	-2.09E-02	1.03E-01	8.57E-03	
group_2260	2.05E-01	1.84E-02	5.35E-01	9.55E-02	1.54E-01	2.63E-02	
fucI	2.05E-01	5.71E-03	4.90E-01	-7.01E-02	1.02E-01	2.92E-02	
icd	2.05E-01	1.84E-02	1.11E-01	1.56E-01	9.80E-02	6.73E-02	
group_2225	2.05E-01	1.84E-02	9.43E-01	-4.45E-04	6.20E-03	3.04E-03	
dtd3	2.05E-01	5.71E-03	9.54E-01	9.08E-03	1.57E-01	2.45E-03	
group_2071	2.05E-01	5.71E-03	9.98E-01	1.22E-04	6.27E-02	8.26E-05	
hprK	2.05E-01	5.71E-03	9.20E-01	1.69E-02	1.67E-01	4.27E-03	
group_1933	2.05E-01	5.71E-03	9.63E-01	-5.73E-03	1.22E-01	1.98E-03	
group_1878	2.05E-01	1.84E-02	9.55E-01	4.93E-03	8.82E-02	2.36E-03	
potA~~~potA_1	2.05E-01	5.71E-03	9.84E-01	2.10E-03	1.07E-01	8.32E-04	
group_1816	2.05E-01	5.71E-03	9.48E-01	6.83E-03	1.04E-01	2.77E-03	
group_1764	2.05E-01	5.71E-03	9.03E-01	2.11E-02	1.73E-01	5.14E-03	
pfkA	2.05E-01	1.84E-02	9.43E-01	-4.45E-04	6.20E-03	3.04E-03	
cobD_2~~~cobD_1~~~cobD	2.05E-01	1.84E-02	9.24E-01	1.35E-02	1.41E-01	4.06E-03	
group_1711	2.05E-01	1.84E-02	1.11E-01	1.56E-01	9.80E-02	6.73E-02	
rplI	2.05E-01	5.71E-03	9.54E-01	6.23E-03	1.07E-01	2.46E-03	
lplJ_3	2.05E-01	5.71E-03	9.98E-01	1.22E-04	6.27E-02	8.26E-05	
group_1608	2.05E-01	5.71E-03	9.48E-01	6.83E-03	1.04E-01	2.77E-03	
nth	2.05E-01	1.84E-02	8.85E-01	8.95E-04	6.20E-03	6.10E-03	
group_1601	2.05E-01	5.71E-03	9.48E-01	6.23E-03	9.58E-02	2.75E-03	
leuC_2	2.05E-01	1.84E-02	1.11E-01	1.56E-01	9.80E-02	6.73E-02	
leuA_1~~~leuA~~~leuA_2	2.05E-01	1.84E-02	9.15E-01	1.79E-02	1.68E-01	4.52E-03	
csoR	2.05E-01	5.71E-03	9.99E-01	3.82E-06	5.38E-03	3.01E-05	
clpC_2~~~clpC~~~clpB_2~~~clpC_3~~~clpC_1	2.05E-01	5.71E-03	9.52E-01	6.61E-03	1.10E-01	2.54E-03	
der_1~~~der_2~~~der	2.05E-01	5.71E-03	9.24E-01	1.52E-02	1.58E-01	4.06E-03	
pcp	2.05E-01	1.84E-02	9.44E-01	6.22E-03	8.91E-02	2.95E-03	
group_1472	2.05E-01	1.84E-02	9.59E-01	3.05E-03	5.93E-02	2.18E-03	
mdtK_3~~~mdtK_4~~~mdtK_2	2.05E-01	1.84E-02	5.42E-02	1.72E-01	8.92E-02	8.13E-02	
group_1461	2.05E-01	5.71E-03	9.98E-01	1.22E-04	6.27E-02	8.26E-05	
asnS	2.05E-01	5.71E-03	9.95E-01	1.28E-03	1.88E-01	2.88E-04	
group_1452	2.05E-01	5.71E-03	9.54E-01	6.66E-03	1.15E-01	2.44E-03	
yjfF	2.05E-01	1.84E-02	1.52E-04	4.82E-01	1.26E-01	1.59E-01	
csd	2.05E-01	5.71E-03	9.99E-01	-3.57E-06	5.38E-03	2.80E-05	
group_1426	2.05E-01	5.71E-03	9.71E-01	3.51E-03	9.82E-02	1.51E-03	
group_1407	2.05E-01	1.84E-02	9.43E-01	-4.45E-04	6.20E-03	3.04E-03	
group_1406	2.05E-01	5.71E-03	8.57E-01	5.39E-02	2.98E-01	7.64E-03	
secG	2.05E-01	1.84E-02	9.11E-01	1.40E-02	1.25E-01	4.74E-03	
tagU_2	2.05E-01	5.71E-03	7.90E-01	-3.16E-02	1.19E-01	1.13E-02	
spoIIQ~~~blaR1~~~mepM	2.05E-01	1.84E-02	9.44E-01	6.22E-03	8.91E-02	2.95E-03	
tmcAL	2.05E-01	5.71E-03	9.29E-01	-5.70E-03	6.37E-02	3.79E-03	
truA_1~~~truA_2	2.05E-01	5.71E-03	5.56E-01	-5.16E-02	8.76E-02	2.49E-02	
group_1271	2.05E-01	5.71E-03	9.97E-01	2.19E-05	6.20E-03	1.49E-04	
sigG_2~~~sigG	2.05E-01	1.84E-02	9.64E-01	2.47E-03	5.39E-02	1.94E-03	
ftsY	2.05E-01	5.71E-03	9.96E-01	7.08E-04	1.51E-01	1.98E-04	
spmB	2.05E-01	5.71E-03	9.05E-01	-1.17E-02	9.75E-02	5.05E-03	
group_1209	2.05E-01	5.71E-03	9.38E-01	-4.85E-04	6.20E-03	3.31E-03	
ntpK	2.05E-01	1.84E-02	5.15E-04	5.12E-01	1.46E-01	1.46E-01	
thyX_2~~~thyX	2.05E-01	1.84E-02	8.85E-01	8.95E-04	6.20E-03	6.10E-03	
ppdK	2.05E-01	5.71E-03	9.56E-01	4.61E-03	8.43E-02	2.31E-03	
group_1153	2.05E-01	5.71E-03	9.48E-01	6.23E-03	9.58E-02	2.75E-03	
group_1140	2.05E-01	5.71E-03	9.69E-01	2.49E-03	6.35E-02	1.66E-03	
mglC~~~rbsC_2~~~xylH_2	2.05E-01	1.84E-02	1.45E-03	4.36E-01	1.36E-01	1.34E-01	
trmK	2.05E-01	1.84E-02	9.55E-01	4.93E-03	8.82E-02	2.36E-03	
group_1112	2.05E-01	1.84E-02	9.49E-01	6.01E-03	9.31E-02	2.73E-03	
lysA	2.05E-01	5.71E-03	9.18E-01	2.16E-02	2.11E-01	4.34E-03	
ade_2	2.05E-01	5.71E-03	9.78E-01	-4.87E-03	1.73E-01	1.19E-03	
pepT_2~~~pepT_1	2.05E-01	5.71E-03	9.98E-01	1.22E-04	6.27E-02	8.26E-05	
group_1028	2.05E-01	5.71E-03	9.98E-01	1.22E-04	6.27E-02	8.26E-05	
group_1026	2.05E-01	5.71E-03	9.48E-01	1.20E-02	1.82E-01	2.78E-03	
ntpB_1~~~ntpB	2.05E-01	1.84E-02	1.01E-02	2.94E-01	1.14E-01	1.09E-01	
group_1021	2.05E-01	5.71E-03	9.98E-01	-1.41E-05	6.20E-03	9.61E-05	
grpE	2.05E-01	5.71E-03	4.53E-01	-1.18E-01	1.57E-01	3.17E-02	
group_1014	2.05E-01	5.71E-03	9.79E-01	2.31E-03	8.84E-02	1.11E-03	
group_993	2.05E-01	5.71E-03	9.98E-01	-1.07E-05	5.38E-03	8.40E-05	
group_988	2.05E-01	5.71E-03	9.18E-01	2.16E-02	2.11E-01	4.34E-03	
group_960	2.05E-01	5.71E-03	9.27E-01	-1.30E-02	1.41E-01	3.90E-03	
group_957	2.05E-01	1.84E-02	2.70E-03	3.93E-01	1.31E-01	1.26E-01	
larC	2.05E-01	5.71E-03	9.90E-01	-1.38E-03	1.13E-01	5.18E-04	
cobD_2~~~cbiB	2.05E-01	1.84E-02	9.24E-01	1.35E-02	1.41E-01	4.06E-03	
cbiH	2.05E-01	1.84E-02	9.24E-01	1.35E-02	1.41E-01	4.06E-03	
rlmB	2.05E-01	5.71E-03	9.36E-01	-9.25E-03	1.15E-01	3.41E-03	
rsuA	2.05E-01	1.84E-02	1.11E-01	1.56E-01	9.80E-02	6.73E-02	
gatY~~~fbaA	2.05E-01	1.84E-02	1.11E-01	1.56E-01	9.80E-02	6.73E-02	
group_908	2.05E-01	5.71E-03	9.42E-01	7.56E-03	1.05E-01	3.05E-03	
pepF1_2~~~pepF1~~~pepF1_1	2.05E-01	5.71E-03	8.85E-01	-1.31E-02	9.08E-02	6.12E-03	
group_881	2.05E-01	5.71E-03	8.85E-01	-1.31E-02	9.08E-02	6.12E-03	
group_871	2.05E-01	1.84E-02	8.83E-01	2.25E-02	1.53E-01	6.21E-03	
mshD	2.05E-01	5.71E-03	9.78E-01	-4.87E-03	1.73E-01	1.19E-03	
secA1~~~secA	2.05E-01	5.71E-03	9.63E-01	-5.73E-03	1.22E-01	1.98E-03	
group_861	2.05E-01	1.84E-02	8.89E-01	2.54E-02	1.81E-01	5.93E-03	
btuD_3~~~tcyC	2.05E-01	5.71E-03	8.87E-01	-1.12E-02	7.85E-02	6.03E-03	
metQ	2.05E-01	5.71E-03	8.80E-01	-1.31E-02	8.65E-02	6.41E-03	
cbiG	2.05E-01	1.84E-02	9.24E-01	1.35E-02	1.41E-01	4.06E-03	
exuR_1~~~purR_2	2.05E-01	5.71E-03	9.53E-01	5.71E-03	9.67E-02	2.50E-03	
cdsA	2.05E-01	5.71E-03	8.79E-01	3.52E-02	2.32E-01	6.43E-03	
rhaR_2~~~rhaR_3	2.05E-01	5.71E-03	9.97E-01	2.19E-05	6.20E-03	1.50E-04	
trkG	2.05E-01	5.71E-03	9.09E-01	1.93E-02	1.69E-01	4.82E-03	
group_793	2.05E-01	5.71E-03	9.63E-01	-5.73E-03	1.22E-01	1.98E-03	
clpB	2.05E-01	5.71E-03	9.49E-01	6.53E-03	1.02E-01	2.70E-03	
group_787	2.05E-01	5.11E-02	5.00E-04	4.05E-01	1.16E-01	1.46E-01	
group_782	2.05E-01	1.84E-02	9.47E-01	6.62E-03	9.94E-02	2.82E-03	
group_737	2.05E-01	5.71E-03	5.57E-01	-6.27E-02	1.07E-01	2.49E-02	
group_730	2.05E-01	5.71E-03	9.98E-01	-1.07E-05	5.38E-03	8.40E-05	
group_720	2.05E-01	5.71E-03	9.18E-01	2.16E-02	2.11E-01	4.34E-03	
group_693	2.05E-01	5.71E-03	9.43E-01	1.41E-02	1.99E-01	3.01E-03	
xdhA~~~xdhA_1	2.05E-01	5.71E-03	9.94E-01	7.05E-04	9.67E-02	3.09E-04	
polC_2~~~polC_1	2.05E-01	1.84E-02	9.97E-01	2.33E-05	5.38E-03	1.83E-04	
group_669	2.05E-01	5.71E-03	9.95E-01	-3.52E-05	5.39E-03	2.77E-04	
group_651	2.05E-01	5.71E-03	9.82E-01	2.38E-03	1.03E-01	9.78E-04	
malP_1~~~malP_2~~~glgP~~~malP	2.05E-01	5.71E-03	9.54E-01	6.23E-03	1.07E-01	2.46E-03	
tgt	2.05E-01	5.71E-03	9.42E-01	-4.55E-04	6.21E-03	3.10E-03	
slyA	2.05E-01	5.71E-03	9.40E-01	2.28E-02	3.01E-01	3.21E-03	
hmuU_2~~~hmuU_1	2.05E-01	5.71E-03	9.14E-01	-1.48E-02	1.36E-01	4.59E-03	
birA_2~~~birA_1~~~birA	2.05E-01	5.71E-03	9.18E-01	2.16E-02	2.11E-01	4.34E-03	
mshC	2.05E-01	5.71E-03	6.86E-01	-4.50E-02	1.11E-01	1.71E-02	
ntpD	2.05E-01	1.84E-02	5.84E-04	5.01E-01	1.45E-01	1.45E-01	
group_610	2.05E-01	1.84E-02	9.44E-01	6.22E-03	8.91E-02	2.95E-03	
metN	2.05E-01	5.71E-03	8.80E-01	-1.31E-02	8.65E-02	6.41E-03	
group_604	2.05E-01	5.71E-03	9.33E-01	1.01E-02	1.21E-01	3.54E-03	
group_601	2.05E-01	5.71E-03	9.61E-01	6.21E-03	1.27E-01	2.07E-03	
group_594	2.05E-01	5.71E-03	9.79E-01	2.31E-03	8.84E-02	1.11E-03	
group_593	2.05E-01	1.84E-02	9.48E-01	9.13E-03	1.40E-01	2.77E-03	
cbiD	2.05E-01	1.84E-02	9.24E-01	1.35E-02	1.41E-01	4.06E-03	
rnj1	2.05E-01	5.71E-03	9.49E-01	6.89E-03	1.08E-01	2.70E-03	
sgbE~~~araD	2.05E-01	1.84E-02	1.45E-03	4.36E-01	1.36E-01	1.34E-01	
group_580	2.05E-01	5.71E-03	9.79E-01	2.31E-03	8.84E-02	1.11E-03	
rbsA_1~~~rbsA_4~~~rbsA_2	2.05E-01	5.71E-03	8.49E-01	-1.73E-02	9.05E-02	8.07E-03	
group_571	2.05E-01	1.84E-02	2.70E-03	3.93E-01	1.31E-01	1.26E-01	
aspC_2	2.05E-01	5.71E-03	8.11E-01	-6.36E-02	2.66E-01	1.01E-02	
fchA_1~~~fchA	2.05E-01	5.71E-03	9.85E-01	1.86E-03	1.01E-01	7.81E-04	
patA_2	2.05E-01	5.71E-03	9.09E-01	1.93E-02	1.69E-01	4.82E-03	
group_544	2.05E-01	5.71E-03	8.85E-01	-1.31E-02	9.08E-02	6.12E-03	
cmk_2	2.05E-01	5.71E-03	8.00E-01	-2.29E-02	9.05E-02	1.07E-02	
group_529	2.05E-01	5.71E-03	9.99E-01	3.92E-06	5.38E-03	3.08E-05	
cbiET	2.05E-01	1.84E-02	9.24E-01	1.35E-02	1.41E-01	4.06E-03	
group_519	2.05E-01	1.84E-02	9.43E-01	-4.45E-04	6.20E-03	3.04E-03	
group_516	2.05E-01	5.71E-03	9.09E-01	-9.21E-03	8.01E-02	4.86E-03	
group_496	2.05E-01	5.71E-03	9.69E-01	-2.46E-03	6.28E-02	1.65E-03	
aldH1	2.05E-01	5.71E-03	9.99E-01	1.08E-04	1.05E-01	4.36E-05	
group_483	2.05E-01	5.71E-03	9.36E-01	9.60E-03	1.19E-01	3.41E-03	
group_480	2.05E-01	1.84E-02	9.59E-01	3.05E-03	5.93E-02	2.18E-03	
group_477	2.05E-01	5.71E-03	9.97E-01	2.19E-05	6.20E-03	1.49E-04	
group_476	2.05E-01	5.71E-03	9.97E-01	2.19E-05	6.20E-03	1.49E-04	
group_470	2.05E-01	5.71E-03	9.69E-01	-2.46E-03	6.28E-02	1.65E-03	
group_431	2.05E-01	1.84E-02	9.44E-01	6.22E-03	8.91E-02	2.95E-03	
ftsL	2.05E-01	5.71E-03	9.18E-01	2.16E-02	2.11E-01	4.34E-03	
tagU_1	2.05E-01	5.71E-03	9.42E-01	-4.51E-04	6.20E-03	3.08E-03	
group_398	2.05E-01	1.84E-02	9.63E-01	-4.09E-03	8.82E-02	1.96E-03	
rpsF	2.05E-01	5.71E-03	5.57E-01	-6.27E-02	1.07E-01	2.49E-02	
hom	2.05E-01	1.84E-02	3.98E-05	7.13E-01	1.72E-01	1.73E-01	
group_386	2.05E-01	5.71E-03	9.09E-01	1.93E-02	1.69E-01	4.82E-03	
btuD_7~~~yclP	2.05E-01	5.71E-03	9.14E-01	-1.48E-02	1.36E-01	4.59E-03	
gpsB	2.05E-01	5.71E-03	9.49E-01	-3.94E-04	6.20E-03	2.69E-03	
gltA	2.05E-01	1.84E-02	9.54E-01	-5.96E-03	1.04E-01	2.43E-03	
ybaK	2.05E-01	5.71E-03	6.38E-01	-3.39E-02	7.21E-02	1.99E-02	
ctpE~~~kdpB	2.05E-01	5.71E-03	9.45E-01	-1.15E-02	1.68E-01	2.90E-03	
radA	2.05E-01	1.84E-02	9.63E-01	-4.09E-03	8.82E-02	1.96E-03	
fpgS	2.05E-01	5.71E-03	9.98E-01	1.11E-05	5.37E-03	8.74E-05	
ruvC	2.05E-01	5.71E-03	9.57E-01	6.91E-03	1.29E-01	2.26E-03	
group_343	2.05E-01	5.71E-03	9.42E-01	-4.54E-04	6.20E-03	3.09E-03	
greA_2	2.05E-01	5.71E-03	9.80E-01	1.53E-03	5.97E-02	1.08E-03	
pflD_1	2.05E-01	1.84E-02	1.45E-03	4.36E-01	1.36E-01	1.34E-01	
araB_2~~~lsrK	2.05E-01	1.84E-02	1.45E-03	4.36E-01	1.36E-01	1.34E-01	
group_287	2.05E-01	1.84E-02	9.44E-01	6.22E-03	8.91E-02	2.95E-03	
soj	2.05E-01	5.71E-03	9.98E-01	1.08E-05	5.38E-03	8.52E-05	
metI	2.05E-01	5.71E-03	8.80E-01	-1.31E-02	8.65E-02	6.41E-03	
abgB_2	2.05E-01	5.11E-02	5.53E-01	7.85E-02	1.32E-01	2.51E-02	
rdgB	2.05E-01	5.71E-03	9.96E-01	7.08E-04	1.51E-01	1.98E-04	
group_271	2.05E-01	5.71E-03	9.33E-01	1.01E-02	1.21E-01	3.54E-03	
rihA_1~~~rihA_2	2.05E-01	5.71E-03	9.41E-01	-4.57E-04	6.21E-03	3.11E-03	
group_262	2.05E-01	5.71E-03	9.79E-01	2.31E-03	8.84E-02	1.11E-03	
group_251	2.05E-01	5.71E-03	9.33E-01	1.01E-02	1.21E-01	3.54E-03	
xerD	2.05E-01	1.84E-02	9.43E-01	-4.45E-04	6.20E-03	3.04E-03	
araR	2.05E-01	5.71E-03	9.49E-01	6.17E-03	9.71E-02	2.69E-03	
group_242	2.05E-01	1.84E-02	9.44E-01	7.21E-03	1.02E-01	2.98E-03	
cbiF	2.05E-01	1.84E-02	9.24E-01	1.35E-02	1.41E-01	4.06E-03	
minD	2.05E-01	5.71E-03	9.18E-01	1.66E-02	1.62E-01	4.34E-03	
dppB	2.05E-01	5.71E-03	5.62E-01	-6.48E-02	1.12E-01	2.46E-02	
glgC	2.05E-01	5.71E-03	9.74E-01	2.67E-03	8.05E-02	1.40E-03	
prsW_1	2.05E-01	5.71E-03	9.99E-01	-3.57E-06	5.38E-03	2.80E-05	
mshA	2.05E-01	1.84E-02	9.44E-01	6.22E-03	8.91E-02	2.95E-03	
group_213	2.05E-01	5.71E-03	9.79E-01	2.31E-03	8.84E-02	1.11E-03	
CARKD	2.05E-01	1.84E-02	9.44E-01	6.22E-03	8.91E-02	2.95E-03	
group_200	2.05E-01	5.71E-03	9.18E-01	2.16E-02	2.11E-01	4.34E-03	
sdhA	2.05E-01	5.71E-03	2.41E-01	-1.25E-01	1.07E-01	4.96E-02	
group_195	2.05E-01	5.71E-03	9.98E-01	1.22E-04	6.27E-02	8.26E-05	
ftsQ	2.05E-01	5.71E-03	9.08E-01	-9.35E-03	8.06E-02	4.91E-03	
dacF_1	2.05E-01	5.71E-03	9.03E-01	2.11E-02	1.73E-01	5.14E-03	
group_171	2.05E-01	5.71E-03	9.97E-01	4.11E-04	9.47E-02	1.83E-04	
psuK	2.05E-01	5.71E-03	9.71E-01	3.37E-03	9.14E-02	1.56E-03	
rhaR_3~~~cheB_2~~~rhaR_1	2.05E-01	5.71E-03	9.84E-01	2.19E-03	1.09E-01	8.45E-04	
group_161	2.05E-01	5.71E-03	9.54E-01	6.66E-03	1.15E-01	2.44E-03	
group_153	2.05E-01	5.71E-03	9.07E-01	-7.28E-04	6.20E-03	4.97E-03	
ecsA	2.05E-01	1.84E-02	8.89E-01	2.54E-02	1.81E-01	5.93E-03	
group_139	2.05E-01	5.71E-03	9.63E-01	-5.73E-03	1.22E-01	1.98E-03	
xynA1	2.05E-01	5.71E-03	9.49E-01	6.53E-03	1.02E-01	2.70E-03	
lacG	2.05E-01	5.11E-02	5.53E-01	7.85E-02	1.32E-01	2.51E-02	
pth	2.05E-01	5.71E-03	9.69E-01	-5.03E-03	1.29E-01	1.65E-03	
group_4014	2.03E-01	5.08E-03	8.64E-01	-1.33E-02	7.78E-02	7.24E-03	
rpmH	2.03E-01	4.70E-02	9.67E-01	4.95E-03	1.19E-01	1.76E-03	
group_3955	2.03E-01	5.08E-03	9.94E-01	-4.88E-05	6.20E-03	3.33E-04	
group_3901	2.03E-01	5.08E-03	9.93E-01	7.50E-04	8.46E-02	3.75E-04	
group_3882	2.03E-01	5.08E-03	9.98E-01	-1.11E-05	5.37E-03	8.71E-05	
group_3808	2.03E-01	5.08E-03	9.76E-01	2.47E-03	8.29E-02	1.26E-03	
group_3732	2.03E-01	5.08E-03	9.41E-01	-6.67E-03	9.07E-02	3.11E-03	
group_3718	2.03E-01	5.08E-03	9.98E-01	-1.11E-05	5.37E-03	8.71E-05	
group_3640	2.03E-01	1.67E-02	1.85E-02	1.88E-01	7.96E-02	9.94E-02	
group_3512	2.03E-01	5.08E-03	9.96E-01	4.17E-04	8.65E-02	2.04E-04	
group_3495	2.03E-01	5.08E-03	9.21E-01	-7.94E-03	8.03E-02	4.18E-03	
group_3470	2.03E-01	5.08E-03	9.76E-01	2.47E-03	8.29E-02	1.26E-03	
group_3392	2.03E-01	5.08E-03	9.76E-01	2.47E-03	8.29E-02	1.26E-03	
group_3296	2.03E-01	5.08E-03	9.90E-01	-6.52E-05	5.37E-03	5.13E-04	
rsfS	2.03E-01	1.67E-02	6.16E-01	6.87E-02	1.37E-01	2.12E-02	
group_3286	2.03E-01	1.67E-02	9.70E-01	3.14E-03	8.23E-02	1.61E-03	
group_3238	2.03E-01	5.08E-03	9.81E-01	-2.73E-03	1.14E-01	1.01E-03	
perR	2.03E-01	5.08E-03	1.00E+00	-1.74E-07	5.37E-03	1.37E-06	
group_3203	2.03E-01	5.08E-03	9.98E-01	-1.11E-05	5.37E-03	8.71E-05	
ytfJ	2.03E-01	5.08E-03	8.58E-01	-1.74E-02	9.69E-02	7.57E-03	
yrrK	2.03E-01	1.67E-02	9.65E-01	3.43E-03	7.93E-02	1.83E-03	
spoIIAB	2.03E-01	1.67E-02	5.90E-02	1.69E-01	8.91E-02	7.98E-02	
aroQ	2.03E-01	5.08E-03	9.82E-01	-2.69E-03	1.20E-01	9.51E-04	
nrdR	2.03E-01	5.08E-03	9.79E-01	-1.45E-04	5.37E-03	1.14E-03	
group_3101	2.03E-01	5.08E-03	9.33E-01	1.11E-02	1.32E-01	3.54E-03	
pncC	2.03E-01	1.67E-02	9.16E-01	-9.51E-03	9.04E-02	4.45E-03	
group_2949	2.03E-01	5.08E-03	9.46E-01	7.87E-03	1.16E-01	2.87E-03	
group_2905	2.03E-01	5.08E-03	1.00E+00	3.01E-06	6.20E-03	2.06E-05	
cbiC	2.03E-01	1.67E-02	9.37E-01	1.06E-02	1.34E-01	3.35E-03	
group_2734	2.03E-01	1.67E-02	8.86E-01	8.91E-04	6.19E-03	6.09E-03	
trmO	2.03E-01	5.08E-03	9.85E-01	1.07E-03	5.54E-02	8.15E-04	
srrA_2	2.03E-01	5.08E-03	8.85E-01	-1.30E-02	8.98E-02	6.12E-03	
sigF	2.03E-01	1.67E-02	5.90E-02	1.69E-01	8.91E-02	7.98E-02	
group_2673	2.03E-01	5.08E-03	6.06E-01	-4.56E-02	8.84E-02	2.18E-02	
natA	2.03E-01	5.08E-03	9.97E-01	2.01E-05	6.20E-03	1.38E-04	
ydjF	2.03E-01	5.08E-03	9.15E-01	-6.26E-03	5.87E-02	4.51E-03	
group_2546	2.03E-01	4.70E-02	9.97E-01	1.97E-05	5.37E-03	1.55E-04	
group_2530	2.03E-01	5.08E-03	9.38E-01	-7.01E-03	9.04E-02	3.28E-03	
group_2272	2.03E-01	1.67E-02	6.54E-01	-3.49E-02	7.79E-02	1.89E-02	
group_2271	2.03E-01	5.08E-03	7.63E-01	-1.53E-02	5.09E-02	1.27E-02	
mgsA	2.03E-01	5.08E-03	9.33E-01	1.30E-02	1.55E-01	3.54E-03	
group_2251	2.03E-01	5.08E-03	9.71E-01	3.12E-03	8.46E-02	1.56E-03	
yhgF~~~yhgF_1~~~yhgF_2	2.03E-01	1.67E-02	9.59E-01	-4.31E-03	8.40E-02	2.17E-03	
group_1903	2.03E-01	5.08E-03	1.00E+00	1.46E-07	5.36E-03	1.15E-06	
araA_1~~~araA_2	2.03E-01	5.08E-03	8.91E-01	-1.34E-02	9.71E-02	5.82E-03	
cobB_2~~~cbiA	2.03E-01	1.67E-02	9.37E-01	1.06E-02	1.34E-01	3.35E-03	
group_1732	2.03E-01	4.70E-02	9.22E-01	8.46E-03	8.68E-02	4.12E-03	
ntpA~~~ntpA_1	2.03E-01	1.67E-02	9.14E-02	1.27E-01	7.52E-02	7.13E-02	
dnaK_2~~~dnaK_1	2.03E-01	5.08E-03	9.37E-01	-4.90E-04	6.17E-03	3.36E-03	
mprA~~~arlR	2.03E-01	5.08E-03	9.97E-01	-2.37E-05	6.20E-03	1.62E-04	
lpdG~~~lpd	2.03E-01	5.08E-03	9.07E-01	-7.28E-04	6.20E-03	4.97E-03	
trkA	2.03E-01	5.08E-03	9.29E-01	1.25E-02	1.41E-01	3.75E-03	
rluC~~~rluC_1	2.03E-01	5.08E-03	8.79E-01	-1.09E-02	7.17E-02	6.46E-03	
tuaH	2.03E-01	1.67E-02	9.55E-01	4.31E-03	7.60E-02	2.40E-03	
rnhA	2.03E-01	5.08E-03	8.87E-01	-2.34E-02	1.64E-01	6.03E-03	
adeQ~~~pbuG	2.03E-01	5.08E-03	9.57E-01	-4.37E-03	8.14E-02	2.27E-03	
gltX	2.03E-01	1.67E-02	1.00E+00	-1.00E-05	8.22E-02	5.16E-06	
baiN_1~~~baiN_2	2.03E-01	5.08E-03	9.30E-01	1.77E-02	2.00E-01	3.74E-03	
recF	2.03E-01	5.08E-03	9.96E-01	4.17E-04	8.65E-02	2.04E-04	
group_1380	2.03E-01	5.08E-03	9.72E-01	-1.90E-03	5.41E-02	1.49E-03	
rbsK	2.03E-01	4.70E-02	6.41E-01	5.22E-02	1.12E-01	1.97E-02	
group_1305	2.03E-01	5.08E-03	9.98E-01	-1.11E-05	5.37E-03	8.71E-05	
group_1273	2.03E-01	1.67E-02	9.38E-01	-6.28E-03	8.03E-02	3.31E-03	
group_1270	2.03E-01	5.08E-03	9.67E-01	3.78E-03	9.04E-02	1.77E-03	
group_1258	2.03E-01	5.08E-03	9.97E-01	2.01E-05	6.20E-03	1.38E-04	
hpr_1	2.03E-01	5.08E-03	9.72E-01	2.69E-03	7.68E-02	1.48E-03	
group_1193	2.03E-01	1.67E-02	8.86E-01	8.93E-04	6.20E-03	6.09E-03	
group_1158	2.03E-01	1.67E-02	5.90E-02	1.69E-01	8.91E-02	7.98E-02	
glyA_1~~~glyA	2.03E-01	5.08E-03	9.98E-01	1.82E-05	6.20E-03	1.24E-04	
pcrA_3~~~pcrA_1~~~pcrA_2~~~pcrA	2.03E-01	1.67E-02	5.90E-02	1.69E-01	8.91E-02	7.98E-02	
fadD~~~acsA~~~lcfB_2~~~lcfB_1	2.03E-01	5.08E-03	9.68E-01	3.63E-03	9.17E-02	1.67E-03	
rluD_2	2.03E-01	1.67E-02	9.44E-01	-4.39E-04	6.20E-03	2.99E-03	
group_1029	2.03E-01	4.70E-02	9.22E-01	8.46E-03	8.68E-02	4.12E-03	
group_990	2.03E-01	1.67E-02	9.68E-01	3.19E-03	7.99E-02	1.69E-03	
troA	2.03E-01	1.67E-02	9.20E-01	-7.38E-03	7.37E-02	4.23E-03	
dnaJ_2	2.03E-01	5.08E-03	9.55E-01	4.73E-03	8.45E-02	2.37E-03	
group_931	2.03E-01	1.14E-01	6.43E-03	2.72E-01	9.96E-02	1.15E-01	
rhaB	2.03E-01	1.67E-02	9.98E-01	2.56E-04	8.55E-02	1.26E-04	
group_909	2.03E-01	5.08E-03	9.47E-01	-8.11E-03	1.23E-01	2.79E-03	
group_888	2.03E-01	5.08E-03	9.28E-01	-1.20E-02	1.32E-01	3.85E-03	
group_869	2.03E-01	1.67E-02	9.47E-01	5.77E-03	8.62E-02	2.83E-03	
ytfQ_2~~~ytfQ	2.03E-01	5.08E-03	9.42E-01	8.01E-03	1.10E-01	3.09E-03	
group_839	2.03E-01	5.08E-03	1.00E+00	-9.48E-07	5.37E-03	7.47E-06	
group_831	2.03E-01	5.08E-03	5.86E-01	-4.28E-02	7.86E-02	2.30E-02	
sufS	2.03E-01	5.08E-03	9.96E-01	-3.17E-04	6.68E-02	2.01E-04	
dnaJ_3~~~dnaJ_1	2.03E-01	5.08E-03	9.82E-01	-1.26E-03	5.66E-02	9.41E-04	
mrdB_1~~~mrdB	2.03E-01	5.08E-03	9.99E-01	9.79E-06	6.20E-03	6.68E-05	
group_774	2.03E-01	1.67E-02	9.38E-01	9.53E-03	1.22E-01	3.31E-03	
gyrA_1~~~gyrA_2	2.03E-01	5.08E-03	8.87E-01	-2.34E-02	1.64E-01	6.03E-03	
agaA_2	2.03E-01	5.08E-03	9.67E-01	2.76E-03	6.65E-02	1.76E-03	
potD	2.03E-01	5.08E-03	9.66E-01	4.05E-03	9.50E-02	1.80E-03	
yabP	2.03E-01	5.08E-03	9.30E-01	1.77E-02	2.00E-01	3.74E-03	
group_632	2.03E-01	4.70E-02	9.45E-01	4.26E-04	6.20E-03	2.91E-03	
mdtK_5	2.03E-01	5.08E-03	9.64E-01	-4.86E-03	1.08E-01	1.91E-03	
group_618	2.03E-01	5.08E-03	9.28E-01	-1.20E-02	1.32E-01	3.85E-03	
artP_1~~~artP_2	2.03E-01	5.08E-03	9.99E-01	-8.33E-06	6.20E-03	5.68E-05	
group_591	2.03E-01	5.08E-03	9.74E-01	3.15E-03	9.54E-02	1.40E-03	
dnaN	2.03E-01	5.08E-03	9.96E-01	4.17E-04	8.65E-02	2.04E-04	
group_572	2.03E-01	5.08E-03	7.95E-01	-1.59E-02	6.14E-02	1.10E-02	
group_567	2.03E-01	1.67E-02	9.36E-01	-4.98E-04	6.19E-03	3.40E-03	
mepA_4~~~mepA_2	2.03E-01	5.08E-03	9.70E-01	-2.53E-03	6.80E-02	1.58E-03	
argS	2.03E-01	5.08E-03	8.92E-01	-1.21E-02	8.90E-02	5.73E-03	
dnaK_2	2.03E-01	5.08E-03	9.55E-01	4.73E-03	8.45E-02	2.37E-03	
group_527	2.03E-01	5.08E-03	9.21E-01	-1.05E-02	1.06E-01	4.20E-03	
graS	2.03E-01	5.08E-03	9.73E-01	3.02E-03	8.92E-02	1.43E-03	
mrdA_2	2.03E-01	5.08E-03	9.99E-01	9.79E-06	6.20E-03	6.68E-05	
rfuC	2.03E-01	1.67E-02	1.20E-01	1.20E-01	7.69E-02	6.58E-02	
group_488	2.03E-01	5.08E-03	9.83E-01	1.26E-03	5.97E-02	8.92E-04	
mtlD	2.03E-01	5.08E-03	9.66E-01	-2.66E-04	6.20E-03	1.81E-03	
putP_2~~~putP_3	2.03E-01	5.08E-03	9.98E-01	2.66E-04	9.47E-02	1.19E-04	
group_450	2.03E-01	5.08E-03	9.96E-01	2.90E-04	5.65E-02	2.18E-04	
addA~~~addA_1	2.03E-01	5.08E-03	8.77E-01	-1.59E-02	1.03E-01	6.56E-03	
group_429	2.03E-01	1.67E-02	9.28E-01	9.35E-03	1.03E-01	3.83E-03	
melB~~~lacS	2.03E-01	5.08E-03	9.67E-01	2.76E-03	6.65E-02	1.76E-03	
mnmA	2.03E-01	5.08E-03	9.63E-01	-5.69E-03	1.23E-01	1.96E-03	
group_412	2.03E-01	1.67E-02	5.90E-02	1.69E-01	8.91E-02	7.98E-02	
spoIIAA	2.03E-01	1.67E-02	5.90E-02	1.69E-01	8.91E-02	7.98E-02	
group_370	2.03E-01	5.08E-03	1.00E+00	3.01E-06	6.20E-03	2.06E-05	
pepD~~~norV~~~pepD_1	2.03E-01	5.08E-03	9.55E-01	4.73E-03	8.45E-02	2.37E-03	
dacB	2.03E-01	5.08E-03	8.58E-01	-1.74E-02	9.69E-02	7.57E-03	
group_335	2.03E-01	5.08E-03	6.09E-01	-4.66E-02	9.11E-02	2.16E-02	
ligA	2.03E-01	1.67E-02	5.90E-02	1.69E-01	8.91E-02	7.98E-02	
yfcA	2.03E-01	5.08E-03	6.06E-01	-4.56E-02	8.84E-02	2.18E-02	
xylB_2	2.03E-01	1.67E-02	2.50E-03	3.08E-01	1.02E-01	1.27E-01	
hprS~~~sasA_10~~~walK_1~~~sasA_5	2.03E-01	5.08E-03	8.85E-01	-1.30E-02	8.98E-02	6.12E-03	
btr	2.03E-01	5.08E-03	9.28E-01	-1.20E-02	1.32E-01	3.85E-03	
yidA	2.03E-01	5.08E-03	6.06E-01	-4.56E-02	8.84E-02	2.18E-02	
aptA~~~aptA_1	2.03E-01	5.08E-03	3.24E-01	-7.66E-02	7.76E-02	4.17E-02	
argH	2.03E-01	5.08E-03	9.94E-01	6.46E-04	9.01E-02	3.03E-04	
mglA_6~~~mglA_3~~~mglA_2~~~mglA_4	2.03E-01	1.67E-02	1.42E-02	2.64E-01	1.08E-01	1.03E-01	
group_230	2.03E-01	5.08E-03	9.92E-01	-5.86E-05	6.20E-03	4.00E-04	
ygcP	2.03E-01	5.08E-03	1.00E+00	-9.48E-07	5.37E-03	7.47E-06	
group_223	2.03E-01	5.08E-03	9.96E-01	4.17E-04	8.65E-02	2.04E-04	
ydfK_2	2.03E-01	5.08E-03	9.03E-01	-1.32E-02	1.08E-01	5.15E-03	
dapE_4~~~dapE_2~~~dapE_5	2.03E-01	5.08E-03	4.97E-01	-7.04E-02	1.04E-01	2.88E-02	
ndhI	2.03E-01	5.08E-03	9.36E-01	-5.01E-04	6.19E-03	3.42E-03	
trpB~~~trpB_2~~~trpB_1	2.03E-01	5.08E-03	9.81E-01	-1.47E-04	6.20E-03	1.01E-03	
livH_1	2.03E-01	1.67E-02	9.36E-01	-4.98E-04	6.19E-03	3.40E-03	
pfp	2.03E-01	5.08E-03	9.52E-01	-3.34E-03	5.52E-02	2.56E-03	
sigA_2~~~sigA_1	2.03E-01	5.08E-03	9.98E-01	1.78E-05	6.20E-03	1.21E-04	
group_169	2.03E-01	5.08E-03	8.69E-01	-1.91E-02	1.16E-01	6.97E-03	
purA	2.03E-01	5.08E-03	9.97E-01	-2.36E-04	5.56E-02	1.80E-04	
xylA	2.03E-01	5.08E-03	9.98E-01	1.20E-05	5.36E-03	9.45E-05	
mro	2.03E-01	1.67E-02	2.09E-03	4.09E-01	1.32E-01	1.30E-01	
group_164	2.03E-01	1.67E-02	9.64E-01	3.19E-03	7.12E-02	1.89E-03	
ptsH	2.03E-01	1.14E-01	2.10E-02	1.85E-01	7.97E-02	9.75E-02	
ydhY~~~rsxB_1~~~rsxB_3	2.03E-01	5.08E-03	6.55E-01	-4.57E-02	1.02E-01	1.89E-02	
mscS	2.03E-01	5.08E-03	9.63E-01	-3.57E-03	7.61E-02	1.98E-03	
group_118	2.03E-01	4.70E-02	9.45E-01	-4.30E-04	6.20E-03	2.94E-03	
acsD	2.03E-01	5.08E-03	9.88E-01	1.34E-03	8.88E-02	6.36E-04	
group_111	2.03E-01	1.67E-02	5.90E-02	1.69E-01	8.91E-02	7.98E-02	
group_104	2.03E-01	5.08E-03	6.19E-01	-7.61E-02	1.53E-01	2.11E-02	
rpmGA	2.01E-01	1.50E-02	9.94E-01	5.12E-04	7.22E-02	3.00E-04	
group_3956	2.01E-01	4.51E-03	6.07E-01	-4.00E-02	7.76E-02	2.18E-02	
group_3845	2.01E-01	4.51E-03	9.83E-01	1.31E-03	6.30E-02	8.79E-04	
group_3763	2.01E-01	4.51E-03	9.34E-01	-6.39E-03	7.73E-02	3.50E-03	
group_3719	2.01E-01	4.51E-03	7.94E-01	-2.05E-02	7.83E-02	1.11E-02	
group_3668	2.01E-01	4.51E-03	9.03E-01	-7.00E-03	5.75E-02	5.15E-03	
group_3457	2.01E-01	4.51E-03	9.83E-01	1.31E-03	6.30E-02	8.79E-04	
group_3421	2.01E-01	1.50E-02	1.10E-01	1.18E-01	7.35E-02	6.76E-02	
group_3334	2.01E-01	1.50E-02	9.37E-01	-4.17E-03	5.26E-02	3.35E-03	
group_3166	2.01E-01	1.50E-02	9.13E-01	5.91E-04	5.38E-03	4.64E-03	
trmL	2.01E-01	4.51E-03	9.52E-01	-3.21E-04	5.36E-03	2.54E-03	
yfcE	2.01E-01	4.51E-03	9.95E-01	-3.69E-05	5.37E-03	2.91E-04	
group_2912	2.01E-01	4.51E-03	9.43E-01	-7.72E-03	1.07E-01	3.05E-03	
lexA	2.01E-01	4.51E-03	1.00E+00	2.97E-06	6.19E-03	2.03E-05	
ung	2.01E-01	4.51E-03	9.52E-01	-3.21E-04	5.36E-03	2.54E-03	
group_2705	2.01E-01	1.50E-02	7.59E-01	-2.22E-02	7.24E-02	1.30E-02	
trmB	2.01E-01	4.51E-03	9.98E-01	1.74E-05	6.19E-03	1.19E-04	
group_2672	2.01E-01	4.51E-03	9.26E-01	-5.59E-03	5.99E-02	3.95E-03	
group_2671	2.01E-01	4.32E-02	9.54E-01	-3.59E-04	6.19E-03	2.45E-03	
group_2656	2.01E-01	1.50E-02	4.56E-02	1.87E-01	9.34E-02	8.44E-02	
rsmE	2.01E-01	1.50E-02	3.70E-02	1.90E-01	9.09E-02	8.81E-02	
group_2443	2.01E-01	1.50E-02	1.10E-01	1.18E-01	7.35E-02	6.76E-02	
uvrA_2~~~uvrA_1~~~uvrA	2.01E-01	4.51E-03	9.98E-01	-1.22E-05	5.37E-03	9.63E-05	
spoIVA_1~~~spoIVA_2~~~spoIVA	2.01E-01	1.50E-02	6.27E-01	-3.13E-02	6.45E-02	2.05E-02	
group_2262	2.01E-01	4.51E-03	9.79E-01	1.68E-03	6.24E-02	1.14E-03	
group_2248	2.01E-01	4.51E-03	8.98E-01	-8.71E-03	6.83E-02	5.40E-03	
potH	2.01E-01	4.51E-03	9.39E-01	-4.76E-04	6.20E-03	3.25E-03	
recG	2.01E-01	4.51E-03	7.62E-01	-1.37E-02	4.53E-02	1.28E-02	
group_1863	2.01E-01	4.51E-03	9.60E-01	-2.03E-04	4.06E-03	2.12E-03	
group_1819	2.01E-01	1.50E-02	9.17E-01	5.63E-04	5.37E-03	4.43E-03	
degA_2~~~degA_1~~~purR_2~~~purR_4~~~degA	2.01E-01	1.50E-02	9.11E-01	6.04E-04	5.38E-03	4.76E-03	
prfB	2.01E-01	1.50E-02	6.89E-01	-2.54E-02	6.34E-02	1.70E-02	
group_1799	2.01E-01	4.51E-03	7.65E-01	-2.51E-02	8.37E-02	1.27E-02	
group_1763	2.01E-01	4.51E-03	9.36E-01	-4.96E-04	6.20E-03	3.39E-03	
group_1758	2.01E-01	1.50E-02	8.69E-02	1.41E-01	8.21E-02	7.23E-02	
group_1710	2.01E-01	1.50E-02	9.37E-01	-4.17E-03	5.26E-02	3.35E-03	
group_1698	2.01E-01	4.51E-03	8.80E-01	-1.27E-02	8.39E-02	6.41E-03	
gap~~~gapA1	2.01E-01	4.51E-03	9.98E-01	-1.07E-05	4.06E-03	1.11E-04	
htrA	2.01E-01	4.51E-03	8.46E-01	-1.64E-02	8.47E-02	8.21E-03	
cbiO	2.01E-01	4.51E-03	8.81E-01	-1.44E-02	9.59E-02	6.34E-03	
gyrB_2~~~gyrB_1~~~gyrB_3	2.01E-01	4.51E-03	9.42E-01	-5.46E-03	7.52E-02	3.07E-03	
group_1544	2.01E-01	1.50E-02	6.36E-01	-3.30E-02	6.98E-02	2.00E-02	
aspS1	2.01E-01	1.50E-02	9.63E-01	3.03E-03	6.50E-02	1.97E-03	
gghA~~~lacG~~~bglA_2	2.01E-01	4.51E-03	9.67E-01	2.96E-03	7.11E-02	1.76E-03	
group_1521	2.01E-01	1.50E-02	9.21E-01	6.13E-04	6.17E-03	4.20E-03	
group_1491	2.01E-01	4.51E-03	9.28E-01	-5.59E-04	6.19E-03	3.82E-03	
group_1477	2.01E-01	4.51E-03	9.89E-01	-8.29E-04	6.16E-02	5.70E-04	
group_1314	2.01E-01	1.50E-02	7.63E-02	1.49E-01	8.38E-02	7.49E-02	
ypdF	2.01E-01	4.51E-03	9.92E-01	-6.20E-05	6.20E-03	4.23E-04	
murJ_2~~~mdtK_3	2.01E-01	4.51E-03	9.95E-01	-3.51E-04	5.10E-02	2.92E-04	
cbiM	2.01E-01	4.51E-03	9.99E-01	4.97E-06	5.36E-03	3.93E-05	
msmX_2~~~msmX~~~msmX_1	2.01E-01	4.51E-03	8.38E-01	-1.91E-02	9.35E-02	8.64E-03	
mccF	2.01E-01	1.50E-02	4.56E-02	1.87E-01	9.34E-02	8.44E-02	
group_1224	2.01E-01	1.50E-02	4.56E-02	1.87E-01	9.34E-02	8.44E-02	
dtd	2.01E-01	4.51E-03	9.84E-01	1.98E-03	9.81E-02	8.53E-04	
group_1204	2.01E-01	4.32E-02	9.83E-01	1.16E-04	5.37E-03	9.17E-04	
group_1196	2.01E-01	4.51E-03	9.92E-01	-5.86E-05	6.20E-03	4.00E-04	
group_1150	2.01E-01	4.51E-03	9.98E-01	1.22E-05	6.19E-03	8.34E-05	
group_1147	2.01E-01	4.51E-03	9.26E-01	-5.59E-03	5.99E-02	3.95E-03	
group_1133	2.01E-01	4.51E-03	9.86E-01	1.68E-03	9.50E-02	7.48E-04	
rhaR_1~~~rhaR_3~~~rhaR_2	2.01E-01	1.50E-02	2.78E-01	7.58E-02	6.98E-02	4.59E-02	
group_1117	2.01E-01	4.51E-03	9.95E-01	-3.51E-04	5.10E-02	2.92E-04	
hisK_1~~~hisK_2	2.01E-01	4.51E-03	9.68E-01	-2.77E-03	6.84E-02	1.71E-03	
rbr3A~~~rbr3B	2.01E-01	4.51E-03	1.00E+00	-2.55E-06	5.37E-03	2.01E-05	
nanK	2.01E-01	4.51E-03	9.95E-01	-3.42E-05	5.38E-03	2.69E-04	
hypA	2.01E-01	4.32E-02	4.41E-02	1.71E-01	8.46E-02	8.50E-02	
group_1007	2.01E-01	1.50E-02	4.56E-02	1.87E-01	9.34E-02	8.44E-02	
rsxB_5	2.01E-01	4.51E-03	9.92E-01	6.02E-04	5.77E-02	4.41E-04	
pyrD~~~pyrD_2	2.01E-01	4.51E-03	9.54E-01	-2.83E-03	4.86E-02	2.46E-03	
rpsB_1~~~rpsB	2.01E-01	1.50E-02	9.92E-01	-4.84E-04	4.79E-02	4.28E-04	
group_943	2.01E-01	4.51E-03	9.74E-01	-1.89E-03	5.73E-02	1.39E-03	
ackA_1~~~ackA_2	2.01E-01	4.51E-03	5.69E-01	-4.78E-02	8.39E-02	2.41E-02	
glnA_2~~~glnA_1~~~htpG_2	2.01E-01	4.51E-03	9.97E-01	-1.85E-05	5.38E-03	1.45E-04	
group_912	2.01E-01	1.50E-02	9.37E-01	-4.17E-03	5.26E-02	3.35E-03	
group_904	2.01E-01	4.51E-03	1.00E+00	-1.03E-05	5.61E-02	7.79E-06	
group_902	2.01E-01	4.51E-03	9.40E-01	-6.80E-03	9.05E-02	3.18E-03	
group_882	2.01E-01	4.51E-03	9.60E-01	-6.35E-03	1.26E-01	2.13E-03	
group_877	2.01E-01	1.50E-02	1.54E-01	9.14E-02	6.40E-02	6.03E-02	
dpaB_2~~~dpaB	2.01E-01	4.51E-03	8.15E-01	-2.37E-02	1.01E-01	9.88E-03	
gcdB_2~~~gcdB_1~~~oadB~~~gcdB	2.01E-01	1.50E-02	1.45E-01	7.26E-02	4.98E-02	6.15E-02	
group_862	2.01E-01	1.50E-02	9.10E-01	-8.78E-03	7.75E-02	4.79E-03	
group_851	2.01E-01	4.51E-03	3.12E-01	-7.66E-02	7.57E-02	4.28E-02	
pgk~~~pgk_2	2.01E-01	4.51E-03	9.52E-01	-3.21E-04	5.36E-03	2.54E-03	
argH_1~~~purB	2.01E-01	4.51E-03	9.95E-01	-3.51E-04	5.10E-02	2.92E-04	
group_802	2.01E-01	1.50E-02	9.71E-01	-2.94E-03	8.14E-02	1.53E-03	
group_790	2.01E-01	4.51E-03	1.00E+00	3.78E-06	6.19E-03	2.58E-05	
group_773	2.01E-01	1.50E-02	7.00E-01	-2.32E-02	6.01E-02	1.63E-02	
group_772	2.01E-01	1.50E-02	6.87E-01	-2.56E-02	6.33E-02	1.71E-02	
group_761	2.01E-01	4.51E-03	9.92E-01	6.02E-04	5.77E-02	4.41E-04	
group_728	2.01E-01	4.51E-03	7.10E-01	-1.84E-02	4.95E-02	1.57E-02	
hisS	2.01E-01	1.50E-02	6.09E-01	-3.76E-02	7.35E-02	2.16E-02	
moaA	2.01E-01	1.50E-02	7.75E-01	-1.68E-02	5.87E-02	1.21E-02	
group_655	2.01E-01	4.51E-03	9.99E-01	7.32E-06	6.20E-03	4.99E-05	
xanQ	2.01E-01	4.51E-03	5.80E-01	-3.85E-02	6.95E-02	2.34E-02	
psuG	2.01E-01	1.50E-02	9.82E-01	-1.66E-03	7.24E-02	9.71E-04	
deoC	2.01E-01	4.51E-03	9.97E-01	-1.81E-05	5.37E-03	1.42E-04	
murA~~~murAA~~~murAB_2~~~murA1	2.01E-01	4.51E-03	8.90E-01	-1.47E-02	1.06E-01	5.86E-03	
dnaA~~~dnaA_1	2.01E-01	1.50E-02	7.62E-01	2.49E-02	8.22E-02	1.28E-02	
htrB	2.01E-01	4.51E-03	9.87E-01	1.86E-03	1.14E-01	6.90E-04	
tnaA1~~~tnaA~~~tpl	2.01E-01	4.32E-02	9.65E-01	-2.71E-03	6.25E-02	1.83E-03	
alsT_1~~~alsT	2.01E-01	4.51E-03	8.89E-01	-1.23E-02	8.81E-02	5.91E-03	
group_533	2.01E-01	4.51E-03	9.95E-01	-3.51E-04	5.10E-02	2.92E-04	
yxdL~~~bceA	2.01E-01	1.50E-02	9.52E-01	4.32E-03	7.23E-02	2.53E-03	
ygeW_2~~~ygeW	2.01E-01	1.50E-02	6.27E-01	-3.54E-02	7.30E-02	2.05E-02	
dan	2.01E-01	4.51E-03	9.70E-01	-2.05E-04	5.37E-03	1.62E-03	
group_466	2.01E-01	4.51E-03	7.94E-01	-2.05E-02	7.83E-02	1.11E-02	
der_3~~~feoB_2~~~feoB	2.01E-01	4.51E-03	9.03E-01	-7.00E-03	5.75E-02	5.15E-03	
COQ5_4~~~COQ5_2	2.01E-01	1.50E-02	6.36E-01	-3.30E-02	6.98E-02	2.00E-02	
ugtP	2.01E-01	4.51E-03	9.83E-01	1.31E-03	6.30E-02	8.79E-04	
group_413	2.01E-01	4.51E-03	9.95E-01	-3.51E-04	5.10E-02	2.92E-04	
infC	2.01E-01	4.32E-02	1.42E-01	1.01E-01	6.85E-02	6.20E-02	
dpaA	2.01E-01	4.51E-03	8.15E-01	-2.37E-02	1.01E-01	9.88E-03	
group_359	2.01E-01	4.51E-03	9.92E-01	6.02E-04	5.77E-02	4.41E-04	
group_337	2.01E-01	1.50E-02	8.92E-01	8.40E-04	6.19E-03	5.74E-03	
lptB_4~~~lptB_1	2.01E-01	4.32E-02	9.54E-01	-3.59E-04	6.19E-03	2.45E-03	
group_326	2.01E-01	1.50E-02	4.56E-02	1.87E-01	9.34E-02	8.44E-02	
aptB_2~~~aptB_1	2.01E-01	4.51E-03	3.41E-01	-7.13E-02	7.48E-02	4.03E-02	
group_247	2.01E-01	1.50E-02	9.43E-01	-4.46E-04	6.20E-03	3.04E-03	
mntP	2.01E-01	4.51E-03	8.66E-01	-1.25E-02	7.44E-02	7.12E-03	
cbh	2.01E-01	4.51E-03	9.84E-01	-1.59E-03	8.16E-02	8.23E-04	
tpiA_3~~~tpiA_2	2.01E-01	4.51E-03	5.61E-01	-3.09E-02	5.31E-02	2.46E-02	
group_175	2.01E-01	4.51E-03	9.95E-01	-3.51E-04	5.10E-02	2.92E-04	
mglB	2.01E-01	1.50E-02	7.29E-02	1.43E-01	7.98E-02	7.58E-02	
argD	2.01E-01	4.51E-03	9.05E-01	-6.09E-03	5.11E-02	5.04E-03	
mdlB~~~yheI	2.01E-01	4.51E-03	9.95E-01	-3.51E-04	5.10E-02	2.92E-04	
group_127	2.01E-01	4.51E-03	9.97E-01	-1.85E-05	5.38E-03	1.45E-04	
fdxA	2.00E-01	3.99E-03	8.47E-01	-2.29E-02	1.19E-01	8.15E-03	
group_3910	2.00E-01	3.99E-03	9.85E-01	1.01E-03	5.39E-02	7.89E-04	
group_3810	2.00E-01	3.99E-03	9.42E-01	-5.88E-03	8.14E-02	3.05E-03	
group_3479	2.00E-01	1.36E-02	9.09E-01	-7.05E-04	6.19E-03	4.82E-03	
ridA	2.00E-01	1.36E-02	7.84E-01	-1.35E-02	4.91E-02	1.16E-02	
group_3224	2.00E-01	1.36E-02	2.30E-02	2.20E-01	9.66E-02	9.60E-02	
group_3053	2.00E-01	3.99E-03	9.88E-01	9.23E-04	6.26E-02	6.24E-04	
group_3001	2.00E-01	3.99E-03	9.49E-01	-3.96E-04	6.19E-03	2.71E-03	
hpf	2.00E-01	3.99E-03	7.86E-01	-1.94E-02	7.16E-02	1.15E-02	
group_2716	2.00E-01	1.36E-02	3.14E-01	5.68E-02	5.64E-02	4.26E-02	
yfiC	2.00E-01	3.99E-03	8.47E-01	-2.29E-02	1.19E-01	8.15E-03	
rsmA	2.00E-01	3.99E-03	9.33E-01	-5.24E-04	6.19E-03	3.58E-03	
nnr	2.00E-01	1.36E-02	8.35E-01	-9.68E-03	4.65E-02	8.81E-03	
tpiA_2~~~tpiA_1	2.00E-01	3.99E-03	9.70E-01	2.89E-03	7.68E-02	1.59E-03	
group_2230	2.00E-01	3.99E-03	1.00E+00	3.40E-06	6.18E-03	2.33E-05	
argC	2.00E-01	3.99E-03	8.52E-01	-1.05E-02	5.62E-02	7.88E-03	
group_2136	2.00E-01	3.99E-03	9.98E-01	-1.52E-05	5.37E-03	1.19E-04	
ecfT_3	2.00E-01	3.99E-03	9.86E-01	-1.72E-03	9.78E-02	7.44E-04	
xynA1~~~xynA1_2	2.00E-01	1.36E-02	9.17E-01	-5.55E-03	5.30E-02	4.43E-03	
group_1778	2.00E-01	1.36E-02	6.98E-01	-2.22E-02	5.72E-02	1.64E-02	
sleL~~~sleL_2~~~sleL_1	2.00E-01	3.99E-03	9.52E-01	-3.23E-04	5.36E-03	2.55E-03	
group_1664	2.00E-01	3.99E-03	9.89E-01	1.69E-03	1.18E-01	6.04E-04	
hisK_1	2.00E-01	3.99E-03	6.25E-01	-2.57E-02	5.26E-02	2.07E-02	
adh	2.00E-01	3.99E-03	9.98E-01	1.34E-05	6.17E-03	9.21E-05	
group_1532	2.00E-01	3.99E-03	9.46E-01	-3.61E-04	5.38E-03	2.84E-03	
prsW_2~~~prsW	2.00E-01	9.94E-02	9.46E-01	4.16E-04	6.19E-03	2.84E-03	
argF	2.00E-01	3.99E-03	9.99E-01	-6.65E-05	7.23E-02	3.89E-05	
group_1455	2.00E-01	3.99E-03	8.47E-01	-2.29E-02	1.19E-01	8.15E-03	
group_1446	2.00E-01	1.36E-02	1.07E-01	8.22E-02	5.08E-02	6.82E-02	
btuD_1~~~btuD_2~~~metN2	2.00E-01	3.99E-03	9.40E-01	-3.50E-03	4.68E-02	3.17E-03	
group_1346	2.00E-01	3.96E-02	9.83E-01	-1.13E-04	5.36E-03	8.95E-04	
addB	2.00E-01	3.99E-03	9.54E-01	-6.61E-03	1.14E-01	2.45E-03	
group_1316	2.00E-01	1.36E-02	2.30E-02	2.20E-01	9.66E-02	9.60E-02	
group_1313	2.00E-01	3.96E-02	9.70E-01	-1.99E-04	5.36E-03	1.57E-03	
group_1288	2.00E-01	1.36E-02	2.09E-01	6.83E-02	5.43E-02	5.31E-02	
hrb~~~norV	2.00E-01	3.99E-03	8.30E-01	-1.58E-02	7.37E-02	9.08E-03	
gpr_2~~~gpr	2.00E-01	1.36E-02	9.93E-01	4.67E-04	5.01E-02	3.94E-04	
cysK1~~~cysK	2.00E-01	1.36E-02	9.68E-01	-4.18E-03	1.03E-01	1.72E-03	
rlmCD	2.00E-01	1.36E-02	9.98E-01	1.72E-05	6.19E-03	1.18E-04	
group_1221	2.00E-01	3.99E-03	9.91E-01	9.47E-04	8.87E-02	4.51E-04	
ssnA	2.00E-01	1.36E-02	9.98E-01	1.60E-05	5.35E-03	1.26E-04	
group_1206	2.00E-01	3.99E-03	8.99E-01	-7.32E-03	5.76E-02	5.37E-03	
group_1156	2.00E-01	3.99E-03	9.40E-01	-3.50E-03	4.68E-02	3.17E-03	
blaI_2	2.00E-01	3.99E-03	9.83E-01	9.80E-04	4.60E-02	9.02E-04	
group_1146	2.00E-01	3.96E-02	9.54E-01	-3.56E-04	6.17E-03	2.44E-03	
group_1104	2.00E-01	3.99E-03	9.33E-01	-5.24E-04	6.19E-03	3.58E-03	
agaA_1	2.00E-01	1.36E-02	5.54E-02	1.75E-01	9.11E-02	8.09E-02	
group_1071	2.00E-01	3.99E-03	9.80E-01	-1.52E-04	6.19E-03	1.04E-03	
gabR	2.00E-01	3.99E-03	9.65E-01	-2.55E-03	5.80E-02	1.86E-03	
group_1023	2.00E-01	1.36E-02	5.33E-01	-4.05E-02	6.48E-02	2.64E-02	
btuD_4~~~btuD_3	2.00E-01	1.36E-02	2.34E-02	1.61E-01	7.09E-02	9.57E-02	
fusA_2~~~fusA~~~fusA_1	2.00E-01	3.99E-03	7.45E-01	-2.49E-02	7.66E-02	1.38E-02	
group_961	2.00E-01	3.99E-03	9.40E-01	-3.50E-03	4.68E-02	3.17E-03	
group_945	2.00E-01	3.99E-03	9.99E-01	-8.05E-06	5.37E-03	6.33E-05	
pta	2.00E-01	3.99E-03	4.10E-01	-5.35E-02	6.48E-02	3.49E-02	
group_901	2.00E-01	1.36E-02	2.74E-01	-1.07E-01	9.78E-02	4.62E-02	
group_884	2.00E-01	3.96E-02	9.86E-01	-9.66E-05	5.37E-03	7.62E-04	
pyrG	2.00E-01	3.99E-03	9.90E-01	-8.09E-04	6.67E-02	5.13E-04	
pyrK~~~pyrK_2	2.00E-01	3.99E-03	9.40E-01	-3.50E-03	4.68E-02	3.17E-03	
group_860	2.00E-01	3.99E-03	9.84E-01	1.24E-03	6.12E-02	8.54E-04	
cbiKp~~~cbiK	2.00E-01	3.96E-02	9.98E-01	1.52E-05	5.36E-03	1.20E-04	
group_809	2.00E-01	3.99E-03	9.98E-01	1.34E-05	6.17E-03	9.21E-05	
btuD_6~~~msbA~~~irtB	2.00E-01	3.99E-03	9.06E-01	-7.33E-04	6.19E-03	5.00E-03	
gltB_1~~~gltB_2~~~gltA_1	2.00E-01	3.99E-03	9.98E-01	-1.27E-05	4.07E-03	1.32E-04	
glnA_1~~~glnA_4~~~glnA_2	2.00E-01	3.99E-03	9.90E-01	-8.09E-04	6.67E-02	5.13E-04	
alaS_1~~~alaS_2	2.00E-01	3.96E-02	9.87E-01	-9.00E-05	5.36E-03	7.11E-04	
group_724	2.00E-01	1.36E-02	7.05E-01	-2.68E-02	7.08E-02	1.60E-02	
group_663	2.00E-01	3.96E-02	9.46E-01	4.19E-04	6.19E-03	2.86E-03	
group_644	2.00E-01	1.36E-02	9.22E-01	6.06E-04	6.18E-03	4.15E-03	
group_628	2.00E-01	1.36E-02	6.98E-01	-2.22E-02	5.72E-02	1.64E-02	
group_627	2.00E-01	9.94E-02	2.92E-03	1.68E-01	5.64E-02	1.25E-01	
group_595	2.00E-01	3.99E-03	8.22E-01	-1.54E-02	6.86E-02	9.52E-03	
umpB~~~umpA	2.00E-01	1.36E-02	3.14E-01	5.68E-02	5.64E-02	4.26E-02	
hdfR	2.00E-01	3.99E-03	9.40E-01	-3.50E-03	4.68E-02	3.17E-03	
group_575	2.00E-01	3.99E-03	8.69E-01	-1.18E-02	7.14E-02	6.98E-03	
pyrC~~~pyrC_2	2.00E-01	3.99E-03	9.40E-01	-3.50E-03	4.68E-02	3.17E-03	
guaD	2.00E-01	3.96E-02	1.81E-01	8.11E-02	6.06E-02	5.65E-02	
glyQS	2.00E-01	3.99E-03	2.81E-01	-7.44E-02	6.90E-02	4.56E-02	
argB	2.00E-01	3.99E-03	8.52E-01	-1.05E-02	5.62E-02	7.88E-03	
rsxB_4	2.00E-01	3.99E-03	9.42E-01	-5.19E-03	7.15E-02	3.07E-03	
mepA_7	2.00E-01	3.99E-03	9.50E-01	-3.38E-04	5.37E-03	2.66E-03	
group_494	2.00E-01	1.36E-02	5.33E-01	-4.05E-02	6.48E-02	2.64E-02	
ylbJ	2.00E-01	3.99E-03	9.42E-01	-5.88E-03	8.14E-02	3.05E-03	
yhaM	2.00E-01	9.94E-02	9.56E-01	-3.67E-03	6.70E-02	2.32E-03	
group_402	2.00E-01	3.99E-03	9.78E-01	-1.51E-04	5.37E-03	1.19E-03	
dagK	2.00E-01	1.36E-02	2.09E-01	6.83E-02	5.43E-02	5.31E-02	
ogt	2.00E-01	1.36E-02	6.98E-01	-2.22E-02	5.72E-02	1.64E-02	
group_338	2.00E-01	9.94E-02	2.92E-03	1.68E-01	5.64E-02	1.25E-01	
group_334	2.00E-01	3.99E-03	9.02E-01	-5.99E-03	4.88E-02	5.19E-03	
pyrE~~~pyrE_1	2.00E-01	1.36E-02	9.61E-01	-2.25E-03	4.64E-02	2.06E-03	
efp	2.00E-01	3.99E-03	9.51E-01	-2.71E-04	4.39E-03	2.61E-03	
ackA_2~~~ackA_3~~~ackA_1	2.00E-01	3.99E-03	8.78E-01	-7.72E-03	5.01E-02	6.51E-03	
group_221	2.00E-01	1.36E-02	9.12E-01	5.91E-04	5.37E-03	4.66E-03	
pgi_1~~~pgi_2	2.00E-01	1.36E-02	9.60E-01	-3.62E-03	7.18E-02	2.13E-03	
ydcV	2.00E-01	3.99E-03	9.38E-01	-4.80E-04	6.19E-03	3.28E-03	
group_178	2.00E-01	3.99E-03	2.81E-01	-7.44E-02	6.90E-02	4.56E-02	
gyrB_2	2.00E-01	3.99E-03	6.78E-01	-2.47E-02	5.96E-02	1.75E-02	
group_56	2.00E-01	1.36E-02	5.33E-01	-4.05E-02	6.48E-02	2.64E-02	
group_34	2.00E-01	1.36E-02	9.78E-01	-1.95E-03	6.99E-02	1.18E-03	
group_4015	1.98E-01	6.55E-01	2.89E-02	1.45E-01	6.61E-02	9.23E-02	
group_3881	1.98E-01	3.62E-02	4.43E-03	1.49E-01	5.20E-02	1.20E-01	
group_3846	1.98E-01	1.22E-02	9.27E-01	5.63E-04	6.18E-03	3.85E-03	
rpmI	1.98E-01	3.62E-02	2.18E-01	7.48E-02	6.06E-02	5.21E-02	
secE	1.98E-01	1.22E-02	9.26E-01	-4.93E-03	5.27E-02	3.95E-03	
group_3689	1.98E-01	3.52E-03	9.87E-01	-8.93E-05	5.38E-03	7.03E-04	
group_3496	1.98E-01	9.25E-02	8.73E-03	1.31E-01	4.98E-02	1.11E-01	
group_3195	1.98E-01	1.22E-02	9.99E-01	-7.39E-05	4.53E-02	6.91E-05	
cymR_2	1.98E-01	3.52E-03	8.20E-01	-1.65E-02	7.27E-02	9.61E-03	
pyrI	1.98E-01	1.22E-02	9.62E-01	-2.20E-03	4.57E-02	2.03E-03	
group_3111	1.98E-01	9.25E-02	1.66E-02	1.14E-01	4.72E-02	1.01E-01	
smpB	1.98E-01	1.22E-02	5.12E-01	-3.92E-02	5.99E-02	2.77E-02	
group_2974	1.98E-01	1.22E-02	8.89E-01	8.66E-04	6.18E-03	5.92E-03	
yfbR	1.98E-01	1.22E-02	8.54E-01	-9.07E-03	4.94E-02	7.77E-03	
group_2831	1.98E-01	3.62E-02	4.43E-03	1.49E-01	5.20E-02	1.20E-01	
yfnB	1.98E-01	3.62E-02	9.67E-01	-2.22E-03	5.37E-02	1.75E-03	
fabG	1.98E-01	3.52E-03	9.93E-01	-4.66E-05	5.37E-03	3.67E-04	
rluB_1	1.98E-01	3.52E-03	1.00E+00	2.52E-07	6.17E-03	1.73E-06	
group_2447	1.98E-01	3.52E-03	6.68E-01	-2.66E-02	6.19E-02	1.82E-02	
group_2253	1.98E-01	3.62E-02	9.91E-01	6.34E-05	5.36E-03	5.00E-04	
ygfK~~~ygfK_1~~~ygfK_2	1.98E-01	1.22E-02	7.57E-01	-1.49E-02	4.81E-02	1.31E-02	
group_1792	1.98E-01	1.22E-02	1.55E-01	9.77E-02	6.86E-02	6.01E-02	
group_1757	1.98E-01	3.52E-03	9.42E-01	-3.25E-03	4.46E-02	3.09E-03	
exoA	1.98E-01	1.22E-02	9.44E-01	-3.75E-03	5.31E-02	2.98E-03	
group_1754	1.98E-01	1.22E-02	6.76E-01	-2.38E-02	5.69E-02	1.77E-02	
abgB_2~~~abgB_1	1.98E-01	2.04E-01	1.00E+00	2.64E-07	5.37E-03	2.08E-06	
group_1723	1.98E-01	1.22E-02	9.26E-01	-6.44E-03	6.95E-02	3.92E-03	
group_1713	1.98E-01	1.22E-02	9.99E-01	9.21E-05	8.22E-02	4.74E-05	
leuB~~~spoVB_2	1.98E-01	1.22E-02	3.40E-02	2.13E-01	1.00E-01	8.95E-02	
gltB_3~~~gltB_1~~~gltB_2	1.98E-01	3.52E-03	9.95E-01	-2.46E-05	4.07E-03	2.56E-04	
group_1636	1.98E-01	1.22E-02	9.27E-01	5.63E-04	6.18E-03	3.85E-03	
group_1613	1.98E-01	3.52E-03	8.59E-01	-1.38E-02	7.75E-02	7.51E-03	
group_1509	1.98E-01	3.52E-03	9.71E-01	-1.94E-04	5.36E-03	1.53E-03	
group_1479	1.98E-01	1.22E-02	9.27E-01	5.63E-04	6.18E-03	3.85E-03	
group_1478	1.98E-01	1.22E-02	9.27E-01	5.63E-04	6.18E-03	3.85E-03	
group_1447	1.98E-01	1.22E-02	8.94E-02	9.15E-02	5.38E-02	7.18E-02	
mepA_4~~~mepA_1~~~mdtK_6~~~mdtK_5~~~mepA_2	1.98E-01	3.52E-03	8.92E-01	-1.00E-02	7.40E-02	5.73E-03	
xylB_3~~~xylB_5	1.98E-01	3.52E-03	8.92E-01	-1.00E-02	7.40E-02	5.73E-03	
lepA~~~lepA_1	1.98E-01	3.52E-03	8.79E-01	-7.26E-03	4.77E-02	6.44E-03	
group_1295	1.98E-01	1.22E-02	1.00E+00	6.68E-07	6.20E-03	4.55E-06	
group_1261	1.98E-01	3.52E-03	9.96E-01	-1.70E-05	3.80E-03	1.90E-04	
group_1247	1.98E-01	1.22E-02	8.89E-01	8.66E-04	6.18E-03	5.92E-03	
IMPDH~~~mgtE	1.98E-01	3.52E-03	9.02E-01	-6.79E-03	5.54E-02	5.19E-03	
pyrP~~~pyrP_2	1.98E-01	1.22E-02	8.63E-01	-9.01E-03	5.22E-02	7.31E-03	
group_1139	1.98E-01	3.62E-02	1.35E-01	1.03E-01	6.91E-02	6.31E-02	
group_1124	1.98E-01	1.22E-02	9.44E-01	-3.75E-03	5.31E-02	2.98E-03	
group_1122	1.98E-01	1.22E-02	9.88E-01	-8.40E-04	5.82E-02	6.10E-04	
group_970	1.98E-01	3.52E-03	7.10E-01	-2.02E-02	5.43E-02	1.57E-02	
tdk	1.98E-01	3.52E-03	9.96E-01	-2.73E-05	5.36E-03	2.15E-04	
group_958	1.98E-01	1.22E-02	5.32E-02	1.29E-01	6.64E-02	8.17E-02	
group_913	1.98E-01	1.22E-02	4.19E-02	1.79E-01	8.78E-02	8.59E-02	
group_875	1.98E-01	1.22E-02	9.86E-01	-9.64E-05	5.36E-03	7.61E-04	
group_824	1.98E-01	3.62E-02	9.36E-01	-4.95E-04	6.19E-03	3.39E-03	
group_814	1.98E-01	3.62E-02	9.07E-01	6.25E-04	5.36E-03	4.93E-03	
argJ	1.98E-01	1.22E-02	8.66E-01	-9.38E-03	5.56E-02	7.14E-03	
hpt_1~~~hpt_2	1.98E-01	3.52E-03	9.97E-01	-2.29E-05	5.36E-03	1.81E-04	
ydjI~~~fbaA_1~~~gatY	1.98E-01	3.52E-03	9.32E-01	-4.28E-03	5.05E-02	3.59E-03	
btuD_1~~~btuD_3~~~irtA~~~btuD_5	1.98E-01	2.04E-01	1.25E-01	8.33E-02	5.43E-02	6.48E-02	
argG	1.98E-01	3.52E-03	9.73E-01	-2.17E-03	6.43E-02	1.43E-03	
group_676	1.98E-01	1.22E-02	7.48E-01	-1.99E-02	6.18E-02	1.36E-02	
gpmI	1.98E-01	1.22E-02	5.12E-01	-3.92E-02	5.99E-02	2.77E-02	
rluB_2	1.98E-01	3.52E-03	8.74E-01	-9.93E-03	6.28E-02	6.69E-03	
group_616	1.98E-01	3.52E-03	7.10E-01	-2.02E-02	5.43E-02	1.57E-02	
thrS	1.98E-01	3.52E-03	9.28E-01	-5.58E-04	6.18E-03	3.82E-03	
pyrB_2~~~pyrB~~~pyrB_1	1.98E-01	1.22E-02	9.62E-01	-2.20E-03	4.57E-02	2.03E-03	
pyrF~~~pyrF_1	1.98E-01	1.22E-02	9.58E-01	-2.44E-03	4.62E-02	2.23E-03	
cytR~~~cytR_2	1.98E-01	3.52E-03	8.92E-01	-1.00E-02	7.40E-02	5.73E-03	
rsmI~~~fosB	1.98E-01	3.52E-03	9.76E-01	-1.64E-04	5.36E-03	1.30E-03	
group_484	1.98E-01	3.62E-02	4.43E-03	1.49E-01	5.20E-02	1.20E-01	
group_474	1.98E-01	1.22E-02	4.19E-02	1.79E-01	8.78E-02	8.59E-02	
typA	1.98E-01	3.52E-03	9.67E-01	-2.20E-04	5.36E-03	1.73E-03	
ffh	1.98E-01	3.52E-03	8.44E-01	-1.23E-02	6.23E-02	8.32E-03	
group_454	1.98E-01	9.25E-02	9.86E-01	-9.46E-05	5.36E-03	7.46E-04	
mtaB	1.98E-01	1.22E-02	9.99E-01	-7.39E-05	4.53E-02	6.91E-05	
group_400	1.98E-01	1.22E-02	5.12E-01	-3.92E-02	5.99E-02	2.77E-02	
group_392	1.98E-01	3.62E-02	9.72E-01	-1.85E-04	5.36E-03	1.46E-03	
ribU	1.98E-01	3.62E-02	3.05E-02	1.51E-01	6.96E-02	9.14E-02	
cutM~~~ndhF	1.98E-01	3.52E-03	9.26E-01	-6.70E-03	7.23E-02	3.92E-03	
group_381	1.98E-01	6.55E-01	2.89E-02	1.45E-01	6.61E-02	9.23E-02	
mepA_2~~~mepA_4~~~mepA_5	1.98E-01	1.22E-02	8.54E-01	-9.07E-03	4.94E-02	7.77E-03	
group_354	1.98E-01	3.62E-02	4.43E-03	1.49E-01	5.20E-02	1.20E-01	
vldH	1.98E-01	2.04E-01	5.03E-02	1.64E-01	8.37E-02	8.27E-02	
rplK	1.98E-01	1.22E-02	9.26E-01	-4.93E-03	5.27E-02	3.95E-03	
group_321	1.98E-01	1.22E-02	9.99E-01	3.90E-06	4.06E-03	4.06E-05	
group_320	1.98E-01	1.22E-02	5.12E-01	-3.92E-02	5.99E-02	2.77E-02	
rbsA_4~~~rbsA_2	1.98E-01	1.22E-02	3.38E-01	4.99E-02	5.21E-02	4.05E-02	
alsB	1.98E-01	1.22E-02	8.80E-01	8.09E-04	5.37E-03	6.38E-03	
group_125	1.98E-01	3.52E-03	8.89E-01	-8.62E-03	6.15E-02	5.92E-03	
group_3991	1.96E-01	1.09E-02	2.60E-01	4.86E-02	4.31E-02	4.76E-02	
group_3938	1.96E-01	3.10E-03	9.41E-01	-4.00E-04	5.35E-03	3.16E-03	
group_3659	1.96E-01	1.09E-02	9.96E-01	-2.17E-04	4.78E-02	1.92E-04	
cymR_1	1.96E-01	1.09E-02	9.26E-01	-4.19E-03	4.51E-02	3.93E-03	
group_3011	1.96E-01	3.10E-03	9.66E-01	-2.31E-04	5.37E-03	1.82E-03	
nusG	1.96E-01	3.31E-02	9.38E-01	-4.10E-03	5.24E-02	3.31E-03	
group_2942	1.96E-01	3.31E-02	3.39E-01	4.38E-02	4.58E-02	4.04E-02	
thiN	1.96E-01	3.31E-02	9.53E-01	3.63E-04	6.19E-03	2.48E-03	
group_2630	1.96E-01	1.09E-02	9.99E-01	-2.60E-06	4.06E-03	2.71E-05	
pucD~~~ndhM	1.96E-01	3.10E-03	9.68E-01	-2.17E-04	5.36E-03	1.71E-03	
group_1806	1.96E-01	3.10E-03	2.62E-01	-6.40E-02	5.70E-02	4.74E-02	
tsf~~~tsf_2	1.96E-01	1.09E-02	9.79E-01	-1.40E-04	5.34E-03	1.11E-03	
group_1672	1.96E-01	3.10E-03	7.93E-01	-2.03E-02	7.73E-02	1.11E-02	
group_1378	1.96E-01	3.31E-02	9.42E-03	1.24E-01	4.75E-02	1.10E-01	
group_1318	1.96E-01	1.09E-02	8.31E-01	-1.25E-02	5.88E-02	9.02E-03	
cueR	1.96E-01	1.09E-02	9.97E-01	-2.17E-05	5.35E-03	1.72E-04	
spoIVB	1.96E-01	3.10E-03	8.74E-01	-9.07E-03	5.70E-02	6.73E-03	
group_1242	1.96E-01	3.31E-02	2.40E-01	6.29E-02	5.35E-02	4.97E-02	
group_1237	1.96E-01	3.31E-02	2.97E-01	5.83E-02	5.58E-02	4.41E-02	
sigL	1.96E-01	1.09E-02	9.95E-01	-3.35E-05	5.38E-03	2.64E-04	
group_1197	1.96E-01	3.10E-03	9.50E-01	-2.76E-04	4.38E-03	2.66E-03	
oppC_2	1.96E-01	1.09E-02	4.52E-02	1.28E-01	6.36E-02	8.46E-02	
mscL	1.96E-01	3.10E-03	9.78E-01	-1.50E-04	5.37E-03	1.18E-03	
rpsP	1.96E-01	3.10E-03	8.06E-01	-1.45E-02	5.89E-02	1.04E-02	
rplA	1.96E-01	1.09E-02	8.74E-01	-7.93E-03	5.00E-02	6.72E-03	
group_827	1.96E-01	1.09E-02	9.97E-01	-1.81E-04	5.20E-02	1.47E-04	
fba~~~fda	1.96E-01	3.31E-02	9.69E-01	-2.13E-03	5.42E-02	1.66E-03	
hppA	1.96E-01	3.10E-03	8.87E-01	-8.05E-03	5.65E-02	6.02E-03	
group_672	1.96E-01	3.10E-03	1.00E+00	-1.07E-06	4.38E-03	1.03E-05	
oppD_2~~~dppD	1.96E-01	1.09E-02	4.57E-02	1.27E-01	6.34E-02	8.44E-02	
group_634	1.96E-01	3.31E-02	9.42E-03	1.24E-01	4.75E-02	1.10E-01	
guaA	1.96E-01	1.09E-02	9.26E-01	-3.91E-03	4.23E-02	3.91E-03	
group_603	1.96E-01	3.10E-03	8.58E-01	-1.09E-02	6.07E-02	7.57E-03	
ansA	1.96E-01	3.10E-03	9.91E-01	-5.81E-05	5.37E-03	4.58E-04	
group_535	1.96E-01	3.31E-02	2.40E-01	6.29E-02	5.35E-02	4.97E-02	
rplT	1.96E-01	3.31E-02	1.79E-01	1.04E-01	7.74E-02	5.69E-02	
spo0A~~~spo0A_2~~~spo0A_1	1.96E-01	8.58E-02	7.82E-01	1.48E-03	5.35E-03	1.17E-02	
group_306	1.96E-01	3.10E-03	6.77E-01	-2.13E-02	5.11E-02	1.76E-02	
group_297	1.96E-01	3.31E-02	2.40E-01	6.29E-02	5.35E-02	4.97E-02	
group_293	1.96E-01	1.09E-02	9.97E-01	-1.81E-04	5.20E-02	1.47E-04	
ftsX	1.96E-01	3.10E-03	1.00E+00	-1.07E-06	4.38E-03	1.03E-05	
btuD_6~~~btuD_2	1.96E-01	1.09E-02	1.64E-01	7.36E-02	5.29E-02	5.88E-02	
zupT	1.96E-01	3.31E-02	1.11E-01	1.03E-01	6.46E-02	6.74E-02	
xpt~~~xpt_1	1.96E-01	1.09E-02	9.26E-01	-3.91E-03	4.23E-02	3.91E-03	
dppB_3~~~dppB_1~~~gsiC	1.96E-01	1.09E-02	4.52E-02	1.28E-01	6.36E-02	8.46E-02	
noc~~~noc_2	1.96E-01	3.10E-03	9.88E-01	-8.17E-05	5.36E-03	6.45E-04	
group_4017	1.94E-01	3.02E-02	6.92E-01	-2.21E-02	5.56E-02	1.68E-02	
group_3978	1.94E-01	2.72E-03	9.88E-01	-8.27E-05	5.36E-03	6.53E-04	
rpmE	1.94E-01	2.72E-03	6.00E-01	-2.30E-02	4.38E-02	2.22E-02	
rplGB	1.94E-01	9.80E-03	9.38E-01	-3.41E-04	4.38E-03	3.30E-03	
spoIIID	1.94E-01	1.81E-01	7.71E-01	-1.56E-02	5.37E-02	1.23E-02	
rpsT	1.94E-01	3.02E-02	9.89E-01	6.34E-04	4.76E-02	5.63E-04	
rpmA	1.94E-01	9.80E-03	4.08E-01	3.44E-02	4.16E-02	3.50E-02	
rplL	1.94E-01	2.72E-03	9.87E-01	-8.88E-05	5.35E-03	7.03E-04	
group_3244	1.94E-01	3.02E-02	8.53E-01	-1.06E-02	5.73E-02	7.85E-03	
group_3183	1.94E-01	9.80E-03	8.99E-01	-7.01E-03	5.51E-02	5.38E-03	
sfp	1.94E-01	2.72E-03	6.94E-01	-2.65E-02	6.72E-02	1.67E-02	
group_2832	1.94E-01	9.80E-03	9.95E-01	-3.49E-05	5.37E-03	2.75E-04	
group_2817	1.94E-01	9.80E-03	9.95E-01	-3.49E-05	5.37E-03	2.75E-04	
rex	1.94E-01	1.81E-01	7.49E-01	1.98E-03	6.18E-03	1.35E-02	
rnfB_2~~~rnfB_1~~~rnfB_3	1.94E-01	2.72E-03	9.68E-01	-2.18E-04	5.36E-03	1.72E-03	
group_2264	1.94E-01	3.02E-02	9.66E-01	-2.29E-04	5.36E-03	1.81E-03	
rbr1	1.94E-01	1.81E-01	1.78E-01	7.00E-02	5.19E-02	5.70E-02	
spoVAD_1~~~spoVAD_2~~~spoVAD	1.94E-01	2.72E-03	9.20E-01	-5.24E-03	5.23E-02	4.24E-03	
group_1727	1.94E-01	9.80E-03	8.66E-01	9.04E-04	5.37E-03	7.12E-03	
group_1675	1.94E-01	2.72E-03	8.97E-01	-8.00E-04	6.17E-03	5.48E-03	
sigK_1~~~rpoS~~~rpoD~~~sigK	1.94E-01	9.80E-03	8.01E-01	-1.48E-02	5.84E-02	1.07E-02	
ydjF_1~~~ydjF_2~~~srlR	1.94E-01	2.72E-03	9.15E-01	-5.86E-03	5.50E-02	4.51E-03	
RBKS~~~ydjH~~~ydjH_1~~~ydjH_2~~~rbsK_2	1.94E-01	2.72E-03	9.92E-01	-5.65E-05	5.34E-03	4.47E-04	
group_1436	1.94E-01	9.80E-03	3.51E-01	4.15E-02	4.45E-02	3.95E-02	
dacF	1.94E-01	9.80E-03	9.49E-01	-2.91E-03	4.55E-02	2.71E-03	
group_1317	1.94E-01	3.02E-02	8.53E-01	-1.06E-02	5.73E-02	7.85E-03	
pgi_2~~~pgi_1	1.94E-01	9.80E-03	8.99E-01	-7.01E-03	5.51E-02	5.38E-03	
glnS~~~glnS_2	1.94E-01	2.72E-03	9.62E-01	-2.55E-04	5.35E-03	2.02E-03	
obg	1.94E-01	2.72E-03	8.86E-01	-6.53E-03	4.56E-02	6.06E-03	
proS	1.94E-01	3.02E-02	8.40E-01	-9.24E-03	4.57E-02	8.55E-03	
group_1121	1.94E-01	9.80E-03	9.55E-01	-3.51E-04	6.18E-03	2.40E-03	
group_1105	1.94E-01	2.72E-03	9.13E-01	-6.77E-04	6.17E-03	4.64E-03	
group_973	1.94E-01	9.80E-03	9.51E-01	-3.30E-04	5.37E-03	2.60E-03	
gloB_2~~~gloB	1.94E-01	2.72E-03	8.70E-01	-1.16E-02	7.13E-02	6.91E-03	
group_965	1.94E-01	2.72E-03	8.70E-01	-1.16E-02	7.13E-02	6.91E-03	
smc_2~~~smc_1~~~smc_3	1.94E-01	2.72E-03	8.67E-01	-1.19E-02	7.13E-02	7.07E-03	
group_915	1.94E-01	2.72E-03	9.46E-01	-4.20E-04	6.16E-03	2.89E-03	
group_876	1.94E-01	3.02E-02	9.92E-01	3.93E-05	4.05E-03	4.10E-04	
mepA_3~~~mepA_4~~~mepA_5~~~mepA_6	1.94E-01	3.02E-02	6.59E-01	-1.88E-02	4.27E-02	1.87E-02	
group_801	1.94E-01	1.81E-01	7.88E-01	1.63E-02	6.04E-02	1.14E-02	
rpoC_1~~~rpoC~~~rpoC_2	1.94E-01	7.95E-02	8.54E-01	8.19E-03	4.46E-02	7.76E-03	
group_579	1.94E-01	3.02E-02	9.36E-01	-3.27E-04	4.05E-03	3.41E-03	
ftsE	1.94E-01	2.72E-03	1.00E+00	-1.09E-06	4.37E-03	1.05E-05	
group_528	1.94E-01	9.80E-03	1.31E-01	7.28E-02	4.81E-02	6.39E-02	
tuf~~~tufA~~~tuf_1~~~tuf_2	1.94E-01	2.72E-03	9.90E-01	-7.97E-05	6.19E-03	5.45E-04	
group_485	1.94E-01	2.72E-03	9.91E-01	-5.80E-05	5.36E-03	4.57E-04	
yeeO_2~~~yeeO_1~~~yeeO_3	1.94E-01	7.95E-02	9.18E-01	-8.90E-03	8.60E-02	4.38E-03	
sigE	1.94E-01	1.81E-01	7.49E-01	1.98E-03	6.18E-03	1.35E-02	
sasA_4	1.94E-01	9.80E-03	3.51E-01	4.15E-02	4.45E-02	3.95E-02	
group_172	1.94E-01	9.80E-03	3.51E-01	4.15E-02	4.45E-02	3.95E-02	
regX3	1.94E-01	9.80E-03	3.51E-01	4.15E-02	4.45E-02	3.95E-02	
group_3883	1.93E-01	2.38E-03	9.87E-01	-8.61E-05	5.36E-03	6.80E-04	
group_3679	1.93E-01	7.36E-02	9.93E-01	-5.52E-05	6.17E-03	3.78E-04	
group_3488	1.93E-01	8.76E-03	9.30E-01	4.52E-03	5.13E-02	3.73E-03	
group_3310	1.93E-01	2.38E-03	9.23E-01	-4.85E-03	5.01E-02	4.10E-03	
greA_1	1.93E-01	8.76E-03	9.93E-01	-3.58E-05	4.37E-03	3.46E-04	
group_3035	1.93E-01	2.74E-02	1.04E-01	8.73E-02	5.36E-02	6.88E-02	
group_2929	1.93E-01	2.38E-03	9.84E-01	-1.09E-04	5.36E-03	8.60E-04	
group_2893	1.93E-01	8.76E-03	9.98E-01	-1.77E-05	6.16E-03	1.22E-04	
group_2764	1.93E-01	7.36E-02	9.93E-01	-5.52E-05	6.17E-03	3.78E-04	
thrC_2~~~thrC_1~~~thrC_3	1.93E-01	2.38E-03	9.96E-01	-2.79E-05	6.16E-03	1.91E-04	
srlD	1.93E-01	8.76E-03	8.92E-01	7.29E-04	5.34E-03	5.77E-03	
group_1755	1.93E-01	8.76E-03	9.98E-01	-1.77E-05	6.16E-03	1.22E-04	
group_1753	1.93E-01	2.38E-03	9.11E-01	-6.64E-03	5.96E-02	4.71E-03	
group_1708	1.93E-01	8.76E-03	7.74E-01	-1.50E-02	5.20E-02	1.22E-02	
group_1529	1.93E-01	7.36E-02	9.99E-01	4.66E-06	5.35E-03	3.68E-05	
group_1526	1.93E-01	2.38E-03	9.93E-01	-3.59E-05	4.06E-03	3.74E-04	
group_1492	1.93E-01	7.36E-02	9.93E-01	-5.52E-05	6.17E-03	3.78E-04	
der_2~~~der_1~~~feoB_2~~~feoB_3	1.93E-01	8.76E-03	9.64E-01	-2.43E-04	5.34E-03	1.92E-03	
ghrB~~~ldhA	1.93E-01	2.38E-03	9.58E-01	-2.80E-04	5.35E-03	2.21E-03	
leuS~~~leuS_2	1.93E-01	8.76E-03	3.91E-01	-6.17E-02	7.19E-02	3.63E-02	
mepA_4~~~mepA_1	1.93E-01	7.36E-02	9.93E-01	-5.52E-05	6.17E-03	3.78E-04	
ytrB_2~~~ytrB_1	1.93E-01	7.36E-02	9.93E-01	-5.52E-05	6.17E-03	3.78E-04	
group_942	1.93E-01	2.74E-02	2.98E-01	4.98E-02	4.78E-02	4.40E-02	
group_878	1.93E-01	8.76E-03	4.18E-01	3.35E-02	4.13E-02	3.42E-02	
menG~~~COQ5_3	1.93E-01	2.38E-03	9.60E-01	-2.71E-04	5.35E-03	2.14E-03	
ftsH_3~~~ftsH4	1.93E-01	2.38E-03	8.53E-01	-1.31E-02	7.03E-02	7.86E-03	
metG_2~~~aspS_2~~~aspS_1~~~epmA~~~lysS	1.93E-01	8.76E-03	1.00E+00	2.50E-06	4.38E-03	2.41E-05	
ancA_2	1.93E-01	8.76E-03	9.54E-01	-3.54E-04	6.18E-03	2.43E-03	
group_726	1.93E-01	2.74E-02	8.61E-01	1.08E-03	6.16E-03	7.39E-03	
group_715	1.93E-01	8.76E-03	9.98E-01	-1.77E-05	6.16E-03	1.22E-04	
group_665	1.93E-01	8.76E-03	7.65E-01	-1.70E-02	5.69E-02	1.26E-02	
group_638	1.93E-01	8.76E-03	9.98E-01	-1.77E-05	6.16E-03	1.22E-04	
group_621	1.93E-01	8.76E-03	3.01E-01	-4.76E-02	4.60E-02	4.37E-02	
gltX1~~~gluQ	1.93E-01	8.76E-03	4.65E-01	3.23E-02	4.42E-02	3.09E-02	
group_546	1.93E-01	2.38E-03	9.71E-01	-1.96E-04	5.37E-03	1.54E-03	
group_489	1.93E-01	8.76E-03	9.97E-01	1.82E-04	4.41E-02	1.74E-04	
hrp1	1.93E-01	8.76E-03	4.65E-01	3.23E-02	4.42E-02	3.09E-02	
yfkJ	1.93E-01	8.76E-03	2.51E-01	6.87E-02	5.98E-02	4.85E-02	
metG	1.93E-01	2.38E-03	7.78E-01	-1.35E-02	4.77E-02	1.20E-02	
group_422	1.93E-01	8.76E-03	9.50E-01	2.76E-04	4.38E-03	2.66E-03	
glmE	1.93E-01	8.76E-03	9.98E-01	-1.77E-05	6.16E-03	1.22E-04	
gltD~~~sfrB_2~~~sfrB	1.93E-01	2.74E-02	3.11E-02	9.32E-02	4.31E-02	9.10E-02	
group_396	1.93E-01	8.76E-03	9.93E-01	-3.58E-05	4.37E-03	3.46E-04	
ttdA	1.93E-01	8.76E-03	9.98E-01	-1.77E-05	6.16E-03	1.22E-04	
group_241	1.93E-01	8.76E-03	9.36E-01	4.28E-04	5.35E-03	3.38E-03	
group_227	1.93E-01	8.76E-03	3.53E-01	4.13E-02	4.44E-02	3.93E-02	
sbnB	1.93E-01	8.76E-03	9.98E-01	-1.77E-05	6.16E-03	1.22E-04	
group_174	1.93E-01	7.36E-02	8.81E-01	-7.35E-03	4.89E-02	6.35E-03	
group_136	1.93E-01	2.38E-03	8.53E-01	-1.31E-02	7.03E-02	7.86E-03	
group_58	1.93E-01	8.76E-03	9.67E-01	-2.22E-04	5.33E-03	1.77E-03	
citD	1.91E-01	7.80E-03	9.95E-01	-3.91E-05	6.16E-03	2.68E-04	
cdhC	1.91E-01	2.08E-03	4.95E-01	-3.59E-02	5.26E-02	2.88E-02	
group_2823	1.91E-01	7.80E-03	9.97E-01	-1.22E-05	3.79E-03	1.36E-04	
plsY	1.91E-01	7.80E-03	3.72E-01	3.83E-02	4.28E-02	3.78E-02	
group_2749	1.91E-01	2.08E-03	9.59E-01	-2.77E-04	5.34E-03	2.19E-03	
citE	1.91E-01	7.80E-03	9.95E-01	-3.91E-05	6.16E-03	2.68E-04	
group_2417	1.91E-01	1.59E-01	9.28E-01	-4.51E-03	4.97E-02	3.84E-03	
araP	1.91E-01	3.22E-01	9.55E-01	-2.79E-03	4.94E-02	2.39E-03	
serC_1~~~serC~~~serC_2	1.91E-01	1.59E-01	9.84E-01	-7.82E-05	3.80E-03	8.70E-04	
group_2277	1.91E-01	7.80E-03	9.95E-01	-3.91E-05	6.16E-03	2.68E-04	
rpsL	1.91E-01	2.49E-02	9.24E-01	-4.18E-04	4.38E-03	4.04E-03	
fhs	1.91E-01	2.49E-02	8.78E-01	9.89E-03	6.43E-02	6.51E-03	
cinA~~~btuD_1~~~cinA_2	1.91E-01	7.80E-03	5.37E-01	2.89E-02	4.67E-02	2.61E-02	
group_1831	1.91E-01	7.80E-03	9.41E-01	-3.96E-04	5.33E-03	3.14E-03	
group_1631	1.91E-01	7.80E-03	9.82E-01	1.19E-04	5.35E-03	9.41E-04	
group_1574	1.91E-01	7.80E-03	9.85E-01	1.01E-04	5.35E-03	8.00E-04	
pgcA_1~~~pgcA~~~pgcA_2	1.91E-01	7.80E-03	2.77E-01	5.49E-02	5.05E-02	4.60E-02	
group_1348	1.91E-01	2.49E-02	9.43E-01	-2.30E-04	3.24E-03	3.00E-03	
msmX_2	1.91E-01	3.22E-01	9.55E-01	-2.79E-03	4.94E-02	2.39E-03	
prfC~~~prfC_2	1.91E-01	2.08E-03	9.28E-01	-4.84E-04	5.35E-03	3.83E-03	
group_950	1.91E-01	3.22E-01	9.55E-01	-2.79E-03	4.94E-02	2.39E-03	
group_941	1.91E-01	2.49E-02	9.28E-01	-4.15E-03	4.62E-02	3.80E-03	
pucA	1.91E-01	6.80E-02	1.07E-01	8.94E-02	5.54E-02	6.81E-02	
group_849	1.91E-01	6.80E-02	9.53E-01	3.15E-03	5.32E-02	2.51E-03	
group_714	1.91E-01	6.80E-02	7.15E-01	-1.89E-02	5.18E-02	1.54E-02	
group_557	1.91E-01	1.59E-01	9.28E-01	-4.51E-03	4.97E-02	3.84E-03	
fusA_1~~~fusA~~~fusA_2	1.91E-01	2.08E-03	9.35E-01	-3.58E-04	4.37E-03	3.46E-03	
yggP	1.91E-01	2.49E-02	4.97E-01	3.37E-02	4.97E-02	2.87E-02	
group_471	1.91E-01	2.08E-03	9.84E-01	-1.06E-04	5.35E-03	8.37E-04	
group_399	1.91E-01	7.80E-03	9.87E-01	-1.04E-04	6.16E-03	7.14E-04	
group_305	1.91E-01	6.80E-02	1.07E-01	8.94E-02	5.54E-02	6.81E-02	
citF	1.91E-01	7.80E-03	9.95E-01	-3.91E-05	6.16E-03	2.68E-04	
ngcG_1~~~araQ_2~~~araQ	1.91E-01	3.22E-01	9.55E-01	-2.79E-03	4.94E-02	2.39E-03	
group_226	1.91E-01	2.08E-03	9.84E-01	-1.06E-04	5.35E-03	8.37E-04	
group_204	1.91E-01	6.80E-02	9.26E-01	-5.32E-03	5.74E-02	3.92E-03	
pgcA_2	1.91E-01	2.49E-02	9.28E-01	-4.15E-03	4.62E-02	3.80E-03	
group_187	1.91E-01	3.22E-01	9.55E-01	-2.79E-03	4.94E-02	2.39E-03	
iscR	1.91E-01	2.49E-02	8.94E-01	-4.83E-03	3.63E-02	5.63E-03	
group_162	1.91E-01	3.22E-01	9.55E-01	-2.79E-03	4.94E-02	2.39E-03	
mntR	1.91E-01	2.08E-03	9.71E-01	-1.48E-04	4.05E-03	1.55E-03	
group_3784	1.89E-01	6.93E-03	9.71E-01	-1.45E-04	4.05E-03	1.52E-03	
group_3742	1.89E-01	6.93E-03	9.71E-01	-1.45E-04	4.05E-03	1.52E-03	
group_3366	1.89E-01	6.93E-03	5.41E-01	2.58E-02	4.21E-02	2.59E-02	
group_3359	1.89E-01	2.26E-02	9.89E-01	-4.47E-05	3.24E-03	5.85E-04	
group_3349	1.89E-01	1.81E-03	8.89E-01	-6.97E-03	4.99E-02	5.91E-03	
group_2938	1.89E-01	1.81E-03	7.38E-01	-1.80E-02	5.39E-02	1.41E-02	
xylB_6~~~xylB_2~~~xylB_5~~~xylB_4~~~xylB_1	1.89E-01	1.81E-03	9.50E-01	-3.37E-04	5.33E-03	2.68E-03	
blaR1~~~mecR1	1.89E-01	3.06E-01	2.81E-01	5.57E-02	5.16E-02	4.56E-02	
group_1777	1.89E-01	6.93E-03	9.79E-01	-1.05E-04	4.06E-03	1.10E-03	
bar~~~pat	1.89E-01	2.26E-02	9.15E-01	5.68E-04	5.34E-03	4.50E-03	
glcR	1.89E-01	1.49E-01	7.48E-01	-1.66E-02	5.15E-02	1.36E-02	
spoIIGA	1.89E-01	1.49E-01	7.59E-01	1.90E-03	6.17E-03	1.30E-02	
group_1269	1.89E-01	2.26E-02	1.05E-01	9.03E-02	5.57E-02	6.84E-02	
group_1236	1.89E-01	1.81E-03	8.82E-01	-8.13E-03	5.49E-02	6.27E-03	
dapF	1.89E-01	6.93E-03	9.97E-01	-1.46E-05	3.79E-03	1.63E-04	
group_1025	1.89E-01	1.81E-03	6.48E-01	-1.82E-02	3.98E-02	1.93E-02	
yjdF	1.89E-01	2.26E-02	9.35E-01	-3.32E-04	4.05E-03	3.46E-03	
argE_1~~~dapE_2	1.89E-01	3.06E-01	9.39E-01	-3.77E-03	4.94E-02	3.23E-03	
group_840	1.89E-01	1.81E-03	9.78E-01	-1.46E-04	5.35E-03	1.15E-03	
mdtL	1.89E-01	6.26E-02	6.45E-01	-2.42E-02	5.25E-02	1.95E-02	
group_822	1.89E-01	2.26E-02	9.99E-01	-7.25E-06	4.06E-03	7.56E-05	
pnp	1.89E-01	2.26E-02	9.88E-01	-9.40E-05	6.16E-03	6.45E-04	
yvgN	1.89E-01	1.81E-03	8.89E-01	-8.28E-03	5.95E-02	5.89E-03	
group_555	1.89E-01	6.93E-03	4.15E-01	3.72E-02	4.55E-02	3.45E-02	
cmpR	1.89E-01	1.81E-03	8.89E-01	-6.97E-03	4.99E-02	5.91E-03	
group_389	1.89E-01	1.81E-03	9.96E-01	-2.89E-05	6.16E-03	1.99E-04	
group_340	1.89E-01	1.49E-01	9.89E-01	8.17E-05	6.16E-03	5.61E-04	
arnE	1.89E-01	2.26E-02	1.05E-01	9.03E-02	5.57E-02	6.84E-02	
xerD_1~~~xerC~~~xerC_1	1.89E-01	3.06E-01	9.35E-01	-5.04E-04	6.15E-03	3.46E-03	
idnT	1.89E-01	2.26E-02	9.56E-01	2.91E-04	5.33E-03	2.31E-03	
serA	1.89E-01	3.06E-01	1.63E-02	1.19E-01	4.94E-02	1.01E-01	
aceF~~~pdhC	1.89E-01	2.26E-02	5.17E-01	3.09E-02	4.77E-02	2.74E-02	
group_3873	1.87E-01	1.39E-01	7.57E-01	1.91E-03	6.17E-03	1.31E-02	
group_3765	1.87E-01	6.15E-03	9.98E-01	-1.11E-05	5.35E-03	8.78E-05	
group_3743	1.87E-01	1.58E-03	9.48E-01	-3.51E-04	5.35E-03	2.77E-03	
rplU	1.87E-01	6.15E-03	5.64E-01	2.36E-02	4.09E-02	2.44E-02	
group_2411	1.87E-01	5.76E-02	3.31E-02	8.96E-02	4.19E-02	9.00E-02	
group_2234	1.87E-01	1.39E-01	8.76E-01	-8.49E-03	5.43E-02	6.61E-03	
murJ_1~~~mdtK_5~~~mdtK_4~~~mdtK_1~~~mepA_5~~~mdtK_6~~~mepA_2~~~murJ_2	1.87E-01	1.58E-03	7.36E-01	-1.74E-02	5.17E-02	1.43E-02	
group_1808	1.87E-01	1.58E-03	9.49E-01	-3.43E-04	5.34E-03	2.72E-03	
dctA_2~~~dctA	1.87E-01	2.04E-02	9.95E-01	-2.24E-05	3.79E-03	2.50E-04	
group_1741	1.87E-01	5.76E-02	9.35E-01	-2.65E-04	3.24E-03	3.46E-03	
group_1668	1.87E-01	2.04E-02	9.35E-01	4.36E-04	5.35E-03	3.44E-03	
group_1499	1.87E-01	1.58E-03	7.89E-01	-1.65E-02	6.18E-02	1.13E-02	
group_1488	1.87E-01	1.39E-01	7.57E-01	1.91E-03	6.17E-03	1.31E-02	
group_1357	1.87E-01	5.76E-02	8.97E-01	6.88E-04	5.32E-03	5.47E-03	
group_948	1.87E-01	6.15E-03	9.27E-01	4.92E-04	5.33E-03	3.90E-03	
group_650	1.87E-01	6.15E-03	7.92E-01	-1.24E-02	4.72E-02	1.12E-02	
group_588	1.87E-01	2.04E-02	3.85E-01	3.55E-02	4.09E-02	3.68E-02	
group_543	1.87E-01	1.58E-03	8.91E-01	-6.36E-03	4.64E-02	5.80E-03	
blaI_4~~~mecI	1.87E-01	2.04E-02	9.96E-01	-2.31E-04	4.91E-02	1.99E-04	
group_441	1.87E-01	2.04E-02	2.76E-01	-5.21E-02	4.78E-02	4.60E-02	
rplJ	1.87E-01	6.15E-03	9.66E-01	-2.25E-04	5.34E-03	1.78E-03	
hisJ	1.87E-01	6.15E-03	9.19E-01	-6.25E-04	6.16E-03	4.29E-03	
group_3949	1.85E-01	1.84E-02	9.43E-01	-2.89E-04	4.06E-03	3.01E-03	
group_3948	1.85E-01	1.84E-02	9.76E-01	-1.83E-04	6.15E-03	1.26E-03	
group_2108	1.85E-01	5.29E-02	9.70E-01	-1.99E-04	5.35E-03	1.57E-03	
group_1815	1.85E-01	5.43E-03	9.30E-01	-4.64E-04	5.32E-03	3.69E-03	
ancA~~~ancA_1	1.85E-01	5.29E-02	9.67E-01	-1.69E-04	4.06E-03	1.76E-03	
glpQ	1.85E-01	1.84E-02	5.51E-01	2.16E-02	3.61E-02	2.52E-02	
hcaB	1.85E-01	5.43E-03	9.58E-01	-2.82E-04	5.35E-03	2.23E-03	
group_1515	1.85E-01	5.29E-02	6.09E-01	-2.50E-02	4.88E-02	2.17E-02	
group_1473	1.85E-01	1.84E-02	9.76E-01	-1.83E-04	6.15E-03	1.26E-03	
group_1456	1.85E-01	5.43E-03	9.68E-01	-2.16E-04	5.34E-03	1.71E-03	
ade_1~~~adeC	1.85E-01	1.84E-02	5.51E-01	2.16E-02	3.61E-02	2.52E-02	
sdaA~~~sdaB	1.85E-01	1.84E-02	9.43E-01	-2.89E-04	4.06E-03	3.01E-03	
group_718	1.85E-01	1.84E-02	5.51E-01	2.16E-02	3.61E-02	2.52E-02	
add2~~~add	1.85E-01	5.43E-03	9.83E-01	-1.17E-04	5.36E-03	9.22E-04	
murC	1.85E-01	1.84E-02	9.76E-01	-1.83E-04	6.15E-03	1.26E-03	
group_254	1.85E-01	5.43E-03	7.45E-01	-1.25E-02	3.86E-02	1.37E-02	
group_134	1.85E-01	1.36E-03	9.73E-01	-1.83E-04	5.35E-03	1.45E-03	
group_3856	1.84E-01	1.18E-03	9.55E-01	-3.02E-04	5.34E-03	2.39E-03	
group_3734	1.84E-01	1.18E-03	9.55E-01	-3.02E-04	5.34E-03	2.39E-03	
group_3588	1.84E-01	1.18E-03	9.55E-01	-3.02E-04	5.34E-03	2.39E-03	
group_3368	1.84E-01	1.18E-03	9.55E-01	-3.02E-04	5.34E-03	2.39E-03	
group_2738	1.84E-01	4.85E-02	5.18E-02	8.08E-02	4.15E-02	8.22E-02	
rpsO	1.84E-01	1.65E-02	9.83E-01	-1.35E-04	6.15E-03	9.27E-04	
group_1714	1.84E-01	1.21E-01	9.37E-01	-4.84E-04	6.15E-03	3.33E-03	
group_1563	1.84E-01	1.65E-02	9.93E-01	-4.61E-05	5.33E-03	3.66E-04	
group_1514	1.84E-01	1.18E-03	9.34E-01	-5.11E-04	6.16E-03	3.51E-03	
group_1480	1.84E-01	4.85E-02	1.72E-01	-6.63E-02	4.85E-02	5.78E-02	
group_1466	1.84E-01	4.79E-03	9.83E-01	-1.17E-04	5.36E-03	9.23E-04	
group_1231	1.84E-01	4.85E-02	9.58E-01	2.81E-04	5.33E-03	2.23E-03	
dusB	1.84E-01	4.85E-02	8.37E-01	8.33E-04	4.05E-03	8.71E-03	
rep~~~topA	1.84E-01	1.65E-02	9.88E-01	-9.03E-05	6.14E-03	6.22E-04	
group_981	1.84E-01	4.79E-03	7.86E-01	-1.28E-02	4.69E-02	1.15E-02	
group_929	1.84E-01	1.21E-01	9.37E-01	-4.84E-04	6.15E-03	3.33E-03	
rpsJ	1.84E-01	1.65E-02	9.80E-01	1.55E-04	6.17E-03	1.06E-03	
dxs_2~~~dxs_1	1.84E-01	4.85E-02	9.07E-02	7.57E-02	4.47E-02	7.15E-02	
group_463	1.84E-01	4.85E-02	9.36E-01	-4.95E-04	6.15E-03	3.40E-03	
group_263	1.84E-01	4.79E-03	9.30E-01	-4.65E-04	5.32E-03	3.70E-03	
sigW_2	1.84E-01	4.85E-02	8.37E-01	8.33E-04	4.05E-03	8.71E-03	
malL	1.84E-01	1.65E-02	9.45E-01	3.68E-04	5.33E-03	2.92E-03	
group_191	1.84E-01	1.65E-02	9.98E-01	-1.01E-05	5.33E-03	8.02E-05	
rpsG	1.84E-01	1.65E-02	8.90E-01	-6.05E-04	4.37E-03	5.85E-03	
group_3058	1.82E-01	4.43E-02	8.37E-01	8.33E-04	4.05E-03	8.71E-03	
group_2259	1.82E-01	1.48E-02	6.46E-01	-1.79E-02	3.89E-02	1.94E-02	
group_1811	1.82E-01	2.46E-01	7.02E-01	-1.58E-02	4.14E-02	1.62E-02	
group_1718	1.82E-01	1.01E-03	5.71E-01	-2.52E-02	4.44E-02	2.40E-02	
pckA_1~~~pckA	1.82E-01	1.48E-02	9.80E-01	-9.37E-05	3.78E-03	1.05E-03	
group_1471	1.82E-01	1.48E-02	9.55E-01	-3.01E-04	5.32E-03	2.39E-03	
group_1339	1.82E-01	4.43E-02	8.37E-01	8.33E-04	4.05E-03	8.71E-03	
group_1048	1.82E-01	4.21E-03	9.71E-01	1.61E-04	4.37E-03	1.56E-03	
gcdB_1~~~gcdB_2	1.82E-01	1.48E-02	9.52E-01	-1.95E-04	3.23E-03	2.55E-03	
group_596	1.82E-01	1.48E-02	9.33E-01	-4.48E-04	5.32E-03	3.57E-03	
group_170	1.82E-01	1.48E-02	4.08E-01	3.29E-02	3.97E-02	3.50E-02	
gltP_1~~~gltP~~~gltT~~~gltP_2~~~dctA_2~~~gltP_3~~~dctA_1	1.80E-01	1.33E-02	9.73E-01	-1.78E-04	5.35E-03	1.41E-03	
rpoB~~~rpoB_1~~~rpoB_3	1.80E-01	4.05E-02	9.90E-01	-6.45E-05	5.33E-03	5.12E-04	
mepA_2~~~mepA_3	1.80E-01	1.33E-02	9.13E-01	5.81E-04	5.34E-03	4.60E-03	
gdh~~~gdh_2~~~gdh_1	1.80E-01	2.32E-01	5.89E-01	1.91E-02	3.54E-02	2.29E-02	
gcdC	1.80E-01	1.33E-02	8.65E-01	-9.04E-04	5.31E-03	7.21E-03	
cca	1.80E-01	4.05E-02	6.21E-01	-2.09E-02	4.22E-02	2.09E-02	
sasA_6	1.80E-01	3.69E-03	8.65E-01	-6.31E-03	3.70E-02	7.21E-03	
group_648	1.80E-01	1.33E-02	9.81E-01	-1.43E-04	6.15E-03	9.83E-04	
oadA~~~cfiA~~~oadA_2	1.80E-01	1.33E-02	9.33E-01	-3.41E-04	4.04E-03	3.57E-03	
group_605	1.80E-01	4.05E-02	8.38E-01	8.30E-04	4.05E-03	8.67E-03	
group_542	1.80E-01	2.32E-01	8.89E-01	-5.77E-03	4.13E-02	5.91E-03	
htpG~~~htpG_1~~~htpG_2	1.80E-01	8.68E-04	9.81E-01	-9.82E-05	4.05E-03	1.03E-03	
patA_1	1.80E-01	1.33E-02	4.11E-01	3.26E-02	3.96E-02	3.48E-02	
group_342	1.80E-01	8.68E-04	3.65E-01	-3.27E-02	3.61E-02	3.83E-02	
group_3967	1.78E-01	7.09E-01	9.26E-01	4.96E-04	5.33E-03	3.93E-03	
tpiA_1	1.78E-01	7.42E-04	8.47E-01	-1.18E-03	6.14E-03	8.15E-03	
group_1809	1.78E-01	7.42E-04	4.36E-01	-3.43E-02	4.40E-02	3.30E-02	
group_1726	1.78E-01	3.23E-03	9.42E-01	-3.84E-04	5.32E-03	3.06E-03	
group_1415	1.78E-01	7.42E-04	9.27E-01	-4.91E-04	5.34E-03	3.89E-03	
group_1118	1.78E-01	2.19E-01	1.42E-01	4.85E-02	3.30E-02	6.21E-02	
group_968	1.78E-01	3.68E-02	8.38E-01	8.28E-04	4.05E-03	8.66E-03	
group_906	1.78E-01	7.42E-04	5.27E-01	-2.42E-02	3.83E-02	2.68E-02	
group_798	1.78E-01	7.66E-02	1.66E-02	2.27E-01	9.43E-02	1.01E-01	
ileS	1.78E-01	3.23E-03	9.34E-01	4.41E-04	5.35E-03	3.48E-03	
group_190	1.78E-01	1.19E-02	9.25E-01	5.00E-04	5.33E-03	3.97E-03	
group_168	1.78E-01	7.42E-04	7.95E-01	-1.59E-03	6.12E-03	1.10E-02	
group_3650	1.76E-01	3.35E-02	4.48E-01	2.86E-02	3.76E-02	3.21E-02	
group_2382	1.76E-01	8.98E-02	9.74E-01	-1.74E-04	5.33E-03	1.38E-03	
group_2254	1.76E-01	6.31E-04	8.43E-01	-1.22E-03	6.13E-03	8.38E-03	
group_1695	1.76E-01	1.06E-02	9.98E-01	-8.75E-06	3.23E-03	1.14E-04	
group_1228	1.76E-01	2.81E-03	2.14E-01	-5.52E-02	4.43E-02	5.26E-02	
group_898	1.76E-01	9.80E-01	2.13E-01	6.32E-02	5.07E-02	5.27E-02	
group_828	1.76E-01	8.98E-02	9.46E-01	3.57E-04	5.32E-03	2.84E-03	
murJ_2	1.76E-01	2.81E-03	7.21E-01	-1.76E-02	4.93E-02	1.51E-02	
kdpE_2	1.76E-01	2.81E-03	9.71E-01	-2.25E-04	6.12E-03	1.56E-03	
rplC	1.75E-01	9.38E-03	9.70E-01	-2.30E-04	6.15E-03	1.58E-03	
group_991	1.75E-01	3.03E-02	9.95E-01	3.89E-05	6.14E-03	2.68E-04	
group_842	1.75E-01	2.44E-03	9.49E-01	2.57E-04	4.04E-03	2.69E-03	
group_710	1.75E-01	8.49E-02	8.61E-01	9.33E-04	5.33E-03	7.40E-03	
group_652	1.75E-01	9.38E-03	9.58E-01	-2.81E-04	5.34E-03	2.23E-03	
ychF	1.75E-01	3.03E-02	8.81E-01	-5.66E-04	3.79E-03	6.31E-03	
group_228	1.75E-01	2.44E-03	9.49E-01	2.57E-04	4.04E-03	2.69E-03	
yclM	1.75E-01	5.36E-04	9.75E-01	-1.26E-04	4.05E-03	1.31E-03	
group_1243	1.73E-01	8.30E-03	9.61E-01	2.59E-04	5.34E-03	2.05E-03	
group_976	1.73E-01	8.30E-03	8.27E-01	-1.16E-03	5.30E-03	9.22E-03	
rplM	1.73E-01	2.12E-03	9.94E-01	-3.12E-05	4.04E-03	3.26E-04	
group_3854	1.71E-01	9.39E-02	9.35E-01	4.40E-04	5.36E-03	3.47E-03	
purR_2~~~purR_3	1.71E-01	7.33E-03	6.94E-01	1.61E-02	4.08E-02	1.67E-02	
apaH	1.71E-01	1.69E-01	2.14E-01	3.69E-02	2.97E-02	5.26E-02	
fruK_1~~~rbsA_1~~~rbsA_3	1.71E-01	4.22E-01	2.34E-01	5.18E-02	4.35E-02	5.03E-02	
cinA~~~mog	1.71E-01	2.47E-02	6.94E-01	1.51E-02	3.84E-02	1.66E-02	
sgcG	1.71E-01	7.33E-03	9.72E-01	-1.41E-04	4.04E-03	1.47E-03	
group_1041	1.71E-01	2.15E-01	2.68E-01	4.36E-02	3.93E-02	4.68E-02	
group_967	1.71E-01	3.81E-04	9.69E-01	-1.49E-04	3.79E-03	1.66E-03	
mshA_1~~~mshA_2~~~mgs	1.71E-01	1.83E-03	9.95E-01	3.35E-05	5.34E-03	2.65E-04	
rplB	1.71E-01	2.47E-02	9.52E-01	-3.72E-04	6.15E-03	2.56E-03	
rpmF	1.69E-01	2.22E-02	8.72E-01	-9.77E-04	6.07E-03	6.81E-03	
group_2525	1.69E-01	1.57E-03	9.35E-01	-4.36E-04	5.32E-03	3.47E-03	
group_2263	1.69E-01	6.45E-03	9.76E-01	1.13E-04	3.80E-03	1.26E-03	
ilvK	1.69E-01	3.20E-04	9.40E-01	-4.02E-04	5.34E-03	3.18E-03	
group_1523	1.69E-01	3.20E-04	9.67E-01	-1.65E-04	4.04E-03	1.72E-03	
ldh_2~~~ldh~~~ldh_1	1.69E-01	3.20E-04	9.40E-01	-4.02E-04	5.34E-03	3.18E-03	
uvrA_2~~~uvrA_1~~~uvrA~~~uvrA_3	1.69E-01	2.22E-02	9.84E-01	1.21E-04	6.08E-03	8.40E-04	
ytcD~~~yybR	1.69E-01	2.22E-02	9.84E-01	1.21E-04	6.08E-03	8.40E-04	
rpsI	1.69E-01	1.57E-03	9.87E-01	-6.60E-05	4.04E-03	6.91E-04	
ttcA	1.69E-01	1.57E-03	9.91E-01	-4.52E-05	4.04E-03	4.73E-04	
group_248	1.69E-01	7.35E-01	3.07E-01	3.99E-02	3.91E-02	4.32E-02	
rpsU	1.68E-01	2.67E-04	8.86E-01	-7.66E-04	5.33E-03	6.08E-03	
group_2221	1.68E-01	1.99E-02	9.89E-01	8.14E-05	6.08E-03	5.67E-04	
yjbR	1.68E-01	1.99E-02	9.81E-01	-1.44E-04	6.06E-03	1.00E-03	
metY	1.68E-01	1.35E-03	9.53E-01	-3.14E-04	5.35E-03	2.48E-03	
rplD	1.68E-01	1.99E-02	9.47E-01	-4.12E-04	6.15E-03	2.84E-03	
rplW	1.68E-01	1.99E-02	9.47E-01	-4.12E-04	6.15E-03	2.84E-03	
rpsS	1.66E-01	1.78E-02	9.43E-01	-4.38E-04	6.12E-03	3.03E-03	
rplV	1.66E-01	1.78E-02	9.43E-01	-4.38E-04	6.12E-03	3.03E-03	
group_1611	1.66E-01	2.22E-04	3.31E-01	-4.10E-02	4.21E-02	4.11E-02	
group_1552	1.66E-01	4.95E-03	9.13E-01	6.68E-04	6.11E-03	4.63E-03	
glnP	1.66E-01	1.78E-02	8.33E-01	-1.12E-03	5.31E-03	8.93E-03	
tig_2	1.66E-01	1.15E-03	9.19E-01	-4.11E-04	4.05E-03	4.30E-03	
glnQ_1	1.64E-01	1.59E-02	8.33E-01	-1.12E-03	5.31E-03	8.93E-03	
gph	1.64E-01	2.80E-01	9.55E-01	2.29E-04	4.03E-03	2.41E-03	
group_388	1.64E-01	1.15E-01	2.86E-01	4.37E-02	4.09E-02	4.51E-02	
group_3733	1.62E-01	5.01E-01	9.40E-01	3.02E-04	4.03E-03	3.17E-03	
group_2385	1.62E-01	4.46E-02	9.39E-01	-4.11E-04	5.33E-03	3.26E-03	
group_1830	1.62E-01	1.52E-04	4.37E-01	-2.64E-02	3.40E-02	3.28E-02	
group_1530	1.62E-01	3.75E-03	6.13E-01	-2.14E-02	4.23E-02	2.14E-02	
group_1246	1.62E-01	4.46E-02	9.23E-01	-5.95E-04	6.15E-03	4.10E-03	
spoVT	1.62E-01	1.52E-04	9.64E-01	-2.41E-04	5.30E-03	1.92E-03	
group_498	1.62E-01	8.20E-01	6.47E-01	1.87E-02	4.08E-02	1.94E-02	
rpsC	1.62E-01	1.42E-02	9.84E-01	-7.34E-04	3.60E-02	8.63E-04	
group_296	1.62E-01	3.75E-03	9.72E-01	1.87E-04	5.34E-03	1.48E-03	
COQ5_3	1.60E-01	4.05E-02	8.36E-01	-1.09E-03	5.29E-03	8.74E-03	
rplQ	1.60E-01	4.79E-01	9.52E-01	2.44E-04	4.04E-03	2.56E-03	
sasA_5~~~sasA_6~~~sphR~~~sasA_11	1.60E-01	6.99E-04	8.54E-01	-9.82E-04	5.32E-03	7.81E-03	
COQ5_3~~~COQ5_2~~~COQ5_4~~~COQ5_1	1.60E-01	6.99E-04	4.90E-01	-2.50E-02	3.62E-02	2.92E-02	
group_1489	1.60E-01	6.99E-04	9.09E-01	-6.11E-04	5.32E-03	4.85E-03	
rplP	1.60E-01	1.26E-02	9.55E-01	-2.01E-03	3.56E-02	2.39E-03	
group_214	1.60E-01	4.83E-02	3.40E-01	3.49E-02	3.66E-02	4.04E-02	
rplN	1.59E-01	1.11E-02	9.11E-01	3.63E-03	3.24E-02	4.73E-03	
rbsC_1~~~rbsC_4	1.59E-01	2.92E-01	3.77E-01	3.32E-02	3.75E-02	3.74E-02	
group_2300	1.57E-01	2.41E-03	9.62E-01	-1.93E-04	4.04E-03	2.02E-03	
rpsQ	1.57E-01	9.79E-03	9.96E-01	-1.52E-04	3.25E-02	1.99E-04	
group_608	1.57E-01	9.79E-03	9.94E-01	4.21E-05	6.04E-03	2.95E-04	
rpmC	1.57E-01	9.79E-03	9.96E-01	-1.52E-04	3.25E-02	1.99E-04	
group_2297	1.55E-01	2.97E-02	8.34E-01	-1.11E-03	5.29E-03	8.84E-03	
brnQ	1.55E-01	2.05E-01	9.83E-01	1.14E-04	5.32E-03	9.05E-04	
rplX	1.53E-01	7.53E-03	9.87E-01	1.02E-04	6.09E-03	7.08E-04	
group_2107	1.53E-01	5.99E-02	2.93E-01	3.51E-02	3.34E-02	4.45E-02	
group_1697	1.53E-01	7.53E-03	9.70E-01	1.54E-04	4.03E-03	1.61E-03	
yeeO_3	1.53E-01	9.52E-01	9.75E-01	-1.69E-04	5.35E-03	1.34E-03	
group_661	1.53E-01	1.94E-02	8.37E-01	7.82E-04	3.79E-03	8.72E-03	bad-chisq
group_615	1.53E-01	1.94E-02	8.37E-01	7.82E-04	3.79E-03	8.72E-03	bad-chisq
rplE~~~rplE_1	1.53E-01	7.53E-03	9.87E-01	1.02E-04	6.09E-03	7.08E-04	
afr~~~afr_2	1.52E-01	4.30E-05	8.81E-01	-6.04E-04	4.03E-03	6.33E-03	
rpoA	1.52E-01	3.75E-01	9.96E-01	-1.60E-05	3.38E-03	2.00E-04	
pknD_2	1.52E-01	2.80E-04	8.16E-01	-1.24E-03	5.34E-03	9.86E-03	
group_1612	1.52E-01	1.61E-01	5.63E-01	2.23E-02	3.85E-02	2.45E-02	
group_994	1.52E-01	1.79E-01	6.98E-01	-1.40E-02	3.61E-02	1.64E-02	
metR	1.52E-01	3.75E-01	9.82E-01	1.18E-04	5.32E-03	9.37E-04	
group_3855	1.50E-01	6.49E-01	9.35E-01	4.33E-04	5.31E-03	3.45E-03	
group_3525	1.50E-01	1.66E-01	9.20E-01	-3.41E-04	3.38E-03	4.26E-03	
group_2342	1.50E-01	6.42E-01	9.15E-01	-4.29E-04	4.04E-03	4.49E-03	
rpsD	1.50E-01	3.55E-01	9.94E-01	-2.54E-05	3.38E-03	3.18E-04	
rpsK~~~rpsK_1	1.50E-01	3.55E-01	9.94E-01	-2.54E-05	3.38E-03	3.18E-04	
map	1.50E-01	1.66E-01	9.20E-01	-3.41E-04	3.38E-03	4.26E-03	
group_3998	1.48E-01	1.88E-04	4.05E-01	-3.03E-02	3.64E-02	3.52E-02	
infA	1.48E-01	1.54E-01	9.17E-01	-3.53E-04	3.38E-03	4.41E-03	
group_3344	1.48E-01	2.71E-05	1.30E-01	-6.48E-02	4.27E-02	6.40E-02	
larA_2~~~larA	1.48E-01	3.36E-01	8.92E-01	5.49E-04	4.04E-03	5.75E-03	
adk	1.48E-01	1.54E-01	9.20E-01	-3.41E-04	3.38E-03	4.26E-03	
rpmJ	1.48E-01	1.54E-01	9.17E-01	-3.53E-04	3.38E-03	4.41E-03	
group_2247	1.46E-01	8.93E-04	6.81E-02	-6.25E-02	3.42E-02	7.71E-02	
rbsC_4	1.46E-01	1.53E-04	3.09E-01	-3.45E-02	3.39E-02	4.30E-02	
group_1803	1.46E-01	1.86E-01	9.75E-01	1.69E-04	5.32E-03	1.35E-03	
thpA_1	1.46E-01	1.53E-04	3.09E-01	-3.45E-02	3.39E-02	4.30E-02	
rbsC_1~~~rbsC_5	1.46E-01	1.53E-04	3.09E-01	-3.45E-02	3.39E-02	4.30E-02	
mca~~~bshB1	1.46E-01	1.53E-04	3.09E-01	-3.45E-02	3.39E-02	4.30E-02	
rpsM	1.46E-01	1.43E-01	9.16E-01	-3.58E-04	3.38E-03	4.47E-03	
group_951	1.46E-01	8.93E-04	9.83E-01	1.13E-04	5.30E-03	8.99E-04	
rpsZ	1.44E-01	3.66E-03	9.71E-01	-1.48E-04	4.03E-03	1.55E-03	
group_3812	1.44E-01	1.66E-05	4.34E-02	-9.00E-02	4.45E-02	8.53E-02	
korB	1.44E-01	1.66E-05	4.34E-02	-9.00E-02	4.45E-02	8.53E-02	
group_1335	1.44E-01	1.23E-04	7.90E-01	-1.63E-03	6.12E-03	1.12E-02	
group_996	1.44E-01	1.23E-04	2.08E-01	-4.51E-02	3.58E-02	5.32E-02	
korA	1.44E-01	1.66E-05	4.34E-02	-9.00E-02	4.45E-02	8.53E-02	
rbsA_2~~~rbsA_3	1.44E-01	1.23E-04	3.11E-01	-3.42E-02	3.37E-02	4.29E-02	
rpmD	1.43E-01	1.22E-01	9.00E-01	-4.24E-04	3.38E-03	5.30E-03	
rplO	1.43E-01	1.22E-01	9.00E-01	-4.24E-04	3.38E-03	5.30E-03	
group_2732	1.43E-01	2.81E-01	9.78E-01	9.09E-05	3.23E-03	1.19E-03	
group_1767	1.43E-01	2.05E-01	4.56E-01	2.99E-02	4.01E-02	3.15E-02	
group_1332	1.43E-01	6.18E-04	3.00E-01	-3.05E-02	2.94E-02	4.38E-02	
secY_2~~~secY	1.43E-01	1.22E-01	9.05E-01	-4.04E-04	3.38E-03	5.05E-03	
group_2959	1.41E-01	7.92E-05	6.06E-02	-7.80E-02	4.15E-02	7.93E-02	
otnI	1.41E-01	5.11E-04	2.17E-01	-4.41E-02	3.56E-02	5.22E-02	
group_1643	1.41E-01	5.11E-04	2.17E-01	-4.41E-02	3.56E-02	5.22E-02	
cytR_1	1.41E-01	5.11E-04	2.17E-01	-4.41E-02	3.56E-02	5.22E-02	
sbpA_1~~~sbpA~~~sbpA_2	1.41E-01	5.11E-04	2.17E-01	-4.41E-02	3.56E-02	5.22E-02	
rpsE	1.41E-01	1.12E-01	9.00E-01	-4.24E-04	3.38E-03	5.30E-03	
xylG	1.41E-01	5.11E-04	2.17E-01	-4.41E-02	3.56E-02	5.22E-02	
arnB~~~kdnA	1.41E-01	5.11E-04	2.17E-01	-4.41E-02	3.56E-02	5.22E-02	
rpsH	1.39E-01	1.03E-01	9.53E-01	-2.01E-04	3.38E-03	2.51E-03	
hdfR_2~~~gltC_2~~~hcaR_1~~~gltC_1~~~yofA~~~hcaR	1.39E-01	2.26E-03	9.01E-01	-3.65E-03	2.95E-02	5.24E-03	
group_645	1.39E-01	9.12E-02	9.22E-01	5.19E-04	5.30E-03	4.14E-03	
rplF	1.37E-01	9.42E-02	9.53E-01	-2.01E-04	3.38E-03	2.51E-03	
group_823	1.37E-01	8.61E-03	1.50E-01	-6.31E-02	4.37E-02	6.09E-02	
group_411	1.37E-01	8.61E-03	9.25E-01	5.01E-04	5.29E-03	4.00E-03	
rplR	1.37E-01	9.42E-02	8.70E-01	-5.52E-04	3.38E-03	6.90E-03	
group_1683	1.35E-01	7.46E-03	1.51E-01	-6.25E-02	4.35E-02	6.06E-02	
group_1518	1.35E-01	4.96E-01	6.25E-01	1.63E-02	3.35E-02	2.07E-02	
group_1486	1.35E-01	2.46E-01	5.80E-01	1.46E-02	2.64E-02	2.34E-02	
group_895	1.35E-01	2.81E-02	9.22E-01	5.17E-04	5.29E-03	4.13E-03	
araB	1.35E-01	1.01E-01	6.45E-01	-1.65E-02	3.57E-02	1.95E-02	
ecfT_3~~~ecfT_2~~~ecfT_1	1.34E-01	2.49E-02	9.46E-01	-2.73E-04	4.04E-03	2.86E-03	
group_1800	1.34E-01	2.58E-01	9.76E-01	9.60E-05	3.23E-03	1.26E-03	
group_1682	1.34E-01	2.49E-02	2.40E-01	-4.23E-02	3.59E-02	4.97E-02	
group_3939	1.32E-01	2.42E-06	7.22E-01	-1.89E-03	5.32E-03	1.50E-02	
group_2114	1.32E-01	2.34E-05	1.18E-01	-6.18E-02	3.94E-02	6.61E-02	
aptA_2~~~aptA_1	1.32E-01	1.12E-01	6.53E-01	-1.54E-02	3.42E-02	1.90E-02	
phnC~~~glnQ_2	1.30E-01	1.79E-05	1.12E-01	-6.33E-02	3.97E-02	6.73E-02	
phnE	1.30E-01	1.79E-05	1.12E-01	-6.33E-02	3.97E-02	6.73E-02	
phnE_1	1.30E-01	1.79E-05	1.12E-01	-6.33E-02	3.97E-02	6.73E-02	
group_2130	1.30E-01	1.18E-01	9.43E-01	-3.79E-04	5.31E-03	3.02E-03	
murR_1	1.28E-01	1.37E-05	1.12E-01	-6.31E-02	3.96E-02	6.72E-02	
galE	1.27E-01	6.18E-04	9.39E-01	-2.56E-04	3.37E-03	3.21E-03	
group_581	1.27E-01	1.03E-05	1.42E-01	-5.39E-02	3.66E-02	6.21E-02	
group_1630	1.25E-01	7.72E-06	8.36E-01	-1.10E-03	5.33E-03	8.76E-03	
group_108	1.25E-01	7.00E-05	5.69E-01	-1.80E-02	3.17E-02	2.41E-02	
btuD_4~~~btuD_3~~~btuD_2~~~btuD_1~~~btuD_6~~~ykoD~~~ecfA1_1	1.23E-01	1.12E-02	9.15E-01	-5.62E-04	5.27E-03	4.52E-03	
group_2388	1.23E-01	1.24E-01	9.98E-01	-9.78E-06	4.03E-03	1.03E-04	
iolG_1~~~iolG~~~iolG_2	1.23E-01	4.05E-04	8.08E-01	1.46E-03	6.01E-03	1.03E-02	
group_2265	1.23E-01	1.12E-02	8.88E-01	-3.43E-03	2.43E-02	5.97E-03	
group_1780	1.23E-01	4.15E-02	8.70E-01	-8.71E-04	5.30E-03	6.95E-03	
group_1609	1.23E-01	5.73E-06	8.32E-01	-1.13E-03	5.33E-03	8.96E-03	
blaI_3	1.23E-01	5.73E-06	6.00E-01	-1.72E-02	3.27E-02	2.22E-02	
pepA	1.23E-01	5.42E-05	7.45E-01	1.09E-02	3.35E-02	1.38E-02	
group_103	1.23E-01	9.68E-01	5.95E-01	-1.87E-02	3.53E-02	2.25E-02	
group_2593	1.21E-01	4.17E-05	7.49E-01	1.05E-02	3.29E-02	1.35E-02	
rutD~~~catD	1.21E-01	4.17E-05	2.63E-01	-4.21E-02	3.76E-02	4.73E-02	
group_1420	1.21E-01	4.21E-06	8.34E-01	-1.12E-03	5.33E-03	8.85E-03	
group_1382	1.21E-01	9.39E-01	9.75E-01	1.66E-04	5.32E-03	1.32E-03	
group_1215	1.21E-01	9.61E-03	5.16E-01	-2.27E-02	3.49E-02	2.75E-02	
group_713	1.21E-01	4.17E-05	7.36E-01	1.18E-02	3.49E-02	1.43E-02	
group_467	1.21E-01	4.21E-06	8.23E-01	-1.19E-03	5.33E-03	9.45E-03	
group_1779	1.19E-01	3.69E-01	9.77E-01	-1.18E-04	4.04E-03	1.24E-03	
group_1729	1.19E-01	2.61E-01	9.59E-01	-1.93E-04	3.76E-03	2.17E-03	
group_792	1.19E-01	3.18E-05	2.26E-01	-3.21E-02	2.65E-02	5.12E-02	
group_2392	1.18E-01	9.34E-02	8.68E-01	-6.70E-04	4.02E-03	7.04E-03	
pucR	1.18E-01	2.04E-04	4.44E-01	2.39E-02	3.12E-02	3.24E-02	
group_776	1.18E-01	2.40E-05	9.21E-01	3.22E-03	3.26E-02	4.17E-03	
group_1540	1.16E-01	8.51E-01	7.19E-02	6.09E-02	3.38E-02	7.60E-02	
group_1956	1.14E-01	1.24E-04	8.80E-01	8.06E-04	5.32E-03	6.41E-03	
group_2094	1.12E-01	9.56E-05	6.46E-01	1.37E-02	2.98E-02	1.94E-02	
group_1804	1.12E-01	4.21E-03	8.28E-01	8.09E-03	3.71E-02	9.22E-03	
group_1265	1.12E-01	9.82E-06	5.69E-01	-1.97E-02	3.46E-02	2.41E-02	
nylB~~~nylB	1.12E-01	9.82E-06	9.49E-01	2.61E-03	4.08E-02	2.71E-03	
exuR_1~~~purR_3~~~exuR_2~~~exuR_3	1.12E-01	7.98E-01	9.48E-01	-2.61E-04	4.03E-03	2.74E-03	
group_1644	1.11E-01	5.36E-07	9.02E-02	-6.09E-02	3.59E-02	7.16E-02	
group_260	1.11E-01	8.26E-01	9.45E-01	-2.77E-04	4.03E-03	2.90E-03	
gcvT	1.09E-01	5.53E-05	6.77E-01	1.13E-02	2.70E-02	1.76E-02	
sigE_2	1.09E-01	2.16E-01	9.07E-01	7.16E-04	6.10E-03	4.96E-03	
group_364	1.09E-01	4.56E-04	6.31E-01	-1.68E-02	3.50E-02	2.03E-02	
xerC_5~~~xerC_2~~~intQ_3~~~intQ	1.07E-01	7.02E-01	9.48E-01	2.44E-04	3.77E-03	2.74E-03	
group_1728	1.07E-01	1.48E-01	9.15E-01	-5.57E-04	5.25E-03	4.49E-03	
group_1677	1.07E-01	4.97E-01	1.78E-02	1.02E-01	4.29E-02	1.00E-01	
cbpA	1.07E-01	8.83E-01	9.23E-01	-3.27E-04	3.38E-03	4.09E-03	
group_2100	1.05E-01	3.07E-05	9.83E-01	-1.14E-04	5.29E-03	9.14E-04	
group_2857	1.03E-01	2.16E-04	6.15E-01	-1.79E-02	3.57E-02	2.13E-02	
group_2377	1.03E-01	3.15E-01	8.70E-01	-8.66E-04	5.31E-03	6.90E-03	
nagA	1.03E-01	3.15E-01	8.70E-01	-8.66E-04	5.31E-03	6.90E-03	
group_2267	1.03E-01	2.16E-04	7.12E-01	9.70E-03	2.62E-02	1.56E-02	
group_1749	1.03E-01	2.50E-01	9.64E-01	1.48E-04	3.22E-03	1.94E-03	
bglA_2~~~bglA_3~~~bglA_1	1.03E-01	9.42E-01	9.02E-01	-4.17E-04	3.38E-03	5.22E-03	
gltD_2~~~sfrB	1.02E-01	9.61E-02	8.72E-01	5.19E-04	3.22E-03	6.82E-03	bad-chisq
group_1430	1.02E-01	9.61E-02	3.34E-02	7.08E-02	3.32E-02	8.98E-02	bad-chisq
group_1362	1.02E-01	1.64E-05	9.86E-01	6.70E-05	3.79E-03	7.48E-04	
baiA2~~~baiA	1.02E-01	1.22E-06	8.18E-02	-6.00E-02	3.44E-02	7.35E-02	
group_2395	9.98E-02	1.70E-09	8.54E-01	-6.22E-04	3.38E-03	7.77E-03	
group_1882	9.98E-02	2.83E-02	6.88E-01	-1.24E-02	3.07E-02	1.70E-02	
group_1676	9.98E-02	4.32E-08	8.27E-02	-5.87E-02	3.38E-02	7.33E-02	
tal_1	9.98E-02	1.01E-01	3.08E-01	3.96E-02	3.89E-02	4.31E-02	bad-chisq
tal_2	9.98E-02	1.01E-01	3.08E-01	3.96E-02	3.89E-02	4.31E-02	bad-chisq
xerC_5~~~xerC_4~~~xerC_2~~~xerC~~~xerC_1~~~IntTn	9.80E-02	5.52E-01	8.97E-01	-7.82E-04	6.04E-03	5.48E-03	
group_1101	9.80E-02	2.89E-01	9.85E-01	5.93E-05	3.23E-03	7.77E-04	
group_910	9.80E-02	2.44E-02	7.79E-01	-1.49E-03	5.32E-03	1.19E-02	
group_777	9.80E-02	6.11E-01	9.30E-01	-3.52E-04	4.02E-03	3.70E-03	
ngcG	9.63E-02	1.13E-01	3.52E-01	3.31E-02	3.56E-02	3.93E-02	bad-chisq
melD_3	9.63E-02	1.13E-01	3.52E-01	3.31E-02	3.56E-02	3.93E-02	bad-chisq
kdnA~~~arnB~~~kdnA_1~~~kdnA_2	9.63E-02	5.22E-01	9.90E-01	-2.91E-04	2.41E-02	5.11E-04	
group_1510	9.63E-02	3.22E-02	2.57E-02	8.70E-02	3.89E-02	9.42E-02	bad-chisq
purR_2~~~exuR_2	9.63E-02	3.22E-02	2.57E-02	8.70E-02	3.89E-02	9.42E-02	bad-chisq
group_589	9.63E-02	1.13E-01	3.52E-01	3.31E-02	3.56E-02	3.93E-02	bad-chisq
group_282	9.63E-02	1.13E-01	3.52E-01	3.31E-02	3.56E-02	3.93E-02	bad-chisq
gloB_2	9.63E-02	1.13E-01	3.52E-01	3.31E-02	3.56E-02	3.93E-02	bad-chisq
group_1776	9.45E-02	3.40E-02	8.67E-01	6.73E-04	4.03E-03	7.06E-03	bad-chisq
group_907	9.45E-02	3.18E-01	9.98E-01	-9.37E-06	4.03E-03	9.83E-05	
pflD_1~~~cutC_1~~~pflD_2~~~cutC_2~~~dctM	9.45E-02	3.40E-02	2.38E-02	8.99E-02	3.97E-02	9.54E-02	bad-chisq
panE	9.45E-02	3.40E-02	2.38E-02	8.99E-02	3.97E-02	9.54E-02	bad-chisq
group_2373	9.27E-02	8.69E-01	9.95E-01	3.66E-05	6.11E-03	2.53E-04	
group_2312	9.27E-02	8.69E-01	9.95E-01	3.66E-05	6.11E-03	2.53E-04	
group_2310	9.27E-02	1.46E-07	8.76E-01	-4.47E-04	2.86E-03	6.61E-03	
sspC2	9.27E-02	3.70E-05	1.80E-01	-4.47E-02	3.33E-02	5.66E-02	
group_1102	9.27E-02	3.34E-01	9.68E-01	1.31E-04	3.22E-03	1.72E-03	
group_937	9.27E-02	8.69E-01	8.79E-01	-8.10E-04	5.31E-03	6.46E-03	
group_891	9.27E-02	6.89E-01	7.97E-01	8.96E-03	3.47E-02	1.09E-02	
garR~~~garR_2	9.09E-02	1.32E-01	3.44E-01	3.57E-02	3.77E-02	4.00E-02	bad-chisq
group_1618	9.09E-02	1.32E-01	8.70E-01	-4.63E-03	2.82E-02	6.94E-03	bad-chisq
alsT_2	9.09E-02	2.81E-04	9.77E-01	1.18E-04	4.04E-03	1.24E-03	
ald	9.09E-02	1.32E-01	9.28E-01	2.90E-04	3.22E-03	3.81E-03	bad-chisq
group_1573	8.91E-02	3.67E-01	9.38E-01	-4.10E-04	5.31E-03	3.27E-03	
group_1505	8.91E-02	5.54E-08	1.86E-02	-9.66E-02	4.10E-02	9.93E-02	
mtgA_2~~~rhmA	8.91E-02	1.40E-01	9.04E-01	7.35E-04	6.12E-03	5.08E-03	bad-chisq
group_700	8.91E-02	1.40E-01	8.85E-01	7.73E-04	5.32E-03	6.14E-03	bad-chisq
xerC_4~~~xerC_2~~~xerC_5~~~xerC_3~~~xerC_6	8.73E-02	3.85E-01	9.71E-01	1.05E-04	2.86E-03	1.56E-03	
xerC_2~~~xerC_7~~~xerC_5~~~xerC_1~~~xerC_4	8.73E-02	7.69E-01	8.84E-01	5.86E-04	4.02E-03	6.16E-03	
hpr_1~~~hpr_2	8.73E-02	1.47E-01	9.66E-01	2.60E-04	6.11E-03	1.80E-03	bad-chisq
group_1603	8.73E-02	1.56E-04	1.66E-01	-4.93E-02	3.56E-02	5.85E-02	
group_1562	8.73E-02	1.56E-04	8.74E-01	-4.80E-03	3.04E-02	6.69E-03	
hndD	8.73E-02	1.47E-01	9.00E-01	4.03E-04	3.22E-03	5.29E-03	bad-chisq
group_1194	8.73E-02	1.56E-04	1.66E-01	-4.93E-02	3.56E-02	5.85E-02	
group_2403	8.56E-02	7.35E-01	8.55E-01	7.93E-04	4.33E-03	7.74E-03	
group_2255	8.56E-02	3.59E-02	8.05E-01	1.30E-03	5.28E-03	1.04E-02	
lacF	8.56E-02	7.35E-01	9.24E-01	-3.82E-04	4.02E-03	4.01E-03	
group_1951	8.56E-02	3.55E-01	8.99E-01	-3.79E-03	2.99E-02	5.37E-03	
group_1604	8.56E-02	1.14E-04	1.60E-01	-5.10E-02	3.62E-02	5.95E-02	
group_1498	8.56E-02	4.04E-01	9.77E-01	9.21E-05	3.23E-03	1.21E-03	
pqqE	8.56E-02	1.93E-08	8.27E-01	-1.34E-03	6.12E-03	9.23E-03	
group_2400	8.38E-02	3.03E-07	8.82E-01	-9.01E-04	6.09E-03	6.26E-03	
group_1848	8.38E-02	1.17E-01	9.01E-01	6.58E-04	5.31E-03	5.24E-03	
group_1670	8.38E-02	3.07E-02	7.46E-01	-9.83E-03	3.04E-02	1.37E-02	
group_2302	8.20E-02	6.25E-04	7.93E-01	-1.06E-03	4.03E-03	1.11E-02	
group_1813	8.20E-02	1.73E-01	9.42E-01	3.87E-04	5.30E-03	3.09E-03	bad-chisq
group_1546	8.20E-02	3.90E-06	3.07E-01	-3.97E-02	3.88E-02	4.32E-02	
group_1284	8.20E-02	8.67E-01	7.43E-01	-1.75E-03	5.32E-03	1.39E-02	
group_1547	8.02E-02	1.82E-01	2.49E-01	4.40E-02	3.81E-02	4.87E-02	bad-chisq
egtB	8.02E-02	2.79E-01	6.31E-01	1.94E-02	4.03E-02	2.03E-02	
odh	8.02E-02	7.10E-11	9.07E-01	-4.71E-04	4.04E-03	4.93E-03	
xerC_3~~~xerC_1~~~xerC_5~~~xerC_2~~~xerC_6~~~xerC_4	7.84E-02	3.00E-03	9.57E-01	-2.35E-04	4.34E-03	2.29E-03	
group_1091	7.84E-02	4.88E-01	8.56E-01	7.29E-04	4.03E-03	7.65E-03	
group_920	7.84E-02	3.37E-11	2.28E-01	-4.66E-02	3.86E-02	5.10E-02	
walR_3~~~walR_2	7.84E-02	2.56E-01	9.31E-01	-3.00E-03	3.44E-02	3.69E-03	
group_333	7.84E-02	1.92E-01	1.88E-01	4.99E-02	3.79E-02	5.56E-02	bad-chisq
group_2981	7.66E-02	2.52E-04	4.54E-02	-6.75E-02	3.37E-02	8.45E-02	
group_1746	7.66E-02	5.11E-01	8.61E-01	7.09E-04	4.03E-03	7.43E-03	
group_143	7.66E-02	2.03E-01	9.39E-01	2.48E-04	3.22E-03	3.26E-03	bad-chisq
perR_2	7.49E-02	6.19E-02	8.62E-01	5.62E-04	3.22E-03	7.38E-03	bad-chisq
araQ_3	7.49E-02	5.31E-01	8.05E-01	-9.95E-04	4.02E-03	1.05E-02	
group_2391	7.49E-02	6.10E-02	9.23E-01	-3.67E-04	3.77E-03	4.11E-03	
group_2196	7.49E-02	6.84E-12	6.99E-03	-1.06E-01	3.92E-02	1.14E-01	
leuC_1~~~dmdA~~~leuC_2~~~leuC_3	7.49E-02	2.14E-01	3.00E-01	3.87E-02	3.73E-02	4.38E-02	bad-chisq
group_1142	7.49E-02	5.35E-01	4.27E-01	-2.71E-02	3.42E-02	3.36E-02	
group_1031	7.49E-02	5.35E-01	5.02E-01	-2.26E-02	3.36E-02	2.84E-02	
group_3022	7.31E-02	2.25E-01	2.98E-01	3.91E-02	3.75E-02	4.40E-02	bad-chisq
group_1802	7.31E-02	2.12E-10	1.55E-02	-1.06E-01	4.35E-02	1.02E-01	
group_1262	7.31E-02	2.25E-01	2.98E-01	3.91E-02	3.75E-02	4.40E-02	bad-chisq
xre	7.31E-02	2.25E-01	9.19E-01	5.38E-04	5.30E-03	4.30E-03	bad-chisq
group_2184	7.13E-02	2.38E-01	6.45E-01	1.55E-02	3.36E-02	1.95E-02	bad-chisq
group_2180	7.13E-02	5.87E-01	9.50E-01	-2.38E-04	3.79E-03	2.66E-03	
group_1344	7.13E-02	9.25E-01	9.49E-01	-3.42E-04	5.32E-03	2.72E-03	
mii	7.13E-02	2.38E-01	4.34E-01	2.98E-02	3.81E-02	3.31E-02	bad-chisq
group_844	7.13E-02	5.87E-01	9.70E-01	-1.21E-04	3.23E-03	1.58E-03	
group_2332	6.95E-02	4.32E-01	8.60E-01	-1.07E-03	6.06E-03	7.46E-03	
livK	6.95E-02	2.51E-01	3.14E-01	3.67E-02	3.65E-02	4.25E-02	bad-chisq
group_1096	6.95E-02	8.88E-01	9.90E-01	7.71E-05	6.06E-03	5.38E-04	
group_838	6.95E-02	2.51E-01	9.74E-01	1.06E-04	3.23E-03	1.39E-03	bad-chisq
group_727	6.95E-02	2.51E-01	9.36E-01	4.27E-04	5.32E-03	3.40E-03	bad-chisq
group_647	6.95E-02	2.51E-01	4.38E-01	2.90E-02	3.73E-02	3.28E-02	bad-chisq
group_3289	6.77E-02	2.64E-01	5.39E-01	2.31E-02	3.75E-02	2.60E-02	bad-chisq
rsxB_2	6.77E-02	7.69E-02	8.09E-01	1.29E-03	5.32E-03	1.02E-02	bad-chisq
group_2270	6.77E-02	8.50E-01	9.89E-01	8.12E-05	6.06E-03	5.67E-04	
group_1520	6.77E-02	2.64E-01	6.57E-01	-1.68E-02	3.77E-02	1.88E-02	bad-chisq
abgB_1~~~abgB_2	6.77E-02	7.69E-02	8.09E-01	1.29E-03	5.32E-03	1.02E-02	bad-chisq
group_404	6.77E-02	1.31E-09	9.13E-01	-4.01E-03	3.68E-02	4.61E-03	
gghA~~~bglA_1	6.77E-02	7.69E-02	8.09E-01	1.29E-03	5.32E-03	1.02E-02	bad-chisq
group_88	6.77E-02	7.69E-02	8.09E-01	1.29E-03	5.32E-03	1.02E-02	bad-chisq
group_3031	6.60E-02	2.79E-01	6.54E-01	-1.69E-02	3.78E-02	1.90E-02	bad-chisq
golD	6.60E-02	2.79E-01	6.54E-01	-1.69E-02	3.78E-02	1.90E-02	bad-chisq
group_2104	6.60E-02	2.79E-01	6.54E-01	-1.69E-02	3.78E-02	1.90E-02	bad-chisq
nagB~~~nagB_1~~~gamA~~~nagB_3	6.60E-02	8.11E-01	9.63E-01	1.49E-04	3.23E-03	1.95E-03	
rbsC_2	6.60E-02	2.79E-01	6.54E-01	-1.69E-02	3.78E-02	1.90E-02	bad-chisq
group_1730	6.60E-02	6.73E-01	5.14E-01	-2.64E-02	4.05E-02	2.76E-02	
atm1	6.60E-02	8.12E-02	9.00E-01	4.06E-04	3.23E-03	5.32E-03	bad-chisq
group_879	6.60E-02	8.12E-02	4.52E-02	7.26E-02	3.61E-02	8.46E-02	bad-chisq
rbsA_3~~~rbsA_4~~~rbsA_2	6.60E-02	2.79E-01	6.54E-01	-1.69E-02	3.78E-02	1.90E-02	bad-chisq
cat3	6.60E-02	6.07E-10	9.66E-01	-2.28E-04	5.33E-03	1.81E-03	
rhaS_3~~~rhaS_1	6.60E-02	8.12E-02	1.02E-01	5.92E-02	3.61E-02	6.92E-02	bad-chisq
ppa	6.42E-02	7.04E-01	9.97E-01	1.19E-05	3.22E-03	1.56E-04	
group_2957	6.42E-02	2.94E-01	7.71E-02	6.86E-02	3.87E-02	7.47E-02	bad-chisq
cbiL	6.42E-02	2.84E-12	3.47E-02	-8.67E-02	4.09E-02	8.92E-02	
group_2627	6.42E-02	2.94E-01	7.71E-02	6.86E-02	3.87E-02	7.47E-02	bad-chisq
yafV	6.42E-02	2.94E-01	7.71E-02	6.86E-02	3.87E-02	7.47E-02	bad-chisq
group_2256	6.42E-02	2.94E-01	9.47E-01	3.54E-04	5.31E-03	2.82E-03	bad-chisq
group_2148	6.42E-02	3.37E-01	9.82E-01	-1.41E-04	6.13E-03	9.70E-04	
group_1724	6.42E-02	7.04E-01	9.52E-01	-1.93E-04	3.23E-03	2.54E-03	
group_1610	6.42E-02	2.69E-10	8.30E-01	-9.58E-03	4.47E-02	9.07E-03	
group_1192	6.42E-02	8.57E-02	8.70E-01	5.27E-04	3.23E-03	6.90E-03	bad-chisq
group_1129	6.42E-02	2.94E-01	7.71E-02	6.86E-02	3.87E-02	7.47E-02	bad-chisq
group_817	6.42E-02	8.57E-02	2.12E-02	1.06E-01	4.59E-02	9.73E-02	bad-chisq
yhcG~~~yhcG_2	6.42E-02	2.94E-01	9.22E-01	5.23E-04	5.31E-03	4.17E-03	bad-chisq
group_639	6.42E-02	8.57E-02	9.04E-01	3.90E-04	3.23E-03	5.11E-03	bad-chisq
rhaS_2~~~rhaS_1	6.42E-02	7.72E-01	9.31E-01	4.61E-04	5.34E-03	3.65E-03	
group_514	6.42E-02	7.04E-01	9.90E-01	3.97E-05	3.22E-03	5.21E-04	
fadR~~~lutR_2	6.42E-02	6.47E-07	1.37E-02	-9.32E-02	3.77E-02	1.04E-01	
group_3809	6.24E-02	9.05E-02	7.07E-02	7.11E-02	3.93E-02	7.64E-02	bad-chisq
group_2782	6.24E-02	9.05E-02	8.73E-01	5.16E-04	3.23E-03	6.75E-03	bad-chisq
resA	6.24E-02	3.10E-01	8.75E-01	5.09E-04	3.23E-03	6.67E-03	bad-chisq
livH_2~~~livH_3~~~livH_4	6.24E-02	9.05E-02	2.49E-01	4.29E-02	3.72E-02	4.87E-02	bad-chisq
group_1517	6.24E-02	3.57E-07	6.04E-01	-1.79E-02	3.44E-02	2.20E-02	
group_667	6.24E-02	1.03E-12	9.23E-02	-7.71E-02	4.57E-02	7.11E-02	
group_115	6.24E-02	7.37E-01	9.96E-01	-1.68E-05	3.22E-03	2.21E-04	
acs_2	6.24E-02	9.05E-02	6.97E-02	7.16E-02	3.94E-02	7.66E-02	bad-chisq
group_1832	6.06E-02	3.27E-01	2.63E-01	4.02E-02	3.59E-02	4.73E-02	bad-chisq
group_1801	6.06E-02	1.90E-07	2.35E-01	-5.02E-02	4.22E-02	5.02E-02	
group_1383	6.06E-02	1.26E-04	4.76E-01	2.40E-02	3.37E-02	3.01E-02	
aspC_2~~~aruH	6.06E-02	2.79E-01	9.44E-01	-2.28E-04	3.23E-03	2.99E-03	
dag~~~dan_2	6.06E-02	7.71E-01	8.80E-01	-8.08E-04	5.35E-03	6.39E-03	
sigW_3~~~sigW_2~~~sigW_1	6.06E-02	3.27E-01	9.61E-01	-1.97E-04	4.04E-03	2.06E-03	bad-chisq
metAA_2	5.88E-02	3.45E-01	7.84E-01	1.68E-03	6.13E-03	1.16E-02	bad-chisq
fucU_1	5.88E-02	3.45E-01	9.24E-01	-3.48E-03	3.67E-02	4.01E-03	bad-chisq
group_2865	5.88E-02	8.06E-01	8.75E-01	-5.94E-04	3.78E-03	6.64E-03	
group_2676	5.88E-02	3.45E-01	9.54E-01	-2.31E-04	4.04E-03	2.42E-03	bad-chisq
group_2642	5.88E-02	8.06E-01	8.85E-01	-5.47E-04	3.78E-03	6.11E-03	
group_2257	5.88E-02	3.45E-01	9.54E-01	-2.36E-04	4.04E-03	2.47E-03	bad-chisq
group_2125	5.88E-02	3.45E-01	7.84E-01	1.68E-03	6.11E-03	1.16E-02	bad-chisq
group_1988	5.88E-02	8.06E-01	9.96E-01	1.69E-05	3.78E-03	1.89E-04	
group_1967	5.88E-02	3.45E-01	9.24E-01	-3.48E-03	3.67E-02	4.01E-03	bad-chisq
group_1930	5.88E-02	2.51E-01	9.94E-01	-3.16E-05	4.04E-03	3.31E-04	
group_1564	5.88E-02	6.52E-01	9.73E-01	-1.37E-04	4.04E-03	1.44E-03	
group_1534	5.88E-02	3.45E-01	9.24E-01	-3.48E-03	3.67E-02	4.01E-03	bad-chisq
group_975	5.88E-02	1.01E-01	9.13E-01	3.53E-04	3.23E-03	4.62E-03	bad-chisq
group_885	5.88E-02	8.06E-01	9.96E-01	1.79E-05	3.78E-03	2.01E-04	
adh2	5.88E-02	3.45E-01	9.24E-01	-3.48E-03	3.67E-02	4.01E-03	bad-chisq
mglA_5	5.88E-02	3.45E-01	9.24E-01	-3.48E-03	3.67E-02	4.01E-03	bad-chisq
group_252	5.88E-02	6.52E-01	9.67E-01	1.65E-04	4.05E-03	1.73E-03	
rbsB~~~purR_1	5.88E-02	3.45E-01	9.24E-01	-3.48E-03	3.67E-02	4.01E-03	bad-chisq
group_3036	5.70E-02	8.42E-01	9.96E-01	1.69E-05	3.78E-03	1.89E-04	
group_2471	5.70E-02	6.11E-01	9.72E-01	1.44E-04	4.05E-03	1.50E-03	
group_2405	5.70E-02	3.65E-01	9.52E-01	2.28E-04	3.78E-03	2.55E-03	bad-chisq
group_2307	5.70E-02	3.65E-01	9.48E-01	-2.65E-04	4.04E-03	2.77E-03	bad-chisq
group_2276	5.70E-02	8.42E-01	8.71E-01	-6.15E-04	3.78E-03	6.88E-03	
ydjG	5.70E-02	6.11E-01	9.67E-01	1.65E-04	4.04E-03	1.73E-03	
group_1857	5.70E-02	8.42E-01	9.50E-01	-2.03E-04	3.23E-03	2.66E-03	
gsiC_1	5.70E-02	6.11E-01	9.72E-01	1.44E-04	4.05E-03	1.50E-03	
group_1769	5.70E-02	2.24E-01	9.94E-01	-3.17E-05	4.04E-03	3.32E-04	
group_1712	5.70E-02	3.65E-01	4.92E-01	2.86E-02	4.16E-02	2.91E-02	bad-chisq
treP	5.70E-02	8.42E-01	9.36E-01	4.32E-04	5.33E-03	3.42E-03	
oppD_2	5.70E-02	6.11E-01	9.72E-01	1.44E-04	4.05E-03	1.50E-03	
sdcS	5.70E-02	8.53E-03	7.67E-01	-1.11E-02	3.75E-02	1.25E-02	
group_1202	5.70E-02	2.24E-01	9.94E-01	-3.17E-05	4.04E-03	3.32E-04	
srkA	5.70E-02	6.11E-01	3.20E-01	-3.64E-02	3.66E-02	4.21E-02	
queE	5.70E-02	8.42E-01	8.85E-01	-5.49E-04	3.78E-03	6.13E-03	
group_1123	5.70E-02	1.06E-01	8.87E-01	4.61E-04	3.24E-03	6.03E-03	bad-chisq
group_922	5.70E-02	3.65E-01	4.92E-01	2.86E-02	4.16E-02	2.91E-02	bad-chisq
argE	5.70E-02	3.65E-01	4.92E-01	2.86E-02	4.16E-02	2.91E-02	bad-chisq
group_829	5.70E-02	1.06E-01	8.90E-01	4.66E-04	3.38E-03	5.84E-03	bad-chisq
group_816	5.70E-02	3.65E-01	8.84E-01	5.86E-04	4.02E-03	6.16E-03	bad-chisq
thyX_3~~~thyX_2	5.70E-02	8.42E-01	9.30E-01	-2.83E-04	3.22E-03	3.71E-03	
group_723	5.70E-02	3.65E-01	9.47E-01	-2.15E-03	3.23E-02	2.82E-03	bad-chisq
ilvK_1~~~ilvE	5.70E-02	1.06E-01	7.84E-01	1.68E-03	6.14E-03	1.16E-02	bad-chisq
group_614	5.70E-02	6.11E-01	4.44E-01	-3.01E-02	3.93E-02	3.24E-02	
gsiA~~~oppF_2	5.70E-02	6.11E-01	9.72E-01	1.44E-04	4.05E-03	1.50E-03	
group_493	5.70E-02	3.65E-01	4.92E-01	2.86E-02	4.16E-02	2.91E-02	bad-chisq
nrdD	5.70E-02	8.42E-01	8.73E-01	-6.05E-04	3.78E-03	6.76E-03	
bacC	5.70E-02	6.11E-01	9.67E-01	1.65E-04	4.04E-03	1.73E-03	
group_165	5.70E-02	6.11E-01	9.72E-01	1.44E-04	4.05E-03	1.50E-03	
group_3624	5.53E-02	1.12E-01	6.41E-01	2.11E-02	4.53E-02	1.97E-02	bad-chisq
yhcH	5.53E-02	5.71E-01	9.72E-01	1.43E-04	4.04E-03	1.50E-03	
ttdB	5.53E-02	4.52E-02	7.67E-01	-1.12E-02	3.79E-02	1.25E-02	
rhaS_3	5.53E-02	1.12E-01	8.59E-01	7.18E-04	4.05E-03	7.50E-03	bad-chisq
ttdA_1	5.53E-02	4.52E-02	7.67E-01	-1.12E-02	3.79E-02	1.25E-02	
xylH~~~lsrD	5.53E-02	8.80E-01	8.39E-01	-1.08E-03	5.33E-03	8.59E-03	
group_1879	5.53E-02	6.50E-03	7.91E-01	-9.03E-03	3.41E-02	1.12E-02	
yccM	5.53E-02	3.85E-01	8.95E-01	4.26E-04	3.23E-03	5.58E-03	bad-chisq
group_1773	5.53E-02	2.22E-08	8.03E-01	9.76E-03	3.92E-02	1.05E-02	
nahK_2~~~nahK_1	5.53E-02	5.71E-01	9.70E-01	1.21E-04	3.23E-03	1.58E-03	
iolC~~~kdgK	5.53E-02	1.99E-01	9.28E-01	-3.65E-04	4.04E-03	3.82E-03	
group_1410	5.53E-02	5.71E-01	7.28E-01	-1.85E-03	5.33E-03	1.47E-02	
group_1095	5.53E-02	5.71E-01	8.87E-01	-5.71E-04	4.03E-03	5.99E-03	
hdfR_1	5.53E-02	3.85E-01	9.31E-01	4.62E-04	5.34E-03	3.66E-03	bad-chisq
group_980	5.53E-02	3.85E-01	4.80E-01	2.67E-02	3.79E-02	2.99E-02	bad-chisq
agaA_1~~~agaA_4~~~agaA_2~~~nagA~~~agaA_3	5.53E-02	3.85E-01	9.78E-01	9.04E-05	3.23E-03	1.18E-03	bad-chisq
group_803	5.53E-02	8.80E-01	9.97E-01	1.50E-05	3.78E-03	1.67E-04	
nanA	5.53E-02	5.71E-01	9.72E-01	1.43E-04	4.04E-03	1.50E-03	
group_379	5.53E-02	5.71E-01	9.72E-01	1.43E-04	4.04E-03	1.50E-03	
nanR_1~~~lutR	5.53E-02	5.71E-01	7.28E-01	-1.85E-03	5.33E-03	1.47E-02	
group_3785	5.35E-02	1.19E-01	8.60E-01	7.16E-04	4.04E-03	7.48E-03	bad-chisq
group_3643	5.35E-02	4.06E-01	9.89E-01	-4.57E-05	3.23E-03	5.98E-04	bad-chisq
fecE	5.35E-02	4.06E-01	8.85E-01	5.83E-04	4.03E-03	6.12E-03	bad-chisq
ctrA~~~basR~~~prrA~~~tctD	5.35E-02	4.06E-01	8.73E-01	8.51E-04	5.33E-03	6.76E-03	bad-chisq
group_1691	5.35E-02	6.42E-13	1.12E-01	-4.91E-02	3.09E-02	6.71E-02	
group_1687	5.35E-02	9.19E-01	9.95E-01	2.36E-05	4.05E-03	2.46E-04	
group_1678	5.35E-02	4.06E-01	9.97E-01	1.62E-05	3.78E-03	1.82E-04	bad-chisq
auaH	5.35E-02	9.19E-01	8.67E-01	-6.34E-04	3.79E-03	7.08E-03	
group_1569	5.35E-02	4.06E-01	9.99E-01	5.93E-06	3.23E-03	7.77E-05	bad-chisq
mepA_3	5.35E-02	1.19E-01	8.60E-01	7.16E-04	4.04E-03	7.48E-03	bad-chisq
hmuU_1	5.35E-02	4.06E-01	9.37E-01	2.69E-04	3.38E-03	3.36E-03	bad-chisq
group_1020	5.35E-02	4.06E-01	9.37E-01	2.69E-04	3.38E-03	3.36E-03	bad-chisq
group_982	5.35E-02	4.06E-01	9.37E-01	-2.59E-03	3.29E-02	3.32E-03	bad-chisq
yvdM	5.35E-02	9.19E-01	9.95E-01	2.36E-05	4.05E-03	2.46E-04	
araQ_1~~~araQ_4	5.35E-02	9.19E-01	9.95E-01	2.36E-05	4.05E-03	2.46E-04	
group_741	5.35E-02	9.19E-01	9.91E-01	4.43E-05	4.05E-03	4.63E-04	
group_440	5.35E-02	6.42E-13	4.28E-02	-8.89E-02	4.38E-02	8.56E-02	
rbsA_6~~~rbsA_3	5.35E-02	9.19E-01	8.21E-01	-1.21E-03	5.33E-03	9.59E-03	
group_4007	5.17E-02	4.29E-01	8.54E-01	-6.66E-03	3.61E-02	7.81E-03	bad-chisq
group_3497	5.17E-02	1.25E-01	8.67E-01	6.79E-04	4.05E-03	7.09E-03	bad-chisq
group_3327	5.17E-02	1.25E-01	8.81E-01	8.00E-04	5.35E-03	6.33E-03	bad-chisq
group_2324	5.17E-02	1.25E-01	9.13E-01	4.40E-04	4.04E-03	4.61E-03	bad-chisq
group_2308	5.17E-02	9.60E-01	9.57E-01	-2.03E-04	3.78E-03	2.26E-03	
group_2275	5.17E-02	4.29E-01	9.61E-01	1.97E-04	4.04E-03	2.07E-03	bad-chisq
larA	5.17E-02	1.25E-01	8.35E-01	1.11E-03	5.34E-03	8.81E-03	bad-chisq
lacF_2	5.17E-02	9.60E-01	9.95E-01	2.32E-05	4.05E-03	2.42E-04	
group_1953	5.17E-02	4.29E-01	8.99E-01	-4.11E-03	3.24E-02	5.36E-03	bad-chisq
dctM~~~dctM_1~~~dctM_2	5.17E-02	1.52E-01	8.11E-01	-1.47E-03	6.15E-03	1.01E-02	
group_1854	5.17E-02	9.60E-01	9.29E-01	3.59E-04	4.04E-03	3.76E-03	
group_1766	5.17E-02	4.90E-01	9.51E-01	2.46E-04	4.02E-03	2.59E-03	
group_1761	5.17E-02	9.60E-01	9.18E-01	4.14E-04	4.04E-03	4.33E-03	
teaB	5.17E-02	1.52E-01	8.11E-01	-1.47E-03	6.15E-03	1.01E-02	
group_1402	5.17E-02	4.29E-01	9.75E-01	-1.70E-04	5.33E-03	1.35E-03	bad-chisq
group_1324	5.17E-02	9.60E-01	9.07E-01	4.74E-04	4.04E-03	4.96E-03	
group_1296	5.17E-02	4.90E-01	9.81E-01	-9.73E-05	4.04E-03	1.02E-03	
group_1074	5.17E-02	9.60E-01	8.65E-01	-6.45E-04	3.78E-03	7.22E-03	
ylmB	5.17E-02	1.52E-01	8.11E-01	-1.47E-03	6.15E-03	1.01E-02	
group_439	5.17E-02	1.25E-01	8.81E-01	8.00E-04	5.35E-03	6.33E-03	bad-chisq
vraR	5.17E-02	4.29E-01	9.87E-01	5.31E-05	3.23E-03	6.95E-04	bad-chisq
pucR_2~~~pucR~~~pucR_1	5.17E-02	1.52E-01	8.11E-01	-1.47E-03	6.15E-03	1.01E-02	
purR_1~~~ccpA_3	5.17E-02	9.60E-01	9.95E-01	2.47E-05	4.05E-03	2.58E-04	
sigK_2	4.99E-02	4.50E-01	9.17E-01	-4.25E-03	4.07E-02	4.42E-03	
group_3179	4.99E-02	4.53E-01	9.98E-01	8.11E-06	3.78E-03	9.06E-05	bad-chisq
group_2759	4.99E-02	9.98E-01	9.71E-01	-2.22E-04	6.13E-03	1.53E-03	
group_2167	4.99E-02	1.33E-01	8.40E-01	1.07E-03	5.33E-03	8.52E-03	bad-chisq
group_1739	4.99E-02	9.98E-01	9.81E-01	-9.69E-05	4.04E-03	1.01E-03	
xerC_3~~~xerC_1~~~xerD_2~~~xerC_2~~~xerC_4	4.99E-02	9.98E-01	9.75E-01	1.67E-04	5.31E-03	1.33E-03	
bcrA_2~~~bcrA	4.99E-02	1.31E-07	9.57E-01	-2.17E-03	3.99E-02	2.30E-03	
recT	4.99E-02	9.98E-01	9.71E-01	-2.22E-04	6.13E-03	1.53E-03	
group_1053	4.99E-02	9.98E-01	9.71E-01	-2.22E-04	6.13E-03	1.53E-03	
group_1034	4.99E-02	1.33E-01	7.87E-01	1.66E-03	6.13E-03	1.15E-02	bad-chisq
group_795	4.99E-02	9.98E-01	8.53E-01	-9.89E-04	5.34E-03	7.84E-03	
group_443	4.99E-02	4.80E-14	6.49E-01	-2.04E-02	4.48E-02	1.92E-02	
group_266	4.99E-02	9.98E-01	9.97E-01	-1.49E-05	4.05E-03	1.56E-04	
group_3987	4.81E-02	6.02E-10	8.71E-01	-9.89E-04	6.11E-03	6.85E-03	
group_3982	4.81E-02	1.40E-01	9.07E-01	4.71E-04	4.04E-03	4.92E-03	bad-chisq
group_2594	4.81E-02	9.54E-01	9.99E-01	6.76E-06	5.34E-03	5.35E-05	
group_2228	4.81E-02	9.54E-01	9.51E-01	-1.98E-04	3.23E-03	2.59E-03	
group_2156	4.81E-02	9.54E-01	3.54E-01	3.95E-02	4.25E-02	3.92E-02	
group_2097	4.81E-02	9.54E-01	9.41E-01	-3.01E-04	4.04E-03	3.15E-03	
group_2013	4.81E-02	4.78E-01	9.67E-01	1.33E-04	3.23E-03	1.74E-03	bad-chisq
group_1944	4.81E-02	1.00E-04	9.70E-01	2.00E-04	5.30E-03	1.60E-03	
group_1874	4.81E-02	4.78E-01	9.81E-01	-7.58E-05	3.23E-03	9.91E-04	bad-chisq
group_1770	4.81E-02	1.14E-14	1.28E-01	-7.80E-02	5.11E-02	6.44E-02	
group_1108	4.81E-02	4.10E-01	9.57E-01	-3.32E-04	6.15E-03	2.28E-03	
group_1058	4.81E-02	1.40E-01	2.37E-01	4.77E-02	4.02E-02	5.00E-02	bad-chisq
group_858	4.81E-02	4.78E-01	9.83E-01	-6.99E-05	3.23E-03	9.16E-04	bad-chisq
group_432	4.81E-02	1.12E-01	9.29E-01	-5.43E-04	6.09E-03	3.77E-03	
group_358	4.81E-02	4.78E-01	7.17E-01	1.25E-02	3.44E-02	1.53E-02	bad-chisq
group_3966	4.63E-02	9.09E-01	9.68E-01	2.11E-04	5.32E-03	1.68E-03	
group_3367	4.63E-02	1.48E-01	7.05E-01	1.89E-02	4.98E-02	1.60E-02	bad-chisq
group_3010	4.63E-02	1.48E-01	2.02E-01	5.98E-02	4.68E-02	5.40E-02	bad-chisq
group_2758	4.63E-02	1.41E-02	8.83E-01	-5.25E-03	3.58E-02	6.21E-03	
aes_1	4.63E-02	2.05E-10	7.14E-01	-2.25E-03	6.14E-03	1.55E-02	
group_2301	4.63E-02	9.39E-02	8.24E-01	-1.36E-03	6.11E-03	9.43E-03	
group_2118	4.63E-02	9.39E-02	8.82E-01	-7.90E-04	5.32E-03	6.29E-03	
insK	4.63E-02	1.48E-01	1.80E-01	5.32E-02	3.97E-02	5.66E-02	bad-chisq
group_1943	4.63E-02	5.05E-01	9.42E-01	-3.90E-04	5.32E-03	3.10E-03	bad-chisq
group_1887	4.63E-02	5.05E-01	5.78E-01	-2.95E-02	5.31E-02	2.35E-02	bad-chisq
group_1839	4.63E-02	9.39E-02	4.56E-01	-2.97E-02	3.98E-02	3.15E-02	
group_1706	4.63E-02	2.41E-15	2.56E-01	-5.41E-02	4.75E-02	4.81E-02	
kdpB~~~cadA_2~~~ctpC_2~~~ctpC_1~~~cadA_1	4.63E-02	2.05E-10	1.23E-01	-5.79E-02	3.75E-02	6.52E-02	
cytR_1~~~purR_1~~~cytR	4.63E-02	2.05E-10	6.79E-01	-1.75E-02	4.23E-02	1.75E-02	
preA	4.63E-02	9.39E-02	8.08E-01	-1.49E-03	6.15E-03	1.03E-02	
yiaO	4.63E-02	9.39E-02	8.08E-01	-1.49E-03	6.15E-03	1.03E-02	
group_473	4.63E-02	5.05E-01	8.82E-01	6.46E-04	4.36E-03	6.27E-03	bad-chisq
iaaH	4.63E-02	9.09E-01	8.37E-01	-1.10E-03	5.34E-03	8.72E-03	
group_3292	4.46E-02	8.63E-01	1.09E-01	-6.06E-02	3.78E-02	6.77E-02	
group_2906	4.46E-02	1.05E-02	9.32E-01	4.56E-04	5.33E-03	3.62E-03	
group_2526	4.46E-02	5.34E-01	9.71E-01	1.17E-04	3.23E-03	1.53E-03	bad-chisq
yxlF	4.46E-02	1.56E-01	9.31E-01	5.35E-04	6.14E-03	3.68E-03	bad-chisq
group_2305	4.46E-02	5.34E-01	1.00E+00	1.86E-06	3.78E-03	2.08E-05	bad-chisq
group_2233	4.46E-02	1.56E-01	9.20E-01	3.23E-04	3.22E-03	4.24E-03	bad-chisq
xerC_3~~~xerC_2	4.46E-02	3.33E-01	9.60E-01	-2.68E-04	5.31E-03	2.13E-03	
group_2116	4.46E-02	5.34E-01	9.57E-01	-2.17E-04	4.05E-03	2.27E-03	bad-chisq
group_1998	4.46E-02	8.63E-01	9.77E-01	-9.98E-05	3.39E-03	1.25E-03	
group_1869	4.46E-02	3.33E-01	9.35E-01	-4.31E-04	5.30E-03	3.44E-03	
yiaC	4.46E-02	8.63E-01	9.74E-01	-1.08E-04	3.39E-03	1.35E-03	
sasA_9~~~sasA_8~~~sasA_11~~~sasA_5~~~walK	4.46E-02	5.34E-01	9.24E-01	5.06E-04	5.33E-03	4.01E-03	bad-chisq
group_1275	4.46E-02	3.33E-01	7.42E-01	1.13E-02	3.42E-02	1.39E-02	
xerC_2~~~xerC_4~~~xerC_3~~~xerC_1	4.46E-02	1.05E-02	9.21E-01	-4.01E-04	4.04E-03	4.20E-03	
group_4008	4.28E-02	7.31E-17	9.33E-02	-9.78E-02	5.82E-02	7.09E-02	
group_3885	4.28E-02	1.65E-01	9.54E-01	1.87E-04	3.23E-03	2.45E-03	bad-chisq
group_3315	4.28E-02	1.65E-01	9.54E-01	1.87E-04	3.23E-03	2.45E-03	bad-chisq
group_3273	4.28E-02	1.65E-01	2.38E-01	6.75E-02	5.71E-02	4.99E-02	bad-chisq
group_2771	4.28E-02	5.64E-01	4.94E-01	2.48E-02	3.63E-02	2.89E-02	bad-chisq
group_2574	4.28E-02	1.65E-01	9.53E-01	2.39E-04	4.05E-03	2.50E-03	bad-chisq
rhaR_5	4.28E-02	6.35E-02	4.65E-01	-2.78E-02	3.80E-02	3.09E-02	
group_2429	4.28E-02	6.35E-02	4.65E-01	-2.78E-02	3.80E-02	3.09E-02	
group_2397	4.28E-02	5.64E-01	4.47E-01	2.77E-02	3.64E-02	3.22E-02	bad-chisq
group_2362	4.28E-02	2.96E-01	1.76E-01	6.06E-02	4.47E-02	5.72E-02	
group_2339	4.28E-02	2.96E-01	9.61E-01	-2.57E-04	5.32E-03	2.04E-03	
group_2304	4.28E-02	1.65E-01	9.00E-01	6.68E-04	5.32E-03	5.31E-03	bad-chisq
group_2126	4.28E-02	2.96E-01	7.85E-01	-1.66E-03	6.10E-03	1.15E-02	
hdfR_2~~~hdfR	4.28E-02	8.15E-01	9.63E-01	-2.50E-04	5.34E-03	1.98E-03	
group_1834	4.28E-02	5.55E-20	6.48E-01	-2.45E-03	5.35E-03	1.93E-02	
group_1765	4.28E-02	8.15E-01	1.52E-01	-4.94E-02	3.44E-02	6.05E-02	
group_1751	4.28E-02	2.96E-01	9.02E-01	-7.56E-04	6.16E-03	5.19E-03	
group_1671	4.28E-02	5.64E-01	7.56E-01	1.03E-02	3.32E-02	1.31E-02	bad-chisq
lnpD	4.28E-02	1.65E-01	9.20E-01	4.08E-04	4.04E-03	4.27E-03	bad-chisq
group_1575	4.28E-02	2.96E-01	1.76E-01	6.06E-02	4.47E-02	5.72E-02	
group_1325	4.28E-02	2.96E-01	1.76E-01	6.06E-02	4.47E-02	5.72E-02	
group_1033	4.28E-02	1.65E-01	8.80E-01	6.10E-04	4.04E-03	6.38E-03	bad-chisq
group_983	4.28E-02	1.65E-01	2.89E-01	4.80E-02	4.52E-02	4.49E-02	bad-chisq
group_933	4.28E-02	8.15E-01	9.32E-01	-3.47E-04	4.04E-03	3.63E-03	
metG_2~~~epmA	4.28E-02	8.15E-01	9.17E-01	-6.34E-04	6.07E-03	4.42E-03	
mglA_1~~~mglA_6	4.28E-02	6.35E-02	9.20E-01	4.44E-03	4.41E-02	4.27E-03	
group_556	4.28E-02	5.64E-01	9.67E-01	-2.21E-04	5.34E-03	1.75E-03	bad-chisq
group_478	4.28E-02	5.64E-01	9.71E-01	-1.91E-04	5.33E-03	1.52E-03	bad-chisq
rbsA_1	4.28E-02	2.96E-01	1.76E-01	6.06E-02	4.47E-02	5.72E-02	
cutC	4.28E-02	6.35E-02	4.65E-01	-2.78E-02	3.80E-02	3.09E-02	
group_160	4.28E-02	6.35E-02	4.65E-01	-2.78E-02	3.80E-02	3.09E-02	
sleL~~~sleL_1	4.28E-02	5.64E-01	3.68E-02	7.34E-02	3.51E-02	8.82E-02	bad-chisq
group_3909	4.10E-02	1.75E-01	9.58E-01	2.14E-04	4.06E-03	2.23E-03	bad-chisq
group_3395	4.10E-02	5.96E-01	9.99E-01	-3.41E-06	3.78E-03	3.81E-05	bad-chisq
group_2754	4.10E-02	5.96E-01	9.98E-01	-8.95E-06	3.79E-03	9.99E-05	bad-chisq
group_2726	4.10E-02	7.66E-01	9.09E-01	-6.13E-04	5.35E-03	4.85E-03	
group_2576	4.10E-02	2.60E-01	1.69E-01	6.26E-02	4.54E-02	5.82E-02	
group_2383	4.10E-02	2.60E-01	8.12E-01	-1.45E-03	6.09E-03	1.01E-02	
group_2314	4.10E-02	1.75E-01	8.15E-01	1.43E-03	6.11E-03	9.88E-03	bad-chisq
group_2102	4.10E-02	1.75E-01	5.68E-01	2.57E-02	4.49E-02	2.42E-02	bad-chisq
group_1847	4.10E-02	5.96E-01	9.98E-01	9.12E-06	3.23E-03	1.19E-04	bad-chisq
group_1594	4.10E-02	5.43E-03	8.43E-01	9.09E-03	4.59E-02	8.36E-03	
group_1567	4.10E-02	1.01E-17	9.36E-01	-4.30E-04	5.35E-03	3.40E-03	
group_1502	4.10E-02	7.66E-01	8.67E-01	-8.91E-04	5.30E-03	7.10E-03	
group_1336	4.10E-02	9.20E-06	8.12E-01	-9.30E-03	3.91E-02	1.00E-02	
group_1217	4.10E-02	5.96E-01	5.73E-01	-2.72E-02	4.81E-02	2.39E-02	bad-chisq
group_944	4.10E-02	1.75E-01	8.73E-01	6.47E-04	4.04E-03	6.78E-03	bad-chisq
group_890	4.10E-02	1.75E-01	9.22E-01	3.18E-04	3.23E-03	4.16E-03	bad-chisq
trxB_2	4.10E-02	1.75E-01	9.54E-01	1.87E-04	3.23E-03	2.44E-03	bad-chisq
group_312	4.10E-02	2.60E-01	1.69E-01	6.26E-02	4.54E-02	5.82E-02	
group_3977	3.92E-02	1.85E-01	9.46E-01	2.31E-04	3.39E-03	2.88E-03	bad-chisq
group_2394	3.92E-02	1.85E-01	3.39E-01	3.10E-02	3.24E-02	4.05E-02	bad-chisq
group_2393	3.92E-02	1.85E-01	1.91E-01	4.27E-02	3.26E-02	5.53E-02	bad-chisq
malR~~~ccpA~~~ccpA_2	3.92E-02	2.26E-01	9.84E-01	-6.91E-05	3.39E-03	8.63E-04	
group_2316	3.92E-02	7.15E-01	1.50E-01	-4.75E-02	3.29E-02	6.09E-02	
xerC_4~~~xerC_5~~~xerC_3~~~xerC_2~~~xerC_1~~~xerC_6	3.92E-02	7.15E-01	1.31E-01	-5.47E-02	3.61E-02	6.39E-02	
group_2194	3.92E-02	7.15E-01	9.65E-01	-1.79E-04	4.04E-03	1.87E-03	
group_2153	3.92E-02	1.85E-01	9.17E-01	6.34E-04	6.12E-03	4.38E-03	bad-chisq
group_1828	3.92E-02	6.31E-01	9.91E-01	-6.25E-05	5.34E-03	4.95E-04	bad-chisq
group_1821	3.92E-02	7.15E-01	4.94E-01	-2.54E-02	3.71E-02	2.89E-02	
trxA	3.92E-02	3.73E-03	9.79E-01	-1.43E-04	5.35E-03	1.13E-03	
group_1358	3.92E-02	7.15E-01	8.04E-01	-1.51E-03	6.10E-03	1.05E-02	
clpP_2~~~clpP_1	3.92E-02	3.35E-10	7.99E-01	-1.13E-02	4.45E-02	1.07E-02	
group_1135	3.92E-02	1.85E-01	2.34E-01	7.47E-02	6.27E-02	5.03E-02	bad-chisq
hsdA	3.92E-02	6.31E-01	7.40E-01	1.50E-02	4.50E-02	1.41E-02	bad-chisq
group_426	3.92E-02	6.31E-01	4.81E-01	4.17E-02	5.92E-02	2.98E-02	bad-chisq
group_267	3.92E-02	2.26E-01	8.96E-01	7.02E-04	5.36E-03	5.54E-03	
xerC_5	3.92E-02	1.85E-01	9.66E-01	2.30E-04	5.33E-03	1.83E-03	bad-chisq
group_75	3.92E-02	6.31E-01	7.99E-01	-9.66E-03	3.79E-02	1.08E-02	bad-chisq
group_3888	3.74E-02	1.94E-01	8.72E-01	-5.44E-04	3.38E-03	6.80E-03	
ngcG_2	3.74E-02	1.96E-01	9.83E-01	6.93E-05	3.24E-03	9.06E-04	bad-chisq
ngcF	3.74E-02	1.96E-01	9.83E-01	6.93E-05	3.24E-03	9.06E-04	bad-chisq
group_2318	3.74E-02	1.94E-01	9.83E-01	-7.24E-05	3.39E-03	9.04E-04	
group_2129	3.74E-02	6.64E-01	9.48E-01	-3.49E-04	5.34E-03	2.76E-03	
group_1964	3.74E-02	1.94E-01	8.35E-01	-9.06E-04	4.35E-03	8.80E-03	
group_1950	3.74E-02	1.94E-01	7.70E-01	-1.79E-03	6.12E-03	1.24E-02	
rbsR	3.74E-02	1.96E-01	9.83E-01	6.93E-05	3.24E-03	9.06E-04	bad-chisq
group_1543	3.74E-02	6.67E-01	9.52E-01	-3.17E-04	5.31E-03	2.53E-03	bad-chisq
nplT	3.74E-02	1.94E-01	9.77E-01	-1.27E-04	4.36E-03	1.23E-03	
dnaG_1~~~dnaG_4~~~dnaG_3	3.74E-02	6.67E-01	9.67E-01	-2.21E-04	5.33E-03	1.76E-03	bad-chisq
trxB_1~~~trxB	3.74E-02	3.05E-02	9.77E-01	-1.57E-04	5.35E-03	1.24E-03	
group_744	3.74E-02	6.67E-01	9.21E-01	-5.27E-04	5.34E-03	4.17E-03	bad-chisq
group_288	3.74E-02	1.96E-01	9.83E-01	6.93E-05	3.24E-03	9.06E-04	bad-chisq
group_239	3.74E-02	2.47E-03	8.20E-01	-9.13E-03	4.00E-02	9.65E-03	
tdh~~~cutD~~~gutB	3.74E-02	1.96E-01	9.83E-01	6.93E-05	3.24E-03	9.06E-04	bad-chisq
group_3866	3.57E-02	2.06E-11	4.02E-03	-1.04E-01	3.61E-02	1.21E-01	
group_3410	3.57E-02	7.06E-01	5.88E-01	-2.37E-02	4.37E-02	2.29E-02	bad-chisq
group_3204	3.57E-02	2.07E-01	6.32E-01	3.30E-02	6.90E-02	2.02E-02	bad-chisq
ypdB	3.57E-02	2.07E-01	6.32E-01	3.30E-02	6.90E-02	2.02E-02	bad-chisq
group_2402	3.57E-02	7.06E-01	9.37E-01	3.21E-04	4.05E-03	3.36E-03	bad-chisq
group_2319	3.57E-02	7.06E-01	9.47E-01	2.27E-04	3.39E-03	2.83E-03	bad-chisq
lacF_1	3.57E-02	1.64E-01	9.68E-01	-1.35E-04	3.39E-03	1.68E-03	
group_2296	3.57E-02	1.64E-01	2.03E-01	-4.10E-02	3.22E-02	5.39E-02	
group_1875	3.57E-02	8.13E-07	6.30E-01	-1.80E-02	3.74E-02	2.04E-02	
group_1872	3.57E-02	7.06E-01	9.40E-01	-4.03E-04	5.34E-03	3.20E-03	bad-chisq
group_1859	3.57E-02	7.06E-01	9.32E-01	5.30E-04	6.16E-03	3.64E-03	bad-chisq
group_1700	3.57E-02	2.07E-01	9.20E-01	5.36E-04	5.36E-03	4.23E-03	bad-chisq
group_1458	3.57E-02	6.12E-01	5.28E-01	2.13E-02	3.37E-02	2.67E-02	
pre	3.57E-02	7.06E-01	7.50E-01	-1.29E-02	4.04E-02	1.35E-02	bad-chisq
group_1127	3.57E-02	6.12E-01	9.31E-01	-2.95E-04	3.39E-03	3.68E-03	
def_2~~~def_1	3.57E-02	7.06E-01	9.99E-01	4.98E-06	4.05E-03	5.21E-05	bad-chisq
group_873	3.57E-02	2.06E-11	4.39E-01	-4.11E-02	5.32E-02	3.27E-02	
group_841	3.57E-02	6.12E-01	1.83E-01	-4.58E-02	3.43E-02	5.63E-02	
group_742	3.57E-02	6.12E-01	8.35E-01	9.57E-03	4.60E-02	8.80E-03	
rfuC~~~rfuC_2	3.57E-02	2.07E-01	1.08E-01	8.47E-02	5.26E-02	6.79E-02	bad-chisq
mleN	3.57E-02	2.07E-01	9.01E-01	7.71E-04	6.18E-03	5.28E-03	bad-chisq
bfrA	3.57E-02	2.07E-01	9.84E-01	6.56E-05	3.24E-03	8.57E-04	bad-chisq
rfuD	3.57E-02	2.07E-01	1.08E-01	8.47E-02	5.26E-02	6.79E-02	bad-chisq
pflD_3	3.57E-02	2.07E-01	9.84E-01	6.56E-05	3.24E-03	8.57E-04	bad-chisq
group_3958	3.39E-02	3.05E-07	1.02E-02	-1.15E-01	4.44E-02	1.08E-01	
group_3473	3.39E-02	2.19E-01	9.80E-01	9.59E-05	3.79E-03	1.07E-03	bad-chisq
group_3089	3.39E-02	2.19E-01	9.03E-01	7.51E-04	6.18E-03	5.14E-03	bad-chisq
group_2378	3.39E-02	2.19E-01	4.10E-01	3.17E-02	3.84E-02	3.49E-02	bad-chisq
bssD	3.39E-02	2.19E-01	9.88E-01	5.06E-05	3.24E-03	6.61E-04	bad-chisq
group_2284	3.39E-02	5.58E-01	7.62E-01	1.05E-02	3.47E-02	1.28E-02	
group_2044	3.39E-02	2.19E-01	8.56E-01	1.11E-03	6.13E-03	7.68E-03	bad-chisq
group_2030	3.39E-02	2.19E-01	8.42E-01	7.76E-03	3.88E-02	8.46E-03	bad-chisq
group_2006	3.39E-02	2.19E-01	9.34E-01	3.34E-04	4.05E-03	3.49E-03	bad-chisq
group_1973	3.39E-02	7.48E-01	9.95E-01	-2.42E-05	4.04E-03	2.53E-04	bad-chisq
group_1962	3.39E-02	5.58E-01	8.45E-01	-1.04E-03	5.34E-03	8.25E-03	
xerC_1~~~xerC_3~~~xerC_4~~~xerC_2~~~IntTn	3.39E-02	2.19E-01	9.49E-01	2.40E-04	3.79E-03	2.68E-03	bad-chisq
group_1889	3.39E-02	5.58E-01	9.26E-01	-4.95E-04	5.31E-03	3.94E-03	
group_1586	3.39E-02	1.36E-01	7.81E-01	-1.70E-03	6.13E-03	1.17E-02	
group_1483	3.39E-02	7.48E-01	8.97E-01	-6.95E-04	5.35E-03	5.50E-03	bad-chisq
pspE~~~glpE	3.39E-02	1.64E-02	9.14E-01	5.79E-04	5.34E-03	4.58E-03	
group_1341	3.39E-02	1.36E-01	8.90E-01	-8.52E-04	6.13E-03	5.88E-03	
group_1334	3.39E-02	7.48E-01	5.99E-01	-2.35E-02	4.46E-02	2.22E-02	bad-chisq
group_1106	3.39E-02	1.36E-01	9.60E-01	2.66E-04	5.34E-03	2.11E-03	
group_1080	3.39E-02	7.48E-01	7.32E-01	1.33E-02	3.88E-02	1.45E-02	bad-chisq
group_834	3.39E-02	1.36E-01	9.60E-01	2.66E-04	5.34E-03	2.11E-03	
group_762	3.39E-02	7.48E-01	9.81E-01	-1.27E-04	5.34E-03	1.01E-03	bad-chisq
group_215	3.39E-02	1.36E-01	9.60E-01	2.66E-04	5.34E-03	2.11E-03	
group_173	3.39E-02	2.19E-01	9.84E-01	6.48E-05	3.24E-03	8.46E-04	bad-chisq
dasC	3.39E-02	1.36E-01	9.57E-01	-2.36E-04	4.36E-03	2.29E-03	
group_3924	3.21E-02	2.32E-01	9.39E-01	4.76E-04	6.18E-03	3.26E-03	bad-chisq
group_3721	3.21E-02	5.05E-01	4.93E-01	-2.72E-02	3.96E-02	2.90E-02	
group_3537	3.21E-02	2.32E-01	9.66E-01	2.25E-04	5.35E-03	1.78E-03	bad-chisq
group_3439	3.21E-02	2.32E-01	9.66E-01	2.25E-04	5.35E-03	1.78E-03	bad-chisq
group_3329	3.21E-02	5.05E-01	7.17E-01	1.54E-02	4.26E-02	1.53E-02	
group_2483	3.21E-02	1.10E-01	9.61E-01	2.62E-04	5.34E-03	2.08E-03	
group_2396	3.21E-02	2.32E-01	1.15E-01	5.93E-02	3.76E-02	6.66E-02	bad-chisq
group_2176	3.21E-02	1.10E-01	9.02E-01	6.56E-04	5.35E-03	5.19E-03	
xerC_5~~~xerC_4~~~intQ	3.21E-02	2.32E-01	8.27E-01	9.52E-04	4.35E-03	9.24E-03	bad-chisq
polC_3~~~dinG_2~~~dinG	3.21E-02	2.32E-01	9.59E-01	2.09E-04	4.05E-03	2.19E-03	bad-chisq
group_1966	3.21E-02	2.32E-01	7.73E-01	1.16E-02	4.01E-02	1.22E-02	bad-chisq
dnaG_2~~~dnaG_1~~~dnaG_3	3.21E-02	7.92E-01	9.78E-01	-1.05E-04	3.79E-03	1.18E-03	bad-chisq
group_1789	3.21E-02	2.32E-01	9.38E-01	4.13E-04	5.34E-03	3.28E-03	bad-chisq
group_1494	3.21E-02	2.32E-01	2.90E-01	4.10E-02	3.87E-02	4.47E-02	bad-chisq
group_1323	3.21E-02	5.05E-01	7.50E-01	1.92E-02	6.01E-02	1.35E-02	
group_1302	3.21E-02	2.32E-01	9.74E-01	1.74E-04	5.33E-03	1.38E-03	bad-chisq
group_1107	3.21E-02	1.10E-01	9.61E-01	2.62E-04	5.34E-03	2.08E-03	
group_1079	3.21E-02	7.92E-01	6.96E-01	1.68E-02	4.29E-02	1.66E-02	bad-chisq
group_989	3.21E-02	2.32E-01	9.27E-01	3.72E-04	4.05E-03	3.88E-03	bad-chisq
group_956	3.21E-02	2.32E-01	2.41E-02	8.85E-02	3.91E-02	9.52E-02	bad-chisq
group_916	3.21E-02	7.92E-01	7.28E-01	-1.46E-02	4.20E-02	1.47E-02	bad-chisq
group_479	3.21E-02	7.92E-01	6.94E-01	1.85E-02	4.70E-02	1.67E-02	bad-chisq
lldP	3.21E-02	2.32E-01	9.39E-01	4.76E-04	6.18E-03	3.26E-03	bad-chisq
csoR_2	3.03E-02	4.06E-17	1.95E-02	-1.16E-01	4.97E-02	9.86E-02	
group_3451	3.03E-02	4.51E-01	8.25E-01	-1.36E-03	6.13E-03	9.35E-03	
group_3393	3.03E-02	7.62E-03	9.14E-01	5.75E-04	5.34E-03	4.55E-03	
group_3270	3.03E-02	4.51E-01	8.25E-01	-1.36E-03	6.13E-03	9.35E-03	
group_3016	3.03E-02	2.46E-01	4.57E-01	4.28E-02	5.74E-02	3.15E-02	bad-chisq
mta	3.03E-02	2.46E-01	9.57E-01	2.21E-04	4.05E-03	2.31E-03	bad-chisq
group_2401	3.03E-02	8.70E-02	7.46E-01	-1.98E-03	6.11E-03	1.37E-02	
group_2381	3.03E-02	4.51E-01	9.23E-01	5.17E-04	5.33E-03	4.10E-03	
group_2333	3.03E-02	8.39E-01	5.20E-01	2.71E-02	4.21E-02	2.72E-02	bad-chisq
group_2323	3.03E-02	8.70E-02	2.09E-01	-3.85E-02	3.06E-02	5.31E-02	
group_2322	3.03E-02	4.51E-01	8.25E-01	7.93E-03	3.58E-02	9.37E-03	
soj_2~~~soj_1	3.03E-02	8.39E-01	7.13E-01	-1.47E-02	3.99E-02	1.56E-02	bad-chisq
group_1959	3.03E-02	4.51E-01	9.38E-01	-3.38E-04	4.37E-03	3.27E-03	
group_1892	3.03E-02	4.51E-01	9.84E-01	-8.24E-05	4.04E-03	8.62E-04	
ywnA	3.03E-02	7.62E-03	9.23E-01	5.19E-04	5.36E-03	4.10E-03	
group_1817	3.03E-02	8.39E-01	9.57E-01	3.28E-04	6.14E-03	2.26E-03	bad-chisq
irtB~~~btuD_2~~~cydD	3.03E-02	7.62E-03	9.14E-01	5.75E-04	5.34E-03	4.55E-03	
group_1623	3.03E-02	4.51E-01	7.85E-01	1.40E-02	5.14E-02	1.15E-02	
group_1465	3.03E-02	8.39E-01	9.74E-01	-1.74E-04	5.34E-03	1.38E-03	bad-chisq
group_1351	3.03E-02	8.39E-01	6.90E-01	1.84E-02	4.60E-02	1.69E-02	bad-chisq
group_1328	3.03E-02	2.46E-01	4.57E-01	4.28E-02	5.74E-02	3.15E-02	bad-chisq
group_1225	3.03E-02	7.62E-03	9.65E-01	1.93E-04	4.37E-03	1.87E-03	
group_1130	3.03E-02	3.03E-08	4.89E-01	-3.14E-02	4.54E-02	2.93E-02	
group_1097	3.03E-02	8.39E-01	9.59E-01	-2.07E-04	4.05E-03	2.16E-03	bad-chisq
group_1042	3.03E-02	8.39E-01	9.74E-01	-1.74E-04	5.34E-03	1.38E-03	bad-chisq
group_985	3.03E-02	8.70E-02	9.60E-01	2.69E-04	5.33E-03	2.14E-03	
xynA1~~~xynA1_1	3.03E-02	2.88E-04	6.29E-01	-2.62E-02	5.41E-02	2.05E-02	
cpg2_1	3.03E-02	2.46E-01	9.56E-01	2.93E-04	5.36E-03	2.31E-03	bad-chisq
group_811	3.03E-02	3.03E-08	6.85E-01	2.14E-02	5.28E-02	1.72E-02	
dctM_2	3.03E-02	2.46E-01	4.57E-01	4.28E-02	5.74E-02	3.15E-02	bad-chisq
guaD_2	3.03E-02	8.39E-01	9.64E-01	-2.41E-04	5.34E-03	1.91E-03	bad-chisq
group_502	3.03E-02	2.46E-01	9.53E-01	3.16E-04	5.32E-03	2.51E-03	bad-chisq
group_244	3.03E-02	2.46E-01	9.56E-01	2.93E-04	5.36E-03	2.31E-03	bad-chisq
hpdA_2~~~hpdA_1	3.03E-02	2.46E-01	4.57E-01	4.28E-02	5.74E-02	3.15E-02	bad-chisq
group_218	3.03E-02	8.39E-01	9.74E-01	-1.74E-04	5.34E-03	1.38E-03	bad-chisq
oppF_1	3.03E-02	2.46E-01	9.56E-01	2.93E-04	5.36E-03	2.31E-03	bad-chisq
group_149	3.03E-02	2.46E-01	9.56E-01	2.93E-04	5.36E-03	2.31E-03	bad-chisq
iolO	3.03E-02	2.46E-01	4.15E-01	4.12E-02	5.05E-02	3.45E-02	bad-chisq
group_3707	2.85E-02	2.61E-01	5.57E-01	2.57E-02	4.38E-02	2.48E-02	bad-chisq
group_3613	2.85E-02	3.97E-01	9.75E-01	-1.29E-04	4.05E-03	1.35E-03	
group_3529	2.85E-02	3.97E-01	9.75E-01	-1.29E-04	4.05E-03	1.35E-03	
group_3467	2.85E-02	3.97E-01	9.75E-01	-1.29E-04	4.05E-03	1.35E-03	
group_3416	2.85E-02	3.97E-01	9.75E-01	-1.29E-04	4.05E-03	1.35E-03	
group_3254	2.85E-02	8.90E-01	9.64E-01	-2.42E-04	5.34E-03	1.91E-03	bad-chisq
group_3233	2.85E-02	8.90E-01	3.33E-01	-4.80E-02	4.96E-02	4.10E-02	bad-chisq
group_3218	2.85E-02	3.97E-01	9.75E-01	-1.29E-04	4.05E-03	1.35E-03	
group_3037	2.85E-02	3.97E-01	9.75E-01	-1.29E-04	4.05E-03	1.35E-03	
group_2990	2.85E-02	3.97E-01	9.75E-01	-1.29E-04	4.05E-03	1.35E-03	
group_2724	2.85E-02	3.97E-01	9.75E-01	-1.29E-04	4.05E-03	1.35E-03	
group_2650	2.85E-02	3.97E-01	9.71E-01	-1.46E-04	4.04E-03	1.52E-03	
group_2631	2.85E-02	8.90E-01	9.64E-01	-2.42E-04	5.34E-03	1.91E-03	bad-chisq
group_2571	2.85E-02	8.90E-01	7.68E-01	1.65E-02	5.60E-02	1.25E-02	bad-chisq
lctP	2.85E-02	2.61E-01	5.57E-01	2.57E-02	4.38E-02	2.48E-02	bad-chisq
group_2399	2.85E-02	2.61E-01	5.72E-01	2.46E-02	4.35E-02	2.39E-02	bad-chisq
group_2321	2.85E-02	3.97E-01	8.37E-01	7.68E-03	3.73E-02	8.70E-03	
noc_1~~~noc_3~~~noc_2	2.85E-02	8.90E-01	7.00E-01	-1.56E-02	4.05E-02	1.63E-02	bad-chisq
group_2282	2.85E-02	8.90E-01	7.32E-01	1.37E-02	3.99E-02	1.45E-02	bad-chisq
group_2273	2.85E-02	2.61E-01	5.70E-01	1.90E-02	3.34E-02	2.40E-02	bad-chisq
group_2242	2.85E-02	1.67E-06	6.09E-01	-1.88E-02	3.68E-02	2.17E-02	
group_2223	2.85E-02	2.61E-01	8.99E-01	5.17E-03	4.06E-02	5.38E-03	bad-chisq
group_2178	2.85E-02	2.61E-01	9.72E-01	1.86E-04	5.35E-03	1.47E-03	bad-chisq
noc_2~~~noc_1~~~noc_3	2.85E-02	3.97E-01	9.80E-01	-8.62E-05	3.38E-03	1.08E-03	
group_2110	2.85E-02	4.83E-03	9.39E-01	3.46E-03	4.49E-02	3.26E-03	
cynR	2.85E-02	2.61E-01	5.57E-01	2.57E-02	4.38E-02	2.48E-02	bad-chisq
group_2070	2.85E-02	3.97E-01	7.32E-01	1.45E-02	4.24E-02	1.45E-02	
group_2047	2.85E-02	3.97E-01	6.60E-01	-1.84E-02	4.19E-02	1.86E-02	
group_1983	2.85E-02	3.97E-01	9.75E-01	-1.91E-04	6.12E-03	1.32E-03	
group_1977	2.85E-02	8.90E-01	9.64E-01	-2.42E-04	5.34E-03	1.92E-03	bad-chisq
group_1870	2.85E-02	8.90E-01	9.24E-01	-5.12E-04	5.34E-03	4.05E-03	bad-chisq
rpoS~~~sigA_2	2.85E-02	3.97E-01	9.42E-01	-4.49E-04	6.14E-03	3.09E-03	
group_1645	2.85E-02	3.97E-01	9.75E-01	-1.29E-04	4.05E-03	1.35E-03	
group_1637	2.85E-02	8.90E-01	9.44E-01	-2.83E-04	4.06E-03	2.95E-03	bad-chisq
group_1632	2.85E-02	3.97E-01	9.75E-01	-1.29E-04	4.05E-03	1.35E-03	
xynR_1	2.85E-02	9.78E-27	5.94E-04	-2.30E-01	6.65E-02	1.45E-01	
group_1568	2.85E-02	8.90E-01	7.68E-01	1.65E-02	5.60E-02	1.25E-02	bad-chisq
group_1449	2.85E-02	8.90E-01	5.76E-01	2.27E-02	4.06E-02	2.37E-02	bad-chisq
group_1421	2.85E-02	3.97E-01	9.75E-01	-1.29E-04	4.05E-03	1.35E-03	
oppD_1	2.85E-02	2.61E-01	9.59E-01	2.74E-04	5.37E-03	2.16E-03	bad-chisq
group_1300	2.85E-02	2.61E-01	9.49E-01	3.41E-04	5.35E-03	2.70E-03	bad-chisq
group_1240	2.85E-02	3.97E-01	9.75E-01	-1.29E-04	4.05E-03	1.35E-03	
group_1233	2.85E-02	3.97E-01	9.75E-01	-1.29E-04	4.05E-03	1.35E-03	
group_1145	2.85E-02	3.97E-01	9.75E-01	-1.29E-04	4.05E-03	1.35E-03	
group_1136	2.85E-02	3.97E-01	9.71E-01	-1.46E-04	4.04E-03	1.52E-03	
cpg2_2	2.85E-02	2.61E-01	5.57E-01	2.57E-02	4.38E-02	2.48E-02	bad-chisq
group_864	2.85E-02	3.97E-01	9.75E-01	-1.29E-04	4.05E-03	1.35E-03	
dapE_1	2.85E-02	2.61E-01	5.57E-01	2.57E-02	4.38E-02	2.48E-02	bad-chisq
group_768	2.85E-02	3.97E-01	9.71E-01	-1.46E-04	4.04E-03	1.52E-03	
glgB_1	2.85E-02	3.97E-01	9.57E-01	-2.37E-04	4.36E-03	2.30E-03	
group_706	2.85E-02	3.97E-01	9.75E-01	-1.29E-04	4.05E-03	1.35E-03	
group_705	2.85E-02	3.97E-01	9.75E-01	-1.29E-04	4.05E-03	1.35E-03	
gltP_1	2.85E-02	2.61E-01	5.57E-01	2.57E-02	4.38E-02	2.48E-02	bad-chisq
group_582	2.85E-02	8.90E-01	1.84E-01	-7.56E-02	5.68E-02	5.62E-02	bad-chisq
group_574	2.85E-02	8.90E-01	7.68E-01	1.65E-02	5.60E-02	1.25E-02	bad-chisq
group_510	2.85E-02	3.97E-01	9.75E-01	-1.29E-04	4.05E-03	1.35E-03	
group_459	2.85E-02	3.97E-01	9.75E-01	-1.29E-04	4.05E-03	1.35E-03	
group_368	2.85E-02	3.97E-01	9.75E-01	-1.29E-04	4.05E-03	1.35E-03	
group_325	2.85E-02	3.97E-01	9.71E-01	-1.46E-04	4.04E-03	1.52E-03	
group_303	2.85E-02	3.97E-01	9.75E-01	-1.29E-04	4.05E-03	1.35E-03	
rbsA_4	2.85E-02	8.90E-01	9.64E-01	-2.39E-04	5.34E-03	1.89E-03	bad-chisq
group_3999	2.67E-02	3.44E-01	9.70E-01	-1.50E-04	4.04E-03	1.57E-03	
group_3814	2.67E-02	2.77E-01	5.17E-01	2.14E-02	3.30E-02	2.74E-02	bad-chisq
group_3583	2.67E-02	9.44E-01	9.57E-01	-2.17E-04	4.05E-03	2.27E-03	bad-chisq
group_3515	2.67E-02	9.44E-01	4.58E-01	-2.68E-02	3.61E-02	3.14E-02	bad-chisq
group_3250	2.67E-02	3.44E-01	9.70E-01	-1.50E-04	4.04E-03	1.57E-03	
group_3240	2.67E-02	9.44E-01	9.57E-01	-2.17E-04	4.05E-03	2.27E-03	bad-chisq
group_3092	2.67E-02	9.44E-01	7.19E-01	1.67E-02	4.63E-02	1.52E-02	bad-chisq
group_2908	2.67E-02	3.44E-01	9.74E-01	-1.33E-04	4.04E-03	1.39E-03	
dgoA	2.67E-02	3.44E-01	8.61E-01	1.08E-03	6.16E-03	7.41E-03	
group_2740	2.67E-02	3.44E-01	9.74E-01	-1.33E-04	4.04E-03	1.39E-03	
group_2586	2.67E-02	3.44E-01	9.70E-01	-1.50E-04	4.04E-03	1.57E-03	
group_2565	2.67E-02	9.44E-01	9.64E-01	-2.42E-04	5.34E-03	1.91E-03	bad-chisq
lsrF	2.67E-02	9.44E-01	9.57E-01	-2.17E-04	4.05E-03	2.27E-03	bad-chisq
aroE_2	2.67E-02	2.88E-03	4.34E-03	-1.54E-01	5.38E-02	1.20E-01	
group_2463	2.67E-02	2.77E-01	9.58E-01	2.83E-04	5.37E-03	2.23E-03	bad-chisq
group_2404	2.67E-02	2.88E-03	8.70E-01	6.90E-03	4.21E-02	6.93E-03	
group_2384	2.67E-02	2.77E-01	8.58E-01	1.10E-03	6.14E-03	7.55E-03	bad-chisq
group_2329	2.67E-02	9.44E-01	8.85E-01	-8.86E-04	6.12E-03	6.13E-03	bad-chisq
group_2313	2.67E-02	9.44E-01	9.08E-01	-6.16E-04	5.35E-03	4.87E-03	bad-chisq
group_2238	2.67E-02	9.44E-01	5.56E-01	-2.80E-02	4.75E-02	2.49E-02	bad-chisq
cynR_1	2.67E-02	2.77E-01	9.57E-01	2.92E-04	5.36E-03	2.30E-03	bad-chisq
group_2195	2.67E-02	9.44E-01	9.25E-01	-3.82E-04	4.05E-03	4.00E-03	bad-chisq
group_2101	2.67E-02	9.44E-01	7.83E-01	1.05E-02	3.81E-02	1.17E-02	bad-chisq
group_2017	2.67E-02	2.77E-01	9.01E-01	6.68E-04	5.35E-03	5.28E-03	bad-chisq
group_1985	2.67E-02	2.77E-01	9.58E-01	2.83E-04	5.37E-03	2.23E-03	bad-chisq
group_1972	2.67E-02	4.96E-02	9.59E-01	-3.17E-04	6.12E-03	2.19E-03	
fba_1~~~fbaA_1	2.67E-02	4.96E-02	9.87E-01	7.32E-05	4.37E-03	7.08E-04	
group_1902	2.67E-02	3.44E-01	2.31E-01	5.92E-02	4.93E-02	5.07E-02	
group_1893	2.67E-02	3.44E-01	9.74E-01	-2.00E-04	6.12E-03	1.38E-03	
group_1734	2.67E-02	2.77E-01	9.54E-01	3.08E-04	5.35E-03	2.44E-03	bad-chisq
group_1709	2.67E-02	4.96E-02	9.59E-01	-3.17E-04	6.12E-03	2.19E-03	
group_1702	2.67E-02	9.44E-01	9.18E-01	6.36E-04	6.14E-03	4.38E-03	bad-chisq
noc_3~~~noc_1~~~noc_2~~~noc	2.67E-02	9.44E-01	8.53E-01	-7.95E-03	4.28E-02	7.85E-03	bad-chisq
group_1654	2.67E-02	3.44E-01	9.47E-01	-4.10E-04	6.17E-03	2.81E-03	
group_1597	2.67E-02	4.96E-02	9.59E-01	-3.17E-04	6.12E-03	2.19E-03	
group_1596	2.67E-02	4.96E-02	9.59E-01	-3.17E-04	6.12E-03	2.19E-03	
group_1595	2.67E-02	3.44E-01	9.70E-01	-1.50E-04	4.04E-03	1.57E-03	
group_1580	2.67E-02	2.77E-01	8.45E-01	1.20E-03	6.16E-03	8.25E-03	bad-chisq
group_1497	2.67E-02	3.44E-01	1.21E-02	-1.19E-01	4.71E-02	1.06E-01	
group_1469	2.67E-02	2.77E-01	5.17E-01	2.14E-02	3.30E-02	2.74E-02	bad-chisq
group_1440	2.67E-02	4.96E-02	9.43E-01	2.88E-04	4.06E-03	3.00E-03	
group_1404	2.67E-02	9.44E-01	4.58E-01	-2.68E-02	3.61E-02	3.14E-02	bad-chisq
group_1399	2.67E-02	3.44E-01	9.74E-01	-1.33E-04	4.04E-03	1.39E-03	
group_1361	2.67E-02	3.44E-01	9.70E-01	-1.50E-04	4.04E-03	1.57E-03	
group_1320	2.67E-02	3.44E-01	9.70E-01	-1.50E-04	4.04E-03	1.57E-03	
group_1266	2.67E-02	3.44E-01	9.74E-01	-1.33E-04	4.04E-03	1.39E-03	
recU	2.67E-02	4.96E-02	9.59E-01	-3.17E-04	6.12E-03	2.19E-03	
group_1120	2.67E-02	3.44E-01	9.70E-01	-1.50E-04	4.04E-03	1.57E-03	
group_1099	2.67E-02	2.88E-03	4.34E-03	-1.54E-01	5.38E-02	1.20E-01	
group_1069	2.67E-02	4.96E-02	9.59E-01	-3.17E-04	6.12E-03	2.19E-03	
vraR_2	2.67E-02	2.77E-01	9.01E-01	6.68E-04	5.35E-03	5.28E-03	bad-chisq
sigE_1~~~sigA_1	2.67E-02	9.44E-01	9.61E-01	-2.59E-04	5.34E-03	2.05E-03	bad-chisq
group_1015	2.67E-02	3.44E-01	9.74E-01	-1.29E-04	4.05E-03	1.35E-03	
group_998	2.67E-02	9.44E-01	3.00E-01	-5.44E-02	5.23E-02	4.39E-02	bad-chisq
group_833	2.67E-02	4.96E-02	9.61E-01	2.61E-04	5.35E-03	2.06E-03	
larA_1	2.67E-02	9.44E-01	7.69E-01	1.65E-02	5.62E-02	1.24E-02	bad-chisq
group_666	2.67E-02	2.77E-01	9.58E-01	2.83E-04	5.37E-03	2.23E-03	bad-chisq
group_423	2.67E-02	9.44E-01	9.57E-01	-2.17E-04	4.05E-03	2.27E-03	bad-chisq
ybdM	2.67E-02	3.44E-01	9.74E-01	-1.33E-04	4.04E-03	1.39E-03	
group_299	2.67E-02	4.96E-02	2.67E-01	-5.33E-02	4.80E-02	4.69E-02	
group_261	2.67E-02	2.77E-01	9.01E-01	6.68E-04	5.35E-03	5.28E-03	bad-chisq
group_3920	2.50E-02	2.94E-01	8.41E-01	8.91E-03	4.43E-02	8.50E-03	bad-chisq
group_3896	2.50E-02	2.94E-01	9.21E-01	5.33E-04	5.36E-03	4.21E-03	bad-chisq
group_3844	2.50E-02	3.52E-02	9.61E-01	2.60E-04	5.35E-03	2.06E-03	
group_3480	2.50E-02	2.94E-01	7.09E-01	1.98E-02	5.33E-02	1.58E-02	bad-chisq
group_3390	2.50E-02	2.94E-01	7.09E-01	1.98E-02	5.33E-02	1.58E-02	bad-chisq
group_3371	2.50E-02	2.94E-01	6.00E-01	2.39E-02	4.55E-02	2.22E-02	bad-chisq
group_2984	2.50E-02	2.94E-01	8.09E-01	1.08E-02	4.47E-02	1.02E-02	bad-chisq
group_2813	2.50E-02	2.92E-01	2.70E-01	-5.33E-02	4.83E-02	4.66E-02	
group_2791	2.50E-02	9.99E-01	9.78E-01	-9.42E-05	3.39E-03	1.17E-03	bad-chisq
livF_4	2.50E-02	1.59E-03	4.17E-03	-1.55E-01	5.40E-02	1.21E-01	
livF_2	2.50E-02	9.99E-01	9.57E-01	-2.17E-04	4.05E-03	2.27E-03	bad-chisq
lptB_4	2.50E-02	1.59E-03	4.17E-03	-1.55E-01	5.40E-02	1.21E-01	
group_2598	2.50E-02	9.99E-01	9.57E-01	-2.17E-04	4.05E-03	2.27E-03	bad-chisq
group_2577	2.50E-02	2.94E-01	8.22E-01	1.02E-02	4.54E-02	9.52E-03	bad-chisq
group_2467	2.50E-02	2.94E-01	9.59E-01	2.73E-04	5.37E-03	2.15E-03	bad-chisq
livH_3	2.50E-02	1.59E-03	4.17E-03	-1.55E-01	5.40E-02	1.21E-01	
gsiD	2.50E-02	2.94E-01	9.59E-01	2.73E-04	5.37E-03	2.15E-03	bad-chisq
group_2432	2.50E-02	9.99E-01	9.57E-01	-2.17E-04	4.05E-03	2.27E-03	bad-chisq
dpnM	2.50E-02	9.99E-01	4.93E-01	3.18E-02	4.64E-02	2.90E-02	bad-chisq
group_2365	2.50E-02	1.59E-03	9.00E-01	5.38E-03	4.30E-02	5.29E-03	
group_2341	2.50E-02	9.99E-01	9.76E-01	-1.02E-04	3.39E-03	1.27E-03	bad-chisq
group_2338	2.50E-02	9.99E-01	9.60E-01	-2.03E-04	4.05E-03	2.12E-03	bad-chisq
group_2281	2.50E-02	1.59E-03	9.00E-01	5.38E-03	4.30E-02	5.29E-03	
group_2280	2.50E-02	1.59E-03	9.00E-01	5.38E-03	4.30E-02	5.29E-03	
group_2278	2.50E-02	1.59E-03	9.74E-01	1.47E-03	4.47E-02	1.39E-03	
group_2226	2.50E-02	2.56E-05	9.07E-01	-6.27E-04	5.35E-03	4.96E-03	
cynR_2	2.50E-02	2.94E-01	9.59E-01	2.73E-04	5.37E-03	2.15E-03	bad-chisq
group_2204	2.50E-02	2.94E-01	9.90E-01	4.68E-05	3.80E-03	5.21E-04	bad-chisq
group_2128	2.50E-02	9.99E-01	4.15E-01	-3.91E-02	4.80E-02	3.45E-02	bad-chisq
xerC_2~~~xerC_1	2.50E-02	2.92E-01	4.38E-01	-3.27E-02	4.20E-02	3.28E-02	
xis	2.50E-02	9.99E-01	7.17E-01	1.62E-02	4.46E-02	1.53E-02	bad-chisq
group_1941	2.50E-02	2.94E-01	9.59E-01	2.73E-04	5.37E-03	2.15E-03	bad-chisq
group_1910	2.50E-02	1.59E-03	9.00E-01	5.38E-03	4.30E-02	5.29E-03	
group_1794	2.50E-02	2.92E-01	5.45E-01	-2.89E-02	4.76E-02	2.56E-02	
group_1768	2.50E-02	2.92E-01	2.70E-01	-5.33E-02	4.83E-02	4.66E-02	
group_1681	2.50E-02	9.99E-01	9.57E-01	-2.17E-04	4.05E-03	2.27E-03	bad-chisq
group_1652	2.50E-02	1.59E-03	4.17E-03	-1.55E-01	5.40E-02	1.21E-01	
group_1622	2.50E-02	2.92E-01	9.54E-01	-3.55E-04	6.12E-03	2.45E-03	
ydiP	2.50E-02	3.52E-02	2.06E-02	-9.51E-02	4.10E-02	9.77E-02	
group_1592	2.50E-02	9.99E-01	9.94E-01	4.80E-05	6.16E-03	3.30E-04	bad-chisq
group_1474	2.50E-02	3.52E-02	9.61E-01	2.60E-04	5.35E-03	2.06E-03	
iolC	2.50E-02	9.99E-01	9.57E-01	-2.17E-04	4.05E-03	2.27E-03	bad-chisq
group_1432	2.50E-02	2.92E-01	9.59E-01	-3.17E-04	6.13E-03	2.19E-03	
group_1418	2.50E-02	9.99E-01	2.09E-01	-6.87E-02	5.46E-02	5.31E-02	bad-chisq
xerC_3~~~xerC_4	2.50E-02	9.99E-01	8.46E-01	-9.10E-03	4.67E-02	8.24E-03	bad-chisq
group_1345	2.50E-02	9.99E-01	9.57E-01	-2.17E-04	4.05E-03	2.27E-03	bad-chisq
group_1294	2.50E-02	9.99E-01	4.42E-01	-3.36E-02	4.37E-02	3.25E-02	bad-chisq
group_1234	2.50E-02	1.59E-03	4.17E-03	-1.55E-01	5.40E-02	1.21E-01	
group_1214	2.50E-02	2.92E-01	9.55E-01	-3.47E-04	6.13E-03	2.39E-03	
potA_2~~~potA~~~btuD_3~~~btuD_4	2.50E-02	3.52E-02	1.79E-01	-7.61E-02	5.66E-02	5.68E-02	
group_1059	2.50E-02	2.94E-01	9.58E-01	2.77E-04	5.33E-03	2.20E-03	bad-chisq
group_870	2.50E-02	2.92E-01	9.59E-01	-3.17E-04	6.13E-03	2.19E-03	
group_863	2.50E-02	2.94E-01	9.71E-01	1.97E-04	5.36E-03	1.56E-03	bad-chisq
group_812	2.50E-02	2.94E-01	9.36E-01	4.30E-04	5.35E-03	3.40E-03	bad-chisq
group_794	2.50E-02	9.99E-01	9.57E-01	-2.17E-04	4.05E-03	2.27E-03	bad-chisq
kdnA_1	2.50E-02	2.94E-01	9.59E-01	2.73E-04	5.37E-03	2.15E-03	bad-chisq
group_760	2.50E-02	2.94E-01	8.41E-01	8.91E-03	4.43E-02	8.50E-03	bad-chisq
mepA_8	2.50E-02	9.99E-01	9.37E-01	-4.25E-04	5.34E-03	3.37E-03	bad-chisq
iolG	2.50E-02	1.59E-03	9.64E-02	-9.18E-02	5.51E-02	7.03E-02	
group_322	2.50E-02	2.94E-01	9.71E-01	1.96E-04	5.36E-03	1.55E-03	bad-chisq
group_317	2.50E-02	2.92E-01	8.96E-01	-8.05E-04	6.16E-03	5.53E-03	
gsiB	2.50E-02	2.94E-01	9.59E-01	2.73E-04	5.37E-03	2.15E-03	bad-chisq
bglB	2.50E-02	2.94E-01	9.59E-01	2.73E-04	5.37E-03	2.15E-03	bad-chisq
dgt	2.50E-02	2.92E-01	2.53E-02	-1.14E-01	5.10E-02	9.44E-02	
group_186	2.50E-02	9.99E-01	9.37E-01	-4.25E-04	5.34E-03	3.37E-03	bad-chisq
group_3968	2.32E-02	3.12E-01	6.88E-01	2.32E-02	5.78E-02	1.70E-02	bad-chisq
group_3874	2.32E-02	3.12E-01	7.44E-01	3.25E-02	9.96E-02	1.38E-02	bad-chisq
group_3832	2.32E-02	3.12E-01	9.87E-01	8.57E-05	5.35E-03	6.77E-04	bad-chisq
group_3713	2.32E-02	9.36E-01	9.72E-01	-2.14E-04	6.13E-03	1.48E-03	bad-chisq
group_3614	2.32E-02	3.12E-01	9.81E-01	1.26E-04	5.36E-03	9.93E-04	bad-chisq
group_3582	2.32E-02	2.38E-02	1.43E-01	-5.03E-02	3.42E-02	6.20E-02	
group_3566	2.32E-02	3.12E-01	9.69E-01	2.05E-04	5.31E-03	1.63E-03	bad-chisq
group_3466	2.32E-02	3.12E-01	9.69E-01	2.05E-04	5.31E-03	1.63E-03	bad-chisq
group_3353	2.32E-02	3.12E-01	9.69E-01	2.07E-04	5.33E-03	1.64E-03	bad-chisq
group_2805	2.32E-02	3.12E-01	9.45E-01	3.70E-04	5.32E-03	2.94E-03	bad-chisq
group_2727	2.32E-02	3.12E-01	9.20E-01	5.41E-04	5.35E-03	4.28E-03	bad-chisq
group_2493	2.32E-02	9.36E-01	9.61E-01	-2.60E-04	5.35E-03	2.06E-03	bad-chisq
group_2489	2.32E-02	9.36E-01	9.61E-01	-2.59E-04	5.35E-03	2.05E-03	bad-chisq
group_2436	2.32E-02	9.36E-01	9.85E-01	7.57E-05	4.05E-03	7.90E-04	bad-chisq
cysB	2.32E-02	3.12E-01	9.45E-01	3.70E-04	5.32E-03	2.94E-03	bad-chisq
group_2389	2.32E-02	9.36E-01	2.52E-01	-5.66E-02	4.94E-02	4.84E-02	bad-chisq
group_2335	2.32E-02	2.38E-02	9.07E-01	5.34E-03	4.59E-02	4.92E-03	
group_2330	2.32E-02	9.36E-01	4.77E-01	3.51E-02	4.92E-02	3.01E-02	bad-chisq
spoVG	2.32E-02	3.12E-01	3.85E-01	4.09E-02	4.71E-02	3.67E-02	bad-chisq
group_2306	2.32E-02	9.36E-01	9.40E-01	-2.86E-04	3.80E-03	3.18E-03	bad-chisq
group_2303	2.32E-02	9.36E-01	4.17E-01	-2.70E-02	3.32E-02	3.44E-02	bad-chisq
group_2227	2.32E-02	8.04E-04	9.09E-01	-6.10E-04	5.35E-03	4.82E-03	
group_2216	2.32E-02	9.36E-01	9.69E-01	1.59E-04	4.04E-03	1.67E-03	bad-chisq
group_2146	2.32E-02	9.36E-01	9.28E-01	4.85E-04	5.36E-03	3.83E-03	bad-chisq
group_2061	2.32E-02	9.36E-01	9.41E-01	2.50E-04	3.38E-03	3.13E-03	bad-chisq
group_2012	2.32E-02	2.42E-01	8.53E-01	9.26E-03	4.98E-02	7.87E-03	
group_1969	2.32E-02	9.36E-01	9.32E-01	-4.56E-04	5.37E-03	3.59E-03	bad-chisq
group_1932	2.32E-02	9.36E-01	9.48E-01	2.48E-04	3.80E-03	2.76E-03	bad-chisq
group_1908	2.32E-02	9.36E-01	8.80E-01	-8.12E-04	5.36E-03	6.41E-03	bad-chisq
group_1883	2.32E-02	9.36E-01	9.21E-01	5.31E-04	5.35E-03	4.20E-03	bad-chisq
group_1851	2.32E-02	3.12E-01	9.69E-01	2.06E-04	5.32E-03	1.64E-03	bad-chisq
group_1812	2.32E-02	2.42E-01	4.86E-01	-2.72E-02	3.90E-02	2.95E-02	
group_1742	2.32E-02	9.36E-01	9.34E-01	-3.14E-04	3.80E-03	3.50E-03	bad-chisq
cytR_2	2.32E-02	2.38E-02	9.60E-02	-9.29E-02	5.57E-02	7.04E-02	
group_1368	2.32E-02	3.12E-01	6.20E-01	2.34E-02	4.73E-02	2.10E-02	bad-chisq
group_1322	2.32E-02	3.12E-01	4.49E-01	3.12E-02	4.12E-02	3.20E-02	bad-chisq
group_1307	2.32E-02	8.04E-04	9.87E-01	-9.82E-05	6.16E-03	6.74E-04	
btuD_2~~~btuD_1	2.32E-02	9.36E-01	9.73E-01	1.83E-04	5.35E-03	1.45E-03	bad-chisq
group_1286	2.32E-02	2.42E-01	2.55E-01	6.06E-02	5.32E-02	4.82E-02	
group_1245	2.32E-02	2.42E-01	1.33E-01	8.63E-02	5.74E-02	6.35E-02	
group_1219	2.32E-02	8.04E-04	3.74E-01	4.46E-02	5.01E-02	3.76E-02	
group_1137	2.32E-02	3.12E-01	8.88E-01	7.55E-04	5.35E-03	5.97E-03	bad-chisq
group_1067	2.32E-02	9.36E-01	8.55E-01	8.68E-03	4.75E-02	7.73E-03	bad-chisq
group_1002	2.32E-02	9.36E-01	9.68E-01	1.78E-04	4.37E-03	1.72E-03	bad-chisq
group_935	2.32E-02	3.12E-01	9.69E-01	2.07E-04	5.33E-03	1.64E-03	bad-chisq
group_900	2.32E-02	9.36E-01	9.78E-01	-9.50E-05	3.39E-03	1.18E-03	bad-chisq
group_853	2.32E-02	3.12E-01	9.77E-01	1.54E-04	5.36E-03	1.21E-03	bad-chisq
group_821	2.32E-02	2.42E-01	2.55E-01	6.06E-02	5.32E-02	4.82E-02	
group_804	2.32E-02	3.12E-01	7.27E-01	1.52E-02	4.34E-02	1.48E-02	bad-chisq
group_690	2.32E-02	2.38E-02	9.60E-02	-9.29E-02	5.57E-02	7.04E-02	
group_531	2.32E-02	3.12E-01	9.69E-01	2.05E-04	5.31E-03	1.63E-03	bad-chisq
acsE	2.32E-02	2.42E-01	9.77E-01	1.80E-04	6.15E-03	1.24E-03	
group_348	2.32E-02	3.12E-01	9.37E-01	4.18E-04	5.32E-03	3.33E-03	bad-chisq
group_6	2.32E-02	3.12E-01	7.03E-01	4.44E-02	1.16E-01	1.61E-02	bad-chisq
group_3921	2.14E-02	3.32E-01	8.61E-01	1.07E-03	6.15E-03	7.39E-03	bad-chisq
group_3531	2.14E-02	1.94E-01	9.21E-01	-6.05E-04	6.14E-03	4.17E-03	
group_3305	2.14E-02	1.94E-01	9.81E-01	-1.50E-04	6.18E-03	1.03E-03	
group_3126	2.14E-02	1.94E-01	2.68E-01	6.14E-02	5.54E-02	4.69E-02	
group_3090	2.14E-02	3.32E-01	5.64E-01	2.60E-02	4.51E-02	2.44E-02	bad-chisq
intQ_1	2.14E-02	3.32E-01	9.32E-01	4.55E-04	5.36E-03	3.59E-03	bad-chisq
group_2814	2.14E-02	3.32E-01	9.61E-01	2.64E-04	5.38E-03	2.08E-03	bad-chisq
group_2717	2.14E-02	3.32E-01	9.69E-01	2.05E-04	5.32E-03	1.63E-03	bad-chisq
group_2457	2.14E-02	8.70E-01	8.88E-01	-8.67E-04	6.16E-03	5.95E-03	bad-chisq
group_2292	2.14E-02	3.63E-04	9.67E-01	1.96E-03	4.75E-02	1.74E-03	
group_2279	2.14E-02	1.50E-02	9.71E-01	1.70E-03	4.73E-02	1.52E-03	
group_2215	2.14E-02	8.70E-01	8.75E-01	-8.45E-04	5.37E-03	6.65E-03	bad-chisq
group_2211	2.14E-02	8.70E-01	9.94E-01	-2.77E-05	3.80E-03	3.09E-04	bad-chisq
group_2191	2.14E-02	8.70E-01	8.75E-01	-8.45E-04	5.37E-03	6.65E-03	bad-chisq
group_2131	2.14E-02	8.70E-01	9.04E-01	-6.44E-04	5.35E-03	5.09E-03	bad-chisq
xynA1_1~~~xynA1	2.14E-02	3.32E-01	9.86E-01	7.31E-05	4.06E-03	7.62E-04	bad-chisq
group_2099	2.14E-02	8.70E-01	8.17E-01	1.02E-02	4.42E-02	9.80E-03	bad-chisq
group_2095	2.14E-02	3.32E-01	9.82E-01	9.02E-05	4.05E-03	9.41E-04	bad-chisq
group_2075	2.14E-02	3.63E-04	8.76E-01	7.10E-03	4.55E-02	6.60E-03	
group_2022	2.14E-02	8.70E-01	3.66E-01	-4.61E-02	5.09E-02	3.83E-02	bad-chisq
group_1999	2.14E-02	8.70E-01	9.29E-01	-3.60E-04	4.05E-03	3.76E-03	bad-chisq
group_1840	2.14E-02	1.94E-01	9.73E-01	-2.29E-03	6.73E-02	1.44E-03	
noc_3~~~noc_2~~~noc_1	2.14E-02	1.94E-01	9.51E-01	-3.74E-04	6.13E-03	2.58E-03	
group_1656	2.14E-02	8.70E-01	9.09E-01	-6.11E-04	5.33E-03	4.84E-03	bad-chisq
group_1635	2.14E-02	3.32E-01	9.87E-01	8.56E-05	5.36E-03	6.76E-04	bad-chisq
group_1589	2.14E-02	3.32E-01	6.95E-01	1.82E-02	4.64E-02	1.66E-02	bad-chisq
group_1496	2.14E-02	8.70E-01	8.87E-01	-7.63E-04	5.37E-03	6.01E-03	bad-chisq
group_1386	2.14E-02	3.32E-01	8.89E-01	8.61E-04	6.16E-03	5.91E-03	bad-chisq
group_1381	2.14E-02	1.94E-01	9.39E-01	-4.71E-04	6.16E-03	3.24E-03	
thpA	2.14E-02	1.94E-01	9.81E-01	-1.50E-04	6.18E-03	1.03E-03	
group_1195	2.14E-02	8.70E-01	9.72E-01	-1.20E-04	3.40E-03	1.50E-03	bad-chisq
group_1180	2.14E-02	8.70E-01	8.88E-01	6.82E-03	4.84E-02	5.96E-03	bad-chisq
group_1174	2.14E-02	3.32E-01	8.67E-01	1.04E-03	6.16E-03	7.10E-03	bad-chisq
group_1111	2.14E-02	8.70E-01	9.40E-01	-4.00E-04	5.35E-03	3.16E-03	bad-chisq
group_1110	2.14E-02	1.94E-01	9.81E-01	-1.50E-04	6.18E-03	1.03E-03	
group_1068	2.14E-02	3.32E-01	6.94E-01	1.90E-02	4.82E-02	1.66E-02	bad-chisq
group_1036	2.14E-02	3.32E-01	5.69E-01	2.07E-02	3.64E-02	2.41E-02	bad-chisq
group_1008	2.14E-02	3.32E-01	8.14E-01	1.18E-02	5.02E-02	9.95E-03	bad-chisq
group_978	2.14E-02	8.70E-01	3.27E-01	-3.98E-02	4.06E-02	4.15E-02	bad-chisq
rbsC_3~~~araH~~~rbsC_4	2.14E-02	3.40E-25	1.07E-02	-1.98E-01	7.72E-02	1.08E-01	
group_892	2.14E-02	8.70E-01	9.45E-01	-3.71E-04	5.35E-03	2.93E-03	bad-chisq
group_753	2.14E-02	8.70E-01	9.09E-01	-6.11E-04	5.33E-03	4.84E-03	bad-chisq
group_748	2.14E-02	8.70E-01	8.51E-01	8.00E-03	4.27E-02	7.93E-03	bad-chisq
group_688	2.14E-02	1.94E-01	5.38E-01	2.48E-02	4.03E-02	2.61E-02	
rhaS_2	2.14E-02	1.31E-36	6.63E-08	-8.48E-01	1.55E-01	2.26E-01	bad-chisq
group_279	2.14E-02	1.31E-36	6.63E-08	-8.48E-01	1.55E-01	2.26E-01	bad-chisq
perR_1~~~perR_3	2.14E-02	1.31E-36	6.63E-08	-8.48E-01	1.55E-01	2.26E-01	bad-chisq
group_157	2.14E-02	1.94E-01	9.61E-01	-3.02E-04	6.16E-03	2.07E-03	
group_102	2.14E-02	8.70E-01	9.59E-01	-1.97E-04	3.80E-03	2.19E-03	bad-chisq
group_3824	1.96E-02	3.53E-01	5.06E-01	2.86E-02	4.29E-02	2.82E-02	bad-chisq
group_3738	1.96E-02	3.53E-01	3.41E-01	5.13E-02	5.37E-02	4.03E-02	bad-chisq
group_3711	1.96E-02	3.53E-01	6.85E-02	1.19E-01	6.50E-02	7.70E-02	bad-chisq
group_3441	1.96E-02	7.99E-01	9.31E-01	-4.63E-04	5.35E-03	3.65E-03	bad-chisq
group_3408	1.96E-02	7.99E-01	9.47E-01	-3.53E-04	5.36E-03	2.79E-03	bad-chisq
group_3209	1.96E-02	1.42E-04	8.92E-01	-6.72E-03	4.96E-02	5.73E-03	
group_3207	1.96E-02	3.53E-01	5.06E-01	2.86E-02	4.29E-02	2.82E-02	bad-chisq
group_3061	1.96E-02	1.50E-01	9.70E-01	-2.31E-04	6.18E-03	1.58E-03	
group_3038	1.96E-02	1.50E-01	9.70E-01	-2.31E-04	6.18E-03	1.58E-03	
group_3021	1.96E-02	7.99E-01	7.28E-01	1.61E-02	4.63E-02	1.47E-02	bad-chisq
group_2923	1.96E-02	7.99E-01	7.28E-01	1.61E-02	4.63E-02	1.47E-02	bad-chisq
group_2854	1.96E-02	1.50E-01	9.70E-01	-2.31E-04	6.18E-03	1.58E-03	
purC	1.96E-02	3.53E-01	4.65E-01	3.89E-02	5.31E-02	3.09E-02	bad-chisq
group_2697	1.96E-02	7.99E-01	9.40E-01	-4.01E-04	5.35E-03	3.17E-03	bad-chisq
group_2572	1.96E-02	3.53E-01	1.95E-01	5.29E-02	4.08E-02	5.48E-02	bad-chisq
group_2533	1.96E-02	3.53E-01	1.95E-01	5.29E-02	4.08E-02	5.48E-02	bad-chisq
group_2532	1.96E-02	7.99E-01	9.81E-01	-1.28E-04	5.36E-03	1.01E-03	bad-chisq
group_2472	1.96E-02	7.99E-01	5.28E-02	-1.37E-01	7.03E-02	8.18E-02	bad-chisq
group_2354	1.96E-02	6.08E-07	9.50E-01	-3.10E-03	4.96E-02	2.65E-03	
group_2340	1.96E-02	7.99E-01	4.69E-01	3.70E-02	5.10E-02	3.07E-02	bad-chisq
group_2331	1.96E-02	3.53E-01	7.31E-01	1.65E-02	4.78E-02	1.46E-02	bad-chisq
group_2327	1.96E-02	7.99E-01	5.34E-01	-3.04E-02	4.89E-02	2.63E-02	bad-chisq
group_2315	1.96E-02	7.99E-01	7.50E-01	1.39E-02	4.35E-02	1.35E-02	bad-chisq
group_2288	1.96E-02	6.08E-07	9.50E-01	-3.10E-03	4.96E-02	2.65E-03	
group_2287	1.96E-02	6.08E-07	9.50E-01	-3.10E-03	4.96E-02	2.65E-03	
group_2286	1.96E-02	6.08E-07	9.50E-01	-3.10E-03	4.96E-02	2.65E-03	
group_2285	1.96E-02	6.08E-07	9.50E-01	-3.10E-03	4.96E-02	2.65E-03	
group_2283	1.96E-02	6.08E-07	9.50E-01	-3.10E-03	4.96E-02	2.65E-03	
bin3	1.96E-02	1.50E-01	9.80E-01	1.55E-04	6.17E-03	1.06E-03	
group_2219	1.96E-02	6.08E-07	9.61E-01	-2.36E-03	4.80E-02	2.08E-03	
group_2217	1.96E-02	6.08E-07	9.50E-01	-3.10E-03	4.96E-02	2.65E-03	
group_2134	1.96E-02	7.99E-01	8.75E-01	-8.44E-04	5.37E-03	6.65E-03	bad-chisq
group_2133	1.96E-02	7.99E-01	9.81E-01	-1.28E-04	5.36E-03	1.01E-03	bad-chisq
group_2074	1.96E-02	1.50E-01	7.94E-01	-1.40E-03	5.36E-03	1.11E-02	
group_2035	1.96E-02	1.42E-04	8.37E-01	1.01E-02	4.92E-02	8.72E-03	
group_2019	1.96E-02	3.53E-01	1.95E-01	5.29E-02	4.08E-02	5.48E-02	bad-chisq
group_1949	1.96E-02	1.42E-04	9.60E-01	2.70E-04	5.35E-03	2.13E-03	
group_1890	1.96E-02	3.53E-01	1.95E-01	5.29E-02	4.08E-02	5.48E-02	bad-chisq
group_1856	1.96E-02	7.99E-01	9.28E-01	-4.81E-04	5.35E-03	3.81E-03	bad-chisq
group_1852	1.96E-02	7.99E-01	9.81E-01	-1.28E-04	5.36E-03	1.01E-03	bad-chisq
group_1849	1.96E-02	1.42E-04	9.76E-01	1.58E-03	5.20E-02	1.28E-03	
group_1750	1.96E-02	7.99E-01	5.28E-02	-1.37E-01	7.03E-02	8.18E-02	bad-chisq
group_1669	1.96E-02	7.99E-01	9.81E-01	-1.28E-04	5.36E-03	1.01E-03	bad-chisq
group_1660	1.96E-02	3.53E-01	4.66E-01	3.11E-02	4.26E-02	3.08E-02	bad-chisq
group_1640	1.96E-02	1.50E-01	3.03E-03	-1.63E-01	5.46E-02	1.25E-01	
group_1621	1.96E-02	7.99E-01	9.40E-01	-4.01E-04	5.35E-03	3.17E-03	bad-chisq
group_1605	1.96E-02	3.53E-01	9.51E-01	3.74E-04	6.14E-03	2.57E-03	bad-chisq
group_1577	1.96E-02	1.42E-04	9.55E-01	2.78E-03	4.92E-02	2.39E-03	
ancA_1	1.96E-02	7.99E-01	5.28E-02	-1.37E-01	7.03E-02	8.18E-02	bad-chisq
group_1542	1.96E-02	1.50E-01	5.55E-02	-9.15E-02	4.77E-02	8.09E-02	
purM	1.96E-02	3.53E-01	4.65E-01	3.89E-02	5.31E-02	3.09E-02	bad-chisq
xerC_12~~~IntTn~~~xerC_5	1.96E-02	1.50E-01	1.44E-01	-7.88E-02	5.38E-02	6.18E-02	
group_1372	1.96E-02	7.99E-01	5.87E-01	-2.58E-02	4.75E-02	2.30E-02	bad-chisq
group_1280	1.96E-02	7.99E-01	7.26E-01	1.77E-02	5.05E-02	1.48E-02	bad-chisq
group_1267	1.96E-02	7.99E-01	9.09E-01	-6.13E-04	5.34E-03	4.86E-03	bad-chisq
group_1218	1.96E-02	3.53E-01	9.75E-01	1.69E-04	5.37E-03	1.33E-03	bad-chisq
group_1181	1.96E-02	7.99E-01	3.41E-01	-4.54E-02	4.76E-02	4.03E-02	bad-chisq
group_1113	1.96E-02	7.99E-01	9.81E-01	-1.28E-04	5.36E-03	1.01E-03	bad-chisq
xerD_2	1.96E-02	7.99E-01	5.28E-02	-1.37E-01	7.03E-02	8.18E-02	bad-chisq
group_1076	1.96E-02	7.99E-01	9.77E-01	1.53E-04	5.35E-03	1.21E-03	bad-chisq
group_1017	1.96E-02	7.99E-01	9.09E-01	-6.13E-04	5.34E-03	4.86E-03	bad-chisq
group_1004	1.96E-02	1.90E-13	1.84E-01	-7.00E-02	5.26E-02	5.62E-02	
rbsC_5~~~rbsC_1	1.96E-02	1.50E-01	9.78E-01	-1.72E-04	6.18E-03	1.18E-03	
group_963	1.96E-02	3.53E-01	7.46E-01	2.19E-02	6.77E-02	1.37E-02	bad-chisq
group_954	1.96E-02	3.53E-01	7.55E-02	1.06E-01	5.98E-02	7.51E-02	bad-chisq
group_940	1.96E-02	3.53E-01	9.93E-01	4.64E-05	5.35E-03	3.67E-04	bad-chisq
group_936	1.96E-02	1.50E-01	9.78E-01	-1.72E-04	6.18E-03	1.18E-03	
group_914	1.96E-02	3.53E-01	9.18E-01	6.38E-04	6.18E-03	4.37E-03	bad-chisq
group_855	1.96E-02	7.99E-01	9.22E-01	6.04E-04	6.16E-03	4.15E-03	bad-chisq
group_789	1.96E-02	7.99E-01	9.81E-01	-1.28E-04	5.36E-03	1.01E-03	bad-chisq
group_732	1.96E-02	7.99E-01	7.52E-01	1.55E-02	4.90E-02	1.34E-02	bad-chisq
yteT_1	1.96E-02	7.99E-01	9.81E-01	-1.28E-04	5.36E-03	1.01E-03	bad-chisq
livF_3~~~livF_1	1.96E-02	7.99E-01	6.97E-01	2.69E-02	6.90E-02	1.65E-02	bad-chisq
group_611	1.96E-02	7.99E-01	9.81E-01	-1.28E-04	5.36E-03	1.01E-03	bad-chisq
codB_1	1.96E-02	3.53E-01	7.46E-01	2.19E-02	6.77E-02	1.37E-02	bad-chisq
mepA_6	1.96E-02	3.53E-01	7.55E-02	1.06E-01	5.98E-02	7.51E-02	bad-chisq
group_558	1.96E-02	3.53E-01	1.95E-01	5.29E-02	4.08E-02	5.48E-02	bad-chisq
group_475	1.96E-02	7.99E-01	9.81E-01	-1.28E-04	5.36E-03	1.01E-03	bad-chisq
purF	1.96E-02	3.53E-01	4.65E-01	3.89E-02	5.31E-02	3.09E-02	bad-chisq
group_436	1.96E-02	7.99E-01	9.91E-01	-6.35E-05	5.37E-03	5.01E-04	bad-chisq
group_434	1.96E-02	8.74E-03	9.90E-01	6.61E-05	5.34E-03	5.24E-04	
group_394	1.96E-02	1.50E-01	9.70E-01	-2.31E-04	6.18E-03	1.58E-03	
malQ_1	1.96E-02	1.50E-01	9.93E-01	3.90E-05	4.37E-03	3.78E-04	
mglA_1	1.96E-02	1.50E-01	9.78E-01	-1.72E-04	6.18E-03	1.18E-03	
group_304	1.96E-02	3.53E-01	7.46E-01	2.19E-02	6.77E-02	1.37E-02	bad-chisq
ddpA	1.96E-02	3.53E-01	1.95E-01	5.29E-02	4.08E-02	5.48E-02	bad-chisq
group_255	1.96E-02	7.99E-01	1.19E-01	-1.00E-01	6.41E-02	6.59E-02	bad-chisq
iolE	1.96E-02	1.90E-13	1.84E-01	-7.00E-02	5.26E-02	5.62E-02	
group_201	1.96E-02	7.99E-01	9.44E-01	-3.78E-04	5.36E-03	2.99E-03	bad-chisq
group_73	1.96E-02	3.53E-01	7.46E-01	2.19E-02	6.77E-02	1.37E-02	bad-chisq
group_65	1.96E-02	1.50E-01	9.78E-01	-1.72E-04	6.18E-03	1.18E-03	
yjcS	1.96E-02	3.53E-01	7.46E-01	2.19E-02	6.77E-02	1.37E-02	bad-chisq
purR_1	1.96E-02	1.50E-01	9.70E-01	-2.31E-04	6.18E-03	1.58E-03	
group_19	1.96E-02	3.53E-01	7.46E-01	2.19E-02	6.77E-02	1.37E-02	bad-chisq
group_3849	1.78E-02	3.77E-01	3.48E-01	5.08E-02	5.40E-02	3.97E-02	bad-chisq
group_3577	1.78E-02	1.63E-19	9.16E-01	-6.54E-04	6.19E-03	4.47E-03	
group_3409	1.78E-02	6.40E-15	2.29E-01	-7.40E-02	6.15E-02	5.08E-02	
group_3384	1.78E-02	1.11E-01	9.67E-01	-2.52E-04	6.18E-03	1.73E-03	
rhaM	1.78E-02	1.11E-01	9.67E-01	-2.52E-04	6.18E-03	1.73E-03	
group_3140	1.78E-02	7.22E-01	7.30E-01	1.86E-02	5.40E-02	1.46E-02	bad-chisq
group_3134	1.78E-02	7.22E-01	8.98E-01	-6.86E-04	5.37E-03	5.40E-03	bad-chisq
group_3122	1.78E-02	3.77E-01	9.03E-01	4.94E-04	4.05E-03	5.16E-03	bad-chisq
purE	1.78E-02	3.77E-01	4.81E-01	4.02E-02	5.71E-02	2.98E-02	bad-chisq
group_3017	1.78E-02	3.77E-01	9.75E-01	1.95E-04	6.16E-03	1.33E-03	bad-chisq
group_2919	1.78E-02	1.10E-30	2.68E-03	-2.70E-01	8.97E-02	1.27E-01	bad-chisq
group_2845	1.78E-02	3.77E-01	9.10E-01	6.25E-03	5.53E-02	4.78E-03	bad-chisq
group_2633	1.78E-02	1.11E-01	9.67E-01	-2.52E-04	6.18E-03	1.73E-03	
group_2615	1.78E-02	3.77E-01	1.09E-02	1.88E-01	7.35E-02	1.07E-01	bad-chisq
potA_2	1.78E-02	3.77E-01	7.63E-01	1.91E-02	6.33E-02	1.27E-02	bad-chisq
gsiD_1	1.78E-02	3.77E-01	3.54E-01	5.58E-02	6.01E-02	3.92E-02	bad-chisq
group_2379	1.78E-02	7.22E-01	5.29E-01	-3.10E-02	4.92E-02	2.66E-02	bad-chisq
group_2337	1.78E-02	1.11E-01	9.26E-01	4.55E-03	4.93E-02	3.90E-03	
group_2336	1.78E-02	1.11E-01	9.26E-01	4.55E-03	4.93E-02	3.90E-03	
ppx1	1.78E-02	7.22E-01	9.83E-01	1.13E-04	5.37E-03	8.94E-04	bad-chisq
group_2142	1.78E-02	3.77E-01	9.77E-01	1.11E-04	3.80E-03	1.24E-03	bad-chisq
group_2119	1.78E-02	3.77E-01	9.14E-01	6.67E-04	6.15E-03	4.59E-03	bad-chisq
group_2069	1.78E-02	3.77E-01	9.68E-01	2.11E-04	5.34E-03	1.67E-03	bad-chisq
group_2036	1.78E-02	4.58E-05	8.17E-01	1.29E-02	5.58E-02	9.80E-03	
gsiC	1.78E-02	3.77E-01	3.54E-01	5.58E-02	6.01E-02	3.92E-02	bad-chisq
group_1976	1.78E-02	4.57E-03	1.34E-02	-1.22E-01	4.91E-02	1.04E-01	
mtnB	1.78E-02	7.22E-01	1.12E-01	9.02E-02	5.67E-02	6.71E-02	bad-chisq
pyrK_1	1.78E-02	3.77E-01	9.43E-01	3.84E-04	5.36E-03	3.03E-03	bad-chisq
group_1924	1.78E-02	3.77E-01	9.84E-01	1.21E-04	6.16E-03	8.28E-04	bad-chisq
group_1876	1.78E-02	7.22E-01	9.92E-01	4.13E-05	4.06E-03	4.30E-04	bad-chisq
group_1835	1.78E-02	1.11E-01	9.09E-01	-7.07E-04	6.17E-03	4.84E-03	
group_1783	1.78E-02	3.77E-01	9.47E-01	2.68E-04	4.06E-03	2.80E-03	bad-chisq
group_1722	1.78E-02	3.77E-01	3.54E-01	5.58E-02	6.01E-02	3.92E-02	bad-chisq
btuD_1	1.78E-02	3.77E-01	3.54E-01	5.58E-02	6.01E-02	3.92E-02	bad-chisq
group_1716	1.78E-02	7.22E-01	9.08E-01	-6.14E-04	5.34E-03	4.86E-03	bad-chisq
group_1692	1.78E-02	7.22E-01	9.03E-01	-6.54E-04	5.36E-03	5.16E-03	bad-chisq
group_1686	1.78E-02	7.22E-01	9.62E-01	-2.52E-04	5.35E-03	1.99E-03	bad-chisq
group_1685	1.78E-02	7.22E-01	9.88E-01	8.04E-05	5.36E-03	6.34E-04	bad-chisq
group_1582	1.78E-02	1.10E-30	1.69E-03	-2.92E-01	9.26E-02	1.32E-01	bad-chisq
group_1522	1.78E-02	3.77E-01	4.55E-01	3.57E-02	4.77E-02	3.16E-02	bad-chisq
group_1500	1.78E-02	3.77E-01	3.83E-01	4.77E-02	5.46E-02	3.69E-02	bad-chisq
group_1490	1.78E-02	3.77E-01	9.74E-01	1.76E-04	5.36E-03	1.39E-03	bad-chisq
rspB	1.78E-02	1.11E-01	8.27E-01	1.21E-02	5.53E-02	9.25E-03	
group_1398	1.78E-02	4.57E-03	8.12E-01	1.18E-02	4.98E-02	1.01E-02	
group_1371	1.78E-02	3.77E-01	8.06E-01	9.80E-03	3.99E-02	1.04E-02	bad-chisq
group_1319	1.78E-02	4.58E-05	9.83E-01	1.15E-04	5.35E-03	9.05E-04	
xylH	1.78E-02	5.53E-11	1.89E-01	-6.91E-02	5.26E-02	5.55E-02	
group_1287	1.78E-02	7.22E-01	9.29E-01	-4.80E-04	5.36E-03	3.79E-03	bad-chisq
group_1276	1.78E-02	3.77E-01	9.47E-01	2.68E-04	4.06E-03	2.80E-03	bad-chisq
group_1272	1.78E-02	3.77E-01	9.77E-01	1.54E-04	5.36E-03	1.22E-03	bad-chisq
ecfA1_2~~~metN2	1.78E-02	7.22E-01	1.10E-01	-9.58E-02	5.99E-02	6.75E-02	bad-chisq
group_1185	1.78E-02	4.57E-03	9.63E-01	2.51E-04	5.36E-03	1.98E-03	
group_1164	1.78E-02	3.77E-01	9.88E-01	8.32E-05	5.37E-03	6.55E-04	bad-chisq
yoaD	1.78E-02	1.63E-19	2.84E-02	-1.49E-01	6.76E-02	9.25E-02	
group_1103	1.78E-02	7.22E-01	9.90E-01	6.43E-05	5.35E-03	5.09E-04	bad-chisq
iolG_3	1.78E-02	1.11E-01	8.27E-01	1.21E-02	5.53E-02	9.25E-03	
group_999	1.78E-02	7.22E-01	4.27E-01	4.56E-02	5.74E-02	3.36E-02	bad-chisq
group_949	1.78E-02	3.77E-01	2.00E-01	5.42E-02	4.22E-02	5.42E-02	bad-chisq
aptA_3~~~aptA_2	1.78E-02	1.11E-01	8.27E-01	1.21E-02	5.53E-02	9.25E-03	
group_770	1.78E-02	3.77E-01	9.68E-01	2.11E-04	5.34E-03	1.67E-03	bad-chisq
group_759	1.78E-02	3.77E-01	7.42E-01	1.54E-02	4.69E-02	1.39E-02	bad-chisq
group_534	1.78E-02	3.77E-01	3.54E-01	5.58E-02	6.01E-02	3.92E-02	bad-chisq
group_523	1.78E-02	3.77E-01	3.54E-01	5.58E-02	6.01E-02	3.92E-02	bad-chisq
group_501	1.78E-02	3.77E-01	9.89E-01	7.55E-05	5.38E-03	5.94E-04	bad-chisq
group_416	1.78E-02	3.77E-01	9.89E-01	7.69E-05	5.36E-03	6.06E-04	bad-chisq
group_375	1.78E-02	3.77E-01	2.00E-01	5.42E-02	4.22E-02	5.42E-02	bad-chisq
group_361	1.78E-02	5.53E-11	1.89E-01	-6.91E-02	5.26E-02	5.55E-02	
group_311	1.78E-02	7.22E-01	1.10E-01	-9.58E-02	5.99E-02	6.75E-02	bad-chisq
group_233	1.78E-02	3.77E-01	9.88E-01	7.91E-05	5.37E-03	6.23E-04	bad-chisq
group_129	1.78E-02	3.77E-01	3.54E-01	5.58E-02	6.01E-02	3.92E-02	bad-chisq
group_110	1.78E-02	3.77E-01	7.28E-01	1.68E-02	4.83E-02	1.47E-02	bad-chisq
group_3971	1.60E-02	4.02E-01	9.89E-01	7.65E-05	5.37E-03	6.02E-04	bad-chisq
group_3923	1.60E-02	4.02E-01	9.89E-01	7.65E-05	5.37E-03	6.02E-04	bad-chisq
group_3884	1.60E-02	4.02E-01	9.77E-01	1.52E-04	5.37E-03	1.20E-03	bad-chisq
group_3862	1.60E-02	6.40E-01	8.82E-01	-7.94E-04	5.35E-03	6.27E-03	bad-chisq
group_3813	1.60E-02	4.02E-01	9.89E-01	7.65E-05	5.37E-03	6.02E-04	bad-chisq
group_3737	1.60E-02	4.02E-01	9.94E-01	3.93E-05	5.37E-03	3.09E-04	bad-chisq
group_3425	1.60E-02	7.61E-02	4.50E-01	-4.28E-02	5.66E-02	3.20E-02	
group_3362	1.60E-02	4.02E-01	9.14E-01	4.40E-04	4.06E-03	4.58E-03	bad-chisq
group_3354	1.60E-02	4.02E-01	7.91E-01	1.03E-02	3.89E-02	1.12E-02	bad-chisq
group_3219	1.60E-02	4.02E-01	9.94E-01	3.93E-05	5.37E-03	3.09E-04	bad-chisq
group_3201	1.60E-02	1.16E-05	1.50E-01	-9.62E-02	6.67E-02	6.09E-02	bad-chisq
group_3055	1.60E-02	4.02E-01	9.89E-01	7.65E-05	5.37E-03	6.02E-04	bad-chisq
group_3024	1.60E-02	4.02E-01	9.12E-01	8.65E-03	7.80E-02	4.69E-03	bad-chisq
group_3012	1.60E-02	4.02E-01	9.89E-01	7.65E-05	5.37E-03	6.02E-04	bad-chisq
group_2991	1.60E-02	4.02E-01	9.89E-01	7.65E-05	5.37E-03	6.02E-04	bad-chisq
group_2869	1.60E-02	4.02E-01	9.89E-01	7.65E-05	5.37E-03	6.02E-04	bad-chisq
group_2868	1.60E-02	4.02E-01	9.89E-01	7.65E-05	5.37E-03	6.02E-04	bad-chisq
group_2853	1.60E-02	4.02E-01	9.89E-01	7.65E-05	5.37E-03	6.02E-04	bad-chisq
group_2802	1.60E-02	4.02E-01	9.78E-01	1.47E-04	5.37E-03	1.16E-03	bad-chisq
group_2788	1.60E-02	6.40E-01	1.14E-01	-9.29E-02	5.87E-02	6.68E-02	bad-chisq
group_2755	1.60E-02	4.02E-01	9.66E-01	2.62E-04	6.15E-03	1.80E-03	bad-chisq
group_2712	1.60E-02	4.02E-01	9.74E-01	1.35E-04	4.06E-03	1.41E-03	bad-chisq
group_2711	1.60E-02	4.02E-01	9.89E-01	7.65E-05	5.37E-03	6.02E-04	bad-chisq
group_2657	1.60E-02	4.02E-01	9.89E-01	7.65E-05	5.37E-03	6.02E-04	bad-chisq
group_2653	1.60E-02	4.02E-01	9.48E-01	3.50E-04	5.37E-03	2.76E-03	bad-chisq
group_2605	1.60E-02	7.61E-02	4.77E-02	-1.52E-01	7.64E-02	8.36E-02	
group_2563	1.60E-02	4.02E-01	9.90E-01	6.61E-05	5.36E-03	5.21E-04	bad-chisq
group_2505	1.60E-02	4.02E-01	7.82E-01	1.88E-02	6.80E-02	1.17E-02	bad-chisq
btuD_3	1.60E-02	6.40E-01	8.93E-01	-7.19E-04	5.35E-03	5.69E-03	bad-chisq
group_2444	1.60E-02	4.02E-01	9.79E-01	1.42E-04	5.37E-03	1.12E-03	bad-chisq
garR_1	1.60E-02	4.02E-01	7.82E-01	1.88E-02	6.80E-02	1.17E-02	bad-chisq
group_2407	1.60E-02	2.07E-03	4.64E-01	-3.31E-02	4.53E-02	3.09E-02	
group_2398	1.60E-02	4.02E-01	6.78E-01	2.43E-02	5.85E-02	1.76E-02	bad-chisq
group_2390	1.60E-02	6.40E-01	8.97E-01	-6.95E-04	5.35E-03	5.49E-03	bad-chisq
group_2372	1.60E-02	7.61E-02	8.68E-01	8.84E-03	5.30E-02	7.05E-03	
group_2351	1.60E-02	2.07E-03	8.99E-01	6.70E-03	5.29E-02	5.35E-03	
hpdA_2	1.60E-02	6.40E-01	1.14E-01	-9.29E-02	5.87E-02	6.68E-02	bad-chisq
group_2326	1.60E-02	4.02E-01	9.77E-01	1.77E-04	6.18E-03	1.21E-03	bad-chisq
blaI_1	1.60E-02	6.40E-01	8.96E-01	-7.05E-04	5.36E-03	5.56E-03	bad-chisq
group_2291	1.60E-02	2.07E-03	8.90E-01	6.89E-03	5.00E-02	5.83E-03	
group_2290	1.60E-02	2.07E-03	8.90E-01	6.89E-03	5.00E-02	5.83E-03	
group_2289	1.60E-02	2.07E-03	8.90E-01	6.89E-03	5.00E-02	5.83E-03	
group_2261	1.60E-02	4.02E-01	9.94E-01	3.93E-05	5.37E-03	3.09E-04	bad-chisq
group_2209	1.60E-02	4.02E-01	7.64E-01	2.14E-02	7.11E-02	1.27E-02	bad-chisq
group_2175	1.60E-02	4.02E-01	7.64E-01	2.14E-02	7.11E-02	1.27E-02	bad-chisq
group_2170	1.60E-02	6.40E-01	1.14E-01	-9.29E-02	5.87E-02	6.68E-02	bad-chisq
group_2137	1.60E-02	4.02E-01	9.58E-01	1.77E-04	3.39E-03	2.21E-03	bad-chisq
group_2120	1.60E-02	4.02E-01	8.12E-01	1.10E-02	4.61E-02	1.01E-02	bad-chisq
hsdR	1.60E-02	7.61E-02	6.79E-02	-1.07E-01	5.87E-02	7.71E-02	
group_2111	1.60E-02	4.02E-01	6.57E-01	2.38E-02	5.35E-02	1.88E-02	bad-chisq
group_2042	1.60E-02	4.02E-01	9.84E-01	1.21E-04	6.17E-03	8.29E-04	bad-chisq
group_2034	1.60E-02	6.40E-01	5.07E-01	2.80E-02	4.21E-02	2.81E-02	bad-chisq
araA_2~~~araA_3	1.60E-02	4.02E-01	9.78E-01	1.47E-04	5.37E-03	1.16E-03	bad-chisq
group_1992	1.60E-02	7.61E-02	7.76E-01	1.61E-02	5.67E-02	1.20E-02	
group_1955	1.60E-02	4.02E-01	5.75E-01	2.27E-02	4.05E-02	2.37E-02	bad-chisq
group_1906	1.60E-02	2.07E-03	7.95E-01	1.25E-02	4.79E-02	1.10E-02	
group_1862	1.60E-02	2.07E-03	1.01E-01	-1.09E-01	6.60E-02	6.94E-02	
chuR~~~moaA_2	1.60E-02	6.40E-01	3.76E-01	-5.52E-02	6.23E-02	3.74E-02	bad-chisq
nagB	1.60E-02	4.02E-01	9.92E-01	5.14E-05	5.37E-03	4.05E-04	bad-chisq
agrB	1.60E-02	7.61E-02	3.26E-03	-1.59E-01	5.39E-02	1.24E-01	
group_1833	1.60E-02	4.02E-01	7.06E-01	2.13E-02	5.64E-02	1.59E-02	bad-chisq
group_1823	1.60E-02	4.02E-01	7.44E-01	1.61E-02	4.92E-02	1.38E-02	bad-chisq
dinB~~~dinB_3	1.60E-02	4.02E-01	6.11E-02	9.53E-02	5.08E-02	7.91E-02	bad-chisq
xylG~~~xylG_2	1.60E-02	6.40E-01	8.13E-01	1.32E-02	5.58E-02	1.00E-02	bad-chisq
group_1756	1.60E-02	7.61E-02	3.26E-03	-1.59E-01	5.39E-02	1.24E-01	
cas5d	1.60E-02	4.02E-01	7.74E-01	1.22E-02	4.26E-02	1.21E-02	bad-chisq
group_1719	1.60E-02	4.02E-01	7.68E-01	2.00E-02	6.77E-02	1.25E-02	bad-chisq
group_1703	1.60E-02	7.61E-02	3.71E-01	-5.26E-02	5.88E-02	3.78E-02	
degA	1.60E-02	6.40E-01	1.14E-01	-9.29E-02	5.87E-02	6.68E-02	bad-chisq
group_1663	1.60E-02	4.02E-01	7.66E-01	1.28E-02	4.28E-02	1.26E-02	bad-chisq
group_1657	1.60E-02	4.02E-01	9.69E-01	2.05E-04	5.34E-03	1.63E-03	bad-chisq
IntTn_2~~~xerC_2	1.60E-02	6.40E-01	8.53E-01	8.57E-03	4.61E-02	7.86E-03	bad-chisq
group_1626	1.60E-02	7.61E-02	1.12E-01	-9.28E-02	5.83E-02	6.72E-02	
ywaC	1.60E-02	6.40E-01	7.45E-01	1.35E-02	4.15E-02	1.38E-02	bad-chisq
group_1617	1.60E-02	1.26E-08	1.12E-01	-9.46E-02	5.94E-02	6.72E-02	bad-chisq
group_1588	1.60E-02	4.02E-01	9.78E-01	1.47E-04	5.37E-03	1.16E-03	bad-chisq
group_1583	1.60E-02	4.02E-01	9.77E-01	1.52E-04	5.37E-03	1.20E-03	bad-chisq
araH	1.60E-02	6.40E-01	8.13E-01	1.32E-02	5.58E-02	1.00E-02	bad-chisq
group_1566	1.60E-02	6.40E-01	9.81E-01	1.27E-04	5.36E-03	1.00E-03	bad-chisq
group_1485	1.60E-02	6.40E-01	8.82E-01	-7.94E-04	5.35E-03	6.27E-03	bad-chisq
group_1369	1.60E-02	6.40E-01	8.99E-01	-6.76E-04	5.35E-03	5.35E-03	bad-chisq
group_1274	1.60E-02	4.02E-01	9.77E-01	1.52E-04	5.37E-03	1.20E-03	bad-chisq
group_1235	1.60E-02	6.40E-01	8.13E-01	1.32E-02	5.58E-02	1.00E-02	bad-chisq
group_1212	1.60E-02	4.02E-01	9.09E-01	6.44E-03	5.61E-02	4.85E-03	bad-chisq
group_1208	1.60E-02	6.40E-01	1.14E-01	-9.29E-02	5.87E-02	6.68E-02	bad-chisq
group_1199	1.60E-02	4.02E-01	4.83E-01	4.06E-02	5.78E-02	2.97E-02	bad-chisq
group_1128	1.60E-02	4.02E-01	3.64E-01	5.15E-02	5.67E-02	3.84E-02	bad-chisq
group_1087	1.60E-02	6.40E-01	9.81E-01	1.25E-04	5.35E-03	9.85E-04	bad-chisq
cutC_2~~~pflD_2	1.60E-02	6.40E-01	1.14E-01	-9.29E-02	5.87E-02	6.68E-02	bad-chisq
ppk	1.60E-02	6.40E-01	9.83E-01	1.12E-04	5.38E-03	8.85E-04	bad-chisq
virD4	1.60E-02	4.02E-01	9.77E-01	1.77E-04	6.18E-03	1.21E-03	bad-chisq
group_1057	1.60E-02	7.61E-02	9.90E-01	-5.73E-05	4.37E-03	5.55E-04	
group_1018	1.60E-02	4.02E-01	9.77E-01	1.52E-04	5.37E-03	1.20E-03	bad-chisq
araH_2~~~lsrC	1.60E-02	6.40E-01	8.13E-01	1.32E-02	5.58E-02	1.00E-02	bad-chisq
group_992	1.60E-02	4.02E-01	7.38E-01	1.66E-02	4.97E-02	1.42E-02	bad-chisq
group_921	1.60E-02	4.02E-01	9.94E-01	3.93E-05	5.37E-03	3.09E-04	bad-chisq
group_918	1.60E-02	4.02E-01	9.39E-01	4.07E-04	5.35E-03	3.22E-03	bad-chisq
xerC_1~~~xerC_5	1.60E-02	4.02E-01	8.23E-01	9.76E-03	4.36E-02	9.46E-03	bad-chisq
group_868	1.60E-02	6.40E-01	9.62E-01	-2.53E-04	5.36E-03	1.99E-03	bad-chisq
group_815	1.60E-02	6.40E-01	2.56E-01	-4.51E-02	3.97E-02	4.80E-02	bad-chisq
group_808	1.60E-02	6.40E-01	4.70E-02	-1.29E-01	6.47E-02	8.39E-02	bad-chisq
group_791	1.60E-02	4.02E-01	7.74E-01	1.22E-02	4.26E-02	1.21E-02	bad-chisq
group_754	1.60E-02	4.02E-01	9.77E-01	1.77E-04	6.18E-03	1.21E-03	bad-chisq
group_750	1.60E-02	7.61E-02	9.77E-01	-1.24E-04	4.38E-03	1.20E-03	
group_739	1.60E-02	7.61E-02	1.74E-02	-1.21E-01	5.05E-02	1.00E-01	
group_702	1.60E-02	4.02E-01	6.73E-01	2.11E-02	4.99E-02	1.79E-02	bad-chisq
mvaA	1.60E-02	4.02E-01	7.82E-01	1.88E-02	6.80E-02	1.17E-02	bad-chisq
group_612	1.60E-02	7.61E-02	1.74E-02	-1.19E-01	5.00E-02	1.00E-01	
group_565	1.60E-02	7.61E-02	6.64E-01	2.57E-02	5.91E-02	1.84E-02	
xylB_3~~~lyx~~~xylB_5	1.60E-02	1.01E-16	2.94E-02	-1.47E-01	6.74E-02	9.20E-02	
group_461	1.60E-02	1.01E-16	9.17E-01	-6.44E-04	6.19E-03	4.40E-03	
group_407	1.60E-02	4.02E-01	9.79E-01	1.42E-04	5.37E-03	1.12E-03	bad-chisq
agaA_3	1.60E-02	4.02E-01	9.92E-01	5.14E-05	5.37E-03	4.05E-04	bad-chisq
group_211	1.60E-02	2.61E-12	8.46E-01	-1.32E-02	6.83E-02	8.21E-03	
group_194	1.60E-02	4.02E-01	7.82E-01	1.88E-02	6.80E-02	1.17E-02	bad-chisq
group_124	1.60E-02	4.02E-01	9.51E-01	3.31E-04	5.35E-03	2.62E-03	bad-chisq
yknY	1.60E-02	6.40E-01	9.96E-01	2.99E-05	5.37E-03	2.35E-04	bad-chisq
group_4374	1.43E-02	5.52E-01	1.28E-01	-8.43E-02	5.52E-02	6.44E-02	bad-chisq
dapB	1.43E-02	4.30E-01	5.50E-01	2.51E-02	4.19E-02	2.53E-02	bad-chisq
dapA_2~~~dapA_1	1.43E-02	4.30E-01	5.46E-01	2.55E-02	4.22E-02	2.55E-02	bad-chisq
group_3981	1.43E-02	4.30E-01	7.83E-01	1.70E-02	6.17E-02	1.17E-02	bad-chisq
group_3865	1.43E-02	4.30E-01	4.01E-01	5.82E-02	6.93E-02	3.55E-02	bad-chisq
acsA	1.43E-02	4.30E-01	9.63E-01	1.65E-04	3.58E-03	1.96E-03	bad-chisq
group_3694	1.43E-02	8.55E-25	1.67E-02	-1.73E-01	7.20E-02	1.01E-01	bad-chisq
group_3690	1.43E-02	4.30E-01	9.20E-01	5.40E-04	5.36E-03	4.26E-03	bad-chisq
group_3652	1.43E-02	4.30E-01	2.50E-03	2.22E-01	7.30E-02	1.27E-01	bad-chisq
group_3619	1.43E-02	4.30E-01	4.01E-01	5.82E-02	6.93E-02	3.55E-02	bad-chisq
group_3539	1.43E-02	5.52E-01	2.76E-01	6.35E-02	5.82E-02	4.61E-02	bad-chisq
group_3507	1.43E-02	4.30E-01	9.39E-01	4.09E-04	5.37E-03	3.22E-03	bad-chisq
group_3493	1.43E-02	4.30E-01	4.01E-01	5.82E-02	6.93E-02	3.55E-02	bad-chisq
group_3492	1.43E-02	4.30E-01	4.01E-01	5.82E-02	6.93E-02	3.55E-02	bad-chisq
group_3469	1.43E-02	4.30E-01	4.01E-01	5.82E-02	6.93E-02	3.55E-02	bad-chisq
group_3435	1.43E-02	4.30E-01	4.01E-01	5.82E-02	6.93E-02	3.55E-02	bad-chisq
group_3427	1.43E-02	4.30E-01	4.01E-01	5.82E-02	6.93E-02	3.55E-02	bad-chisq
hypA_2	1.43E-02	4.30E-01	8.26E-01	1.61E-02	7.33E-02	9.30E-03	bad-chisq
group_3261	1.43E-02	4.30E-01	9.23E-01	4.11E-03	4.27E-02	4.07E-03	bad-chisq
group_3115	1.43E-02	4.30E-01	4.01E-01	5.82E-02	6.93E-02	3.55E-02	bad-chisq
group_3105	1.43E-02	4.30E-01	9.84E-01	1.09E-04	5.36E-03	8.63E-04	bad-chisq
group_3079	1.43E-02	4.30E-01	4.01E-01	5.82E-02	6.93E-02	3.55E-02	bad-chisq
group_3015	1.43E-02	4.30E-01	7.83E-01	1.70E-02	6.17E-02	1.17E-02	bad-chisq
group_2955	1.43E-02	4.30E-01	8.67E-01	8.82E-03	5.27E-02	7.07E-03	bad-chisq
group_2941	1.43E-02	4.30E-01	9.24E-01	5.42E-03	5.66E-02	4.05E-03	bad-chisq
group_2846	1.43E-02	4.30E-01	4.01E-01	5.82E-02	6.93E-02	3.55E-02	bad-chisq
purN	1.43E-02	4.30E-01	9.19E-01	7.13E-03	6.98E-02	4.32E-03	bad-chisq
group_2789	1.43E-02	4.30E-01	9.19E-01	7.13E-03	6.98E-02	4.32E-03	bad-chisq
group_2767	1.43E-02	4.30E-01	9.89E-01	7.53E-05	5.37E-03	5.93E-04	bad-chisq
group_2741	1.43E-02	4.30E-01	7.20E-01	1.91E-02	5.33E-02	1.52E-02	bad-chisq
hypB_3	1.43E-02	4.30E-01	8.26E-01	1.61E-02	7.33E-02	9.30E-03	bad-chisq
hypB_2	1.43E-02	4.30E-01	8.26E-01	1.61E-02	7.33E-02	9.30E-03	bad-chisq
group_2720	1.43E-02	4.30E-01	4.01E-01	5.82E-02	6.93E-02	3.55E-02	bad-chisq
mprA	1.43E-02	4.30E-01	7.83E-01	1.70E-02	6.17E-02	1.17E-02	bad-chisq
rspR_1	1.43E-02	4.30E-01	7.77E-01	1.98E-02	6.98E-02	1.20E-02	bad-chisq
group_2694	1.43E-02	4.30E-01	4.01E-01	5.82E-02	6.93E-02	3.55E-02	bad-chisq
group_2681	1.43E-02	4.30E-01	9.89E-01	7.53E-05	5.37E-03	5.93E-04	bad-chisq
group_2670	1.43E-02	4.30E-01	9.23E-01	4.11E-03	4.27E-02	4.07E-03	bad-chisq
group_2641	1.43E-02	4.79E-02	3.34E-04	-2.28E-01	6.32E-02	1.51E-01	
prpC	1.43E-02	4.30E-01	4.01E-01	5.82E-02	6.93E-02	3.55E-02	bad-chisq
group_2588	1.43E-02	7.73E-04	9.80E-01	-1.60E-03	6.30E-02	1.08E-03	bad-chisq
group_2554	1.43E-02	4.30E-01	4.01E-01	5.82E-02	6.93E-02	3.55E-02	bad-chisq
group_2553	1.43E-02	4.30E-01	9.85E-01	7.69E-04	4.01E-02	8.11E-04	bad-chisq
group_2507	1.43E-02	7.73E-04	1.50E-01	-9.75E-02	6.76E-02	6.09E-02	bad-chisq
group_2498	1.43E-02	4.79E-02	3.34E-04	-2.28E-01	6.32E-02	1.51E-01	
group_2492	1.43E-02	5.52E-01	1.33E-01	-8.38E-02	5.57E-02	6.35E-02	bad-chisq
group_2464	1.43E-02	4.30E-01	9.94E-01	3.94E-05	5.37E-03	3.10E-04	bad-chisq
group_2453	1.43E-02	4.30E-01	8.67E-01	8.82E-03	5.27E-02	7.07E-03	bad-chisq
group_2439	1.43E-02	5.52E-01	1.33E-01	-8.38E-02	5.57E-02	6.35E-02	bad-chisq
group_2425	1.43E-02	4.30E-01	9.85E-01	7.69E-04	4.01E-02	8.11E-04	bad-chisq
group_2369	1.43E-02	4.79E-02	9.89E-01	-7.51E-04	5.38E-02	5.90E-04	
group_2343	1.43E-02	5.52E-01	8.99E-01	-6.78E-04	5.36E-03	5.36E-03	bad-chisq
group_2334	1.43E-02	5.52E-01	8.57E-01	1.02E-02	5.69E-02	7.62E-03	bad-chisq
group_2328	1.43E-02	4.30E-01	9.77E-01	1.77E-04	6.18E-03	1.21E-03	bad-chisq
group_2293	1.43E-02	5.52E-01	8.18E-01	1.49E-02	6.48E-02	9.74E-03	bad-chisq
group_2243	1.43E-02	4.30E-01	9.77E-01	1.77E-04	6.18E-03	1.21E-03	bad-chisq
group_2222	1.43E-02	5.52E-01	1.70E-01	-7.17E-02	5.21E-02	5.81E-02	bad-chisq
ytrF	1.43E-02	5.52E-01	9.95E-01	3.44E-05	5.37E-03	2.71E-04	bad-chisq
group_2201	1.43E-02	4.30E-01	9.79E-01	1.41E-04	5.37E-03	1.11E-03	bad-chisq
group_2193	1.43E-02	5.52E-01	9.96E-01	2.98E-05	5.37E-03	2.35E-04	bad-chisq
group_2190	1.43E-02	5.52E-01	9.96E-01	2.98E-05	5.37E-03	2.35E-04	bad-chisq
group_2188	1.43E-02	4.30E-01	9.90E-01	6.44E-05	5.36E-03	5.08E-04	bad-chisq
recD	1.43E-02	5.52E-01	7.67E-01	1.36E-02	4.61E-02	1.25E-02	bad-chisq
group_2150	1.43E-02	4.30E-01	9.50E-01	2.53E-04	4.05E-03	2.64E-03	bad-chisq
group_2144	1.43E-02	5.52E-01	9.96E-01	2.98E-05	5.37E-03	2.35E-04	bad-chisq
group_2083	1.43E-02	4.30E-01	7.74E-01	1.22E-02	4.25E-02	1.21E-02	bad-chisq
pyrE_2	1.43E-02	4.30E-01	9.91E-01	5.89E-05	5.37E-03	4.64E-04	bad-chisq
group_2021	1.43E-02	4.79E-02	8.77E-01	9.07E-03	5.86E-02	6.56E-03	
cdr	1.43E-02	5.52E-01	4.15E-01	3.65E-02	4.48E-02	3.44E-02	bad-chisq
group_2009	1.43E-02	5.52E-01	9.04E-01	-6.47E-04	5.34E-03	5.13E-03	bad-chisq
tnpR	1.43E-02	5.52E-01	1.23E-02	1.61E-01	6.41E-02	1.06E-01	bad-chisq
group_2000	1.43E-02	4.30E-01	9.92E-01	5.51E-05	5.37E-03	4.34E-04	bad-chisq
group_1975	1.43E-02	2.07E-06	1.28E-01	-8.26E-02	5.42E-02	6.43E-02	bad-chisq
pyrF_2~~~pyrF	1.43E-02	4.30E-01	9.91E-01	5.89E-05	5.37E-03	4.64E-04	bad-chisq
group_1939	1.43E-02	5.52E-01	6.91E-01	3.05E-02	7.65E-02	1.68E-02	bad-chisq
group_1938	1.43E-02	5.52E-01	9.02E-01	-7.63E-04	6.18E-03	5.22E-03	bad-chisq
group_1888	1.43E-02	4.30E-01	9.79E-01	1.40E-04	5.36E-03	1.10E-03	bad-chisq
group_1886	1.43E-02	5.52E-01	7.97E-01	1.25E-02	4.87E-02	1.09E-02	bad-chisq
group_1864	1.43E-02	4.30E-01	6.53E-01	2.07E-02	4.59E-02	1.90E-02	bad-chisq
group_1850	1.43E-02	4.30E-01	2.90E-01	6.59E-02	6.22E-02	4.48E-02	bad-chisq
group_1836	1.43E-02	4.30E-01	9.79E-01	1.42E-04	5.37E-03	1.12E-03	bad-chisq
group_1814	1.43E-02	4.30E-01	6.54E-01	2.41E-02	5.38E-02	1.90E-02	bad-chisq
group_1781	1.43E-02	4.30E-01	9.83E-01	1.14E-04	5.37E-03	8.99E-04	bad-chisq
ldhA_2~~~ldhA_1~~~ldhA	1.43E-02	4.30E-01	9.89E-01	7.51E-05	5.36E-03	5.92E-04	bad-chisq
group_1667	1.43E-02	4.30E-01	9.96E-01	3.39E-05	6.18E-03	2.32E-04	bad-chisq
group_1653	1.43E-02	5.52E-01	9.78E-01	-1.23E-04	4.39E-03	1.18E-03	bad-chisq
group_1646	1.43E-02	4.30E-01	8.67E-01	8.82E-03	5.27E-02	7.07E-03	bad-chisq
dnaC_1	1.43E-02	5.52E-01	1.20E-01	-9.81E-02	6.30E-02	6.57E-02	bad-chisq
group_1600	1.43E-02	4.30E-01	3.04E-01	6.64E-02	6.45E-02	4.35E-02	bad-chisq
pyrD_1	1.43E-02	4.30E-01	9.91E-01	5.89E-05	5.37E-03	4.64E-04	bad-chisq
adh_2	1.43E-02	5.52E-01	1.33E-01	-8.38E-02	5.57E-02	6.35E-02	bad-chisq
group_1457	1.43E-02	4.30E-01	8.49E-01	1.06E-02	5.52E-02	8.08E-03	bad-chisq
group_1422	1.43E-02	5.52E-01	8.96E-01	-7.03E-04	5.36E-03	5.55E-03	bad-chisq
group_1401	1.43E-02	4.30E-01	9.39E-01	4.09E-04	5.37E-03	3.22E-03	bad-chisq
group_1364	1.43E-02	4.30E-01	9.48E-01	2.64E-04	4.06E-03	2.75E-03	bad-chisq
group_1342	1.43E-02	4.30E-01	9.79E-01	1.41E-04	5.37E-03	1.11E-03	bad-chisq
group_1312	1.43E-02	5.52E-01	5.01E-01	-2.74E-02	4.06E-02	2.85E-02	bad-chisq
group_1304	1.43E-02	5.52E-01	9.58E-01	3.26E-04	6.17E-03	2.23E-03	bad-chisq
group_1241	1.43E-02	4.30E-01	7.20E-01	1.91E-02	5.33E-02	1.52E-02	bad-chisq
group_1190	1.43E-02	4.30E-01	7.93E-01	1.57E-02	5.99E-02	1.11E-02	bad-chisq
group_1189	1.43E-02	4.30E-01	7.93E-01	1.57E-02	5.99E-02	1.11E-02	bad-chisq
group_1168	1.43E-02	4.30E-01	9.85E-01	7.69E-04	4.01E-02	8.11E-04	bad-chisq
group_1144	1.43E-02	4.30E-01	7.83E-01	1.70E-02	6.17E-02	1.17E-02	bad-chisq
chvE	1.43E-02	4.30E-01	9.79E-01	1.41E-04	5.37E-03	1.11E-03	bad-chisq
lytR	1.43E-02	4.79E-02	3.34E-04	-2.28E-01	6.32E-02	1.51E-01	
group_1125	1.43E-02	4.30E-01	9.72E-01	2.15E-04	6.19E-03	1.47E-03	bad-chisq
group_1094	1.43E-02	4.30E-01	8.67E-01	8.82E-03	5.27E-02	7.07E-03	bad-chisq
group_1060	1.43E-02	4.30E-01	7.81E-01	2.10E-02	7.57E-02	1.18E-02	bad-chisq
group_1055	1.43E-02	7.73E-04	5.32E-01	-4.13E-02	6.60E-02	2.64E-02	bad-chisq
group_1001	1.43E-02	4.30E-01	9.64E-01	1.53E-04	3.40E-03	1.91E-03	bad-chisq
xylH_1	1.43E-02	4.30E-01	9.79E-01	1.41E-04	5.37E-03	1.11E-03	bad-chisq
group_947	1.43E-02	4.30E-01	9.95E-01	3.18E-05	5.37E-03	2.51E-04	bad-chisq
purH	1.43E-02	4.30E-01	9.19E-01	7.13E-03	6.98E-02	4.32E-03	bad-chisq
group_911	1.43E-02	5.52E-01	3.54E-01	4.20E-02	4.53E-02	3.92E-02	bad-chisq
spsB	1.43E-02	5.52E-01	9.30E-01	-4.70E-04	5.36E-03	3.71E-03	bad-chisq
group_872	1.43E-02	5.52E-01	5.93E-01	4.12E-02	7.70E-02	2.26E-02	bad-chisq
group_819	1.43E-02	4.30E-01	8.67E-01	8.82E-03	5.27E-02	7.07E-03	bad-chisq
group_779	1.43E-02	4.30E-01	7.12E-01	1.99E-02	5.39E-02	1.56E-02	bad-chisq
group_719	1.43E-02	4.30E-01	8.67E-01	8.82E-03	5.27E-02	7.07E-03	bad-chisq
group_691	1.43E-02	5.52E-01	9.36E-01	4.97E-04	6.19E-03	3.40E-03	bad-chisq
pyrC_2	1.43E-02	4.30E-01	4.52E-01	4.71E-02	6.26E-02	3.18E-02	bad-chisq
gdh_2~~~gdh	1.43E-02	4.30E-01	9.90E-01	7.06E-05	5.37E-03	5.56E-04	bad-chisq
group_671	1.43E-02	5.52E-01	9.30E-01	-4.70E-04	5.36E-03	3.71E-03	bad-chisq
group_660	1.43E-02	4.30E-01	1.46E-01	1.07E-01	7.33E-02	6.15E-02	bad-chisq
group_585	1.43E-02	5.52E-01	1.33E-01	-8.38E-02	5.57E-02	6.35E-02	bad-chisq
ppdK_2~~~ppdK	1.43E-02	4.30E-01	3.45E-01	5.10E-02	5.40E-02	3.99E-02	bad-chisq
group_553	1.43E-02	4.30E-01	9.95E-01	3.18E-05	5.37E-03	2.51E-04	bad-chisq
sasA_5	1.43E-02	4.30E-01	7.83E-01	1.70E-02	6.17E-02	1.17E-02	bad-chisq
group_525	1.43E-02	4.30E-01	9.85E-01	7.69E-04	4.01E-02	8.11E-04	bad-chisq
group_500	1.43E-02	4.30E-01	9.85E-01	7.69E-04	4.01E-02	8.11E-04	bad-chisq
group_415	1.43E-02	4.30E-01	4.01E-01	5.82E-02	6.93E-02	3.55E-02	bad-chisq
pknD_3~~~pknD_1	1.43E-02	4.30E-01	4.01E-01	5.82E-02	6.93E-02	3.55E-02	bad-chisq
group_385	1.43E-02	4.30E-01	7.83E-01	1.70E-02	6.17E-02	1.17E-02	bad-chisq
group_362	1.43E-02	5.52E-01	9.30E-01	-4.70E-04	5.36E-03	3.71E-03	bad-chisq
xylB_3	1.43E-02	4.30E-01	9.79E-01	1.41E-04	5.37E-03	1.11E-03	bad-chisq
patA_3~~~patA_1~~~patA_2	1.43E-02	4.30E-01	7.83E-01	1.70E-02	6.17E-02	1.17E-02	bad-chisq
xylG_1	1.43E-02	4.30E-01	9.79E-01	1.41E-04	5.37E-03	1.11E-03	bad-chisq
group_298	1.43E-02	7.73E-04	1.50E-01	-9.75E-02	6.76E-02	6.09E-02	bad-chisq
group_285	1.43E-02	4.30E-01	9.85E-01	7.69E-04	4.01E-02	8.11E-04	bad-chisq
fucK	1.43E-02	4.30E-01	7.93E-01	1.57E-02	5.99E-02	1.11E-02	bad-chisq
group_209	1.43E-02	4.30E-01	2.10E-01	7.95E-02	6.33E-02	5.30E-02	bad-chisq
ytbE	1.43E-02	4.30E-01	7.74E-01	2.10E-02	7.30E-02	1.22E-02	bad-chisq
aspS1~~~aspS~~~aspS_1	1.43E-02	5.52E-01	9.13E-01	6.77E-04	6.17E-03	4.64E-03	bad-chisq
group_150	1.43E-02	4.30E-01	9.85E-01	7.69E-04	4.01E-02	8.11E-04	bad-chisq
group_131	1.43E-02	4.30E-01	9.85E-01	7.69E-04	4.01E-02	8.11E-04	bad-chisq
pknD_3~~~pknD_2	1.43E-02	4.30E-01	4.01E-01	5.82E-02	6.93E-02	3.55E-02	bad-chisq
group_87	1.43E-02	4.79E-02	3.34E-04	-2.28E-01	6.32E-02	1.51E-01	
group_72	1.43E-02	4.30E-01	9.70E-01	2.04E-04	5.35E-03	1.61E-03	bad-chisq
group_41	1.43E-02	4.30E-01	7.83E-01	1.70E-02	6.17E-02	1.17E-02	bad-chisq
group_35	1.43E-02	4.30E-01	5.67E-01	2.84E-02	4.96E-02	2.42E-02	bad-chisq
group_25	1.43E-02	4.30E-01	8.26E-01	1.61E-02	7.33E-02	9.30E-03	bad-chisq
group_17	1.43E-02	5.52E-01	7.79E-01	1.64E-02	5.86E-02	1.19E-02	bad-chisq
group_8	1.43E-02	4.30E-01	4.01E-01	5.82E-02	6.93E-02	3.55E-02	bad-chisq
group_4373	1.25E-02	4.59E-01	7.87E-02	-1.12E-01	6.37E-02	7.43E-02	bad-chisq
group_4372	1.25E-02	4.59E-01	6.62E-02	-1.22E-01	6.65E-02	7.76E-02	bad-chisq
group_4342	1.25E-02	4.59E-01	4.62E-01	-5.97E-02	8.11E-02	3.11E-02	bad-chisq
group_4335	1.25E-02	4.59E-01	4.62E-01	-5.97E-02	8.11E-02	3.11E-02	bad-chisq
group_4316	1.25E-02	4.59E-01	4.62E-01	-5.97E-02	8.11E-02	3.11E-02	bad-chisq
group_4140	1.25E-02	4.61E-01	5.20E-01	2.91E-02	4.52E-02	2.72E-02	bad-chisq
group_3930	1.25E-02	4.61E-01	7.85E-01	1.60E-02	5.87E-02	1.15E-02	bad-chisq
group_3915	1.25E-02	4.61E-01	4.81E-01	3.80E-02	5.40E-02	2.98E-02	bad-chisq
group_3838	1.25E-02	4.59E-01	2.84E-01	7.18E-02	6.69E-02	4.53E-02	bad-chisq
group_3800	1.25E-02	4.61E-01	9.93E-01	4.88E-05	5.37E-03	3.84E-04	bad-chisq
group_3699	1.25E-02	4.61E-01	3.76E-01	3.68E-02	4.15E-02	3.75E-02	bad-chisq
group_3680	1.25E-02	4.61E-01	9.94E-01	3.89E-05	5.39E-03	3.05E-04	bad-chisq
group_3615	1.25E-02	4.61E-01	8.87E-01	6.20E-03	4.35E-02	6.04E-03	bad-chisq
group_3594	1.25E-02	4.61E-01	9.74E-01	1.77E-04	5.37E-03	1.39E-03	bad-chisq
ptsH_1	1.25E-02	4.61E-01	4.81E-01	3.80E-02	5.40E-02	2.98E-02	bad-chisq
group_3527	1.25E-02	4.61E-01	7.52E-01	2.18E-02	6.88E-02	1.34E-02	bad-chisq
celA	1.25E-02	4.61E-01	4.81E-01	3.80E-02	5.40E-02	2.98E-02	bad-chisq
group_3383	1.25E-02	4.61E-01	8.87E-01	6.20E-03	4.35E-02	6.04E-03	bad-chisq
celD	1.25E-02	4.61E-01	4.81E-01	3.80E-02	5.40E-02	2.98E-02	bad-chisq
group_3136	1.25E-02	4.61E-01	6.99E-01	2.96E-02	7.63E-02	1.64E-02	bad-chisq
group_3043	1.25E-02	4.61E-01	6.37E-01	2.08E-02	4.40E-02	2.00E-02	bad-chisq
sigW	1.25E-02	4.61E-01	7.78E-01	1.78E-02	6.31E-02	1.19E-02	bad-chisq
group_2901	1.25E-02	4.61E-01	5.90E-01	2.77E-02	5.15E-02	2.28E-02	bad-chisq
group_2896	1.25E-02	4.61E-01	3.76E-01	3.68E-02	4.15E-02	3.75E-02	bad-chisq
group_2891	1.25E-02	4.59E-01	9.73E-01	1.81E-04	5.35E-03	1.43E-03	bad-chisq
group_2867	1.25E-02	4.61E-01	7.78E-01	1.78E-02	6.31E-02	1.19E-02	bad-chisq
group_2859	1.25E-02	4.61E-01	6.27E-01	4.47E-02	9.21E-02	2.05E-02	bad-chisq
group_2837	1.25E-02	4.61E-01	9.48E-01	5.08E-03	7.87E-02	2.73E-03	bad-chisq
group_2762	1.25E-02	4.59E-01	1.07E-01	-1.05E-01	6.51E-02	6.82E-02	bad-chisq
group_2725	1.25E-02	4.61E-01	7.78E-01	1.78E-02	6.31E-02	1.19E-02	bad-chisq
group_2664	1.25E-02	4.61E-01	8.81E-01	8.17E-03	5.46E-02	6.32E-03	bad-chisq
group_2644	1.25E-02	4.61E-01	7.84E-01	2.22E-02	8.11E-02	1.16E-02	bad-chisq
sigI7	1.25E-02	4.61E-01	9.94E-01	3.89E-05	5.39E-03	3.05E-04	bad-chisq
group_2592	1.25E-02	2.28E-07	8.51E-01	-1.39E-02	7.36E-02	7.97E-03	bad-chisq
group_2412	1.25E-02	4.61E-01	9.94E-01	3.89E-05	5.39E-03	3.05E-04	bad-chisq
group_2408	1.25E-02	4.59E-01	8.52E-01	1.27E-02	6.80E-02	7.92E-03	bad-chisq
pyrB_2	1.25E-02	4.61E-01	9.23E-01	6.88E-03	7.08E-02	4.11E-03	bad-chisq
group_2345	1.25E-02	4.59E-01	8.98E-01	-6.86E-04	5.36E-03	5.42E-03	bad-chisq
group_2299	1.25E-02	2.65E-02	9.03E-01	-6.56E-04	5.36E-03	5.17E-03	bad-chisq
group_2295	1.25E-02	4.59E-01	9.92E-01	-5.89E-04	5.87E-02	4.25E-04	bad-chisq
group_2229	1.25E-02	2.28E-07	2.98E-02	-1.09E-01	5.00E-02	9.17E-02	bad-chisq
group_2206	1.25E-02	2.65E-02	9.30E-01	-5.41E-04	6.18E-03	3.71E-03	bad-chisq
IntTn_1~~~xerC_4~~~xerC_9~~~xerC_1~~~xerC_3	1.25E-02	4.61E-01	9.71E-01	1.92E-04	5.36E-03	1.52E-03	bad-chisq
group_2161	1.25E-02	4.61E-01	9.78E-01	1.05E-04	3.80E-03	1.16E-03	bad-chisq
group_2157	1.25E-02	4.61E-01	9.63E-01	2.48E-04	5.36E-03	1.96E-03	bad-chisq
group_2149	1.25E-02	4.61E-01	6.43E-01	2.66E-02	5.74E-02	1.96E-02	bad-chisq
group_2112	1.25E-02	4.61E-01	9.55E-01	2.46E-04	4.38E-03	2.38E-03	bad-chisq
group_2076	1.25E-02	4.59E-01	9.90E-01	-5.57E-05	4.38E-03	5.39E-04	bad-chisq
group_2064	1.25E-02	2.65E-02	9.46E-01	-4.21E-04	6.19E-03	2.88E-03	bad-chisq
group_2062	1.25E-02	4.61E-01	7.82E-01	1.43E-02	5.17E-02	1.17E-02	bad-chisq
group_2005	1.25E-02	4.61E-01	9.87E-01	9.64E-04	6.00E-02	6.80E-04	bad-chisq
group_1994	1.25E-02	4.59E-01	8.51E-01	9.94E-03	5.30E-02	7.93E-03	bad-chisq
group_1989	1.25E-02	4.61E-01	2.24E-01	7.87E-02	6.46E-02	5.14E-02	bad-chisq
group_1979	1.25E-02	4.59E-01	4.53E-01	3.79E-02	5.04E-02	3.18E-02	bad-chisq
group_1957	1.25E-02	4.61E-01	8.60E-01	9.61E-03	5.46E-02	7.45E-03	bad-chisq
group_1947	1.25E-02	4.61E-01	6.09E-02	1.30E-01	6.92E-02	7.92E-02	bad-chisq
group_1936	1.25E-02	4.61E-01	9.73E-01	2.12E-04	6.19E-03	1.45E-03	bad-chisq
group_1928	1.25E-02	4.61E-01	9.72E-01	1.92E-04	5.36E-03	1.51E-03	bad-chisq
group_1915	1.25E-02	4.59E-01	1.50E-01	-9.08E-02	6.30E-02	6.08E-02	bad-chisq
group_1912	1.25E-02	4.59E-01	1.96E-01	8.82E-02	6.82E-02	5.46E-02	bad-chisq
group_1895	1.25E-02	2.65E-02	9.96E-01	-2.28E-04	5.08E-02	1.90E-04	bad-chisq
group_1891	1.25E-02	4.61E-01	4.67E-01	3.65E-02	5.01E-02	3.08E-02	bad-chisq
group_1855	1.25E-02	4.61E-01	3.47E-01	5.79E-02	6.15E-02	3.98E-02	bad-chisq
group_1824	1.25E-02	2.65E-02	8.52E-01	-1.16E-03	6.19E-03	7.90E-03	bad-chisq
ravA	1.25E-02	4.59E-01	8.95E-01	-7.05E-04	5.36E-03	5.56E-03	bad-chisq
group_1760	1.25E-02	4.61E-01	9.36E-01	4.28E-04	5.34E-03	3.39E-03	bad-chisq
group_1738	1.25E-02	2.65E-02	3.51E-01	6.57E-02	7.05E-02	3.94E-02	bad-chisq
group_1689	1.25E-02	4.61E-01	3.63E-01	5.70E-02	6.26E-02	3.85E-02	bad-chisq
group_1673	1.25E-02	4.61E-01	7.85E-01	1.60E-02	5.87E-02	1.15E-02	bad-chisq
group_1665	1.25E-02	4.61E-01	6.72E-01	2.63E-02	6.21E-02	1.79E-02	bad-chisq
topB~~~topB_1	1.25E-02	4.61E-01	9.94E-01	3.97E-05	5.38E-03	3.13E-04	bad-chisq
group_1629	1.25E-02	4.61E-01	9.85E-01	1.03E-04	5.37E-03	8.11E-04	bad-chisq
group_1585	1.25E-02	4.61E-01	7.66E-01	1.82E-02	6.12E-02	1.26E-02	bad-chisq
group_1578	1.25E-02	4.61E-01	7.52E-01	1.88E-02	5.95E-02	1.34E-02	bad-chisq
group_1555	1.25E-02	4.59E-01	7.53E-01	1.67E-02	5.30E-02	1.33E-02	bad-chisq
group_1548	1.25E-02	4.61E-01	7.98E-01	1.46E-02	5.68E-02	1.08E-02	bad-chisq
group_1545	1.25E-02	4.61E-01	9.94E-01	3.89E-05	5.39E-03	3.05E-04	bad-chisq
group_1464	1.25E-02	4.61E-01	9.83E-01	1.02E-03	4.78E-02	9.06E-04	bad-chisq
group_1441	1.25E-02	4.61E-01	3.76E-01	3.68E-02	4.15E-02	3.75E-02	bad-chisq
group_1395	1.25E-02	4.61E-01	6.25E-01	2.58E-02	5.26E-02	2.07E-02	bad-chisq
lepA_2~~~lepA_1~~~lepA	1.25E-02	4.61E-01	8.47E-01	1.31E-02	6.79E-02	8.16E-03	bad-chisq
group_1329	1.25E-02	4.61E-01	9.45E-01	3.68E-04	5.36E-03	2.91E-03	bad-chisq
group_1248	1.25E-02	4.61E-01	6.30E-01	2.82E-02	5.85E-02	2.04E-02	bad-chisq
group_1244	1.25E-02	4.59E-01	9.90E-01	-5.57E-05	4.38E-03	5.39E-04	bad-chisq
xerC_6	1.25E-02	4.59E-01	1.43E-01	6.82E-02	4.65E-02	6.19E-02	bad-chisq
group_1186	1.25E-02	4.59E-01	6.09E-01	-2.79E-02	5.46E-02	2.16E-02	bad-chisq
group_1178	1.25E-02	4.61E-01	9.23E-01	6.88E-03	7.08E-02	4.11E-03	bad-chisq
group_1072	1.25E-02	4.59E-01	8.68E-01	-1.03E-03	6.18E-03	7.06E-03	bad-chisq
group_1063	1.25E-02	4.61E-01	8.35E-01	1.13E-02	5.42E-02	8.79E-03	bad-chisq
group_1044	1.25E-02	4.61E-01	3.86E-01	4.58E-02	5.28E-02	3.67E-02	bad-chisq
group_1037	1.25E-02	4.61E-01	9.94E-01	3.89E-05	5.39E-03	3.05E-04	bad-chisq
group_1027	1.25E-02	4.59E-01	9.11E-01	6.96E-04	6.19E-03	4.76E-03	bad-chisq
mutS_2	1.25E-02	4.61E-01	9.85E-01	1.03E-04	5.37E-03	8.11E-04	bad-chisq
group_1019	1.25E-02	4.61E-01	8.81E-01	8.17E-03	5.46E-02	6.32E-03	bad-chisq
group_919	1.25E-02	4.61E-01	7.84E-01	2.22E-02	8.11E-02	1.16E-02	bad-chisq
ssb	1.25E-02	4.59E-01	8.95E-01	-7.05E-04	5.36E-03	5.56E-03	bad-chisq
group_852	1.25E-02	4.61E-01	3.63E-01	5.70E-02	6.26E-02	3.85E-02	bad-chisq
xerC_3	1.25E-02	4.59E-01	6.22E-02	-1.26E-01	6.76E-02	7.88E-02	bad-chisq
purL~~~purQ	1.25E-02	4.61E-01	9.23E-01	6.88E-03	7.08E-02	4.11E-03	bad-chisq
group_800	1.25E-02	4.61E-01	9.59E-01	1.65E-04	3.24E-03	2.15E-03	bad-chisq
group_764	1.25E-02	4.59E-01	1.50E-01	-9.08E-02	6.30E-02	6.08E-02	bad-chisq
dpnA	1.25E-02	4.61E-01	9.94E-01	3.97E-05	5.38E-03	3.13E-04	bad-chisq
group_722	1.25E-02	4.61E-01	9.94E-01	3.97E-05	5.38E-03	3.13E-04	bad-chisq
group_716	1.25E-02	4.61E-01	4.81E-01	3.80E-02	5.40E-02	2.98E-02	bad-chisq
group_712	1.25E-02	4.61E-01	7.98E-01	1.46E-02	5.68E-02	1.08E-02	bad-chisq
group_711	1.25E-02	4.61E-01	8.91E-01	6.42E-03	4.70E-02	5.78E-03	bad-chisq
clpP_1	1.25E-02	4.59E-01	2.84E-01	7.18E-02	6.69E-02	4.53E-02	bad-chisq
purD	1.25E-02	4.61E-01	9.23E-01	6.88E-03	7.08E-02	4.11E-03	bad-chisq
nagC	1.25E-02	4.61E-01	9.48E-01	5.08E-03	7.87E-02	2.73E-03	bad-chisq
group_566	1.25E-02	4.61E-01	9.86E-01	9.32E-05	5.37E-03	7.33E-04	bad-chisq
group_517	1.25E-02	4.61E-01	4.81E-01	3.80E-02	5.40E-02	2.98E-02	bad-chisq
group_513	1.25E-02	4.59E-01	1.54E-01	-9.07E-02	6.35E-02	6.02E-02	bad-chisq
group_505	1.25E-02	4.61E-01	1.39E-01	1.18E-01	7.94E-02	6.25E-02	bad-chisq
group_481	1.25E-02	4.59E-01	2.84E-01	7.18E-02	6.69E-02	4.53E-02	bad-chisq
group_465	1.25E-02	4.59E-01	6.09E-01	-2.79E-02	5.46E-02	2.16E-02	bad-chisq
group_457	1.25E-02	4.61E-01	8.49E-01	1.15E-02	6.06E-02	8.06E-03	bad-chisq
bglH	1.25E-02	4.61E-01	4.81E-01	3.80E-02	5.40E-02	2.98E-02	bad-chisq
srpC	1.25E-02	4.59E-01	9.73E-01	1.81E-04	5.35E-03	1.43E-03	bad-chisq
guaB	1.25E-02	4.61E-01	9.23E-01	6.88E-03	7.08E-02	4.11E-03	bad-chisq
ptsI_1	1.25E-02	4.61E-01	4.81E-01	3.80E-02	5.40E-02	2.98E-02	bad-chisq
phoA	1.25E-02	4.61E-01	9.94E-01	3.89E-05	5.39E-03	3.05E-04	bad-chisq
group_232	1.25E-02	4.27E-16	1.03E-01	-1.07E-01	6.57E-02	6.89E-02	bad-chisq
group_229	1.25E-02	4.59E-01	9.90E-01	-5.57E-05	4.38E-03	5.39E-04	bad-chisq
group_167	1.25E-02	4.61E-01	4.81E-01	3.80E-02	5.40E-02	2.98E-02	bad-chisq
group_117	1.25E-02	4.61E-01	4.81E-01	3.80E-02	5.40E-02	2.98E-02	bad-chisq
licR	1.25E-02	4.61E-01	4.81E-01	3.80E-02	5.40E-02	2.98E-02	bad-chisq
group_97	1.25E-02	4.59E-01	9.75E-01	1.71E-04	5.36E-03	1.35E-03	bad-chisq
metK_1	1.25E-02	4.59E-01	9.82E-01	1.22E-04	5.36E-03	9.66E-04	bad-chisq
group_93	1.25E-02	4.59E-01	1.50E-01	-9.08E-02	6.30E-02	6.08E-02	bad-chisq
group_92	1.25E-02	4.59E-01	1.50E-01	-9.08E-02	6.30E-02	6.08E-02	bad-chisq
group_55	1.25E-02	4.61E-01	8.49E-01	1.15E-02	6.06E-02	8.06E-03	bad-chisq
group_48	1.25E-02	4.61E-01	9.94E-01	3.97E-05	5.38E-03	3.13E-04	bad-chisq
group_4635	1.07E-02	1.22E-02	1.39E-01	-7.31E-02	4.93E-02	6.26E-02	bad-chisq
group_4376	1.07E-02	3.61E-01	9.94E-01	3.92E-05	5.37E-03	3.09E-04	bad-chisq
group_4362	1.07E-02	4.95E-01	4.34E-02	1.83E-01	9.04E-02	8.53E-02	bad-chisq
group_4337	1.07E-02	4.95E-01	4.34E-02	1.83E-01	9.04E-02	8.53E-02	bad-chisq
group_4334	1.07E-02	4.95E-01	4.34E-02	1.83E-01	9.04E-02	8.53E-02	bad-chisq
group_4332	1.07E-02	3.61E-01	7.31E-02	-1.63E-01	9.06E-02	7.57E-02	bad-chisq
group_4325	1.07E-02	4.95E-01	4.34E-02	1.83E-01	9.04E-02	8.53E-02	bad-chisq
nadB	1.07E-02	4.95E-01	9.94E-01	3.87E-05	5.38E-03	3.04E-04	bad-chisq
group_4026	1.07E-02	4.95E-01	9.94E-01	3.87E-05	5.38E-03	3.04E-04	bad-chisq
group_4018	1.07E-02	4.95E-01	2.28E-01	1.05E-01	8.71E-02	5.10E-02	bad-chisq
group_3964	1.07E-02	4.95E-01	2.28E-01	1.05E-01	8.71E-02	5.10E-02	bad-chisq
group_3914	1.07E-02	4.95E-01	8.84E-01	7.00E-03	4.79E-02	6.18E-03	bad-chisq
group_3834	1.07E-02	1.22E-02	9.61E-01	-2.95E-03	6.10E-02	2.05E-03	bad-chisq
group_3816	1.07E-02	3.61E-01	9.71E-01	2.63E-03	7.33E-02	1.52E-03	bad-chisq
group_3791	1.07E-02	4.95E-01	9.75E-01	2.11E-03	6.87E-02	1.30E-03	bad-chisq
group_3788	1.07E-02	4.95E-01	9.14E-01	8.25E-03	7.65E-02	4.56E-03	bad-chisq
group_3771	1.07E-02	4.95E-01	9.94E-01	3.96E-05	5.37E-03	3.12E-04	bad-chisq
group_3736	1.07E-02	4.95E-01	8.19E-01	1.54E-02	6.72E-02	9.68E-03	bad-chisq
group_3630	1.07E-02	3.61E-01	2.72E-01	8.23E-02	7.47E-02	4.65E-02	bad-chisq
group_3581	1.07E-02	3.61E-01	8.30E-01	1.41E-02	6.54E-02	9.09E-03	bad-chisq
group_3559	1.07E-02	4.95E-01	9.84E-01	1.05E-04	5.35E-03	8.28E-04	bad-chisq
group_3538	1.07E-02	4.95E-01	8.43E-01	1.11E-02	5.59E-02	8.39E-03	bad-chisq
group_3530	1.07E-02	4.95E-01	7.54E-01	1.52E-02	4.82E-02	1.33E-02	bad-chisq
group_3506	1.07E-02	3.61E-01	3.38E-01	6.64E-02	6.93E-02	4.05E-02	bad-chisq
group_3452	1.07E-02	4.95E-01	9.92E-01	5.61E-05	5.39E-03	4.41E-04	bad-chisq
group_3432	1.07E-02	4.95E-01	8.43E-01	1.11E-02	5.59E-02	8.39E-03	bad-chisq
group_3364	1.07E-02	4.95E-01	5.49E-01	3.45E-02	5.75E-02	2.54E-02	bad-chisq
group_3331	1.07E-02	4.95E-01	9.84E-01	1.05E-04	5.35E-03	8.28E-04	bad-chisq
group_3291	1.07E-02	4.95E-01	9.23E-01	6.00E-04	6.17E-03	4.11E-03	bad-chisq
group_3279	1.07E-02	4.95E-01	9.94E-01	3.96E-05	5.38E-03	3.12E-04	bad-chisq
group_3200	1.07E-02	3.61E-01	2.72E-01	8.23E-02	7.47E-02	4.65E-02	bad-chisq
group_3094	1.07E-02	3.61E-01	9.92E-01	5.72E-05	5.39E-03	4.49E-04	bad-chisq
group_3081	1.07E-02	4.95E-01	2.28E-01	1.05E-01	8.71E-02	5.10E-02	bad-chisq
group_2950	1.07E-02	4.95E-01	2.28E-01	1.05E-01	8.71E-02	5.10E-02	bad-chisq
group_2834	1.07E-02	3.61E-01	9.71E-01	2.63E-03	7.33E-02	1.52E-03	bad-chisq
group_2735	1.07E-02	4.95E-01	2.28E-01	1.05E-01	8.71E-02	5.10E-02	bad-chisq
csm3	1.07E-02	3.61E-01	4.02E-01	-4.85E-02	5.79E-02	3.54E-02	bad-chisq
bshB1_1	1.07E-02	1.22E-02	8.76E-01	1.25E-02	7.98E-02	6.62E-03	bad-chisq
group_2649	1.07E-02	3.61E-01	4.02E-01	-4.85E-02	5.79E-02	3.54E-02	bad-chisq
srlR	1.07E-02	4.95E-01	2.28E-01	1.05E-01	8.71E-02	5.10E-02	bad-chisq
iolB	1.07E-02	4.95E-01	2.28E-01	1.05E-01	8.71E-02	5.10E-02	bad-chisq
group_2551	1.07E-02	4.95E-01	6.31E-01	2.86E-02	5.96E-02	2.03E-02	bad-chisq
group_2542	1.07E-02	4.95E-01	9.58E-01	2.68E-03	5.07E-02	2.23E-03	bad-chisq
group_2538	1.07E-02	4.95E-01	8.35E-01	1.38E-02	6.63E-02	8.81E-03	bad-chisq
group_2535	1.07E-02	1.22E-02	8.76E-01	1.25E-02	7.98E-02	6.62E-03	bad-chisq
group_2520	1.07E-02	4.95E-01	8.09E-01	2.92E-02	1.21E-01	1.02E-02	bad-chisq
group_2518	1.07E-02	4.95E-01	2.28E-01	1.05E-01	8.71E-02	5.10E-02	bad-chisq
group_2517	1.07E-02	1.22E-02	8.76E-01	1.25E-02	7.98E-02	6.62E-03	bad-chisq
ycjP_2	1.07E-02	4.95E-01	9.95E-01	3.15E-05	5.37E-03	2.48E-04	bad-chisq
aptA_3	1.07E-02	4.95E-01	2.28E-01	1.05E-01	8.71E-02	5.10E-02	bad-chisq
melD_4	1.07E-02	4.95E-01	9.95E-01	3.15E-05	5.37E-03	2.48E-04	bad-chisq
group_2479	1.07E-02	3.61E-01	2.48E-01	-7.89E-02	6.82E-02	4.89E-02	bad-chisq
group_2460	1.07E-02	4.95E-01	2.28E-01	1.05E-01	8.71E-02	5.10E-02	bad-chisq
group_2438	1.07E-02	4.95E-01	8.30E-01	1.72E-02	8.01E-02	9.09E-03	bad-chisq
melC_2	1.07E-02	1.22E-02	8.49E-01	1.49E-02	7.80E-02	8.07E-03	bad-chisq
ugpA	1.07E-02	4.95E-01	2.28E-01	1.05E-01	8.71E-02	5.10E-02	bad-chisq
group_2422	1.07E-02	4.95E-01	2.28E-01	1.05E-01	8.71E-02	5.10E-02	bad-chisq
group_2386	1.07E-02	4.95E-01	9.82E-01	1.22E-04	5.36E-03	9.60E-04	bad-chisq
group_2380	1.07E-02	3.61E-01	8.81E-01	-8.04E-04	5.36E-03	6.34E-03	bad-chisq
group_2376	1.07E-02	4.08E-05	3.36E-03	-1.54E-01	5.24E-02	1.24E-01	bad-chisq
group_2357	1.07E-02	3.61E-01	9.94E-01	5.68E-04	6.98E-02	3.44E-04	bad-chisq
group_2346	1.07E-02	4.95E-01	9.13E-01	7.39E-03	6.74E-02	4.63E-03	bad-chisq
toxN	1.07E-02	1.22E-02	9.64E-01	3.69E-03	8.13E-02	1.92E-03	bad-chisq
group_2317	1.07E-02	4.95E-01	7.88E-01	1.72E-02	6.40E-02	1.14E-02	bad-chisq
group_2246	1.07E-02	4.95E-01	7.67E-01	1.90E-02	6.41E-02	1.25E-02	bad-chisq
group_2241	1.07E-02	3.61E-01	8.86E-02	-1.15E-01	6.74E-02	7.20E-02	bad-chisq
group_2236	1.07E-02	4.95E-01	8.41E-01	1.28E-02	6.40E-02	8.49E-03	bad-chisq
group_2232	1.07E-02	4.95E-01	7.50E-01	2.09E-02	6.56E-02	1.35E-02	bad-chisq
group_2231	1.07E-02	4.95E-01	7.50E-01	2.09E-02	6.56E-02	1.35E-02	bad-chisq
group_2214	1.07E-02	4.95E-01	9.29E-01	5.49E-04	6.18E-03	3.75E-03	bad-chisq
group_2212	1.07E-02	4.95E-01	9.89E-01	7.11E-05	5.34E-03	5.63E-04	bad-chisq
group_2207	1.07E-02	4.95E-01	9.89E-01	7.11E-05	5.34E-03	5.63E-04	bad-chisq
group_2199	1.07E-02	4.95E-01	9.89E-01	7.11E-05	5.34E-03	5.63E-04	bad-chisq
group_2192	1.07E-02	4.08E-05	2.83E-01	-7.11E-02	6.62E-02	4.54E-02	bad-chisq
group_2189	1.07E-02	4.95E-01	9.93E-01	4.52E-05	5.37E-03	3.56E-04	bad-chisq
group_2174	1.07E-02	4.95E-01	8.57E-01	1.31E-02	7.30E-02	7.62E-03	bad-chisq
group_2168	1.07E-02	3.61E-01	9.12E-01	-6.86E-04	6.19E-03	4.69E-03	bad-chisq
group_2163	1.07E-02	3.61E-01	9.12E-01	-6.86E-04	6.19E-03	4.69E-03	bad-chisq
group_2162	1.07E-02	1.21E-08	8.52E-01	1.18E-02	6.33E-02	7.88E-03	bad-chisq
group_2154	1.07E-02	4.95E-01	9.97E-01	2.27E-05	5.36E-03	1.79E-04	bad-chisq
group_2151	1.07E-02	3.61E-01	9.38E-01	-4.85E-04	6.19E-03	3.31E-03	bad-chisq
group_2091	1.07E-02	3.61E-01	7.43E-01	2.27E-02	6.92E-02	1.39E-02	bad-chisq
group_2089	1.07E-02	4.95E-01	9.23E-01	6.00E-04	6.17E-03	4.11E-03	bad-chisq
group_2088	1.07E-02	4.95E-01	9.23E-01	6.00E-04	6.17E-03	4.11E-03	bad-chisq
group_2087	1.07E-02	4.95E-01	9.23E-01	6.00E-04	6.17E-03	4.11E-03	bad-chisq
group_2086	1.07E-02	4.95E-01	9.23E-01	6.00E-04	6.17E-03	4.11E-03	bad-chisq
group_2085	1.07E-02	4.95E-01	9.23E-01	6.00E-04	6.17E-03	4.11E-03	bad-chisq
group_2084	1.07E-02	4.95E-01	9.79E-01	1.65E-04	6.19E-03	1.13E-03	bad-chisq
group_2082	1.07E-02	4.95E-01	9.23E-01	6.00E-04	6.17E-03	4.11E-03	bad-chisq
group_2081	1.07E-02	4.95E-01	9.23E-01	6.00E-04	6.17E-03	4.11E-03	bad-chisq
group_2077	1.07E-02	3.61E-01	8.82E-01	-7.98E-04	5.36E-03	6.29E-03	bad-chisq
group_2072	1.07E-02	1.22E-02	8.22E-01	1.63E-02	7.26E-02	9.51E-03	bad-chisq
group_2059	1.07E-02	4.95E-01	9.23E-01	6.00E-04	6.17E-03	4.11E-03	bad-chisq
group_2058	1.07E-02	4.95E-01	9.23E-01	6.00E-04	6.17E-03	4.11E-03	bad-chisq
group_2054	1.07E-02	3.61E-01	9.68E-01	2.46E-04	6.15E-03	1.69E-03	bad-chisq
group_2049	1.07E-02	3.61E-01	8.98E-01	-6.88E-04	5.36E-03	5.43E-03	bad-chisq
group_2025	1.07E-02	3.03E-13	9.57E-01	-4.27E-03	7.85E-02	2.30E-03	bad-chisq
group_2004	1.07E-02	1.22E-02	8.76E-01	1.25E-02	7.98E-02	6.62E-03	bad-chisq
group_2002	1.07E-02	4.95E-01	9.24E-01	3.79E-03	3.95E-02	4.06E-03	bad-chisq
group_1996	1.07E-02	4.95E-01	9.15E-01	6.64E-04	6.19E-03	4.54E-03	bad-chisq
group_1980	1.07E-02	4.95E-01	4.07E-01	3.82E-02	4.60E-02	3.51E-02	bad-chisq
rhaB_1	1.07E-02	3.61E-01	8.53E-02	1.13E-01	6.58E-02	7.27E-02	bad-chisq
group_1978	1.07E-02	4.95E-01	9.48E-01	4.00E-04	6.18E-03	2.73E-03	bad-chisq
group_1974	1.07E-02	3.61E-01	7.28E-01	2.19E-02	6.30E-02	1.47E-02	bad-chisq
soj_1	1.07E-02	3.61E-01	9.68E-01	2.46E-04	6.15E-03	1.69E-03	bad-chisq
group_1963	1.07E-02	4.95E-01	4.26E-01	5.53E-02	6.93E-02	3.37E-02	bad-chisq
group_1960	1.07E-02	4.95E-01	7.95E-01	1.61E-02	6.18E-02	1.10E-02	bad-chisq
group_1937	1.07E-02	4.95E-01	9.79E-01	1.65E-04	6.19E-03	1.13E-03	bad-chisq
IntTn_1~~~IntTn~~~IntTn_2	1.07E-02	3.61E-01	9.88E-01	1.20E-03	7.94E-02	6.38E-04	bad-chisq
group_1929	1.07E-02	3.61E-01	8.69E-01	9.32E-03	5.66E-02	6.96E-03	bad-chisq
group_1918	1.07E-02	1.22E-02	9.61E-01	-2.95E-03	6.10E-02	2.05E-03	bad-chisq
rbsC_1	1.07E-02	1.22E-02	8.76E-01	1.25E-02	7.98E-02	6.62E-03	bad-chisq
mgsR	1.07E-02	4.95E-01	1.73E-01	1.00E-01	7.35E-02	5.76E-02	bad-chisq
dxs_1	1.07E-02	4.95E-01	2.28E-01	1.05E-01	8.71E-02	5.10E-02	bad-chisq
group_1897	1.07E-02	3.61E-01	9.90E-01	-6.65E-04	5.32E-02	5.28E-04	bad-chisq
group_1896	1.07E-02	3.61E-01	9.90E-01	-6.65E-04	5.32E-02	5.28E-04	bad-chisq
yteP	1.07E-02	1.22E-02	8.49E-01	1.49E-02	7.80E-02	8.07E-03	bad-chisq
group_1867	1.07E-02	4.95E-01	2.28E-01	1.05E-01	8.71E-02	5.10E-02	bad-chisq
group_1866	1.07E-02	4.95E-01	8.97E-01	7.99E-04	6.18E-03	5.47E-03	bad-chisq
group_1845	1.07E-02	4.95E-01	5.65E-01	3.75E-02	6.52E-02	2.43E-02	bad-chisq
group_1822	1.07E-02	1.22E-02	8.14E-01	-1.86E-02	7.88E-02	9.96E-03	bad-chisq
group_1797	1.07E-02	3.61E-01	1.08E-01	-1.12E-01	6.98E-02	6.79E-02	bad-chisq
group_1795	1.07E-02	3.61E-01	7.50E-01	2.03E-02	6.38E-02	1.35E-02	bad-chisq
group_1790	1.07E-02	4.95E-01	6.75E-01	2.01E-02	4.78E-02	1.78E-02	bad-chisq
group_1788	1.07E-02	4.95E-01	9.23E-01	6.00E-04	6.17E-03	4.11E-03	bad-chisq
group_1785	1.07E-02	4.95E-01	8.65E-01	9.69E-03	5.68E-02	7.22E-03	bad-chisq
group_1774	1.07E-02	3.61E-01	8.95E-01	-7.08E-04	5.37E-03	5.58E-03	bad-chisq
menH	1.07E-02	6.23E-19	3.06E-02	-1.46E-01	6.73E-02	9.13E-02	bad-chisq
group_1721	1.07E-02	4.95E-01	7.43E-01	1.89E-02	5.77E-02	1.39E-02	bad-chisq
group_1717	1.07E-02	3.03E-13	3.68E-02	-1.84E-01	8.80E-02	8.82E-02	bad-chisq
group_1674	1.07E-02	1.22E-02	8.49E-01	1.49E-02	7.80E-02	8.07E-03	bad-chisq
group_1655	1.07E-02	4.95E-01	7.84E-01	1.63E-02	5.92E-02	1.16E-02	bad-chisq
group_1638	1.07E-02	3.61E-01	8.72E-01	-8.63E-04	5.37E-03	6.80E-03	bad-chisq
topB_2~~~topB	1.07E-02	1.22E-02	8.72E-01	-9.95E-04	6.19E-03	6.80E-03	bad-chisq
group_1606	1.07E-02	3.61E-01	2.48E-01	-7.89E-02	6.82E-02	4.89E-02	bad-chisq
group_1593	1.07E-02	1.22E-02	8.76E-01	1.25E-02	7.98E-02	6.62E-03	bad-chisq
group_1590	1.07E-02	4.95E-01	6.26E-01	3.71E-02	7.62E-02	2.06E-02	bad-chisq
group_1554	1.07E-02	4.95E-01	3.23E-01	5.87E-02	5.93E-02	4.18E-02	bad-chisq
iolG_2	1.07E-02	4.95E-01	2.28E-01	1.05E-01	8.71E-02	5.10E-02	bad-chisq
group_1519	1.07E-02	4.95E-01	2.18E-01	1.04E-01	8.44E-02	5.21E-02	bad-chisq
group_1504	1.07E-02	1.22E-02	8.49E-01	1.49E-02	7.80E-02	8.07E-03	bad-chisq
add_1	1.07E-02	4.95E-01	8.30E-01	1.72E-02	8.01E-02	9.09E-03	bad-chisq
group_1463	1.07E-02	4.95E-01	9.75E-01	2.11E-03	6.87E-02	1.30E-03	bad-chisq
yjmD	1.07E-02	4.95E-01	2.28E-01	1.05E-01	8.71E-02	5.10E-02	bad-chisq
group_1435	1.07E-02	4.95E-01	8.32E-01	1.46E-02	6.88E-02	8.98E-03	bad-chisq
group_1425	1.07E-02	3.61E-01	2.72E-01	8.23E-02	7.47E-02	4.65E-02	bad-chisq
group_1417	1.07E-02	3.61E-01	8.30E-01	1.41E-02	6.54E-02	9.09E-03	bad-chisq
group_1411	1.07E-02	4.95E-01	9.31E-01	4.65E-04	5.37E-03	3.66E-03	bad-chisq
group_1340	1.07E-02	1.22E-02	8.49E-01	1.49E-02	7.80E-02	8.07E-03	bad-chisq
group_1331	1.07E-02	4.95E-01	9.94E-01	3.96E-05	5.38E-03	3.12E-04	bad-chisq
group_1326	1.07E-02	4.95E-01	2.28E-01	1.05E-01	8.71E-02	5.10E-02	bad-chisq
group_1281	1.07E-02	1.22E-02	8.76E-01	1.25E-02	7.98E-02	6.62E-03	bad-chisq
ysdC	1.07E-02	4.95E-01	8.58E-01	1.17E-02	6.55E-02	7.58E-03	bad-chisq
xerD_2~~~xerC_5~~~xerC_7	1.07E-02	4.95E-01	3.38E-01	5.57E-02	5.81E-02	4.05E-02	bad-chisq
group_1254	1.07E-02	4.95E-01	9.94E-01	4.10E-05	5.36E-03	3.24E-04	bad-chisq
group_1238	1.07E-02	3.61E-01	8.95E-01	-7.08E-04	5.37E-03	5.58E-03	bad-chisq
pyrI_2	1.07E-02	4.95E-01	9.41E-01	4.73E-03	6.34E-02	3.15E-03	bad-chisq
scmP	1.07E-02	1.22E-02	8.49E-01	1.49E-02	7.80E-02	8.07E-03	bad-chisq
group_1173	1.07E-02	4.95E-01	5.05E-01	3.02E-02	4.53E-02	2.82E-02	bad-chisq
csm5	1.07E-02	3.61E-01	4.02E-01	-4.85E-02	5.79E-02	3.54E-02	bad-chisq
group_1143	1.07E-02	4.95E-01	2.28E-01	1.05E-01	8.71E-02	5.10E-02	bad-chisq
group_1138	1.07E-02	4.95E-01	9.89E-01	7.71E-05	5.37E-03	6.07E-04	bad-chisq
group_1115	1.07E-02	4.95E-01	8.35E-01	1.38E-02	6.63E-02	8.81E-03	bad-chisq
group_1114	1.07E-02	4.95E-01	8.35E-01	1.38E-02	6.63E-02	8.81E-03	bad-chisq
group_1088	1.07E-02	4.95E-01	9.81E-01	1.27E-04	5.37E-03	9.99E-04	bad-chisq
group_1085	1.07E-02	1.22E-02	8.98E-01	-6.85E-04	5.36E-03	5.40E-03	bad-chisq
group_1084	1.07E-02	1.22E-02	8.98E-01	-6.85E-04	5.36E-03	5.40E-03	bad-chisq
group_1082	1.07E-02	4.95E-01	9.82E-01	1.18E-04	5.36E-03	9.30E-04	bad-chisq
group_1075	1.07E-02	4.08E-05	5.03E-02	-1.37E-01	7.00E-02	8.27E-02	bad-chisq
group_1070	1.07E-02	4.95E-01	8.37E-01	1.35E-02	6.55E-02	8.70E-03	bad-chisq
group_1065	1.07E-02	4.95E-01	6.43E-01	3.50E-02	7.53E-02	1.96E-02	bad-chisq
group_1038	1.07E-02	4.08E-05	9.06E-01	7.62E-03	6.43E-02	5.01E-03	bad-chisq
group_1009	1.07E-02	3.61E-01	9.68E-01	-2.45E-04	6.20E-03	1.67E-03	bad-chisq
group_1006	1.07E-02	4.95E-01	9.82E-01	1.22E-04	5.36E-03	9.59E-04	bad-chisq
group_1000	1.07E-02	4.95E-01	7.27E-01	2.52E-02	7.22E-02	1.48E-02	bad-chisq
gci	1.07E-02	4.95E-01	8.30E-01	1.72E-02	8.01E-02	9.09E-03	bad-chisq
group_924	1.07E-02	3.61E-01	9.58E-02	-1.24E-01	7.40E-02	7.04E-02	bad-chisq
group_905	1.07E-02	4.95E-01	8.41E-01	1.28E-02	6.40E-02	8.49E-03	bad-chisq
IntTn	1.07E-02	4.95E-01	7.53E-01	2.21E-02	7.02E-02	1.33E-02	bad-chisq
nanK_1	1.07E-02	1.22E-02	8.76E-01	1.25E-02	7.98E-02	6.62E-03	bad-chisq
group_805	1.07E-02	1.22E-02	9.75E-01	1.70E-04	5.35E-03	1.34E-03	bad-chisq
group_781	1.07E-02	3.61E-01	9.90E-01	-7.58E-04	5.91E-02	5.43E-04	bad-chisq
group_758	1.07E-02	4.95E-01	2.24E-01	8.51E-02	6.98E-02	5.15E-02	bad-chisq
group_755	1.07E-02	4.95E-01	3.27E-01	6.37E-02	6.49E-02	4.15E-02	bad-chisq
group_745	1.07E-02	4.95E-01	6.62E-01	2.40E-02	5.50E-02	1.85E-02	bad-chisq
group_729	1.07E-02	4.95E-01	9.15E-01	5.69E-04	5.35E-03	4.49E-03	bad-chisq
pgk_1	1.07E-02	4.95E-01	2.28E-01	1.05E-01	8.71E-02	5.10E-02	bad-chisq
group_717	1.07E-02	3.61E-01	4.02E-01	-4.85E-02	5.79E-02	3.54E-02	bad-chisq
group_683	1.07E-02	3.61E-01	9.16E-01	6.04E-03	5.72E-02	4.47E-03	bad-chisq
group_675	1.07E-02	4.95E-01	9.95E-01	3.47E-05	5.36E-03	2.73E-04	bad-chisq
yteT_2	1.07E-02	1.22E-02	8.49E-01	1.49E-02	7.80E-02	8.07E-03	bad-chisq
group_569	1.07E-02	4.95E-01	2.28E-01	1.05E-01	8.71E-02	5.10E-02	bad-chisq
rbsC_5~~~rbsC_4	1.07E-02	1.21E-08	9.69E-01	-2.50E-03	6.48E-02	1.63E-03	bad-chisq
group_509	1.07E-02	4.95E-01	9.55E-01	3.05E-04	5.36E-03	2.40E-03	bad-chisq
group_497	1.07E-02	4.95E-01	9.79E-01	1.66E-04	6.19E-03	1.13E-03	bad-chisq
csm4	1.07E-02	3.61E-01	4.02E-01	-4.85E-02	5.79E-02	3.54E-02	bad-chisq
group_403	1.07E-02	4.95E-01	8.69E-01	1.40E-02	8.47E-02	6.98E-03	bad-chisq
group_390	1.07E-02	3.61E-01	9.69E-01	2.12E-04	5.37E-03	1.67E-03	bad-chisq
group_387	1.07E-02	4.95E-01	9.97E-01	2.15E-05	5.34E-03	1.70E-04	bad-chisq
group_353	1.07E-02	1.22E-02	8.49E-01	1.49E-02	7.80E-02	8.07E-03	bad-chisq
rbsA_2	1.07E-02	1.22E-02	8.76E-01	1.25E-02	7.98E-02	6.62E-03	bad-chisq
group_315	1.07E-02	1.22E-02	5.02E-01	4.16E-02	6.19E-02	2.84E-02	bad-chisq
group_280	1.07E-02	4.95E-01	8.30E-01	1.72E-02	8.01E-02	9.09E-03	bad-chisq
group_276	1.07E-02	4.95E-01	9.98E-01	1.17E-04	4.25E-02	1.16E-04	bad-chisq
madA	1.07E-02	4.08E-05	3.36E-03	-1.54E-01	5.24E-02	1.24E-01	bad-chisq
pccB	1.07E-02	4.08E-05	3.36E-03	-1.54E-01	5.24E-02	1.24E-01	bad-chisq
group_243	1.07E-02	3.61E-01	2.48E-01	-7.89E-02	6.82E-02	4.89E-02	bad-chisq
group_202	1.07E-02	1.22E-02	8.49E-01	1.49E-02	7.80E-02	8.07E-03	bad-chisq
group_166	1.07E-02	4.95E-01	2.28E-01	1.05E-01	8.71E-02	5.10E-02	bad-chisq
group_116	1.07E-02	1.22E-02	8.49E-01	1.49E-02	7.80E-02	8.07E-03	bad-chisq
eis	1.07E-02	1.22E-02	8.49E-01	1.49E-02	7.80E-02	8.07E-03	bad-chisq
iolD	1.07E-02	4.95E-01	2.28E-01	1.05E-01	8.71E-02	5.10E-02	bad-chisq
group_70	1.07E-02	3.61E-01	9.75E-01	1.70E-04	5.36E-03	1.34E-03	bad-chisq
rhaR_1	1.07E-02	1.22E-02	8.49E-01	1.49E-02	7.80E-02	8.07E-03	bad-chisq
group_42	1.07E-02	3.61E-01	4.02E-01	-4.85E-02	5.79E-02	3.54E-02	bad-chisq
yicI	1.07E-02	4.95E-01	2.28E-01	1.05E-01	8.71E-02	5.10E-02	bad-chisq
